1,1,1369.00,415.00,85.00,291.00,0.848612,-1,-1,-1
1,3,1635.00,413.00,148.00,467.00,0.831388,-1,-1,-1
1,4,883.00,417.00,138.00,526.00,0.831087,-1,-1,-1
1,5,769.00,446.00,80.00,207.00,0.827169,-1,-1,-1
1,6,1010.00,402.00,169.00,626.00,0.818179,-1,-1,-1
1,7,0.00,682.00,115.00,176.00,0.690303,-1,-1,-1
1,8,381.00,462.00,44.00,113.00,0.632675,-1,-1,-1
1,9,507.00,454.00,36.00,106.00,0.625607,-1,-1,-1
1,10,1569.00,409.00,115.00,391.00,0.512718,-1,-1,-1
1,13,672.00,482.00,54.00,120.00,0.444295,-1,-1,-1
1,14,733.00,477.00,45.00,122.00,0.435388,-1,-1,-1
1,15,1171.00,447.00,44.00,102.00,0.397288,-1,-1,-1
1,16,1842.00,461.00,70.00,192.00,0.368099,-1,-1,-1
2,1,1359.00,415.00,85.00,291.00,0.862453,-1,-1,-1
2,3,1643.00,410.00,151.00,478.00,0.830056,-1,-1,-1
2,4,883.00,417.00,140.00,530.00,0.826926,-1,-1,-1
2,5,770.00,451.00,79.00,203.00,0.787064,-1,-1,-1
2,6,1013.00,398.00,170.00,628.00,0.832043,-1,-1,-1
2,7,0.00,641.00,129.00,217.00,0.709274,-1,-1,-1
2,8,380.00,462.00,44.00,113.00,0.630085,-1,-1,-1
2,9,507.00,453.00,36.00,106.00,0.622277,-1,-1,-1
2,10,1580.00,408.00,116.00,398.00,0.482148,-1,-1,-1
2,13,672.00,482.00,53.00,118.00,0.441924,-1,-1,-1
2,14,734.00,477.00,45.00,122.00,0.411537,-1,-1,-1
2,15,1172.00,445.00,45.00,104.00,0.487416,-1,-1,-1
2,16,1843.00,463.00,69.00,190.00,0.298237,-1,-1,-1
3,1,1350.00,418.00,85.00,288.00,0.873474,-1,-1,-1
3,3,1650.00,409.00,154.00,488.00,0.849178,-1,-1,-1
3,4,880.00,416.00,140.00,533.00,0.816220,-1,-1,-1
3,5,774.00,447.00,81.00,207.00,0.798466,-1,-1,-1
3,6,1015.00,398.00,170.00,627.00,0.836118,-1,-1,-1
3,7,0.00,593.00,145.00,265.00,0.712830,-1,-1,-1
3,8,380.00,462.00,44.00,113.00,0.630391,-1,-1,-1
3,9,507.00,453.00,35.00,107.00,0.655593,-1,-1,-1
3,10,1584.00,408.00,117.00,402.00,0.440298,-1,-1,-1
3,13,673.00,482.00,51.00,115.00,0.507867,-1,-1,-1
3,14,735.00,478.00,43.00,118.00,0.348478,-1,-1,-1
3,15,1174.00,446.00,45.00,103.00,0.577928,-1,-1,-1
3,16,1841.00,459.00,70.00,194.00,0.421366,-1,-1,-1
4,1,1342.00,419.00,85.00,286.00,0.884397,-1,-1,-1
4,3,1660.00,409.00,156.00,496.00,0.823868,-1,-1,-1
4,4,879.00,416.00,141.00,533.00,0.821236,-1,-1,-1
4,5,777.00,446.00,81.00,208.00,0.811601,-1,-1,-1
4,6,1021.00,399.00,170.00,625.00,0.855341,-1,-1,-1
4,7,0.00,457.00,186.00,401.00,0.438313,-1,-1,-1
4,8,380.00,462.00,44.00,113.00,0.612780,-1,-1,-1
4,9,507.00,454.00,35.00,106.00,0.651049,-1,-1,-1
4,10,1594.00,408.00,116.00,403.00,0.598435,-1,-1,-1
4,13,672.00,481.00,53.00,120.00,0.492976,-1,-1,-1
4,14,735.00,478.00,43.00,118.00,0.418072,-1,-1,-1
4,15,1178.00,446.00,43.00,101.00,0.536792,-1,-1,-1
4,16,1841.00,458.00,71.00,196.00,0.332258,-1,-1,-1
5,1,1334.00,422.00,87.00,284.00,0.897983,-1,-1,-1
5,3,1673.00,413.00,156.00,495.00,0.818702,-1,-1,-1
5,4,881.00,416.00,141.00,534.00,0.819751,-1,-1,-1
5,5,776.00,450.00,80.00,205.00,0.799983,-1,-1,-1
5,6,1028.00,400.00,170.00,622.00,0.858583,-1,-1,-1
5,7,0.00,402.00,200.00,456.00,0.859634,-1,-1,-1
5,8,380.00,462.00,44.00,112.00,0.617846,-1,-1,-1
5,9,506.00,454.00,36.00,106.00,0.674160,-1,-1,-1
5,10,1605.00,409.00,116.00,400.00,0.639296,-1,-1,-1
5,13,675.00,480.00,51.00,114.00,0.538477,-1,-1,-1
5,14,735.00,479.00,43.00,115.00,0.487856,-1,-1,-1
5,15,1181.00,444.00,44.00,103.00,0.527184,-1,-1,-1
5,16,1841.00,456.00,72.00,197.00,0.328713,-1,-1,-1
5,20,557.00,457.00,23.00,59.00,0.355340,-1,-1,-1
6,1,1328.00,426.00,88.00,280.00,0.901824,-1,-1,-1
6,3,1695.00,416.00,162.00,502.00,0.873027,-1,-1,-1
6,4,881.00,415.00,141.00,535.00,0.823648,-1,-1,-1
6,5,780.00,447.00,81.00,208.00,0.824073,-1,-1,-1
6,6,1034.00,397.00,172.00,622.00,0.848817,-1,-1,-1
6,7,0.00,379.00,202.00,479.00,0.859422,-1,-1,-1
6,8,380.00,462.00,44.00,113.00,0.621328,-1,-1,-1
6,9,505.00,454.00,35.00,106.00,0.651352,-1,-1,-1
6,10,1613.00,408.00,115.00,400.00,0.726283,-1,-1,-1
6,13,675.00,482.00,49.00,109.00,0.505179,-1,-1,-1
6,14,736.00,478.00,43.00,116.00,0.503309,-1,-1,-1
6,15,1184.00,444.00,44.00,103.00,0.498956,-1,-1,-1
6,16,1842.00,457.00,72.00,197.00,0.303918,-1,-1,-1
6,20,557.00,458.00,23.00,57.00,0.282361,-1,-1,-1
7,1,1321.00,427.00,91.00,278.00,0.905590,-1,-1,-1
7,3,1709.00,418.00,165.00,501.00,0.857875,-1,-1,-1
7,4,882.00,415.00,141.00,535.00,0.833216,-1,-1,-1
7,5,783.00,445.00,81.00,210.00,0.791677,-1,-1,-1
7,6,1038.00,396.00,174.00,621.00,0.878891,-1,-1,-1
7,7,0.00,370.00,199.00,488.00,0.840454,-1,-1,-1
7,8,380.00,462.00,44.00,113.00,0.627544,-1,-1,-1
7,9,504.00,454.00,36.00,106.00,0.640071,-1,-1,-1
7,10,1617.00,406.00,117.00,402.00,0.773916,-1,-1,-1
7,13,677.00,483.00,48.00,106.00,0.466353,-1,-1,-1
7,14,736.00,478.00,45.00,118.00,0.587455,-1,-1,-1
7,15,1186.00,445.00,45.00,103.00,0.558632,-1,-1,-1
7,16,1843.00,457.00,71.00,196.00,0.246474,-1,-1,-1
7,20,558.00,458.00,22.00,57.00,0.229917,-1,-1,-1
8,1,1313.00,428.00,94.00,276.00,0.896282,-1,-1,-1
8,3,1712.00,420.00,171.00,503.00,0.890694,-1,-1,-1
8,4,881.00,415.00,142.00,535.00,0.832280,-1,-1,-1
8,5,785.00,443.00,81.00,212.00,0.768873,-1,-1,-1
8,6,1041.00,396.00,177.00,619.00,0.878312,-1,-1,-1
8,7,0.00,369.00,194.00,489.00,0.880264,-1,-1,-1
8,8,380.00,461.00,44.00,114.00,0.657996,-1,-1,-1
8,9,502.00,454.00,37.00,106.00,0.687833,-1,-1,-1
8,10,1623.00,406.00,119.00,403.00,0.721367,-1,-1,-1
8,13,678.00,483.00,46.00,103.00,0.464807,-1,-1,-1
8,14,736.00,479.00,43.00,114.00,0.576533,-1,-1,-1
8,15,1188.00,445.00,45.00,104.00,0.612714,-1,-1,-1
8,16,1846.00,465.00,68.00,186.00,0.148673,-1,-1,-1
8,20,558.00,458.00,23.00,57.00,0.311504,-1,-1,-1
9,1,1305.00,428.00,97.00,275.00,0.896901,-1,-1,-1
9,3,1712.00,423.00,177.00,505.00,0.896850,-1,-1,-1
9,4,882.00,415.00,141.00,535.00,0.831638,-1,-1,-1
9,5,788.00,443.00,80.00,212.00,0.774404,-1,-1,-1
9,6,1045.00,395.00,180.00,619.00,0.877153,-1,-1,-1
9,7,0.00,370.00,188.00,488.00,0.876248,-1,-1,-1
9,8,380.00,462.00,44.00,112.00,0.648486,-1,-1,-1
9,9,501.00,455.00,37.00,105.00,0.637200,-1,-1,-1
9,10,1632.00,407.00,121.00,402.00,0.713624,-1,-1,-1
9,13,676.00,482.00,48.00,107.00,0.484790,-1,-1,-1
9,14,735.00,479.00,44.00,114.00,0.643645,-1,-1,-1
9,15,1189.00,446.00,44.00,102.00,0.604218,-1,-1,-1
9,16,1845.00,465.00,68.00,184.00,0.133657,-1,-1,-1
9,20,558.00,458.00,22.00,57.00,0.349189,-1,-1,-1
10,1,1295.00,429.00,99.00,270.00,0.886783,-1,-1,-1
10,3,1709.00,425.00,183.00,508.00,0.898817,-1,-1,-1
10,4,883.00,416.00,141.00,534.00,0.827019,-1,-1,-1
10,5,791.00,442.00,79.00,214.00,0.831184,-1,-1,-1
10,6,1045.00,397.00,183.00,617.00,0.877425,-1,-1,-1
10,7,0.00,372.00,181.00,486.00,0.871902,-1,-1,-1
10,8,380.00,462.00,43.00,111.00,0.616219,-1,-1,-1
10,9,500.00,455.00,37.00,106.00,0.656353,-1,-1,-1
10,10,1633.00,406.00,124.00,402.00,0.736169,-1,-1,-1
10,13,675.00,482.00,48.00,106.00,0.473621,-1,-1,-1
10,14,735.00,479.00,44.00,114.00,0.671781,-1,-1,-1
10,15,1190.00,445.00,44.00,103.00,0.583840,-1,-1,-1
10,16,1843.00,410.00,77.00,235.00,0.142389,-1,-1,-1
10,20,556.00,458.00,23.00,57.00,0.393140,-1,-1,-1
11,1,1285.00,428.00,98.00,263.00,0.882179,-1,-1,-1
11,3,1707.00,425.00,189.00,511.00,0.863370,-1,-1,-1
11,4,887.00,417.00,141.00,532.00,0.840125,-1,-1,-1
11,5,794.00,442.00,78.00,214.00,0.802712,-1,-1,-1
11,6,1044.00,398.00,186.00,616.00,0.889257,-1,-1,-1
11,7,0.00,375.00,180.00,483.00,0.886233,-1,-1,-1
11,8,379.00,462.00,43.00,111.00,0.601426,-1,-1,-1
11,9,499.00,455.00,38.00,106.00,0.601972,-1,-1,-1
11,10,1659.00,408.00,132.00,415.00,0.438533,-1,-1,-1
11,13,674.00,482.00,48.00,107.00,0.511270,-1,-1,-1
11,14,734.00,479.00,44.00,114.00,0.670690,-1,-1,-1
11,15,1191.00,443.00,45.00,105.00,0.518274,-1,-1,-1
11,16,1846.00,391.00,74.00,236.00,0.101985,-1,-1,-1
11,20,556.00,458.00,23.00,57.00,0.333310,-1,-1,-1
12,1,1276.00,426.00,100.00,262.00,0.874136,-1,-1,-1
12,3,1706.00,426.00,193.00,511.00,0.881294,-1,-1,-1
12,4,888.00,418.00,140.00,531.00,0.837060,-1,-1,-1
12,5,799.00,442.00,79.00,215.00,0.818250,-1,-1,-1
12,6,1043.00,397.00,189.00,617.00,0.890001,-1,-1,-1
12,7,0.00,377.00,183.00,482.00,0.896190,-1,-1,-1
12,8,379.00,462.00,43.00,111.00,0.629144,-1,-1,-1
12,9,499.00,456.00,38.00,105.00,0.624124,-1,-1,-1
12,10,1649.00,409.00,134.00,408.00,0.628902,-1,-1,-1
12,13,674.00,481.00,48.00,106.00,0.457591,-1,-1,-1
12,14,733.00,479.00,46.00,115.00,0.656345,-1,-1,-1
12,15,1194.00,444.00,44.00,104.00,0.635758,-1,-1,-1
12,20,556.00,458.00,23.00,57.00,0.356342,-1,-1,-1
13,1,1269.00,424.00,100.00,263.00,0.861442,-1,-1,-1
13,3,1706.00,424.00,198.00,515.00,0.872762,-1,-1,-1
13,4,888.00,418.00,141.00,531.00,0.838189,-1,-1,-1
13,5,801.00,441.00,81.00,216.00,0.828488,-1,-1,-1
13,6,1042.00,396.00,193.00,618.00,0.897295,-1,-1,-1
13,7,0.00,379.00,192.00,480.00,0.883739,-1,-1,-1
13,8,379.00,463.00,43.00,110.00,0.609616,-1,-1,-1
13,9,497.00,456.00,39.00,105.00,0.637658,-1,-1,-1
13,10,1652.00,410.00,137.00,404.00,0.568699,-1,-1,-1
13,13,674.00,481.00,49.00,106.00,0.442739,-1,-1,-1
13,14,733.00,479.00,46.00,116.00,0.711595,-1,-1,-1
13,15,1194.00,444.00,44.00,105.00,0.618680,-1,-1,-1
13,20,556.00,458.00,23.00,57.00,0.331976,-1,-1,-1
13,24,417.00,469.00,41.00,99.00,0.419358,-1,-1,-1
14,1,1262.00,424.00,98.00,262.00,0.859486,-1,-1,-1
14,3,1740.00,421.00,180.00,519.00,0.795968,-1,-1,-1
14,4,889.00,418.00,141.00,531.00,0.843315,-1,-1,-1
14,5,805.00,441.00,80.00,216.00,0.832252,-1,-1,-1
14,6,1042.00,396.00,195.00,617.00,0.905869,-1,-1,-1
14,7,0.00,382.00,210.00,477.00,0.904717,-1,-1,-1
14,8,379.00,463.00,43.00,111.00,0.634957,-1,-1,-1
14,9,497.00,456.00,39.00,105.00,0.619678,-1,-1,-1
14,10,1681.00,410.00,152.00,447.00,0.510725,-1,-1,-1
14,13,673.00,481.00,50.00,107.00,0.483498,-1,-1,-1
14,14,733.00,479.00,45.00,116.00,0.660375,-1,-1,-1
14,15,1195.00,445.00,44.00,106.00,0.651511,-1,-1,-1
14,20,556.00,459.00,23.00,56.00,0.405233,-1,-1,-1
14,24,416.00,468.00,41.00,99.00,0.355372,-1,-1,-1
15,1,1258.00,426.00,96.00,261.00,0.809038,-1,-1,-1
15,3,1757.00,419.00,163.00,521.00,0.838239,-1,-1,-1
15,4,888.00,418.00,142.00,531.00,0.829990,-1,-1,-1
15,5,808.00,440.00,80.00,217.00,0.808344,-1,-1,-1
15,6,1045.00,397.00,196.00,618.00,0.899734,-1,-1,-1
15,7,11.00,386.00,218.00,473.00,0.912751,-1,-1,-1
15,8,379.00,463.00,44.00,111.00,0.611637,-1,-1,-1
15,9,496.00,455.00,40.00,106.00,0.629803,-1,-1,-1
15,10,1693.00,408.00,159.00,470.00,0.292056,-1,-1,-1
15,13,673.00,481.00,50.00,107.00,0.492573,-1,-1,-1
15,14,732.00,479.00,46.00,116.00,0.642309,-1,-1,-1
15,15,1196.00,446.00,44.00,105.00,0.680472,-1,-1,-1
15,20,556.00,459.00,23.00,56.00,0.378799,-1,-1,-1
15,24,415.00,467.00,42.00,100.00,0.344195,-1,-1,-1
15,28,1420.00,436.00,41.00,110.00,0.518106,-1,-1,-1
16,1,1254.00,425.00,94.00,261.00,0.812891,-1,-1,-1
16,3,1763.00,418.00,157.00,522.00,0.583981,-1,-1,-1
16,4,887.00,418.00,143.00,531.00,0.829086,-1,-1,-1
16,5,808.00,441.00,78.00,216.00,0.738697,-1,-1,-1
16,6,1045.00,397.00,198.00,618.00,0.895233,-1,-1,-1
16,7,28.00,389.00,220.00,470.00,0.905236,-1,-1,-1
16,8,379.00,463.00,44.00,112.00,0.592320,-1,-1,-1
16,9,496.00,455.00,40.00,106.00,0.587296,-1,-1,-1
16,10,1681.00,405.00,151.00,435.00,0.463645,-1,-1,-1
16,13,672.00,482.00,51.00,106.00,0.476658,-1,-1,-1
16,14,732.00,478.00,48.00,119.00,0.666913,-1,-1,-1
16,15,1197.00,446.00,44.00,105.00,0.627978,-1,-1,-1
16,20,557.00,459.00,22.00,55.00,0.356502,-1,-1,-1
16,24,415.00,466.00,42.00,102.00,0.378864,-1,-1,-1
16,28,1424.00,438.00,41.00,109.00,0.528071,-1,-1,-1
17,1,1249.00,426.00,92.00,260.00,0.795869,-1,-1,-1
17,3,1777.00,417.00,143.00,521.00,0.826663,-1,-1,-1
17,4,884.00,418.00,144.00,531.00,0.833544,-1,-1,-1
17,5,808.00,442.00,77.00,215.00,0.725602,-1,-1,-1
17,6,1047.00,398.00,198.00,617.00,0.900054,-1,-1,-1
17,7,39.00,393.00,223.00,466.00,0.914954,-1,-1,-1
17,8,379.00,463.00,44.00,111.00,0.560789,-1,-1,-1
17,9,496.00,456.00,40.00,105.00,0.590025,-1,-1,-1
17,10,1695.00,401.00,160.00,461.00,0.433328,-1,-1,-1
17,13,673.00,481.00,52.00,108.00,0.454768,-1,-1,-1
17,14,732.00,478.00,48.00,120.00,0.623161,-1,-1,-1
17,15,1199.00,447.00,42.00,103.00,0.618015,-1,-1,-1
17,20,557.00,460.00,22.00,54.00,0.350487,-1,-1,-1
17,24,415.00,468.00,42.00,100.00,0.351621,-1,-1,-1
17,28,1430.00,436.00,42.00,112.00,0.526611,-1,-1,-1
18,1,1242.00,427.00,92.00,258.00,0.809666,-1,-1,-1
18,3,1788.00,415.00,132.00,524.00,0.797111,-1,-1,-1
18,4,883.00,418.00,144.00,531.00,0.847106,-1,-1,-1
18,5,814.00,443.00,76.00,214.00,0.782206,-1,-1,-1
18,6,1049.00,400.00,197.00,615.00,0.903131,-1,-1,-1
18,7,47.00,395.00,227.00,463.00,0.930811,-1,-1,-1
18,8,380.00,462.00,44.00,112.00,0.574618,-1,-1,-1
18,9,496.00,455.00,39.00,106.00,0.610949,-1,-1,-1
18,10,1704.00,398.00,154.00,445.00,0.637778,-1,-1,-1
18,13,674.00,482.00,51.00,107.00,0.443654,-1,-1,-1
18,14,731.00,477.00,49.00,120.00,0.591685,-1,-1,-1
18,15,1201.00,446.00,43.00,104.00,0.571753,-1,-1,-1
18,20,557.00,460.00,22.00,54.00,0.345693,-1,-1,-1
18,24,416.00,469.00,41.00,99.00,0.317941,-1,-1,-1
18,28,1434.00,435.00,41.00,112.00,0.666141,-1,-1,-1
19,1,1238.00,429.00,92.00,255.00,0.786470,-1,-1,-1
19,3,1798.00,416.00,122.00,522.00,0.842193,-1,-1,-1
19,4,884.00,419.00,145.00,530.00,0.845337,-1,-1,-1
19,5,816.00,444.00,75.00,213.00,0.756659,-1,-1,-1
19,6,1051.00,402.00,197.00,613.00,0.897188,-1,-1,-1
19,7,49.00,396.00,233.00,462.00,0.934464,-1,-1,-1
19,8,380.00,462.00,44.00,112.00,0.562883,-1,-1,-1
19,9,495.00,454.00,40.00,107.00,0.575888,-1,-1,-1
19,10,1707.00,394.00,155.00,447.00,0.796920,-1,-1,-1
19,13,675.00,481.00,50.00,107.00,0.428873,-1,-1,-1
19,14,732.00,478.00,47.00,118.00,0.599855,-1,-1,-1
19,15,1203.00,447.00,43.00,103.00,0.518052,-1,-1,-1
19,20,557.00,461.00,22.00,53.00,0.309798,-1,-1,-1
19,24,416.00,470.00,41.00,98.00,0.246118,-1,-1,-1
19,28,1437.00,435.00,42.00,113.00,0.588340,-1,-1,-1
20,1,1234.00,430.00,93.00,254.00,0.816469,-1,-1,-1
20,3,1807.00,416.00,113.00,522.00,0.859843,-1,-1,-1
20,4,884.00,419.00,146.00,529.00,0.866635,-1,-1,-1
20,5,821.00,443.00,75.00,213.00,0.729815,-1,-1,-1
20,6,1052.00,403.00,197.00,612.00,0.892258,-1,-1,-1
20,7,51.00,400.00,236.00,457.00,0.934619,-1,-1,-1
20,8,380.00,462.00,44.00,112.00,0.548083,-1,-1,-1
20,9,494.00,454.00,40.00,107.00,0.612282,-1,-1,-1
20,10,1715.00,393.00,155.00,452.00,0.825163,-1,-1,-1
20,13,674.00,481.00,51.00,107.00,0.443754,-1,-1,-1
20,14,732.00,478.00,47.00,116.00,0.577410,-1,-1,-1
20,15,1204.00,448.00,42.00,103.00,0.485502,-1,-1,-1
20,20,557.00,461.00,21.00,53.00,0.255396,-1,-1,-1
20,24,416.00,471.00,41.00,97.00,0.280550,-1,-1,-1
20,28,1440.00,436.00,41.00,112.00,0.611902,-1,-1,-1
21,1,1232.00,431.00,94.00,253.00,0.818213,-1,-1,-1
21,3,1817.00,419.00,103.00,519.00,0.836979,-1,-1,-1
21,4,883.00,420.00,148.00,529.00,0.881388,-1,-1,-1
21,5,823.00,443.00,74.00,213.00,0.756965,-1,-1,-1
21,6,1052.00,403.00,197.00,613.00,0.886075,-1,-1,-1
21,7,53.00,402.00,239.00,450.00,0.927944,-1,-1,-1
21,8,380.00,463.00,43.00,111.00,0.573202,-1,-1,-1
21,9,494.00,454.00,40.00,107.00,0.581340,-1,-1,-1
21,10,1725.00,393.00,155.00,454.00,0.851848,-1,-1,-1
21,13,674.00,482.00,51.00,107.00,0.434990,-1,-1,-1
21,14,733.00,478.00,46.00,114.00,0.578725,-1,-1,-1
21,15,1206.00,447.00,41.00,103.00,0.444579,-1,-1,-1
21,20,557.00,462.00,21.00,52.00,0.241512,-1,-1,-1
21,24,417.00,476.00,39.00,92.00,0.291988,-1,-1,-1
21,28,1441.00,437.00,41.00,111.00,0.671581,-1,-1,-1
22,1,1231.00,436.00,94.00,249.00,0.796514,-1,-1,-1
22,3,1826.00,437.00,94.00,502.00,0.733537,-1,-1,-1
22,4,881.00,420.00,150.00,528.00,0.882844,-1,-1,-1
22,5,823.00,443.00,74.00,213.00,0.726214,-1,-1,-1
22,6,1054.00,404.00,197.00,611.00,0.872232,-1,-1,-1
22,7,54.00,403.00,242.00,446.00,0.924235,-1,-1,-1
22,8,379.00,463.00,44.00,111.00,0.543530,-1,-1,-1
22,9,493.00,454.00,41.00,107.00,0.612123,-1,-1,-1
22,10,1733.00,393.00,155.00,457.00,0.831133,-1,-1,-1
22,13,674.00,482.00,52.00,109.00,0.449266,-1,-1,-1
22,14,733.00,478.00,46.00,114.00,0.526507,-1,-1,-1
22,15,1208.00,445.00,40.00,103.00,0.424725,-1,-1,-1
22,20,556.00,462.00,22.00,52.00,0.260565,-1,-1,-1
22,24,417.00,478.00,39.00,90.00,0.254036,-1,-1,-1
22,28,1444.00,438.00,42.00,110.00,0.713061,-1,-1,-1
23,1,1228.00,434.00,95.00,251.00,0.759825,-1,-1,-1
23,3,1834.00,457.00,86.00,482.00,0.715804,-1,-1,-1
23,4,881.00,420.00,151.00,528.00,0.879486,-1,-1,-1
23,5,824.00,444.00,73.00,212.00,0.709647,-1,-1,-1
23,6,1055.00,402.00,197.00,613.00,0.883360,-1,-1,-1
23,7,56.00,404.00,244.00,440.00,0.925196,-1,-1,-1
23,8,379.00,463.00,44.00,111.00,0.529186,-1,-1,-1
23,9,492.00,454.00,41.00,107.00,0.584667,-1,-1,-1
23,10,1744.00,394.00,154.00,458.00,0.817258,-1,-1,-1
23,13,675.00,482.00,51.00,108.00,0.464780,-1,-1,-1
23,14,732.00,477.00,47.00,117.00,0.625382,-1,-1,-1
23,20,556.00,462.00,22.00,53.00,0.260099,-1,-1,-1
23,24,415.00,473.00,42.00,95.00,0.287668,-1,-1,-1
23,28,1447.00,439.00,42.00,109.00,0.743982,-1,-1,-1
24,1,1224.00,436.00,96.00,249.00,0.736780,-1,-1,-1
24,3,1836.00,433.00,84.00,505.00,0.620540,-1,-1,-1
24,4,882.00,420.00,152.00,528.00,0.873500,-1,-1,-1
24,5,826.00,445.00,73.00,212.00,0.700133,-1,-1,-1
24,6,1055.00,401.00,196.00,614.00,0.874618,-1,-1,-1
24,7,60.00,405.00,246.00,435.00,0.929997,-1,-1,-1
24,8,379.00,463.00,44.00,111.00,0.570267,-1,-1,-1
24,9,492.00,455.00,40.00,105.00,0.582319,-1,-1,-1
24,10,1755.00,394.00,153.00,459.00,0.816926,-1,-1,-1
24,13,675.00,483.00,51.00,106.00,0.472079,-1,-1,-1
24,14,732.00,478.00,46.00,115.00,0.615984,-1,-1,-1
24,20,556.00,462.00,22.00,53.00,0.248728,-1,-1,-1
24,24,415.00,471.00,42.00,97.00,0.319313,-1,-1,-1
24,28,1448.00,439.00,44.00,108.00,0.797977,-1,-1,-1
25,1,1216.00,437.00,94.00,245.00,0.403086,-1,-1,-1
25,3,1822.00,411.00,98.00,527.00,0.122320,-1,-1,-1
25,4,882.00,420.00,153.00,528.00,0.868616,-1,-1,-1
25,5,828.00,443.00,74.00,214.00,0.676561,-1,-1,-1
25,6,1055.00,400.00,196.00,614.00,0.876326,-1,-1,-1
25,7,69.00,406.00,244.00,430.00,0.924889,-1,-1,-1
25,8,379.00,463.00,45.00,111.00,0.555536,-1,-1,-1
25,9,491.00,455.00,40.00,105.00,0.549862,-1,-1,-1
25,10,1765.00,394.00,153.00,462.00,0.840891,-1,-1,-1
25,13,674.00,484.00,51.00,105.00,0.495297,-1,-1,-1
25,14,732.00,479.00,46.00,113.00,0.598535,-1,-1,-1
25,20,556.00,461.00,23.00,54.00,0.225825,-1,-1,-1
25,24,416.00,472.00,41.00,96.00,0.247316,-1,-1,-1
25,28,1449.00,439.00,44.00,108.00,0.786683,-1,-1,-1
26,1,1207.00,435.00,77.00,206.00,0.492008,-1,-1,-1
26,4,885.00,421.00,153.00,528.00,0.867345,-1,-1,-1
26,5,838.00,443.00,70.00,206.00,0.373014,-1,-1,-1
26,6,1056.00,398.00,197.00,617.00,0.867815,-1,-1,-1
26,7,78.00,404.00,245.00,432.00,0.925401,-1,-1,-1
26,8,380.00,463.00,44.00,111.00,0.538166,-1,-1,-1
26,9,491.00,455.00,40.00,104.00,0.576705,-1,-1,-1
26,10,1765.00,394.00,155.00,495.00,0.850512,-1,-1,-1
26,13,674.00,484.00,50.00,106.00,0.487862,-1,-1,-1
26,14,732.00,478.00,47.00,115.00,0.633094,-1,-1,-1
26,20,556.00,460.00,23.00,55.00,0.287289,-1,-1,-1
26,24,415.00,472.00,42.00,96.00,0.277700,-1,-1,-1
26,28,1450.00,440.00,45.00,108.00,0.811415,-1,-1,-1
27,1,1202.00,433.00,67.00,181.00,0.490081,-1,-1,-1
27,4,887.00,421.00,153.00,528.00,0.842106,-1,-1,-1
27,5,849.00,444.00,60.00,174.00,0.419935,-1,-1,-1
27,6,1058.00,399.00,195.00,615.00,0.868084,-1,-1,-1
27,7,91.00,400.00,242.00,430.00,0.913418,-1,-1,-1
27,8,379.00,464.00,45.00,111.00,0.635583,-1,-1,-1
27,9,490.00,456.00,40.00,102.00,0.529651,-1,-1,-1
27,10,1763.00,393.00,157.00,530.00,0.837707,-1,-1,-1
27,13,674.00,484.00,51.00,106.00,0.491527,-1,-1,-1
27,14,733.00,479.00,45.00,112.00,0.652346,-1,-1,-1
27,20,556.00,459.00,23.00,56.00,0.280038,-1,-1,-1
27,24,417.00,473.00,41.00,95.00,0.357589,-1,-1,-1
27,28,1452.00,440.00,45.00,108.00,0.771982,-1,-1,-1
28,1,1196.00,428.00,64.00,173.00,0.335202,-1,-1,-1
28,4,888.00,420.00,154.00,530.00,0.852736,-1,-1,-1
28,5,858.00,445.00,53.00,156.00,0.383814,-1,-1,-1
28,6,1058.00,398.00,195.00,615.00,0.881648,-1,-1,-1
28,7,106.00,398.00,236.00,428.00,0.904990,-1,-1,-1
28,8,379.00,463.00,45.00,111.00,0.538981,-1,-1,-1
28,9,490.00,456.00,40.00,102.00,0.529503,-1,-1,-1
28,10,1766.00,393.00,154.00,533.00,0.729668,-1,-1,-1
28,13,674.00,483.00,51.00,107.00,0.461081,-1,-1,-1
28,14,733.00,479.00,46.00,113.00,0.636897,-1,-1,-1
28,20,556.00,458.00,23.00,57.00,0.307670,-1,-1,-1
28,24,417.00,471.00,42.00,97.00,0.347074,-1,-1,-1
28,28,1452.00,440.00,46.00,108.00,0.759669,-1,-1,-1
29,1,1198.00,426.00,52.00,138.00,0.465116,-1,-1,-1
29,3,1809.00,394.00,111.00,536.00,0.385462,-1,-1,-1
29,4,892.00,420.00,153.00,530.00,0.861354,-1,-1,-1
29,5,864.00,447.00,47.00,136.00,0.196932,-1,-1,-1
29,6,1058.00,398.00,194.00,615.00,0.883641,-1,-1,-1
29,7,121.00,399.00,228.00,425.00,0.903150,-1,-1,-1
29,8,380.00,462.00,44.00,111.00,0.525065,-1,-1,-1
29,9,490.00,456.00,39.00,101.00,0.516000,-1,-1,-1
29,10,1767.00,392.00,153.00,521.00,0.663735,-1,-1,-1
29,13,673.00,482.00,52.00,108.00,0.461361,-1,-1,-1
29,14,734.00,480.00,44.00,108.00,0.574743,-1,-1,-1
29,20,556.00,458.00,23.00,57.00,0.290690,-1,-1,-1
29,24,418.00,468.00,42.00,98.00,0.336467,-1,-1,-1
29,28,1454.00,439.00,46.00,108.00,0.739324,-1,-1,-1
30,1,1198.00,423.00,49.00,129.00,0.166265,-1,-1,-1
30,4,895.00,420.00,153.00,530.00,0.861442,-1,-1,-1
30,5,870.00,447.00,44.00,128.00,0.358280,-1,-1,-1
30,6,1057.00,397.00,195.00,617.00,0.895733,-1,-1,-1
30,7,139.00,400.00,219.00,423.00,0.898428,-1,-1,-1
30,8,380.00,461.00,44.00,112.00,0.562702,-1,-1,-1
30,9,489.00,456.00,39.00,101.00,0.484427,-1,-1,-1
30,10,1771.00,392.00,149.00,485.00,0.826580,-1,-1,-1
30,13,672.00,483.00,52.00,107.00,0.453105,-1,-1,-1
30,14,734.00,481.00,43.00,106.00,0.557378,-1,-1,-1
30,20,556.00,458.00,23.00,57.00,0.314526,-1,-1,-1
30,24,418.00,465.00,42.00,101.00,0.403376,-1,-1,-1
30,28,1458.00,438.00,45.00,109.00,0.723540,-1,-1,-1
30,41,1172.00,426.00,85.00,176.00,0.395829,-1,-1,-1
31,4,897.00,420.00,152.00,529.00,0.861263,-1,-1,-1
31,5,873.00,445.00,45.00,126.00,0.401990,-1,-1,-1
31,6,1060.00,397.00,195.00,617.00,0.885133,-1,-1,-1
31,7,160.00,398.00,212.00,425.00,0.861556,-1,-1,-1
31,8,379.00,461.00,46.00,113.00,0.600194,-1,-1,-1
31,9,489.00,456.00,39.00,102.00,0.470680,-1,-1,-1
31,10,1773.00,396.00,147.00,466.00,0.856611,-1,-1,-1
31,13,671.00,483.00,52.00,107.00,0.399627,-1,-1,-1
31,14,734.00,481.00,44.00,106.00,0.507476,-1,-1,-1
31,20,556.00,458.00,24.00,57.00,0.311910,-1,-1,-1
31,24,418.00,463.00,43.00,104.00,0.378748,-1,-1,-1
31,28,1461.00,437.00,45.00,109.00,0.741163,-1,-1,-1
31,41,1172.00,424.00,85.00,174.00,0.436301,-1,-1,-1
32,4,897.00,420.00,152.00,529.00,0.830009,-1,-1,-1
32,5,875.00,443.00,47.00,129.00,0.443426,-1,-1,-1
32,6,1062.00,398.00,195.00,616.00,0.886245,-1,-1,-1
32,7,182.00,398.00,204.00,424.00,0.823486,-1,-1,-1
32,8,380.00,462.00,45.00,112.00,0.528900,-1,-1,-1
32,9,489.00,456.00,40.00,102.00,0.395691,-1,-1,-1
32,10,1774.00,399.00,145.00,454.00,0.825509,-1,-1,-1
32,13,673.00,483.00,52.00,109.00,0.383077,-1,-1,-1
32,14,734.00,481.00,45.00,108.00,0.477858,-1,-1,-1
32,20,557.00,457.00,23.00,58.00,0.245931,-1,-1,-1
32,24,420.00,464.00,42.00,100.00,0.315572,-1,-1,-1
32,28,1465.00,437.00,45.00,109.00,0.690518,-1,-1,-1
32,41,1174.00,420.00,103.00,212.00,0.101793,-1,-1,-1
32,42,9.00,611.00,88.00,175.00,0.572338,-1,-1,-1
33,4,894.00,419.00,152.00,530.00,0.817359,-1,-1,-1
33,5,877.00,441.00,49.00,132.00,0.419212,-1,-1,-1
33,6,1062.00,398.00,194.00,616.00,0.885362,-1,-1,-1
33,7,197.00,398.00,199.00,424.00,0.833450,-1,-1,-1
33,8,380.00,462.00,45.00,113.00,0.576828,-1,-1,-1
33,9,491.00,455.00,39.00,101.00,0.389639,-1,-1,-1
33,10,1774.00,391.00,146.00,458.00,0.658593,-1,-1,-1
33,13,674.00,483.00,53.00,112.00,0.342653,-1,-1,-1
33,14,733.00,480.00,47.00,114.00,0.547798,-1,-1,-1
33,20,558.00,457.00,23.00,58.00,0.240819,-1,-1,-1
33,24,422.00,465.00,40.00,98.00,0.306476,-1,-1,-1
33,28,1468.00,435.00,45.00,112.00,0.697908,-1,-1,-1
33,41,1174.00,423.00,113.00,234.00,0.254918,-1,-1,-1
33,42,0.00,488.00,136.00,295.00,0.831335,-1,-1,-1
34,4,893.00,419.00,152.00,530.00,0.828884,-1,-1,-1
34,5,877.00,440.00,50.00,132.00,0.363707,-1,-1,-1
34,6,1063.00,398.00,194.00,616.00,0.880562,-1,-1,-1
34,7,210.00,399.00,195.00,424.00,0.849235,-1,-1,-1
34,8,381.00,463.00,45.00,112.00,0.625464,-1,-1,-1
34,9,491.00,455.00,40.00,102.00,0.496399,-1,-1,-1
34,10,1779.00,401.00,141.00,449.00,0.656878,-1,-1,-1
34,13,676.00,483.00,51.00,108.00,0.405684,-1,-1,-1
34,14,733.00,480.00,48.00,116.00,0.592269,-1,-1,-1
34,20,558.00,458.00,22.00,56.00,0.276872,-1,-1,-1
34,24,422.00,465.00,40.00,100.00,0.345109,-1,-1,-1
34,28,1471.00,436.00,43.00,110.00,0.608601,-1,-1,-1
34,41,1176.00,424.00,114.00,238.00,0.267942,-1,-1,-1
34,42,0.00,440.00,153.00,341.00,0.881081,-1,-1,-1
35,4,890.00,420.00,154.00,529.00,0.850899,-1,-1,-1
35,5,878.00,442.00,49.00,125.00,0.224675,-1,-1,-1
35,6,1061.00,398.00,194.00,616.00,0.881338,-1,-1,-1
35,7,222.00,399.00,192.00,424.00,0.861005,-1,-1,-1
35,8,380.00,463.00,45.00,112.00,0.635502,-1,-1,-1
35,9,489.00,455.00,40.00,101.00,0.349546,-1,-1,-1
35,10,1785.00,412.00,135.00,440.00,0.620057,-1,-1,-1
35,13,674.00,483.00,52.00,108.00,0.517614,-1,-1,-1
35,14,733.00,480.00,47.00,115.00,0.536470,-1,-1,-1
35,15,1229.00,445.00,34.00,82.00,0.306655,-1,-1,-1
35,20,557.00,458.00,22.00,56.00,0.332272,-1,-1,-1
35,24,421.00,466.00,40.00,100.00,0.363991,-1,-1,-1
35,28,1473.00,435.00,43.00,111.00,0.638582,-1,-1,-1
35,41,1180.00,422.00,100.00,207.00,0.495384,-1,-1,-1
35,42,0.00,423.00,160.00,358.00,0.900535,-1,-1,-1
36,4,893.00,420.00,153.00,529.00,0.846280,-1,-1,-1
36,6,1059.00,399.00,195.00,616.00,0.881533,-1,-1,-1
36,7,235.00,400.00,191.00,423.00,0.896148,-1,-1,-1
36,8,379.00,463.00,45.00,112.00,0.661206,-1,-1,-1
36,9,492.00,453.00,35.00,88.00,0.343406,-1,-1,-1
36,10,1792.00,412.00,128.00,440.00,0.517168,-1,-1,-1
36,13,673.00,482.00,52.00,109.00,0.572792,-1,-1,-1
36,14,733.00,480.00,46.00,111.00,0.589583,-1,-1,-1
36,15,1230.00,445.00,35.00,82.00,0.421027,-1,-1,-1
36,20,556.00,457.00,23.00,57.00,0.323225,-1,-1,-1
36,24,420.00,467.00,40.00,99.00,0.336378,-1,-1,-1
36,28,1477.00,435.00,44.00,111.00,0.633939,-1,-1,-1
36,41,1183.00,420.00,93.00,195.00,0.466385,-1,-1,-1
36,42,0.00,420.00,163.00,361.00,0.888414,-1,-1,-1
36,46,1695.00,431.00,87.00,160.00,0.357594,-1,-1,-1
37,3,1818.00,387.00,102.00,466.00,0.320971,-1,-1,-1
37,4,892.00,420.00,154.00,529.00,0.843676,-1,-1,-1
37,6,1060.00,398.00,196.00,617.00,0.878967,-1,-1,-1
37,7,246.00,402.00,191.00,421.00,0.909197,-1,-1,-1
37,8,378.00,463.00,46.00,112.00,0.661017,-1,-1,-1
37,9,492.00,452.00,36.00,90.00,0.404759,-1,-1,-1
37,13,673.00,482.00,52.00,110.00,0.584766,-1,-1,-1
37,14,733.00,480.00,46.00,111.00,0.596407,-1,-1,-1
37,15,1232.00,445.00,36.00,82.00,0.381212,-1,-1,-1
37,20,555.00,455.00,24.00,59.00,0.341195,-1,-1,-1
37,24,420.00,466.00,40.00,100.00,0.368039,-1,-1,-1
37,28,1480.00,435.00,44.00,112.00,0.651510,-1,-1,-1
37,41,1182.00,416.00,95.00,197.00,0.328369,-1,-1,-1
37,42,0.00,421.00,163.00,360.00,0.910310,-1,-1,-1
37,46,1692.00,431.00,95.00,174.00,0.317358,-1,-1,-1
38,3,1828.00,386.00,92.00,468.00,0.150086,-1,-1,-1
38,4,890.00,420.00,154.00,529.00,0.840755,-1,-1,-1
38,6,1061.00,397.00,197.00,617.00,0.875296,-1,-1,-1
38,7,251.00,405.00,192.00,418.00,0.901832,-1,-1,-1
38,8,378.00,463.00,46.00,113.00,0.632901,-1,-1,-1
38,9,494.00,453.00,32.00,77.00,0.419021,-1,-1,-1
38,13,674.00,483.00,53.00,109.00,0.573957,-1,-1,-1
38,14,733.00,481.00,46.00,110.00,0.591134,-1,-1,-1
38,15,1234.00,445.00,37.00,82.00,0.366921,-1,-1,-1
38,20,555.00,456.00,23.00,58.00,0.350481,-1,-1,-1
38,24,421.00,468.00,38.00,98.00,0.361988,-1,-1,-1
38,28,1484.00,438.00,44.00,109.00,0.706020,-1,-1,-1
38,41,1176.00,411.00,110.00,229.00,0.327147,-1,-1,-1
38,42,0.00,424.00,163.00,357.00,0.925568,-1,-1,-1
38,46,1688.00,430.00,99.00,183.00,0.317862,-1,-1,-1
39,4,893.00,421.00,155.00,528.00,0.852009,-1,-1,-1
39,6,1062.00,397.00,197.00,618.00,0.888153,-1,-1,-1
39,7,254.00,404.00,195.00,420.00,0.890892,-1,-1,-1
39,8,378.00,463.00,47.00,113.00,0.589640,-1,-1,-1
39,9,496.00,454.00,27.00,64.00,0.313426,-1,-1,-1
39,13,675.00,484.00,52.00,109.00,0.598965,-1,-1,-1
39,14,733.00,481.00,46.00,111.00,0.615434,-1,-1,-1
39,15,1236.00,445.00,37.00,82.00,0.330015,-1,-1,-1
39,20,556.00,457.00,23.00,57.00,0.336636,-1,-1,-1
39,24,421.00,468.00,38.00,98.00,0.340291,-1,-1,-1
39,28,1487.00,438.00,45.00,108.00,0.676942,-1,-1,-1
39,41,1178.00,408.00,111.00,234.00,0.422258,-1,-1,-1
39,42,0.00,426.00,163.00,355.00,0.920327,-1,-1,-1
39,46,1686.00,430.00,101.00,186.00,0.311787,-1,-1,-1
40,4,895.00,420.00,154.00,528.00,0.849743,-1,-1,-1
40,6,1063.00,397.00,197.00,618.00,0.890780,-1,-1,-1
40,7,257.00,408.00,195.00,416.00,0.904229,-1,-1,-1
40,8,379.00,464.00,46.00,112.00,0.606771,-1,-1,-1
40,9,497.00,454.00,27.00,62.00,0.287241,-1,-1,-1
40,13,674.00,484.00,53.00,109.00,0.585586,-1,-1,-1
40,14,733.00,480.00,47.00,113.00,0.605467,-1,-1,-1
40,15,1236.00,445.00,37.00,80.00,0.279933,-1,-1,-1
40,20,557.00,458.00,21.00,56.00,0.319876,-1,-1,-1
40,24,422.00,473.00,36.00,92.00,0.335624,-1,-1,-1
40,28,1488.00,437.00,47.00,110.00,0.683264,-1,-1,-1
40,41,1180.00,408.00,114.00,240.00,0.399595,-1,-1,-1
40,42,0.00,426.00,162.00,356.00,0.853890,-1,-1,-1
40,46,1693.00,430.00,90.00,167.00,0.233935,-1,-1,-1
41,4,896.00,420.00,155.00,528.00,0.857714,-1,-1,-1
41,6,1065.00,397.00,197.00,618.00,0.881468,-1,-1,-1
41,7,258.00,414.00,196.00,410.00,0.910522,-1,-1,-1
41,8,378.00,463.00,47.00,113.00,0.482273,-1,-1,-1
41,9,497.00,454.00,29.00,64.00,0.365640,-1,-1,-1
41,13,673.00,484.00,53.00,108.00,0.567127,-1,-1,-1
41,14,733.00,481.00,47.00,111.00,0.555734,-1,-1,-1
41,15,1237.00,444.00,36.00,79.00,0.252819,-1,-1,-1
41,20,558.00,459.00,21.00,55.00,0.224264,-1,-1,-1
41,24,422.00,476.00,36.00,91.00,0.339319,-1,-1,-1
41,28,1488.00,436.00,49.00,111.00,0.621956,-1,-1,-1
41,41,1183.00,408.00,111.00,235.00,0.346741,-1,-1,-1
41,42,0.00,427.00,162.00,355.00,0.857163,-1,-1,-1
41,46,1694.00,431.00,87.00,159.00,0.228446,-1,-1,-1
42,4,898.00,420.00,155.00,528.00,0.856156,-1,-1,-1
42,6,1066.00,398.00,197.00,617.00,0.886617,-1,-1,-1
42,7,258.00,412.00,199.00,411.00,0.921145,-1,-1,-1
42,8,379.00,465.00,46.00,111.00,0.313519,-1,-1,-1
42,9,497.00,454.00,29.00,64.00,0.362033,-1,-1,-1
42,13,674.00,484.00,52.00,106.00,0.546734,-1,-1,-1
42,14,733.00,481.00,47.00,111.00,0.519365,-1,-1,-1
42,15,1239.00,444.00,35.00,75.00,0.272497,-1,-1,-1
42,20,559.00,460.00,21.00,54.00,0.250084,-1,-1,-1
42,24,423.00,477.00,35.00,90.00,0.267957,-1,-1,-1
42,28,1489.00,436.00,49.00,111.00,0.394128,-1,-1,-1
42,41,1185.00,412.00,117.00,248.00,0.268481,-1,-1,-1
42,42,0.00,428.00,162.00,361.00,0.870446,-1,-1,-1
43,4,899.00,420.00,155.00,528.00,0.857538,-1,-1,-1
43,6,1066.00,396.00,198.00,618.00,0.885116,-1,-1,-1
43,7,259.00,410.00,201.00,412.00,0.918253,-1,-1,-1
43,8,380.00,464.00,46.00,111.00,0.312959,-1,-1,-1
43,9,496.00,454.00,31.00,66.00,0.404524,-1,-1,-1
43,13,674.00,484.00,52.00,106.00,0.571167,-1,-1,-1
43,14,733.00,481.00,47.00,113.00,0.599578,-1,-1,-1
43,15,1241.00,444.00,32.00,71.00,0.272145,-1,-1,-1
43,20,560.00,460.00,20.00,54.00,0.252426,-1,-1,-1
43,24,423.00,478.00,36.00,90.00,0.290483,-1,-1,-1
43,28,1490.00,435.00,50.00,112.00,0.411052,-1,-1,-1
43,41,1189.00,410.00,105.00,224.00,0.490674,-1,-1,-1
43,42,0.00,428.00,161.00,361.00,0.889140,-1,-1,-1
44,4,899.00,421.00,155.00,527.00,0.858104,-1,-1,-1
44,6,1067.00,396.00,198.00,618.00,0.879422,-1,-1,-1
44,7,261.00,410.00,202.00,410.00,0.906990,-1,-1,-1
44,9,498.00,455.00,30.00,63.00,0.274901,-1,-1,-1
44,13,675.00,483.00,53.00,106.00,0.538775,-1,-1,-1
44,14,734.00,480.00,47.00,112.00,0.619844,-1,-1,-1
44,15,1242.00,445.00,32.00,68.00,0.273075,-1,-1,-1
44,20,560.00,460.00,20.00,53.00,0.205777,-1,-1,-1
44,24,419.00,467.00,40.00,102.00,0.317211,-1,-1,-1
44,28,1497.00,435.00,49.00,110.00,0.330405,-1,-1,-1
44,41,1192.00,411.00,96.00,204.00,0.389839,-1,-1,-1
44,42,0.00,429.00,163.00,358.00,0.872891,-1,-1,-1
45,4,901.00,420.00,156.00,528.00,0.846083,-1,-1,-1
45,6,1068.00,395.00,198.00,619.00,0.885608,-1,-1,-1
45,7,265.00,410.00,202.00,409.00,0.900844,-1,-1,-1
45,9,497.00,455.00,30.00,62.00,0.322906,-1,-1,-1
45,13,674.00,483.00,53.00,106.00,0.555187,-1,-1,-1
45,14,733.00,479.00,48.00,115.00,0.644845,-1,-1,-1
45,15,1244.00,446.00,30.00,66.00,0.252823,-1,-1,-1
45,16,1844.00,464.00,70.00,190.00,0.437090,-1,-1,-1
45,20,560.00,460.00,20.00,53.00,0.209536,-1,-1,-1
45,24,418.00,461.00,42.00,108.00,0.367645,-1,-1,-1
45,28,1499.00,432.00,49.00,113.00,0.216865,-1,-1,-1
45,41,1194.00,412.00,93.00,197.00,0.442875,-1,-1,-1
45,42,14.00,430.00,160.00,354.00,0.834670,-1,-1,-1
46,4,903.00,420.00,156.00,528.00,0.864222,-1,-1,-1
46,6,1070.00,394.00,198.00,620.00,0.888103,-1,-1,-1
46,7,271.00,406.00,202.00,411.00,0.903164,-1,-1,-1
46,9,498.00,455.00,30.00,62.00,0.281169,-1,-1,-1
46,13,674.00,483.00,53.00,105.00,0.575746,-1,-1,-1
46,14,734.00,479.00,47.00,113.00,0.628922,-1,-1,-1
46,15,1244.00,446.00,31.00,65.00,0.286298,-1,-1,-1
46,16,1842.00,459.00,73.00,194.00,0.392425,-1,-1,-1
46,20,559.00,458.00,21.00,55.00,0.169776,-1,-1,-1
46,24,419.00,460.00,42.00,109.00,0.358594,-1,-1,-1
46,28,1498.00,433.00,48.00,112.00,0.368168,-1,-1,-1
46,41,1194.00,411.00,95.00,200.00,0.420618,-1,-1,-1
46,42,31.00,430.00,156.00,352.00,0.817805,-1,-1,-1
47,4,904.00,420.00,156.00,529.00,0.855800,-1,-1,-1
47,6,1070.00,395.00,199.00,620.00,0.890456,-1,-1,-1
47,7,281.00,404.00,196.00,404.00,0.895541,-1,-1,-1
47,9,493.00,454.00,37.00,75.00,0.391057,-1,-1,-1
47,13,673.00,484.00,51.00,102.00,0.573090,-1,-1,-1
47,14,734.00,478.00,48.00,114.00,0.664450,-1,-1,-1
47,15,1244.00,446.00,33.00,70.00,0.328673,-1,-1,-1
47,16,1842.00,459.00,72.00,193.00,0.381891,-1,-1,-1
47,20,559.00,457.00,21.00,56.00,0.196079,-1,-1,-1
47,24,421.00,471.00,38.00,98.00,0.364114,-1,-1,-1
47,28,1501.00,433.00,48.00,111.00,0.619114,-1,-1,-1
47,41,1196.00,413.00,92.00,194.00,0.509312,-1,-1,-1
47,42,44.00,430.00,154.00,351.00,0.831613,-1,-1,-1
47,46,1694.00,430.00,87.00,160.00,0.257320,-1,-1,-1
48,4,905.00,420.00,155.00,529.00,0.854657,-1,-1,-1
48,6,1071.00,395.00,200.00,620.00,0.889123,-1,-1,-1
48,7,291.00,401.00,192.00,402.00,0.898107,-1,-1,-1
48,9,487.00,454.00,43.00,90.00,0.244513,-1,-1,-1
48,13,672.00,486.00,51.00,99.00,0.540338,-1,-1,-1
48,14,733.00,478.00,48.00,114.00,0.654945,-1,-1,-1
48,15,1244.00,447.00,34.00,71.00,0.371436,-1,-1,-1
48,16,1842.00,460.00,72.00,192.00,0.438629,-1,-1,-1
48,20,559.00,457.00,21.00,56.00,0.141154,-1,-1,-1
48,24,420.00,473.00,38.00,97.00,0.334952,-1,-1,-1
48,28,1503.00,433.00,48.00,111.00,0.522773,-1,-1,-1
48,41,1197.00,414.00,90.00,188.00,0.561685,-1,-1,-1
48,42,56.00,431.00,151.00,350.00,0.842609,-1,-1,-1
48,46,1693.00,430.00,90.00,164.00,0.253528,-1,-1,-1
49,4,905.00,421.00,156.00,528.00,0.868845,-1,-1,-1
49,6,1071.00,395.00,200.00,619.00,0.884596,-1,-1,-1
49,7,302.00,400.00,187.00,401.00,0.875801,-1,-1,-1
49,9,488.00,454.00,41.00,86.00,0.286948,-1,-1,-1
49,13,672.00,486.00,51.00,97.00,0.547544,-1,-1,-1
49,14,732.00,478.00,49.00,114.00,0.670570,-1,-1,-1
49,15,1243.00,447.00,35.00,74.00,0.338478,-1,-1,-1
49,16,1842.00,458.00,72.00,194.00,0.381390,-1,-1,-1
49,20,559.00,457.00,21.00,56.00,0.138927,-1,-1,-1
49,24,421.00,473.00,38.00,98.00,0.321161,-1,-1,-1
49,28,1507.00,435.00,46.00,109.00,0.613856,-1,-1,-1
49,41,1197.00,413.00,89.00,187.00,0.508180,-1,-1,-1
49,42,69.00,433.00,150.00,349.00,0.877972,-1,-1,-1
49,46,1695.00,430.00,87.00,161.00,0.293328,-1,-1,-1
50,4,906.00,420.00,155.00,529.00,0.855082,-1,-1,-1
50,6,1070.00,396.00,201.00,619.00,0.874506,-1,-1,-1
50,7,315.00,400.00,180.00,401.00,0.852403,-1,-1,-1
50,9,483.00,454.00,46.00,97.00,0.280306,-1,-1,-1
50,13,672.00,485.00,51.00,98.00,0.591695,-1,-1,-1
50,14,732.00,478.00,48.00,114.00,0.609176,-1,-1,-1
50,15,1242.00,447.00,36.00,76.00,0.501060,-1,-1,-1
50,16,1842.00,458.00,72.00,193.00,0.371303,-1,-1,-1
50,20,558.00,458.00,22.00,55.00,0.166556,-1,-1,-1
50,24,423.00,474.00,36.00,97.00,0.168838,-1,-1,-1
50,28,1511.00,436.00,45.00,108.00,0.556449,-1,-1,-1
50,41,1197.00,414.00,87.00,182.00,0.498978,-1,-1,-1
50,42,85.00,434.00,150.00,347.00,0.891847,-1,-1,-1
50,46,1695.00,430.00,86.00,159.00,0.243981,-1,-1,-1
50,55,0.00,519.00,52.00,336.00,0.626096,-1,-1,-1
51,4,907.00,420.00,154.00,529.00,0.856612,-1,-1,-1
51,6,1071.00,397.00,202.00,618.00,0.887278,-1,-1,-1
51,7,329.00,400.00,172.00,398.00,0.846143,-1,-1,-1
51,9,482.00,455.00,47.00,101.00,0.342912,-1,-1,-1
51,13,671.00,486.00,52.00,97.00,0.612422,-1,-1,-1
51,14,732.00,477.00,49.00,117.00,0.651976,-1,-1,-1
51,15,1242.00,447.00,37.00,77.00,0.530250,-1,-1,-1
51,16,1842.00,458.00,72.00,194.00,0.371687,-1,-1,-1
51,20,558.00,459.00,21.00,54.00,0.151819,-1,-1,-1
51,28,1513.00,434.00,45.00,111.00,0.532905,-1,-1,-1
51,41,1196.00,413.00,85.00,179.00,0.400295,-1,-1,-1
51,42,96.00,435.00,153.00,346.00,0.895147,-1,-1,-1
51,46,1694.00,429.00,89.00,162.00,0.279337,-1,-1,-1
51,55,0.00,476.00,57.00,378.00,0.682875,-1,-1,-1
52,4,907.00,420.00,154.00,528.00,0.847521,-1,-1,-1
52,6,1071.00,397.00,203.00,618.00,0.881521,-1,-1,-1
52,7,342.00,400.00,165.00,399.00,0.809280,-1,-1,-1
52,9,479.00,454.00,48.00,104.00,0.273989,-1,-1,-1
52,13,670.00,485.00,52.00,98.00,0.608692,-1,-1,-1
52,14,733.00,478.00,48.00,113.00,0.597480,-1,-1,-1
52,15,1242.00,446.00,37.00,79.00,0.609453,-1,-1,-1
52,16,1841.00,458.00,73.00,194.00,0.238869,-1,-1,-1
52,20,556.00,458.00,22.00,55.00,0.173003,-1,-1,-1
52,28,1515.00,433.00,45.00,112.00,0.625632,-1,-1,-1
52,41,1198.00,418.00,82.00,172.00,0.230156,-1,-1,-1
52,42,104.00,436.00,157.00,345.00,0.907322,-1,-1,-1
52,46,1693.00,430.00,89.00,161.00,0.226095,-1,-1,-1
52,55,3.00,449.00,65.00,406.00,0.850422,-1,-1,-1
53,1,1051.00,442.00,76.00,204.00,0.679411,-1,-1,-1
53,4,908.00,420.00,154.00,528.00,0.828211,-1,-1,-1
53,6,1071.00,396.00,203.00,619.00,0.876811,-1,-1,-1
53,7,352.00,400.00,160.00,399.00,0.813631,-1,-1,-1
53,9,477.00,455.00,45.00,103.00,0.337310,-1,-1,-1
53,13,670.00,485.00,52.00,97.00,0.552536,-1,-1,-1
53,14,733.00,477.00,49.00,116.00,0.664580,-1,-1,-1
53,15,1243.00,446.00,37.00,80.00,0.501762,-1,-1,-1
53,16,1842.00,456.00,74.00,197.00,0.268323,-1,-1,-1
53,20,556.00,458.00,21.00,55.00,0.230804,-1,-1,-1
53,28,1516.00,431.00,45.00,115.00,0.567165,-1,-1,-1
53,41,1200.00,421.00,79.00,167.00,0.234814,-1,-1,-1
53,42,108.00,438.00,161.00,342.00,0.907746,-1,-1,-1
53,46,1692.00,429.00,90.00,161.00,0.288894,-1,-1,-1
53,55,8.00,440.00,67.00,414.00,0.813913,-1,-1,-1
54,1,1049.00,439.00,77.00,207.00,0.682471,-1,-1,-1
54,4,911.00,421.00,152.00,525.00,0.820360,-1,-1,-1
54,6,1069.00,395.00,204.00,620.00,0.875229,-1,-1,-1
54,7,365.00,400.00,157.00,398.00,0.829723,-1,-1,-1
54,9,476.00,455.00,45.00,104.00,0.361924,-1,-1,-1
54,13,670.00,485.00,51.00,96.00,0.552087,-1,-1,-1
54,14,733.00,477.00,49.00,117.00,0.677753,-1,-1,-1
54,15,1243.00,447.00,37.00,80.00,0.309999,-1,-1,-1
54,16,1839.00,457.00,74.00,195.00,0.310787,-1,-1,-1
54,20,556.00,459.00,21.00,53.00,0.236978,-1,-1,-1
54,28,1519.00,430.00,46.00,115.00,0.566441,-1,-1,-1
54,42,111.00,439.00,165.00,341.00,0.914364,-1,-1,-1
54,46,1694.00,429.00,88.00,160.00,0.293725,-1,-1,-1
54,55,18.00,436.00,70.00,418.00,0.840887,-1,-1,-1
55,1,1047.00,436.00,78.00,210.00,0.717012,-1,-1,-1
55,4,914.00,421.00,151.00,523.00,0.847490,-1,-1,-1
55,6,1070.00,395.00,205.00,620.00,0.881673,-1,-1,-1
55,7,377.00,401.00,156.00,397.00,0.823723,-1,-1,-1
55,9,478.00,456.00,44.00,103.00,0.296509,-1,-1,-1
55,13,670.00,485.00,52.00,95.00,0.537091,-1,-1,-1
55,14,734.00,478.00,48.00,115.00,0.627805,-1,-1,-1
55,15,1242.00,446.00,39.00,84.00,0.311635,-1,-1,-1
55,16,1841.00,459.00,73.00,194.00,0.320902,-1,-1,-1
55,20,555.00,459.00,20.00,53.00,0.196045,-1,-1,-1
55,28,1522.00,430.00,45.00,115.00,0.492656,-1,-1,-1
55,42,115.00,440.00,167.00,339.00,0.912194,-1,-1,-1
55,46,1692.00,431.00,88.00,157.00,0.122415,-1,-1,-1
55,55,32.00,437.00,74.00,418.00,0.903599,-1,-1,-1
56,1,1048.00,431.00,80.00,215.00,0.732587,-1,-1,-1
56,4,915.00,421.00,149.00,521.00,0.824296,-1,-1,-1
56,6,1070.00,393.00,207.00,622.00,0.883414,-1,-1,-1
56,7,389.00,402.00,155.00,396.00,0.869486,-1,-1,-1
56,9,477.00,450.00,46.00,110.00,0.131888,-1,-1,-1
56,13,673.00,483.00,55.00,100.00,0.555842,-1,-1,-1
56,14,734.00,478.00,49.00,116.00,0.563647,-1,-1,-1
56,15,1243.00,447.00,37.00,83.00,0.249588,-1,-1,-1
56,16,1841.00,458.00,74.00,195.00,0.377289,-1,-1,-1
56,20,555.00,458.00,21.00,54.00,0.191715,-1,-1,-1
56,28,1525.00,434.00,45.00,111.00,0.604294,-1,-1,-1
56,42,120.00,440.00,168.00,333.00,0.885879,-1,-1,-1
56,46,1695.00,431.00,87.00,155.00,0.117297,-1,-1,-1
56,55,46.00,437.00,81.00,418.00,0.901406,-1,-1,-1
57,1,1046.00,430.00,79.00,216.00,0.734185,-1,-1,-1
57,4,916.00,421.00,147.00,519.00,0.817906,-1,-1,-1
57,6,1071.00,395.00,206.00,620.00,0.885803,-1,-1,-1
57,7,400.00,404.00,156.00,395.00,0.889006,-1,-1,-1
57,9,480.00,454.00,43.00,105.00,0.153773,-1,-1,-1
57,13,672.00,484.00,55.00,100.00,0.570088,-1,-1,-1
57,14,733.00,479.00,48.00,112.00,0.443148,-1,-1,-1
57,15,1243.00,447.00,37.00,83.00,0.201504,-1,-1,-1
57,16,1841.00,458.00,73.00,195.00,0.415413,-1,-1,-1
57,20,556.00,459.00,20.00,53.00,0.199342,-1,-1,-1
57,28,1526.00,433.00,45.00,111.00,0.407827,-1,-1,-1
57,42,127.00,439.00,166.00,328.00,0.895533,-1,-1,-1
57,46,1693.00,429.00,88.00,157.00,0.202983,-1,-1,-1
57,55,55.00,439.00,88.00,416.00,0.903461,-1,-1,-1
58,1,1042.00,432.00,77.00,213.00,0.674004,-1,-1,-1
58,4,917.00,421.00,146.00,518.00,0.826855,-1,-1,-1
58,6,1071.00,396.00,206.00,619.00,0.882932,-1,-1,-1
58,7,408.00,405.00,159.00,394.00,0.893146,-1,-1,-1
58,9,478.00,456.00,44.00,104.00,0.108129,-1,-1,-1
58,13,672.00,484.00,56.00,100.00,0.582544,-1,-1,-1
58,14,732.00,479.00,48.00,112.00,0.532570,-1,-1,-1
58,15,1243.00,446.00,38.00,86.00,0.227127,-1,-1,-1
58,16,1840.00,458.00,74.00,196.00,0.559691,-1,-1,-1
58,20,558.00,461.00,19.00,52.00,0.157520,-1,-1,-1
58,28,1528.00,431.00,46.00,112.00,0.494612,-1,-1,-1
58,42,132.00,438.00,165.00,326.00,0.897112,-1,-1,-1
58,46,1692.00,430.00,89.00,158.00,0.177623,-1,-1,-1
58,55,57.00,440.00,96.00,415.00,0.909730,-1,-1,-1
59,1,1036.00,430.00,76.00,215.00,0.716246,-1,-1,-1
59,4,919.00,421.00,145.00,517.00,0.827400,-1,-1,-1
59,6,1071.00,396.00,207.00,619.00,0.887484,-1,-1,-1
59,7,413.00,407.00,162.00,392.00,0.898805,-1,-1,-1
59,9,476.00,454.00,45.00,110.00,0.196012,-1,-1,-1
59,13,671.00,485.00,55.00,99.00,0.491327,-1,-1,-1
59,14,732.00,479.00,48.00,111.00,0.445455,-1,-1,-1
59,15,1242.00,445.00,39.00,90.00,0.296696,-1,-1,-1
59,16,1840.00,460.00,73.00,193.00,0.325957,-1,-1,-1
59,20,558.00,461.00,19.00,52.00,0.152440,-1,-1,-1
59,28,1531.00,431.00,46.00,113.00,0.382231,-1,-1,-1
59,42,138.00,437.00,164.00,327.00,0.892624,-1,-1,-1
59,46,1690.00,430.00,89.00,157.00,0.175931,-1,-1,-1
59,55,58.00,442.00,105.00,413.00,0.918908,-1,-1,-1
60,1,1031.00,429.00,76.00,217.00,0.675102,-1,-1,-1
60,4,921.00,421.00,144.00,516.00,0.836370,-1,-1,-1
60,6,1071.00,396.00,208.00,619.00,0.887957,-1,-1,-1
60,7,415.00,407.00,165.00,392.00,0.904204,-1,-1,-1
60,13,668.00,486.00,55.00,99.00,0.442064,-1,-1,-1
60,14,732.00,479.00,49.00,114.00,0.534669,-1,-1,-1
60,15,1242.00,445.00,40.00,91.00,0.196558,-1,-1,-1
60,16,1840.00,461.00,73.00,192.00,0.402467,-1,-1,-1
60,20,558.00,459.00,20.00,54.00,0.201391,-1,-1,-1
60,28,1533.00,433.00,45.00,111.00,0.262567,-1,-1,-1
60,42,142.00,436.00,163.00,328.00,0.883645,-1,-1,-1
60,46,1685.00,430.00,91.00,159.00,0.304974,-1,-1,-1
60,55,56.00,442.00,115.00,413.00,0.930490,-1,-1,-1
61,1,1028.00,432.00,73.00,215.00,0.635054,-1,-1,-1
61,4,923.00,421.00,144.00,515.00,0.853822,-1,-1,-1
61,6,1071.00,397.00,208.00,617.00,0.878706,-1,-1,-1
61,7,416.00,408.00,168.00,391.00,0.915963,-1,-1,-1
61,13,667.00,487.00,54.00,97.00,0.383546,-1,-1,-1
61,14,732.00,478.00,49.00,117.00,0.570804,-1,-1,-1
61,15,1243.00,445.00,39.00,94.00,0.253962,-1,-1,-1
61,16,1840.00,460.00,73.00,193.00,0.347493,-1,-1,-1
61,20,559.00,460.00,20.00,53.00,0.129231,-1,-1,-1
61,28,1536.00,432.00,44.00,110.00,0.218543,-1,-1,-1
61,42,149.00,435.00,160.00,328.00,0.857579,-1,-1,-1
61,46,1687.00,430.00,93.00,161.00,0.314493,-1,-1,-1
61,55,54.00,443.00,123.00,412.00,0.928687,-1,-1,-1
62,1,1027.00,432.00,73.00,216.00,0.635712,-1,-1,-1
62,4,925.00,420.00,143.00,515.00,0.857502,-1,-1,-1
62,6,1071.00,396.00,208.00,618.00,0.878701,-1,-1,-1
62,7,413.00,407.00,172.00,392.00,0.914498,-1,-1,-1
62,13,665.00,487.00,56.00,101.00,0.332047,-1,-1,-1
62,14,731.00,478.00,50.00,117.00,0.584829,-1,-1,-1
62,15,1242.00,444.00,41.00,98.00,0.220206,-1,-1,-1
62,16,1841.00,460.00,73.00,193.00,0.302954,-1,-1,-1
62,28,1538.00,425.00,45.00,117.00,0.433282,-1,-1,-1
62,42,157.00,435.00,157.00,328.00,0.856777,-1,-1,-1
62,46,1686.00,428.00,95.00,167.00,0.324032,-1,-1,-1
62,55,50.00,442.00,132.00,413.00,0.929202,-1,-1,-1
63,1,1028.00,434.00,69.00,211.00,0.512637,-1,-1,-1
63,4,927.00,420.00,143.00,514.00,0.863306,-1,-1,-1
63,6,1071.00,397.00,209.00,617.00,0.880656,-1,-1,-1
63,7,414.00,409.00,174.00,390.00,0.913158,-1,-1,-1
63,13,664.00,488.00,55.00,100.00,0.308136,-1,-1,-1
63,14,732.00,478.00,50.00,116.00,0.578537,-1,-1,-1
63,15,1244.00,445.00,41.00,98.00,0.462473,-1,-1,-1
63,16,1841.00,458.00,74.00,195.00,0.295180,-1,-1,-1
63,28,1540.00,425.00,45.00,118.00,0.426561,-1,-1,-1
63,42,169.00,435.00,152.00,328.00,0.837121,-1,-1,-1
63,46,1688.00,429.00,93.00,162.00,0.209891,-1,-1,-1
63,55,47.00,442.00,140.00,413.00,0.921763,-1,-1,-1
64,1,1025.00,428.00,71.00,217.00,0.428256,-1,-1,-1
64,4,929.00,420.00,143.00,514.00,0.865552,-1,-1,-1
64,6,1072.00,398.00,209.00,616.00,0.883233,-1,-1,-1
64,7,414.00,412.00,175.00,385.00,0.918373,-1,-1,-1
64,13,664.00,490.00,53.00,96.00,0.234296,-1,-1,-1
64,14,732.00,481.00,48.00,112.00,0.454747,-1,-1,-1
64,15,1245.00,445.00,41.00,98.00,0.386171,-1,-1,-1
64,16,1840.00,457.00,75.00,196.00,0.344034,-1,-1,-1
64,28,1542.00,424.00,44.00,117.00,0.230742,-1,-1,-1
64,42,181.00,435.00,146.00,327.00,0.824911,-1,-1,-1
64,46,1685.00,429.00,94.00,164.00,0.253498,-1,-1,-1
64,55,45.00,441.00,147.00,409.00,0.899103,-1,-1,-1
65,1,1026.00,443.00,65.00,199.00,0.142631,-1,-1,-1
65,4,931.00,419.00,142.00,515.00,0.857687,-1,-1,-1
65,6,1071.00,397.00,210.00,617.00,0.893740,-1,-1,-1
65,7,412.00,411.00,178.00,384.00,0.929233,-1,-1,-1
65,8,377.00,461.00,48.00,114.00,0.284687,-1,-1,-1
65,13,662.00,491.00,55.00,99.00,0.369155,-1,-1,-1
65,14,732.00,482.00,47.00,109.00,0.295275,-1,-1,-1
65,15,1246.00,446.00,40.00,97.00,0.463256,-1,-1,-1
65,16,1842.00,463.00,72.00,190.00,0.228476,-1,-1,-1
65,28,1543.00,426.00,43.00,116.00,0.285295,-1,-1,-1
65,42,190.00,434.00,141.00,328.00,0.824420,-1,-1,-1
65,46,1682.00,429.00,96.00,166.00,0.275241,-1,-1,-1
65,55,51.00,441.00,152.00,406.00,0.886645,-1,-1,-1
66,4,933.00,419.00,143.00,515.00,0.851593,-1,-1,-1
66,6,1071.00,395.00,211.00,619.00,0.890362,-1,-1,-1
66,7,411.00,409.00,180.00,383.00,0.924597,-1,-1,-1
66,8,375.00,458.00,50.00,116.00,0.598317,-1,-1,-1
66,13,661.00,491.00,55.00,101.00,0.326012,-1,-1,-1
66,14,731.00,483.00,46.00,108.00,0.397992,-1,-1,-1
66,15,1247.00,446.00,40.00,98.00,0.540386,-1,-1,-1
66,16,1841.00,463.00,72.00,190.00,0.332247,-1,-1,-1
66,42,205.00,434.00,138.00,328.00,0.810491,-1,-1,-1
66,46,1687.00,429.00,96.00,168.00,0.284531,-1,-1,-1
66,55,57.00,440.00,153.00,398.00,0.887898,-1,-1,-1
67,4,935.00,418.00,143.00,517.00,0.860120,-1,-1,-1
67,6,1071.00,396.00,211.00,618.00,0.892340,-1,-1,-1
67,7,413.00,408.00,181.00,383.00,0.922422,-1,-1,-1
67,8,375.00,459.00,49.00,115.00,0.656316,-1,-1,-1
67,13,660.00,490.00,51.00,94.00,0.234135,-1,-1,-1
67,14,731.00,482.00,46.00,110.00,0.412509,-1,-1,-1
67,15,1249.00,444.00,40.00,100.00,0.341554,-1,-1,-1
67,16,1839.00,463.00,73.00,190.00,0.361194,-1,-1,-1
67,42,220.00,433.00,137.00,329.00,0.858920,-1,-1,-1
67,46,1690.00,430.00,92.00,161.00,0.226868,-1,-1,-1
67,55,68.00,439.00,151.00,388.00,0.887364,-1,-1,-1
68,4,936.00,417.00,144.00,518.00,0.859882,-1,-1,-1
68,6,1071.00,397.00,211.00,617.00,0.893413,-1,-1,-1
68,7,415.00,407.00,182.00,382.00,0.917203,-1,-1,-1
68,8,374.00,460.00,49.00,113.00,0.527241,-1,-1,-1
68,13,660.00,490.00,48.00,89.00,0.232215,-1,-1,-1
68,14,731.00,481.00,47.00,110.00,0.454497,-1,-1,-1
68,15,1249.00,443.00,41.00,102.00,0.291910,-1,-1,-1
68,16,1838.00,462.00,74.00,191.00,0.304471,-1,-1,-1
68,42,233.00,435.00,137.00,326.00,0.892427,-1,-1,-1
68,46,1686.00,429.00,94.00,165.00,0.230692,-1,-1,-1
68,55,85.00,437.00,150.00,384.00,0.871581,-1,-1,-1
68,62,1063.00,458.00,53.00,134.00,0.483186,-1,-1,-1
69,4,938.00,416.00,145.00,519.00,0.864624,-1,-1,-1
69,6,1071.00,397.00,211.00,617.00,0.897487,-1,-1,-1
69,7,419.00,406.00,182.00,383.00,0.909645,-1,-1,-1
69,8,375.00,461.00,49.00,113.00,0.660789,-1,-1,-1
69,13,658.00,489.00,49.00,91.00,0.311773,-1,-1,-1
69,14,731.00,480.00,47.00,110.00,0.445665,-1,-1,-1
69,15,1250.00,445.00,40.00,99.00,0.464555,-1,-1,-1
69,16,1839.00,463.00,74.00,190.00,0.393129,-1,-1,-1
69,42,246.00,435.00,138.00,327.00,0.885771,-1,-1,-1
69,46,1682.00,429.00,98.00,171.00,0.348207,-1,-1,-1
69,55,103.00,437.00,148.00,381.00,0.832707,-1,-1,-1
69,62,1062.00,458.00,53.00,133.00,0.542091,-1,-1,-1
69,63,687.00,479.00,50.00,107.00,0.366227,-1,-1,-1
70,4,939.00,416.00,145.00,519.00,0.863537,-1,-1,-1
70,6,1070.00,397.00,211.00,617.00,0.892778,-1,-1,-1
70,7,425.00,404.00,181.00,381.00,0.908898,-1,-1,-1
70,8,376.00,461.00,49.00,113.00,0.645882,-1,-1,-1
70,13,656.00,486.00,52.00,97.00,0.354640,-1,-1,-1
70,14,731.00,479.00,47.00,111.00,0.494431,-1,-1,-1
70,15,1250.00,445.00,40.00,99.00,0.467101,-1,-1,-1
70,16,1839.00,465.00,74.00,189.00,0.278524,-1,-1,-1
70,42,253.00,437.00,141.00,326.00,0.910661,-1,-1,-1
70,46,1686.00,429.00,95.00,166.00,0.355660,-1,-1,-1
70,55,121.00,436.00,144.00,382.00,0.793668,-1,-1,-1
70,56,9.00,605.00,27.00,204.00,0.410354,-1,-1,-1
70,62,1063.00,458.00,52.00,131.00,0.356538,-1,-1,-1
70,63,687.00,480.00,48.00,104.00,0.388559,-1,-1,-1
71,4,942.00,416.00,145.00,519.00,0.874979,-1,-1,-1
71,6,1070.00,398.00,212.00,615.00,0.888776,-1,-1,-1
71,7,434.00,404.00,175.00,373.00,0.909615,-1,-1,-1
71,8,376.00,461.00,49.00,113.00,0.649712,-1,-1,-1
71,13,654.00,486.00,56.00,105.00,0.424450,-1,-1,-1
71,14,731.00,480.00,46.00,110.00,0.480182,-1,-1,-1
71,15,1251.00,443.00,41.00,100.00,0.440771,-1,-1,-1
71,16,1840.00,464.00,74.00,190.00,0.346461,-1,-1,-1
71,42,259.00,439.00,142.00,323.00,0.900510,-1,-1,-1
71,46,1684.00,429.00,96.00,168.00,0.247246,-1,-1,-1
71,55,132.00,436.00,144.00,382.00,0.811163,-1,-1,-1
71,62,1063.00,458.00,51.00,127.00,0.326930,-1,-1,-1
71,63,687.00,481.00,49.00,104.00,0.323758,-1,-1,-1
72,4,944.00,416.00,145.00,520.00,0.883925,-1,-1,-1
72,6,1071.00,398.00,212.00,615.00,0.888809,-1,-1,-1
72,7,446.00,403.00,171.00,369.00,0.905196,-1,-1,-1
72,8,376.00,461.00,50.00,114.00,0.696342,-1,-1,-1
72,13,652.00,488.00,56.00,107.00,0.464891,-1,-1,-1
72,14,731.00,480.00,47.00,111.00,0.509099,-1,-1,-1
72,15,1253.00,441.00,42.00,102.00,0.499301,-1,-1,-1
72,16,1838.00,459.00,76.00,195.00,0.440658,-1,-1,-1
72,42,263.00,441.00,144.00,320.00,0.892210,-1,-1,-1
72,46,1690.00,430.00,92.00,162.00,0.356282,-1,-1,-1
72,55,147.00,437.00,142.00,380.00,0.862781,-1,-1,-1
72,62,1061.00,457.00,51.00,125.00,0.246347,-1,-1,-1
72,63,690.00,482.00,47.00,99.00,0.364107,-1,-1,-1
73,4,946.00,417.00,145.00,519.00,0.884533,-1,-1,-1
73,6,1072.00,398.00,212.00,615.00,0.885847,-1,-1,-1
73,7,459.00,403.00,167.00,367.00,0.884818,-1,-1,-1
73,8,377.00,461.00,50.00,114.00,0.699724,-1,-1,-1
73,13,654.00,491.00,50.00,93.00,0.465973,-1,-1,-1
73,14,732.00,480.00,46.00,110.00,0.471210,-1,-1,-1
73,15,1254.00,440.00,42.00,102.00,0.545917,-1,-1,-1
73,16,1839.00,456.00,77.00,198.00,0.472185,-1,-1,-1
73,24,418.00,454.00,42.00,114.00,0.518280,-1,-1,-1
73,42,272.00,442.00,143.00,317.00,0.874743,-1,-1,-1
73,46,1690.00,430.00,91.00,159.00,0.223359,-1,-1,-1
73,55,163.00,438.00,144.00,380.00,0.881715,-1,-1,-1
73,56,2.00,485.00,43.00,326.00,0.654127,-1,-1,-1
73,62,1063.00,457.00,52.00,129.00,0.494989,-1,-1,-1
73,63,693.00,485.00,46.00,97.00,0.424127,-1,-1,-1
74,4,948.00,418.00,145.00,517.00,0.879078,-1,-1,-1
74,6,1074.00,399.00,212.00,614.00,0.899064,-1,-1,-1
74,7,470.00,401.00,165.00,368.00,0.857450,-1,-1,-1
74,8,378.00,461.00,49.00,114.00,0.710295,-1,-1,-1
74,13,652.00,489.00,51.00,98.00,0.541482,-1,-1,-1
74,14,733.00,480.00,45.00,107.00,0.258594,-1,-1,-1
74,15,1255.00,443.00,41.00,99.00,0.586583,-1,-1,-1
74,16,1839.00,454.00,78.00,200.00,0.406647,-1,-1,-1
74,24,419.00,459.00,40.00,109.00,0.423563,-1,-1,-1
74,42,279.00,443.00,140.00,308.00,0.847229,-1,-1,-1
74,46,1691.00,430.00,91.00,160.00,0.227256,-1,-1,-1
74,55,176.00,440.00,147.00,378.00,0.886092,-1,-1,-1
74,56,3.00,469.00,48.00,345.00,0.447804,-1,-1,-1
74,62,1062.00,458.00,51.00,126.00,0.217540,-1,-1,-1
74,63,692.00,483.00,46.00,99.00,0.405626,-1,-1,-1
75,4,949.00,417.00,146.00,518.00,0.863496,-1,-1,-1
75,6,1075.00,399.00,213.00,613.00,0.915282,-1,-1,-1
75,7,484.00,402.00,160.00,367.00,0.761988,-1,-1,-1
75,8,377.00,460.00,50.00,114.00,0.703258,-1,-1,-1
75,13,650.00,489.00,51.00,97.00,0.501271,-1,-1,-1
75,14,731.00,480.00,47.00,111.00,0.394169,-1,-1,-1
75,15,1256.00,443.00,40.00,99.00,0.551171,-1,-1,-1
75,16,1839.00,454.00,78.00,200.00,0.343136,-1,-1,-1
75,24,420.00,464.00,38.00,104.00,0.455576,-1,-1,-1
75,42,283.00,442.00,138.00,305.00,0.826540,-1,-1,-1
75,46,1686.00,430.00,94.00,164.00,0.169614,-1,-1,-1
75,55,182.00,442.00,151.00,376.00,0.900086,-1,-1,-1
75,56,6.00,446.00,54.00,369.00,0.765530,-1,-1,-1
75,62,1063.00,458.00,46.00,116.00,0.341472,-1,-1,-1
75,63,692.00,482.00,46.00,100.00,0.414082,-1,-1,-1
76,4,951.00,417.00,145.00,518.00,0.844808,-1,-1,-1
76,6,1075.00,398.00,214.00,615.00,0.898440,-1,-1,-1
76,7,501.00,403.00,156.00,365.00,0.801587,-1,-1,-1
76,8,376.00,459.00,50.00,116.00,0.680529,-1,-1,-1
76,13,648.00,491.00,50.00,96.00,0.314814,-1,-1,-1
76,14,732.00,482.00,46.00,109.00,0.276331,-1,-1,-1
76,15,1256.00,442.00,40.00,101.00,0.552226,-1,-1,-1
76,16,1842.00,464.00,74.00,188.00,0.117710,-1,-1,-1
76,24,420.00,466.00,38.00,102.00,0.527840,-1,-1,-1
76,42,274.00,440.00,142.00,308.00,0.834524,-1,-1,-1
76,46,1689.00,429.00,93.00,163.00,0.281021,-1,-1,-1
76,55,185.00,443.00,157.00,375.00,0.905796,-1,-1,-1
76,56,15.00,434.00,62.00,378.00,0.866246,-1,-1,-1
76,62,1063.00,456.00,50.00,124.00,0.365672,-1,-1,-1
76,63,692.00,483.00,46.00,99.00,0.369577,-1,-1,-1
77,4,954.00,417.00,145.00,517.00,0.853944,-1,-1,-1
77,6,1075.00,399.00,215.00,614.00,0.896134,-1,-1,-1
77,7,510.00,402.00,152.00,367.00,0.797350,-1,-1,-1
77,8,376.00,459.00,50.00,117.00,0.660181,-1,-1,-1
77,13,645.00,493.00,51.00,98.00,0.320996,-1,-1,-1
77,14,732.00,483.00,44.00,106.00,0.282523,-1,-1,-1
77,15,1256.00,442.00,40.00,101.00,0.540637,-1,-1,-1
77,16,1842.00,466.00,73.00,186.00,0.162780,-1,-1,-1
77,24,421.00,467.00,37.00,101.00,0.464313,-1,-1,-1
77,42,277.00,439.00,142.00,307.00,0.862365,-1,-1,-1
77,46,1688.00,429.00,93.00,163.00,0.289975,-1,-1,-1
77,55,187.00,443.00,162.00,375.00,0.910042,-1,-1,-1
77,56,26.00,425.00,74.00,386.00,0.866952,-1,-1,-1
77,62,1063.00,454.00,51.00,128.00,0.332216,-1,-1,-1
77,63,692.00,484.00,45.00,98.00,0.354892,-1,-1,-1
78,4,954.00,417.00,145.00,518.00,0.850378,-1,-1,-1
78,6,1074.00,398.00,216.00,615.00,0.897231,-1,-1,-1
78,7,518.00,403.00,150.00,365.00,0.823499,-1,-1,-1
78,8,376.00,459.00,50.00,117.00,0.622152,-1,-1,-1
78,13,643.00,492.00,52.00,101.00,0.377169,-1,-1,-1
78,14,731.00,482.00,44.00,104.00,0.429716,-1,-1,-1
78,15,1256.00,443.00,40.00,99.00,0.497800,-1,-1,-1
78,16,1842.00,466.00,73.00,186.00,0.216243,-1,-1,-1
78,24,421.00,465.00,37.00,103.00,0.460436,-1,-1,-1
78,42,283.00,437.00,142.00,309.00,0.786389,-1,-1,-1
78,46,1688.00,428.00,94.00,165.00,0.214527,-1,-1,-1
78,55,186.00,445.00,166.00,372.00,0.918029,-1,-1,-1
78,56,33.00,423.00,85.00,387.00,0.890560,-1,-1,-1
78,62,1062.00,454.00,50.00,129.00,0.316786,-1,-1,-1
78,63,692.00,483.00,45.00,98.00,0.439687,-1,-1,-1
79,4,956.00,416.00,145.00,519.00,0.835779,-1,-1,-1
79,6,1074.00,396.00,217.00,617.00,0.892337,-1,-1,-1
79,7,525.00,403.00,149.00,366.00,0.844200,-1,-1,-1
79,8,377.00,462.00,49.00,114.00,0.305851,-1,-1,-1
79,13,643.00,490.00,52.00,104.00,0.251466,-1,-1,-1
79,14,729.00,480.00,44.00,104.00,0.254281,-1,-1,-1
79,15,1256.00,442.00,40.00,100.00,0.510368,-1,-1,-1
79,16,1843.00,469.00,73.00,183.00,0.181938,-1,-1,-1
79,24,421.00,466.00,37.00,102.00,0.389985,-1,-1,-1
79,42,296.00,435.00,139.00,311.00,0.778031,-1,-1,-1
79,46,1691.00,429.00,92.00,163.00,0.217349,-1,-1,-1
79,55,184.00,443.00,172.00,374.00,0.913754,-1,-1,-1
79,56,35.00,426.00,94.00,383.00,0.905672,-1,-1,-1
79,62,1063.00,452.00,52.00,133.00,0.196411,-1,-1,-1
79,63,692.00,484.00,44.00,99.00,0.257463,-1,-1,-1
80,4,959.00,415.00,146.00,520.00,0.834661,-1,-1,-1
80,6,1075.00,396.00,218.00,617.00,0.883861,-1,-1,-1
80,7,529.00,403.00,147.00,366.00,0.850968,-1,-1,-1
80,8,379.00,464.00,46.00,110.00,0.130842,-1,-1,-1
80,13,645.00,493.00,54.00,105.00,0.172936,-1,-1,-1
80,14,730.00,483.00,46.00,106.00,0.266134,-1,-1,-1
80,15,1256.00,442.00,39.00,99.00,0.500590,-1,-1,-1
80,16,1844.00,472.00,71.00,181.00,0.197783,-1,-1,-1
80,24,421.00,463.00,38.00,105.00,0.396796,-1,-1,-1
80,42,306.00,435.00,135.00,311.00,0.778727,-1,-1,-1
80,46,1691.00,429.00,92.00,165.00,0.216018,-1,-1,-1
80,55,182.00,442.00,176.00,373.00,0.916370,-1,-1,-1
80,56,36.00,429.00,103.00,380.00,0.914494,-1,-1,-1
80,62,1068.00,452.00,52.00,134.00,0.171725,-1,-1,-1
80,63,694.00,485.00,44.00,100.00,0.297312,-1,-1,-1
81,4,960.00,415.00,147.00,520.00,0.828708,-1,-1,-1
81,6,1075.00,397.00,219.00,616.00,0.889785,-1,-1,-1
81,7,533.00,405.00,146.00,364.00,0.865364,-1,-1,-1
81,9,468.00,448.00,44.00,113.00,0.498797,-1,-1,-1
81,14,730.00,483.00,47.00,111.00,0.351462,-1,-1,-1
81,15,1256.00,444.00,39.00,96.00,0.451561,-1,-1,-1
81,16,1842.00,466.00,74.00,187.00,0.374668,-1,-1,-1
81,24,421.00,463.00,38.00,104.00,0.363321,-1,-1,-1
81,42,315.00,434.00,131.00,312.00,0.782498,-1,-1,-1
81,46,1687.00,428.00,92.00,163.00,0.144598,-1,-1,-1
81,55,188.00,445.00,177.00,368.00,0.895401,-1,-1,-1
81,56,36.00,431.00,111.00,377.00,0.915815,-1,-1,-1
81,63,693.00,482.00,45.00,101.00,0.303944,-1,-1,-1
82,4,961.00,416.00,149.00,519.00,0.832763,-1,-1,-1
82,6,1075.00,397.00,219.00,616.00,0.891851,-1,-1,-1
82,7,539.00,407.00,145.00,361.00,0.885233,-1,-1,-1
82,9,468.00,446.00,43.00,114.00,0.444961,-1,-1,-1
82,14,731.00,482.00,47.00,112.00,0.282706,-1,-1,-1
82,15,1257.00,445.00,38.00,95.00,0.358624,-1,-1,-1
82,16,1840.00,460.00,76.00,193.00,0.465735,-1,-1,-1
82,24,420.00,458.00,40.00,110.00,0.346105,-1,-1,-1
82,42,324.00,434.00,128.00,311.00,0.763404,-1,-1,-1
82,46,1688.00,429.00,92.00,161.00,0.177556,-1,-1,-1
82,55,197.00,443.00,177.00,368.00,0.900701,-1,-1,-1
82,56,38.00,432.00,120.00,376.00,0.917936,-1,-1,-1
82,63,691.00,472.00,49.00,111.00,0.317021,-1,-1,-1
83,4,962.00,417.00,150.00,519.00,0.817002,-1,-1,-1
83,6,1076.00,398.00,220.00,615.00,0.895218,-1,-1,-1
83,7,543.00,408.00,144.00,360.00,0.897597,-1,-1,-1
83,9,468.00,445.00,42.00,114.00,0.420116,-1,-1,-1
83,14,730.00,480.00,49.00,114.00,0.440688,-1,-1,-1
83,15,1256.00,443.00,39.00,97.00,0.314473,-1,-1,-1
83,16,1840.00,459.00,77.00,194.00,0.356425,-1,-1,-1
83,24,421.00,455.00,40.00,116.00,0.183898,-1,-1,-1
83,42,336.00,434.00,126.00,311.00,0.798227,-1,-1,-1
83,46,1684.00,429.00,93.00,159.00,0.158813,-1,-1,-1
83,55,203.00,444.00,174.00,360.00,0.898720,-1,-1,-1
83,56,38.00,433.00,130.00,375.00,0.929915,-1,-1,-1
83,63,691.00,474.00,47.00,111.00,0.391821,-1,-1,-1
84,4,964.00,417.00,150.00,519.00,0.818519,-1,-1,-1
84,6,1076.00,398.00,221.00,615.00,0.885521,-1,-1,-1
84,7,545.00,410.00,144.00,359.00,0.901672,-1,-1,-1
84,9,468.00,445.00,41.00,114.00,0.309548,-1,-1,-1
84,14,729.00,479.00,50.00,116.00,0.477521,-1,-1,-1
84,15,1257.00,439.00,40.00,100.00,0.307957,-1,-1,-1
84,16,1839.00,452.00,79.00,201.00,0.357893,-1,-1,-1
84,24,420.00,455.00,43.00,127.00,0.132551,-1,-1,-1
84,42,346.00,434.00,124.00,312.00,0.819130,-1,-1,-1
84,46,1687.00,429.00,94.00,161.00,0.203427,-1,-1,-1
84,55,212.00,442.00,172.00,359.00,0.900624,-1,-1,-1
84,56,36.00,433.00,138.00,375.00,0.930669,-1,-1,-1
84,63,690.00,475.00,47.00,111.00,0.396523,-1,-1,-1
85,4,963.00,417.00,151.00,519.00,0.809927,-1,-1,-1
85,6,1077.00,398.00,222.00,615.00,0.885489,-1,-1,-1
85,7,547.00,410.00,144.00,359.00,0.906678,-1,-1,-1
85,9,468.00,446.00,41.00,112.00,0.312309,-1,-1,-1
85,14,729.00,478.00,50.00,118.00,0.483921,-1,-1,-1
85,15,1256.00,440.00,40.00,97.00,0.387509,-1,-1,-1
85,16,1833.00,410.00,87.00,244.00,0.325090,-1,-1,-1
85,24,421.00,454.00,43.00,129.00,0.108793,-1,-1,-1
85,42,359.00,436.00,124.00,309.00,0.842667,-1,-1,-1
85,46,1689.00,429.00,93.00,160.00,0.214380,-1,-1,-1
85,55,222.00,442.00,169.00,357.00,0.868767,-1,-1,-1
85,56,34.00,433.00,145.00,373.00,0.917802,-1,-1,-1
85,63,690.00,476.00,46.00,108.00,0.378210,-1,-1,-1
86,4,965.00,416.00,152.00,520.00,0.812390,-1,-1,-1
86,6,1079.00,399.00,222.00,615.00,0.867637,-1,-1,-1
86,7,547.00,411.00,144.00,358.00,0.907922,-1,-1,-1
86,9,469.00,447.00,40.00,111.00,0.430837,-1,-1,-1
86,14,728.00,478.00,51.00,119.00,0.581310,-1,-1,-1
86,15,1259.00,437.00,40.00,98.00,0.216456,-1,-1,-1
86,16,1835.00,393.00,85.00,259.00,0.328166,-1,-1,-1
86,42,373.00,437.00,125.00,308.00,0.879383,-1,-1,-1
86,46,1691.00,429.00,93.00,159.00,0.229032,-1,-1,-1
86,55,235.00,442.00,164.00,356.00,0.830140,-1,-1,-1
86,56,31.00,432.00,151.00,371.00,0.908170,-1,-1,-1
86,63,690.00,476.00,44.00,106.00,0.389255,-1,-1,-1
87,4,965.00,417.00,149.00,520.00,0.791511,-1,-1,-1
87,6,1076.00,399.00,225.00,615.00,0.789850,-1,-1,-1
87,7,548.00,412.00,144.00,355.00,0.910661,-1,-1,-1
87,9,470.00,450.00,39.00,109.00,0.425662,-1,-1,-1
87,14,728.00,476.00,51.00,121.00,0.584959,-1,-1,-1
87,15,1258.00,439.00,38.00,93.00,0.296076,-1,-1,-1
87,16,1838.00,386.00,82.00,267.00,0.340741,-1,-1,-1
87,42,383.00,438.00,127.00,305.00,0.883898,-1,-1,-1
87,46,1692.00,429.00,92.00,159.00,0.205586,-1,-1,-1
87,55,249.00,441.00,158.00,358.00,0.786551,-1,-1,-1
87,56,33.00,431.00,154.00,369.00,0.893038,-1,-1,-1
87,62,1066.00,450.00,47.00,115.00,0.439479,-1,-1,-1
87,63,689.00,476.00,44.00,106.00,0.469708,-1,-1,-1
88,4,965.00,417.00,148.00,520.00,0.808455,-1,-1,-1
88,6,1077.00,397.00,227.00,615.00,0.834928,-1,-1,-1
88,7,549.00,412.00,144.00,354.00,0.906068,-1,-1,-1
88,9,470.00,451.00,39.00,108.00,0.394849,-1,-1,-1
88,14,728.00,476.00,51.00,121.00,0.617141,-1,-1,-1
88,15,1257.00,440.00,38.00,90.00,0.313527,-1,-1,-1
88,16,1839.00,384.00,81.00,269.00,0.376016,-1,-1,-1
88,42,388.00,439.00,130.00,304.00,0.865602,-1,-1,-1
88,46,1686.00,429.00,101.00,175.00,0.248047,-1,-1,-1
88,55,260.00,440.00,152.00,359.00,0.754975,-1,-1,-1
88,56,39.00,429.00,157.00,369.00,0.862543,-1,-1,-1
88,62,1065.00,446.00,50.00,117.00,0.597310,-1,-1,-1
88,63,688.00,475.00,45.00,109.00,0.417617,-1,-1,-1
88,76,528.00,448.00,26.00,76.00,0.415558,-1,-1,-1
89,4,966.00,418.00,146.00,519.00,0.799724,-1,-1,-1
89,6,1075.00,396.00,230.00,616.00,0.831281,-1,-1,-1
89,7,552.00,412.00,142.00,351.00,0.897611,-1,-1,-1
89,14,728.00,476.00,51.00,122.00,0.612494,-1,-1,-1
89,15,1258.00,439.00,38.00,90.00,0.249219,-1,-1,-1
89,42,390.00,438.00,134.00,302.00,0.870642,-1,-1,-1
89,46,1690.00,429.00,95.00,165.00,0.305604,-1,-1,-1
89,55,271.00,442.00,146.00,356.00,0.770689,-1,-1,-1
89,56,46.00,430.00,158.00,368.00,0.869984,-1,-1,-1
89,62,1066.00,439.00,53.00,121.00,0.579808,-1,-1,-1
89,63,687.00,478.00,44.00,106.00,0.343024,-1,-1,-1
89,76,528.00,448.00,26.00,76.00,0.417215,-1,-1,-1
90,1,911.00,432.00,72.00,155.00,0.561462,-1,-1,-1
90,4,966.00,419.00,143.00,518.00,0.801208,-1,-1,-1
90,6,1071.00,395.00,232.00,619.00,0.859001,-1,-1,-1
90,7,557.00,410.00,140.00,348.00,0.878107,-1,-1,-1
90,14,728.00,477.00,50.00,119.00,0.457699,-1,-1,-1
90,15,1257.00,443.00,36.00,85.00,0.286380,-1,-1,-1
90,42,398.00,440.00,133.00,296.00,0.868405,-1,-1,-1
90,46,1691.00,429.00,95.00,167.00,0.279129,-1,-1,-1
90,55,282.00,440.00,142.00,357.00,0.773076,-1,-1,-1
90,56,56.00,429.00,157.00,369.00,0.836596,-1,-1,-1
90,62,1067.00,435.00,55.00,123.00,0.616577,-1,-1,-1
90,63,687.00,478.00,44.00,104.00,0.315763,-1,-1,-1
90,76,528.00,451.00,25.00,72.00,0.341664,-1,-1,-1
91,1,911.00,431.00,73.00,156.00,0.538050,-1,-1,-1
91,4,968.00,418.00,142.00,519.00,0.800501,-1,-1,-1
91,6,1068.00,395.00,233.00,619.00,0.865786,-1,-1,-1
91,7,563.00,409.00,140.00,352.00,0.875544,-1,-1,-1
91,14,728.00,476.00,50.00,119.00,0.500107,-1,-1,-1
91,15,1254.00,441.00,38.00,88.00,0.212597,-1,-1,-1
91,16,1841.00,382.00,79.00,268.00,0.352203,-1,-1,-1
91,42,402.00,442.00,134.00,292.00,0.820615,-1,-1,-1
91,46,1690.00,429.00,97.00,171.00,0.332957,-1,-1,-1
91,55,300.00,440.00,141.00,358.00,0.877072,-1,-1,-1
91,56,59.00,430.00,157.00,367.00,0.804026,-1,-1,-1
91,62,1068.00,433.00,56.00,124.00,0.597481,-1,-1,-1
91,63,686.00,478.00,44.00,105.00,0.190915,-1,-1,-1
91,76,529.00,452.00,25.00,70.00,0.302285,-1,-1,-1
92,1,912.00,436.00,79.00,172.00,0.607108,-1,-1,-1
92,4,969.00,418.00,140.00,519.00,0.808739,-1,-1,-1
92,6,1067.00,395.00,234.00,619.00,0.869164,-1,-1,-1
92,7,571.00,408.00,135.00,345.00,0.862189,-1,-1,-1
92,14,727.00,473.00,51.00,122.00,0.553087,-1,-1,-1
92,15,1253.00,443.00,36.00,86.00,0.185296,-1,-1,-1
92,16,1843.00,383.00,77.00,267.00,0.285766,-1,-1,-1
92,42,404.00,442.00,136.00,292.00,0.818616,-1,-1,-1
92,46,1690.00,429.00,96.00,170.00,0.252090,-1,-1,-1
92,55,313.00,441.00,142.00,357.00,0.869073,-1,-1,-1
92,56,80.00,431.00,152.00,365.00,0.835839,-1,-1,-1
92,62,1069.00,435.00,56.00,119.00,0.433819,-1,-1,-1
92,63,684.00,475.00,44.00,106.00,0.333871,-1,-1,-1
92,76,531.00,453.00,24.00,69.00,0.173159,-1,-1,-1
93,1,911.00,437.00,81.00,178.00,0.692375,-1,-1,-1
93,4,970.00,418.00,139.00,519.00,0.810873,-1,-1,-1
93,6,1066.00,396.00,235.00,618.00,0.869928,-1,-1,-1
93,7,578.00,408.00,130.00,341.00,0.829125,-1,-1,-1
93,14,726.00,472.00,52.00,123.00,0.523135,-1,-1,-1
93,15,1252.00,443.00,36.00,85.00,0.141746,-1,-1,-1
93,16,1845.00,428.00,73.00,223.00,0.379470,-1,-1,-1
93,42,410.00,442.00,135.00,292.00,0.812126,-1,-1,-1
93,46,1689.00,428.00,97.00,173.00,0.262751,-1,-1,-1
93,55,320.00,444.00,143.00,354.00,0.871000,-1,-1,-1
93,56,92.00,431.00,150.00,366.00,0.823531,-1,-1,-1
93,62,1072.00,435.00,56.00,118.00,0.468898,-1,-1,-1
93,63,682.00,474.00,44.00,108.00,0.385077,-1,-1,-1
93,76,532.00,452.00,24.00,70.00,0.160434,-1,-1,-1
94,1,909.00,440.00,79.00,177.00,0.672387,-1,-1,-1
94,4,971.00,418.00,138.00,519.00,0.818098,-1,-1,-1
94,6,1065.00,396.00,236.00,617.00,0.875238,-1,-1,-1
94,7,588.00,407.00,126.00,340.00,0.769353,-1,-1,-1
94,14,726.00,470.00,50.00,120.00,0.472281,-1,-1,-1
94,15,1251.00,442.00,37.00,88.00,0.155940,-1,-1,-1
94,16,1846.00,452.00,67.00,200.00,0.307991,-1,-1,-1
94,42,415.00,441.00,136.00,292.00,0.825607,-1,-1,-1
94,46,1688.00,428.00,97.00,171.00,0.252051,-1,-1,-1
94,55,325.00,445.00,145.00,353.00,0.879737,-1,-1,-1
94,56,104.00,431.00,147.00,365.00,0.796279,-1,-1,-1
94,62,1078.00,433.00,57.00,120.00,0.608468,-1,-1,-1
94,63,680.00,473.00,45.00,109.00,0.351183,-1,-1,-1
94,76,532.00,455.00,24.00,67.00,0.175063,-1,-1,-1
95,1,907.00,440.00,79.00,177.00,0.727556,-1,-1,-1
95,4,974.00,417.00,135.00,520.00,0.822268,-1,-1,-1
95,6,1065.00,396.00,237.00,617.00,0.884520,-1,-1,-1
95,7,600.00,407.00,121.00,335.00,0.718639,-1,-1,-1
95,14,724.00,469.00,53.00,126.00,0.579697,-1,-1,-1
95,15,1250.00,442.00,37.00,90.00,0.271083,-1,-1,-1
95,16,1847.00,464.00,65.00,188.00,0.234605,-1,-1,-1
95,42,421.00,442.00,134.00,292.00,0.845525,-1,-1,-1
95,46,1688.00,427.00,97.00,171.00,0.268347,-1,-1,-1
95,55,328.00,449.00,146.00,348.00,0.891150,-1,-1,-1
95,56,109.00,431.00,147.00,365.00,0.745638,-1,-1,-1
95,62,1084.00,432.00,59.00,121.00,0.584949,-1,-1,-1
95,63,680.00,472.00,45.00,108.00,0.189773,-1,-1,-1
95,76,532.00,457.00,23.00,66.00,0.113255,-1,-1,-1
96,1,906.00,439.00,76.00,177.00,0.705875,-1,-1,-1
96,4,974.00,417.00,135.00,521.00,0.822648,-1,-1,-1
96,6,1066.00,396.00,237.00,617.00,0.894399,-1,-1,-1
96,7,600.00,406.00,121.00,336.00,0.781161,-1,-1,-1
96,14,722.00,468.00,53.00,128.00,0.550676,-1,-1,-1
96,15,1250.00,443.00,37.00,90.00,0.324642,-1,-1,-1
96,16,1848.00,467.00,64.00,185.00,0.199369,-1,-1,-1
96,42,426.00,440.00,133.00,295.00,0.843958,-1,-1,-1
96,46,1692.00,428.00,93.00,164.00,0.302089,-1,-1,-1
96,55,329.00,449.00,148.00,348.00,0.896771,-1,-1,-1
96,56,129.00,433.00,147.00,362.00,0.859902,-1,-1,-1
96,62,1087.00,431.00,59.00,119.00,0.447358,-1,-1,-1
96,63,680.00,470.00,46.00,109.00,0.100839,-1,-1,-1
97,1,904.00,440.00,74.00,177.00,0.710346,-1,-1,-1
97,4,974.00,417.00,133.00,521.00,0.819710,-1,-1,-1
97,6,1068.00,398.00,237.00,616.00,0.898048,-1,-1,-1
97,7,600.00,406.00,121.00,338.00,0.799706,-1,-1,-1
97,14,720.00,469.00,54.00,131.00,0.562694,-1,-1,-1
97,15,1249.00,444.00,38.00,90.00,0.455885,-1,-1,-1
97,16,1849.00,473.00,63.00,179.00,0.204486,-1,-1,-1
97,42,431.00,440.00,130.00,294.00,0.810453,-1,-1,-1
97,46,1694.00,429.00,90.00,159.00,0.331790,-1,-1,-1
97,55,328.00,445.00,153.00,352.00,0.908067,-1,-1,-1
97,56,140.00,435.00,147.00,360.00,0.889113,-1,-1,-1
97,62,1090.00,435.00,56.00,112.00,0.338089,-1,-1,-1
97,63,683.00,473.00,46.00,110.00,0.179030,-1,-1,-1
98,1,902.00,440.00,74.00,178.00,0.692947,-1,-1,-1
98,4,975.00,417.00,131.00,520.00,0.822158,-1,-1,-1
98,6,1069.00,399.00,237.00,616.00,0.906255,-1,-1,-1
98,7,609.00,405.00,122.00,339.00,0.794486,-1,-1,-1
98,14,720.00,470.00,54.00,132.00,0.463137,-1,-1,-1
98,15,1248.00,444.00,38.00,91.00,0.485597,-1,-1,-1
98,16,1847.00,469.00,65.00,183.00,0.230263,-1,-1,-1
98,42,437.00,437.00,128.00,298.00,0.791563,-1,-1,-1
98,46,1689.00,428.00,91.00,160.00,0.221799,-1,-1,-1
98,55,327.00,445.00,155.00,352.00,0.913677,-1,-1,-1
98,56,149.00,436.00,151.00,361.00,0.905249,-1,-1,-1
98,62,1091.00,435.00,54.00,109.00,0.239951,-1,-1,-1
98,63,685.00,476.00,45.00,111.00,0.138694,-1,-1,-1
99,1,901.00,442.00,70.00,173.00,0.679969,-1,-1,-1
99,4,976.00,417.00,130.00,520.00,0.825877,-1,-1,-1
99,6,1069.00,399.00,238.00,617.00,0.904702,-1,-1,-1
99,7,619.00,407.00,121.00,336.00,0.824935,-1,-1,-1
99,14,719.00,471.00,52.00,130.00,0.416133,-1,-1,-1
99,15,1247.00,444.00,39.00,92.00,0.546280,-1,-1,-1
99,16,1847.00,480.00,62.00,172.00,0.102421,-1,-1,-1
99,42,445.00,434.00,125.00,299.00,0.806248,-1,-1,-1
99,46,1691.00,429.00,92.00,162.00,0.271038,-1,-1,-1
99,55,326.00,444.00,157.00,351.00,0.901329,-1,-1,-1
99,56,154.00,437.00,155.00,360.00,0.906740,-1,-1,-1
99,62,1097.00,443.00,46.00,92.00,0.204791,-1,-1,-1
100,1,902.00,442.00,66.00,165.00,0.641945,-1,-1,-1
100,4,976.00,416.00,129.00,521.00,0.822942,-1,-1,-1
100,6,1069.00,399.00,237.00,618.00,0.899672,-1,-1,-1
100,7,628.00,407.00,123.00,335.00,0.834196,-1,-1,-1
100,14,716.00,469.00,54.00,136.00,0.417301,-1,-1,-1
100,15,1246.00,444.00,39.00,92.00,0.533907,-1,-1,-1
100,16,1847.00,480.00,62.00,172.00,0.157610,-1,-1,-1
100,42,455.00,436.00,120.00,297.00,0.775189,-1,-1,-1
100,46,1692.00,430.00,91.00,161.00,0.271560,-1,-1,-1
100,55,330.00,443.00,158.00,350.00,0.885213,-1,-1,-1
100,56,156.00,438.00,156.00,357.00,0.905463,-1,-1,-1
101,1,897.00,440.00,68.00,171.00,0.617066,-1,-1,-1
101,4,978.00,417.00,127.00,521.00,0.826786,-1,-1,-1
101,6,1069.00,399.00,237.00,618.00,0.894833,-1,-1,-1
101,7,634.00,407.00,126.00,336.00,0.839144,-1,-1,-1
101,14,713.00,467.00,55.00,140.00,0.607365,-1,-1,-1
101,15,1245.00,445.00,38.00,91.00,0.566817,-1,-1,-1
101,16,1846.00,472.00,66.00,180.00,0.289756,-1,-1,-1
101,42,465.00,436.00,117.00,296.00,0.803968,-1,-1,-1
101,46,1693.00,429.00,90.00,158.00,0.296364,-1,-1,-1
101,55,339.00,440.00,156.00,351.00,0.880924,-1,-1,-1
101,56,159.00,438.00,160.00,357.00,0.896149,-1,-1,-1
102,1,894.00,441.00,67.00,172.00,0.613050,-1,-1,-1
102,4,978.00,418.00,127.00,520.00,0.827278,-1,-1,-1
102,6,1068.00,399.00,236.00,618.00,0.890704,-1,-1,-1
102,7,642.00,408.00,127.00,335.00,0.846010,-1,-1,-1
102,14,711.00,466.00,57.00,144.00,0.523942,-1,-1,-1
102,15,1244.00,445.00,38.00,91.00,0.544478,-1,-1,-1
102,16,1847.00,467.00,67.00,186.00,0.266665,-1,-1,-1
102,42,477.00,434.00,117.00,298.00,0.830341,-1,-1,-1
102,46,1692.00,429.00,89.00,156.00,0.188669,-1,-1,-1
102,55,345.00,439.00,153.00,346.00,0.872498,-1,-1,-1
102,56,163.00,438.00,165.00,356.00,0.907812,-1,-1,-1
103,1,891.00,443.00,66.00,171.00,0.621122,-1,-1,-1
103,4,980.00,418.00,126.00,520.00,0.832739,-1,-1,-1
103,6,1070.00,399.00,234.00,619.00,0.896338,-1,-1,-1
103,7,643.00,407.00,131.00,338.00,0.855801,-1,-1,-1
103,14,710.00,465.00,57.00,145.00,0.564670,-1,-1,-1
103,15,1244.00,446.00,37.00,90.00,0.580520,-1,-1,-1
103,16,1845.00,457.00,71.00,196.00,0.342667,-1,-1,-1
103,42,489.00,434.00,118.00,298.00,0.868185,-1,-1,-1
103,46,1695.00,429.00,87.00,155.00,0.222519,-1,-1,-1
103,55,354.00,439.00,149.00,342.00,0.880719,-1,-1,-1
103,56,166.00,438.00,167.00,354.00,0.915512,-1,-1,-1
104,1,889.00,445.00,64.00,168.00,0.637539,-1,-1,-1
104,4,981.00,418.00,125.00,520.00,0.827669,-1,-1,-1
104,6,1068.00,396.00,232.00,622.00,0.898806,-1,-1,-1
104,7,646.00,407.00,135.00,339.00,0.863265,-1,-1,-1
104,14,712.00,465.00,55.00,145.00,0.457142,-1,-1,-1
104,15,1243.00,445.00,37.00,93.00,0.567370,-1,-1,-1
104,16,1846.00,467.00,69.00,186.00,0.260628,-1,-1,-1
104,42,500.00,437.00,119.00,296.00,0.876336,-1,-1,-1
104,46,1696.00,429.00,88.00,155.00,0.194098,-1,-1,-1
104,55,365.00,439.00,144.00,337.00,0.856452,-1,-1,-1
104,56,166.00,437.00,170.00,354.00,0.912195,-1,-1,-1
105,1,888.00,447.00,63.00,166.00,0.702430,-1,-1,-1
105,4,982.00,417.00,124.00,521.00,0.830815,-1,-1,-1
105,6,1067.00,396.00,230.00,622.00,0.891945,-1,-1,-1
105,7,648.00,407.00,137.00,339.00,0.861476,-1,-1,-1
105,14,713.00,463.00,54.00,146.00,0.524591,-1,-1,-1
105,15,1242.00,446.00,37.00,93.00,0.534476,-1,-1,-1
105,16,1845.00,466.00,70.00,187.00,0.266061,-1,-1,-1
105,42,507.00,438.00,121.00,293.00,0.870797,-1,-1,-1
105,46,1694.00,430.00,87.00,155.00,0.188681,-1,-1,-1
105,55,377.00,438.00,138.00,334.00,0.832063,-1,-1,-1
105,56,170.00,436.00,172.00,353.00,0.909888,-1,-1,-1
106,1,884.00,443.00,63.00,169.00,0.648470,-1,-1,-1
106,4,982.00,418.00,123.00,520.00,0.820099,-1,-1,-1
106,6,1064.00,396.00,227.00,622.00,0.879445,-1,-1,-1
106,7,649.00,410.00,138.00,336.00,0.876462,-1,-1,-1
106,14,715.00,461.00,53.00,149.00,0.514502,-1,-1,-1
106,15,1242.00,445.00,37.00,96.00,0.548689,-1,-1,-1
106,16,1845.00,467.00,69.00,186.00,0.294877,-1,-1,-1
106,42,512.00,440.00,123.00,292.00,0.871744,-1,-1,-1
106,46,1694.00,429.00,87.00,156.00,0.161405,-1,-1,-1
106,55,390.00,437.00,134.00,334.00,0.816957,-1,-1,-1
106,56,177.00,435.00,171.00,352.00,0.895184,-1,-1,-1
107,1,880.00,444.00,63.00,168.00,0.671142,-1,-1,-1
107,4,982.00,417.00,123.00,521.00,0.823055,-1,-1,-1
107,6,1062.00,397.00,224.00,621.00,0.874316,-1,-1,-1
107,7,651.00,411.00,139.00,336.00,0.882079,-1,-1,-1
107,15,1242.00,446.00,37.00,95.00,0.565332,-1,-1,-1
107,16,1844.00,470.00,69.00,182.00,0.156925,-1,-1,-1
107,42,514.00,439.00,126.00,293.00,0.853199,-1,-1,-1
107,46,1688.00,429.00,89.00,157.00,0.164779,-1,-1,-1
107,55,400.00,436.00,129.00,334.00,0.823624,-1,-1,-1
107,56,186.00,434.00,168.00,346.00,0.882697,-1,-1,-1
108,1,876.00,444.00,64.00,169.00,0.740673,-1,-1,-1
108,4,981.00,417.00,123.00,521.00,0.818426,-1,-1,-1
108,6,1059.00,398.00,222.00,620.00,0.877912,-1,-1,-1
108,7,651.00,412.00,140.00,333.00,0.882291,-1,-1,-1
108,15,1241.00,447.00,36.00,95.00,0.545804,-1,-1,-1
108,16,1842.00,458.00,73.00,195.00,0.422566,-1,-1,-1
108,42,514.00,439.00,128.00,293.00,0.878355,-1,-1,-1
108,46,1690.00,430.00,91.00,159.00,0.244627,-1,-1,-1
108,55,411.00,437.00,125.00,332.00,0.821492,-1,-1,-1
108,56,197.00,434.00,162.00,339.00,0.869356,-1,-1,-1
109,1,876.00,446.00,63.00,166.00,0.685667,-1,-1,-1
109,4,980.00,418.00,122.00,520.00,0.808604,-1,-1,-1
109,6,1057.00,398.00,219.00,620.00,0.888871,-1,-1,-1
109,7,652.00,412.00,140.00,332.00,0.883942,-1,-1,-1
109,15,1240.00,447.00,36.00,93.00,0.571070,-1,-1,-1
109,16,1838.00,417.00,82.00,237.00,0.386048,-1,-1,-1
109,42,520.00,438.00,128.00,292.00,0.883397,-1,-1,-1
109,46,1693.00,430.00,90.00,158.00,0.221504,-1,-1,-1
109,55,423.00,439.00,123.00,329.00,0.857277,-1,-1,-1
109,56,209.00,434.00,158.00,336.00,0.845963,-1,-1,-1
109,83,383.00,462.00,39.00,57.00,0.451477,-1,-1,-1
110,1,875.00,441.00,65.00,172.00,0.720304,-1,-1,-1
110,4,977.00,418.00,123.00,520.00,0.801287,-1,-1,-1
110,6,1055.00,398.00,217.00,620.00,0.891591,-1,-1,-1
110,7,653.00,414.00,139.00,327.00,0.883322,-1,-1,-1
110,15,1240.00,447.00,35.00,93.00,0.538495,-1,-1,-1
110,16,1834.00,400.00,86.00,252.00,0.114777,-1,-1,-1
110,42,525.00,435.00,128.00,290.00,0.817127,-1,-1,-1
110,46,1696.00,430.00,89.00,156.00,0.273642,-1,-1,-1
110,55,434.00,439.00,124.00,329.00,0.882239,-1,-1,-1
110,56,228.00,435.00,150.00,333.00,0.853000,-1,-1,-1
110,83,382.00,461.00,40.00,59.00,0.434887,-1,-1,-1
111,1,873.00,441.00,65.00,171.00,0.712737,-1,-1,-1
111,4,978.00,419.00,121.00,518.00,0.812865,-1,-1,-1
111,6,1055.00,399.00,214.00,619.00,0.881317,-1,-1,-1
111,7,653.00,413.00,141.00,328.00,0.888959,-1,-1,-1
111,15,1239.00,446.00,34.00,93.00,0.572574,-1,-1,-1
111,16,1838.00,419.00,82.00,234.00,0.417686,-1,-1,-1
111,42,531.00,435.00,126.00,286.00,0.812908,-1,-1,-1
111,46,1700.00,430.00,87.00,154.00,0.307204,-1,-1,-1
111,55,443.00,441.00,124.00,327.00,0.901594,-1,-1,-1
111,56,242.00,433.00,146.00,334.00,0.866881,-1,-1,-1
111,83,382.00,461.00,42.00,61.00,0.323016,-1,-1,-1
112,1,872.00,440.00,65.00,171.00,0.737570,-1,-1,-1
112,4,977.00,420.00,121.00,518.00,0.803179,-1,-1,-1
112,6,1054.00,399.00,212.00,618.00,0.890100,-1,-1,-1
112,7,654.00,412.00,142.00,329.00,0.886898,-1,-1,-1
112,15,1238.00,446.00,33.00,91.00,0.552829,-1,-1,-1
112,16,1839.00,402.00,81.00,251.00,0.350533,-1,-1,-1
112,42,534.00,435.00,125.00,284.00,0.785253,-1,-1,-1
112,46,1700.00,429.00,87.00,155.00,0.316364,-1,-1,-1
112,55,451.00,445.00,125.00,323.00,0.898084,-1,-1,-1
112,56,252.00,431.00,144.00,339.00,0.827348,-1,-1,-1
112,83,380.00,460.00,43.00,63.00,0.331534,-1,-1,-1
113,1,870.00,439.00,64.00,170.00,0.748997,-1,-1,-1
113,4,977.00,419.00,121.00,518.00,0.803840,-1,-1,-1
113,6,1051.00,396.00,211.00,620.00,0.885123,-1,-1,-1
113,7,655.00,410.00,143.00,330.00,0.879136,-1,-1,-1
113,15,1238.00,445.00,33.00,93.00,0.495741,-1,-1,-1
113,16,1839.00,394.00,81.00,260.00,0.341054,-1,-1,-1
113,42,541.00,434.00,123.00,283.00,0.806753,-1,-1,-1
113,46,1701.00,429.00,86.00,155.00,0.331176,-1,-1,-1
113,55,453.00,445.00,128.00,322.00,0.891761,-1,-1,-1
113,56,263.00,432.00,140.00,338.00,0.824192,-1,-1,-1
113,83,380.00,460.00,43.00,63.00,0.291656,-1,-1,-1
113,87,1179.00,429.00,85.00,173.00,0.365531,-1,-1,-1
114,1,869.00,439.00,62.00,169.00,0.728904,-1,-1,-1
114,4,976.00,418.00,121.00,520.00,0.801687,-1,-1,-1
114,6,1049.00,394.00,210.00,622.00,0.868269,-1,-1,-1
114,7,657.00,409.00,143.00,330.00,0.881213,-1,-1,-1
114,15,1236.00,445.00,32.00,92.00,0.417020,-1,-1,-1
114,16,1842.00,421.00,78.00,233.00,0.388101,-1,-1,-1
114,42,544.00,434.00,122.00,284.00,0.802299,-1,-1,-1
114,46,1699.00,431.00,87.00,156.00,0.263173,-1,-1,-1
114,55,453.00,448.00,131.00,320.00,0.892497,-1,-1,-1
114,56,276.00,432.00,139.00,339.00,0.857907,-1,-1,-1
114,83,368.00,459.00,66.00,99.00,0.494704,-1,-1,-1
114,87,1178.00,435.00,84.00,170.00,0.307304,-1,-1,-1
115,1,864.00,438.00,62.00,168.00,0.713835,-1,-1,-1
115,4,976.00,419.00,121.00,520.00,0.793883,-1,-1,-1
115,6,1048.00,392.00,210.00,624.00,0.874965,-1,-1,-1
115,7,663.00,408.00,142.00,328.00,0.883528,-1,-1,-1
115,15,1236.00,446.00,30.00,86.00,0.439334,-1,-1,-1
115,16,1844.00,434.00,75.00,220.00,0.283454,-1,-1,-1
115,42,553.00,433.00,119.00,285.00,0.759835,-1,-1,-1
115,46,1698.00,432.00,88.00,156.00,0.227754,-1,-1,-1
115,55,453.00,450.00,132.00,318.00,0.889398,-1,-1,-1
115,56,285.00,433.00,138.00,338.00,0.851211,-1,-1,-1
115,83,366.00,460.00,72.00,110.00,0.562407,-1,-1,-1
115,87,1170.00,412.00,98.00,198.00,0.335634,-1,-1,-1
116,1,860.00,438.00,60.00,167.00,0.728220,-1,-1,-1
116,4,975.00,419.00,121.00,520.00,0.782375,-1,-1,-1
116,6,1048.00,392.00,209.00,624.00,0.880518,-1,-1,-1
116,7,670.00,407.00,138.00,326.00,0.891967,-1,-1,-1
116,9,462.00,440.00,35.00,80.00,0.471924,-1,-1,-1
116,15,1237.00,443.00,29.00,85.00,0.160902,-1,-1,-1
116,16,1841.00,404.00,79.00,250.00,0.384858,-1,-1,-1
116,22,1135.00,445.00,203.00,434.00,0.109235,-1,-1,-1
116,42,564.00,432.00,116.00,286.00,0.705241,-1,-1,-1
116,46,1690.00,430.00,92.00,160.00,0.148019,-1,-1,-1
116,55,452.00,451.00,135.00,316.00,0.893245,-1,-1,-1
116,56,295.00,435.00,138.00,336.00,0.856435,-1,-1,-1
116,83,366.00,460.00,72.00,116.00,0.648838,-1,-1,-1
116,87,1170.00,409.00,99.00,200.00,0.201150,-1,-1,-1
117,1,858.00,438.00,59.00,165.00,0.740658,-1,-1,-1
117,4,977.00,422.00,119.00,516.00,0.789732,-1,-1,-1
117,6,1047.00,391.00,209.00,625.00,0.860493,-1,-1,-1
117,7,676.00,407.00,136.00,323.00,0.889156,-1,-1,-1
117,9,459.00,439.00,42.00,87.00,0.487276,-1,-1,-1
117,15,1237.00,440.00,31.00,87.00,0.124103,-1,-1,-1
117,16,1840.00,393.00,80.00,261.00,0.308909,-1,-1,-1
117,22,1129.00,434.00,210.00,465.00,0.214021,-1,-1,-1
117,42,571.00,432.00,113.00,284.00,0.747050,-1,-1,-1
117,46,1696.00,429.00,89.00,157.00,0.149742,-1,-1,-1
117,55,452.00,450.00,138.00,316.00,0.904655,-1,-1,-1
117,56,300.00,436.00,140.00,335.00,0.891674,-1,-1,-1
117,83,367.00,460.00,72.00,118.00,0.633928,-1,-1,-1
117,87,1173.00,413.00,95.00,191.00,0.154166,-1,-1,-1
118,1,857.00,438.00,58.00,165.00,0.734506,-1,-1,-1
118,4,977.00,422.00,119.00,517.00,0.796124,-1,-1,-1
118,6,1047.00,397.00,208.00,620.00,0.863943,-1,-1,-1
118,7,684.00,406.00,134.00,324.00,0.856349,-1,-1,-1
118,9,456.00,439.00,48.00,94.00,0.481548,-1,-1,-1
118,22,1129.00,428.00,210.00,479.00,0.242871,-1,-1,-1
118,42,581.00,432.00,110.00,285.00,0.768519,-1,-1,-1
118,46,1698.00,429.00,89.00,155.00,0.157291,-1,-1,-1
118,55,452.00,446.00,140.00,319.00,0.903783,-1,-1,-1
118,56,301.00,436.00,143.00,335.00,0.898561,-1,-1,-1
118,83,369.00,462.00,69.00,116.00,0.455661,-1,-1,-1
118,87,1170.00,425.00,112.00,225.00,0.105126,-1,-1,-1
119,1,857.00,437.00,56.00,166.00,0.703402,-1,-1,-1
119,4,978.00,422.00,118.00,519.00,0.780910,-1,-1,-1
119,6,1046.00,395.00,207.00,622.00,0.862588,-1,-1,-1
119,7,690.00,406.00,132.00,323.00,0.852497,-1,-1,-1
119,9,456.00,439.00,50.00,98.00,0.411484,-1,-1,-1
119,16,1839.00,386.00,81.00,268.00,0.360469,-1,-1,-1
119,22,1131.00,414.00,212.00,497.00,0.231433,-1,-1,-1
119,42,591.00,433.00,108.00,285.00,0.776499,-1,-1,-1
119,46,1696.00,430.00,91.00,159.00,0.256005,-1,-1,-1
119,55,455.00,443.00,142.00,321.00,0.906193,-1,-1,-1
119,56,305.00,439.00,144.00,332.00,0.904355,-1,-1,-1
119,87,1172.00,412.00,103.00,202.00,0.202542,-1,-1,-1
120,1,856.00,437.00,55.00,166.00,0.734223,-1,-1,-1
120,4,975.00,423.00,119.00,518.00,0.790097,-1,-1,-1
120,6,1046.00,395.00,208.00,622.00,0.859982,-1,-1,-1
120,7,695.00,407.00,129.00,321.00,0.829082,-1,-1,-1
120,9,452.00,440.00,57.00,113.00,0.347135,-1,-1,-1
120,16,1842.00,411.00,78.00,242.00,0.366627,-1,-1,-1
120,22,1143.00,413.00,205.00,497.00,0.350526,-1,-1,-1
120,42,602.00,434.00,107.00,283.00,0.801367,-1,-1,-1
120,46,1694.00,430.00,92.00,160.00,0.243821,-1,-1,-1
120,55,459.00,441.00,142.00,323.00,0.902945,-1,-1,-1
120,56,306.00,440.00,147.00,331.00,0.917362,-1,-1,-1
120,87,1166.00,409.00,95.00,184.00,0.114092,-1,-1,-1
121,1,855.00,438.00,54.00,165.00,0.729854,-1,-1,-1
121,4,972.00,428.00,118.00,511.00,0.764448,-1,-1,-1
121,6,1048.00,398.00,207.00,621.00,0.834854,-1,-1,-1
121,7,701.00,407.00,127.00,321.00,0.818033,-1,-1,-1
121,9,451.00,440.00,59.00,118.00,0.466795,-1,-1,-1
121,16,1842.00,410.00,77.00,243.00,0.382074,-1,-1,-1
121,22,1156.00,413.00,197.00,495.00,0.364122,-1,-1,-1
121,42,612.00,436.00,106.00,279.00,0.826771,-1,-1,-1
121,46,1695.00,431.00,90.00,157.00,0.227165,-1,-1,-1
121,55,465.00,440.00,140.00,322.00,0.881426,-1,-1,-1
121,56,308.00,441.00,150.00,328.00,0.913961,-1,-1,-1
121,87,1165.00,408.00,95.00,182.00,0.157400,-1,-1,-1
122,1,853.00,438.00,54.00,165.00,0.741226,-1,-1,-1
122,4,970.00,428.00,119.00,513.00,0.727592,-1,-1,-1
122,6,1049.00,397.00,207.00,623.00,0.847812,-1,-1,-1
122,7,708.00,409.00,125.00,319.00,0.813021,-1,-1,-1
122,9,451.00,441.00,58.00,118.00,0.386287,-1,-1,-1
122,16,1843.00,417.00,75.00,236.00,0.323408,-1,-1,-1
122,22,1149.00,409.00,185.00,473.00,0.220566,-1,-1,-1
122,42,619.00,439.00,108.00,276.00,0.859227,-1,-1,-1
122,46,1695.00,431.00,90.00,157.00,0.249661,-1,-1,-1
122,55,470.00,440.00,137.00,319.00,0.883631,-1,-1,-1
122,56,310.00,441.00,152.00,325.00,0.908610,-1,-1,-1
122,87,1155.00,407.00,116.00,225.00,0.210676,-1,-1,-1
123,1,851.00,438.00,53.00,165.00,0.719863,-1,-1,-1
123,4,969.00,434.00,118.00,508.00,0.684472,-1,-1,-1
123,6,1050.00,397.00,209.00,625.00,0.831309,-1,-1,-1
123,7,712.00,411.00,124.00,318.00,0.798797,-1,-1,-1
123,9,449.00,440.00,59.00,120.00,0.203092,-1,-1,-1
123,16,1844.00,420.00,73.00,233.00,0.356494,-1,-1,-1
123,22,1151.00,411.00,187.00,487.00,0.337427,-1,-1,-1
123,42,625.00,440.00,110.00,276.00,0.848459,-1,-1,-1
123,46,1696.00,431.00,90.00,157.00,0.303928,-1,-1,-1
123,55,477.00,439.00,134.00,319.00,0.858900,-1,-1,-1
123,56,313.00,440.00,155.00,324.00,0.899252,-1,-1,-1
123,87,1160.00,406.00,114.00,219.00,0.171782,-1,-1,-1
124,1,848.00,439.00,53.00,163.00,0.700023,-1,-1,-1
124,4,972.00,451.00,115.00,491.00,0.661920,-1,-1,-1
124,6,1051.00,397.00,210.00,630.00,0.828941,-1,-1,-1
124,7,716.00,409.00,123.00,320.00,0.768556,-1,-1,-1
124,9,449.00,440.00,56.00,115.00,0.131841,-1,-1,-1
124,16,1844.00,425.00,73.00,228.00,0.346426,-1,-1,-1
124,22,1145.00,409.00,188.00,497.00,0.357193,-1,-1,-1
124,42,627.00,443.00,112.00,272.00,0.837000,-1,-1,-1
124,46,1693.00,430.00,93.00,164.00,0.268004,-1,-1,-1
124,55,489.00,438.00,130.00,319.00,0.841426,-1,-1,-1
124,56,318.00,438.00,157.00,324.00,0.895797,-1,-1,-1
124,87,1166.00,408.00,106.00,202.00,0.114503,-1,-1,-1
125,1,845.00,440.00,52.00,161.00,0.688477,-1,-1,-1
125,4,974.00,458.00,113.00,483.00,0.633761,-1,-1,-1
125,6,1050.00,397.00,213.00,639.00,0.814618,-1,-1,-1
125,7,722.00,407.00,123.00,322.00,0.739949,-1,-1,-1
125,9,450.00,439.00,54.00,110.00,0.141189,-1,-1,-1
125,16,1847.00,434.00,69.00,213.00,0.235649,-1,-1,-1
125,22,1147.00,408.00,187.00,502.00,0.411638,-1,-1,-1
125,42,626.00,442.00,115.00,273.00,0.864521,-1,-1,-1
125,46,1691.00,429.00,94.00,166.00,0.208211,-1,-1,-1
125,55,505.00,437.00,127.00,320.00,0.806117,-1,-1,-1
125,56,325.00,437.00,157.00,323.00,0.892753,-1,-1,-1
126,1,843.00,439.00,52.00,162.00,0.712192,-1,-1,-1
126,4,974.00,443.00,116.00,497.00,0.701814,-1,-1,-1
126,6,1050.00,396.00,215.00,649.00,0.748337,-1,-1,-1
126,7,731.00,409.00,119.00,320.00,0.821816,-1,-1,-1
126,22,1149.00,408.00,185.00,503.00,0.369534,-1,-1,-1
126,42,624.00,442.00,117.00,273.00,0.868125,-1,-1,-1
126,46,1683.00,429.00,102.00,178.00,0.234237,-1,-1,-1
126,55,513.00,436.00,124.00,321.00,0.825672,-1,-1,-1
126,56,333.00,436.00,155.00,319.00,0.883912,-1,-1,-1
127,1,841.00,440.00,50.00,159.00,0.711383,-1,-1,-1
127,4,974.00,436.00,118.00,503.00,0.744532,-1,-1,-1
127,6,1052.00,396.00,212.00,641.00,0.626606,-1,-1,-1
127,7,735.00,411.00,116.00,319.00,0.838201,-1,-1,-1
127,22,1152.00,408.00,179.00,494.00,0.375358,-1,-1,-1
127,42,623.00,442.00,119.00,272.00,0.870598,-1,-1,-1
127,55,518.00,436.00,119.00,321.00,0.833015,-1,-1,-1
127,56,342.00,436.00,151.00,316.00,0.882809,-1,-1,-1
127,101,1713.00,328.00,184.00,724.00,0.852679,-1,-1,-1
128,1,839.00,440.00,50.00,159.00,0.728537,-1,-1,-1
128,4,972.00,428.00,121.00,514.00,0.791286,-1,-1,-1
128,6,1053.00,395.00,209.00,636.00,0.645396,-1,-1,-1
128,7,733.00,413.00,116.00,317.00,0.792753,-1,-1,-1
128,22,1156.00,409.00,175.00,485.00,0.404540,-1,-1,-1
128,42,625.00,442.00,119.00,272.00,0.861345,-1,-1,-1
128,55,525.00,437.00,117.00,319.00,0.844379,-1,-1,-1
128,56,353.00,436.00,147.00,314.00,0.864644,-1,-1,-1
128,101,1688.00,325.00,186.00,723.00,0.830475,-1,-1,-1
128,103,1248.00,427.00,84.00,260.00,0.409707,-1,-1,-1
129,1,837.00,439.00,49.00,158.00,0.748838,-1,-1,-1
129,4,973.00,428.00,121.00,512.00,0.784811,-1,-1,-1
129,6,1055.00,395.00,205.00,630.00,0.676473,-1,-1,-1
129,7,738.00,415.00,115.00,315.00,0.791287,-1,-1,-1
129,22,1156.00,408.00,181.00,515.00,0.476448,-1,-1,-1
129,42,628.00,440.00,120.00,273.00,0.844383,-1,-1,-1
129,55,536.00,437.00,117.00,319.00,0.873399,-1,-1,-1
129,56,363.00,436.00,141.00,314.00,0.761065,-1,-1,-1
129,101,1657.00,320.00,195.00,740.00,0.828405,-1,-1,-1
129,103,1253.00,426.00,84.00,258.00,0.452368,-1,-1,-1
130,1,837.00,438.00,48.00,159.00,0.713028,-1,-1,-1
130,4,976.00,426.00,122.00,513.00,0.756301,-1,-1,-1
130,6,1055.00,395.00,205.00,634.00,0.644561,-1,-1,-1
130,7,742.00,416.00,113.00,313.00,0.792871,-1,-1,-1
130,42,635.00,440.00,119.00,270.00,0.832323,-1,-1,-1
130,55,546.00,438.00,117.00,319.00,0.875164,-1,-1,-1
130,56,375.00,438.00,135.00,313.00,0.646054,-1,-1,-1
130,87,1164.00,412.00,163.00,317.00,0.552256,-1,-1,-1
130,101,1628.00,310.00,204.00,750.00,0.876595,-1,-1,-1
130,103,1259.00,425.00,86.00,263.00,0.387173,-1,-1,-1
131,1,836.00,436.00,48.00,160.00,0.694630,-1,-1,-1
131,4,980.00,422.00,123.00,516.00,0.754082,-1,-1,-1
131,6,1062.00,395.00,203.00,630.00,0.749170,-1,-1,-1
131,7,745.00,415.00,113.00,313.00,0.820945,-1,-1,-1
131,16,1847.00,467.00,61.00,187.00,0.564516,-1,-1,-1
131,42,643.00,441.00,115.00,266.00,0.754882,-1,-1,-1
131,55,553.00,439.00,119.00,318.00,0.893851,-1,-1,-1
131,56,384.00,440.00,131.00,315.00,0.609474,-1,-1,-1
131,87,1167.00,411.00,164.00,328.00,0.744722,-1,-1,-1
131,101,1599.00,303.00,215.00,754.00,0.819287,-1,-1,-1
131,103,1263.00,423.00,91.00,279.00,0.624764,-1,-1,-1
132,1,833.00,435.00,48.00,160.00,0.677838,-1,-1,-1
132,4,988.00,420.00,124.00,519.00,0.771003,-1,-1,-1
132,6,1063.00,396.00,200.00,626.00,0.813637,-1,-1,-1
132,7,745.00,415.00,113.00,314.00,0.812339,-1,-1,-1
132,16,1847.00,458.00,65.00,196.00,0.474969,-1,-1,-1
132,42,651.00,436.00,113.00,271.00,0.503317,-1,-1,-1
132,55,559.00,439.00,121.00,318.00,0.892828,-1,-1,-1
132,56,401.00,444.00,123.00,308.00,0.610565,-1,-1,-1
132,87,1170.00,410.00,164.00,336.00,0.709469,-1,-1,-1
132,101,1568.00,299.00,230.00,758.00,0.615619,-1,-1,-1
132,103,1265.00,421.00,95.00,291.00,0.632526,-1,-1,-1
133,1,831.00,436.00,49.00,158.00,0.620090,-1,-1,-1
133,4,990.00,418.00,125.00,524.00,0.761022,-1,-1,-1
133,6,1078.00,395.00,177.00,545.00,0.537877,-1,-1,-1
133,7,745.00,413.00,113.00,316.00,0.822406,-1,-1,-1
133,16,1847.00,463.00,65.00,191.00,0.376509,-1,-1,-1
133,42,662.00,435.00,111.00,271.00,0.534972,-1,-1,-1
133,46,1702.00,426.00,89.00,159.00,0.373194,-1,-1,-1
133,55,560.00,441.00,122.00,316.00,0.893020,-1,-1,-1
133,56,401.00,440.00,122.00,310.00,0.703341,-1,-1,-1
133,87,1179.00,410.00,151.00,313.00,0.614986,-1,-1,-1
133,103,1269.00,422.00,99.00,305.00,0.681240,-1,-1,-1
134,1,832.00,437.00,47.00,158.00,0.619908,-1,-1,-1
134,4,996.00,418.00,120.00,496.00,0.765204,-1,-1,-1
134,6,1094.00,396.00,150.00,449.00,0.658844,-1,-1,-1
134,7,746.00,414.00,112.00,314.00,0.829948,-1,-1,-1
134,16,1846.00,460.00,67.00,194.00,0.371990,-1,-1,-1
134,42,673.00,433.00,107.00,273.00,0.608598,-1,-1,-1
134,46,1692.00,427.00,89.00,157.00,0.208481,-1,-1,-1
134,55,560.00,442.00,123.00,315.00,0.893198,-1,-1,-1
134,56,411.00,435.00,123.00,314.00,0.699724,-1,-1,-1
134,87,1183.00,409.00,149.00,314.00,0.651080,-1,-1,-1
134,101,1339.00,301.00,269.00,763.00,0.827877,-1,-1,-1
134,103,1274.00,422.00,100.00,312.00,0.741717,-1,-1,-1
135,1,831.00,439.00,48.00,156.00,0.539152,-1,-1,-1
135,4,1008.00,418.00,106.00,420.00,0.736914,-1,-1,-1
135,6,1099.00,396.00,144.00,423.00,0.677817,-1,-1,-1
135,7,747.00,413.00,110.00,313.00,0.799664,-1,-1,-1
135,16,1844.00,455.00,68.00,199.00,0.543246,-1,-1,-1
135,42,683.00,436.00,102.00,270.00,0.560011,-1,-1,-1
135,46,1686.00,428.00,96.00,172.00,0.282724,-1,-1,-1
135,55,559.00,442.00,125.00,315.00,0.896049,-1,-1,-1
135,56,421.00,435.00,123.00,314.00,0.811344,-1,-1,-1
135,87,1186.00,409.00,151.00,323.00,0.696742,-1,-1,-1
135,101,1365.00,308.00,264.00,706.00,0.430332,-1,-1,-1
135,103,1279.00,421.00,94.00,292.00,0.501462,-1,-1,-1
136,1,828.00,440.00,47.00,155.00,0.393910,-1,-1,-1
136,4,1015.00,419.00,104.00,403.00,0.763122,-1,-1,-1
136,6,1107.00,397.00,150.00,431.00,0.728239,-1,-1,-1
136,7,750.00,415.00,108.00,308.00,0.767994,-1,-1,-1
136,16,1844.00,454.00,68.00,200.00,0.537231,-1,-1,-1
136,42,691.00,437.00,98.00,269.00,0.616785,-1,-1,-1
136,46,1686.00,429.00,94.00,165.00,0.152002,-1,-1,-1
136,55,558.00,441.00,127.00,315.00,0.892617,-1,-1,-1
136,56,429.00,436.00,123.00,315.00,0.850852,-1,-1,-1
136,87,1194.00,407.00,142.00,307.00,0.650284,-1,-1,-1
136,101,1326.00,318.00,276.00,702.00,0.366914,-1,-1,-1
137,1,827.00,441.00,46.00,154.00,0.423098,-1,-1,-1
137,4,1022.00,420.00,107.00,408.00,0.728284,-1,-1,-1
137,6,1105.00,396.00,156.00,445.00,0.836056,-1,-1,-1
137,7,754.00,417.00,107.00,304.00,0.737579,-1,-1,-1
137,16,1845.00,459.00,68.00,195.00,0.335274,-1,-1,-1
137,42,694.00,435.00,98.00,272.00,0.681818,-1,-1,-1
137,46,1682.00,429.00,96.00,166.00,0.266484,-1,-1,-1
137,55,556.00,441.00,129.00,314.00,0.881916,-1,-1,-1
137,56,433.00,436.00,123.00,315.00,0.853451,-1,-1,-1
137,101,1274.00,328.00,282.00,690.00,0.842632,-1,-1,-1
138,1,824.00,428.00,49.00,167.00,0.269844,-1,-1,-1
138,4,1019.00,420.00,113.00,423.00,0.752235,-1,-1,-1
138,6,1109.00,405.00,142.00,404.00,0.513039,-1,-1,-1
138,7,762.00,416.00,106.00,303.00,0.779624,-1,-1,-1
138,16,1845.00,457.00,68.00,197.00,0.358561,-1,-1,-1
138,42,704.00,435.00,97.00,273.00,0.723997,-1,-1,-1
138,46,1683.00,428.00,104.00,184.00,0.388846,-1,-1,-1
138,55,556.00,440.00,130.00,314.00,0.886685,-1,-1,-1
138,56,435.00,436.00,123.00,313.00,0.857259,-1,-1,-1
138,101,1214.00,340.00,289.00,687.00,0.779484,-1,-1,-1
139,4,1018.00,421.00,117.00,434.00,0.723574,-1,-1,-1
139,6,1113.00,456.00,110.00,312.00,0.393612,-1,-1,-1
139,7,767.00,415.00,105.00,305.00,0.742323,-1,-1,-1
139,16,1845.00,456.00,69.00,198.00,0.380912,-1,-1,-1
139,42,708.00,434.00,97.00,274.00,0.715299,-1,-1,-1
139,46,1687.00,429.00,100.00,180.00,0.382962,-1,-1,-1
139,55,557.00,439.00,132.00,314.00,0.874248,-1,-1,-1
139,56,438.00,436.00,122.00,311.00,0.877064,-1,-1,-1
139,83,357.00,506.00,74.00,122.00,0.619733,-1,-1,-1
139,101,1153.00,353.00,291.00,673.00,0.808350,-1,-1,-1
140,4,1022.00,423.00,118.00,432.00,0.469421,-1,-1,-1
140,7,771.00,414.00,102.00,301.00,0.780692,-1,-1,-1
140,16,1844.00,457.00,70.00,197.00,0.236042,-1,-1,-1
140,42,712.00,434.00,96.00,274.00,0.829208,-1,-1,-1
140,46,1684.00,429.00,103.00,185.00,0.311831,-1,-1,-1
140,55,560.00,439.00,132.00,312.00,0.876143,-1,-1,-1
140,56,441.00,436.00,121.00,309.00,0.871973,-1,-1,-1
140,83,351.00,507.00,75.00,124.00,0.653203,-1,-1,-1
140,101,1093.00,361.00,294.00,663.00,0.879774,-1,-1,-1
140,103,1326.00,426.00,108.00,323.00,0.789229,-1,-1,-1
141,7,777.00,413.00,99.00,299.00,0.738341,-1,-1,-1
141,16,1844.00,453.00,70.00,201.00,0.300664,-1,-1,-1
141,42,714.00,433.00,98.00,274.00,0.812147,-1,-1,-1
141,46,1686.00,429.00,99.00,179.00,0.351797,-1,-1,-1
141,55,564.00,440.00,130.00,309.00,0.871973,-1,-1,-1
141,56,442.00,436.00,121.00,308.00,0.844076,-1,-1,-1
141,83,345.00,510.00,78.00,127.00,0.702834,-1,-1,-1
141,101,1035.00,365.00,295.00,656.00,0.852953,-1,-1,-1
141,103,1324.00,425.00,114.00,330.00,0.799169,-1,-1,-1
142,7,782.00,413.00,98.00,299.00,0.779210,-1,-1,-1
142,16,1844.00,454.00,71.00,200.00,0.325585,-1,-1,-1
142,42,715.00,430.00,99.00,277.00,0.713292,-1,-1,-1
142,46,1686.00,429.00,99.00,178.00,0.323205,-1,-1,-1
142,55,569.00,439.00,129.00,308.00,0.866541,-1,-1,-1
142,56,447.00,435.00,121.00,308.00,0.851205,-1,-1,-1
142,83,337.00,510.00,80.00,131.00,0.700279,-1,-1,-1
142,87,1237.00,427.00,145.00,310.00,0.509616,-1,-1,-1
142,92,416.00,454.00,35.00,116.00,0.331052,-1,-1,-1
142,101,984.00,367.00,297.00,650.00,0.830841,-1,-1,-1
142,103,1330.00,426.00,119.00,331.00,0.762491,-1,-1,-1
143,7,787.00,413.00,95.00,299.00,0.753170,-1,-1,-1
143,8,381.00,462.00,43.00,111.00,0.482050,-1,-1,-1
143,16,1844.00,455.00,70.00,199.00,0.364802,-1,-1,-1
143,22,1157.00,410.00,195.00,499.00,0.720061,-1,-1,-1
143,42,723.00,426.00,103.00,283.00,0.713680,-1,-1,-1
143,46,1686.00,429.00,99.00,178.00,0.311813,-1,-1,-1
143,55,575.00,438.00,126.00,306.00,0.832592,-1,-1,-1
143,56,455.00,433.00,117.00,305.00,0.846664,-1,-1,-1
143,83,326.00,510.00,83.00,134.00,0.725644,-1,-1,-1
143,87,1239.00,425.00,144.00,312.00,0.558871,-1,-1,-1
143,92,416.00,454.00,37.00,118.00,0.563860,-1,-1,-1
143,101,933.00,363.00,299.00,650.00,0.826524,-1,-1,-1
143,103,1329.00,427.00,122.00,333.00,0.834763,-1,-1,-1
143,111,380.00,462.00,44.00,78.00,0.438010,-1,-1,-1
144,7,791.00,412.00,93.00,300.00,0.737892,-1,-1,-1
144,8,381.00,462.00,43.00,113.00,0.475294,-1,-1,-1
144,16,1844.00,457.00,69.00,197.00,0.390643,-1,-1,-1
144,22,1148.00,400.00,197.00,502.00,0.761281,-1,-1,-1
144,42,720.00,432.00,102.00,277.00,0.715766,-1,-1,-1
144,46,1684.00,429.00,101.00,185.00,0.323196,-1,-1,-1
144,55,581.00,440.00,122.00,301.00,0.806863,-1,-1,-1
144,56,463.00,433.00,115.00,299.00,0.828286,-1,-1,-1
144,83,319.00,510.00,83.00,134.00,0.765637,-1,-1,-1
144,87,1241.00,427.00,141.00,310.00,0.493312,-1,-1,-1
144,92,416.00,455.00,37.00,118.00,0.558162,-1,-1,-1
144,101,891.00,357.00,303.00,650.00,0.795617,-1,-1,-1
144,103,1327.00,426.00,125.00,336.00,0.789274,-1,-1,-1
145,7,795.00,412.00,91.00,298.00,0.601871,-1,-1,-1
145,8,381.00,463.00,43.00,112.00,0.644171,-1,-1,-1
145,16,1844.00,457.00,70.00,197.00,0.376599,-1,-1,-1
145,22,1122.00,399.00,232.00,614.00,0.835803,-1,-1,-1
145,42,727.00,434.00,106.00,276.00,0.726065,-1,-1,-1
145,46,1685.00,429.00,101.00,186.00,0.353276,-1,-1,-1
145,55,592.00,439.00,119.00,299.00,0.822165,-1,-1,-1
145,56,474.00,433.00,110.00,294.00,0.833849,-1,-1,-1
145,83,310.00,511.00,86.00,138.00,0.751360,-1,-1,-1
145,87,1238.00,423.00,139.00,315.00,0.287098,-1,-1,-1
145,92,418.00,453.00,37.00,119.00,0.465999,-1,-1,-1
145,101,850.00,347.00,304.00,647.00,0.813043,-1,-1,-1
145,103,1332.00,425.00,126.00,338.00,0.780109,-1,-1,-1
146,4,1075.00,420.00,92.00,330.00,0.418775,-1,-1,-1
146,7,803.00,411.00,85.00,285.00,0.649164,-1,-1,-1
146,8,382.00,463.00,43.00,112.00,0.704910,-1,-1,-1
146,16,1845.00,458.00,69.00,196.00,0.475130,-1,-1,-1
146,22,1117.00,400.00,241.00,655.00,0.832672,-1,-1,-1
146,42,726.00,431.00,108.00,278.00,0.744226,-1,-1,-1
146,46,1685.00,429.00,103.00,190.00,0.365976,-1,-1,-1
146,55,604.00,437.00,116.00,300.00,0.762613,-1,-1,-1
146,56,479.00,432.00,109.00,292.00,0.830402,-1,-1,-1
146,83,303.00,511.00,88.00,142.00,0.741917,-1,-1,-1
146,87,1241.00,421.00,134.00,314.00,0.473960,-1,-1,-1
146,92,419.00,451.00,39.00,120.00,0.401360,-1,-1,-1
146,101,812.00,339.00,304.00,643.00,0.810441,-1,-1,-1
146,103,1336.00,423.00,125.00,340.00,0.766176,-1,-1,-1
147,4,1055.00,421.00,132.00,479.00,0.812994,-1,-1,-1
147,8,383.00,462.00,42.00,112.00,0.693517,-1,-1,-1
147,16,1845.00,455.00,70.00,199.00,0.322437,-1,-1,-1
147,22,1117.00,405.00,239.00,664.00,0.776550,-1,-1,-1
147,42,730.00,436.00,107.00,270.00,0.744212,-1,-1,-1
147,46,1684.00,430.00,97.00,175.00,0.237000,-1,-1,-1
147,55,615.00,437.00,113.00,303.00,0.789442,-1,-1,-1
147,56,487.00,433.00,104.00,287.00,0.819861,-1,-1,-1
147,83,296.00,510.00,88.00,144.00,0.759785,-1,-1,-1
147,87,1245.00,422.00,135.00,324.00,0.683029,-1,-1,-1
147,92,419.00,452.00,39.00,118.00,0.434295,-1,-1,-1
147,101,778.00,335.00,310.00,651.00,0.804499,-1,-1,-1
147,103,1338.00,421.00,126.00,343.00,0.785884,-1,-1,-1
148,4,1047.00,421.00,142.00,513.00,0.835713,-1,-1,-1
148,8,383.00,462.00,42.00,112.00,0.702962,-1,-1,-1
148,16,1845.00,455.00,70.00,199.00,0.291177,-1,-1,-1
148,22,1119.00,407.00,236.00,669.00,0.813090,-1,-1,-1
148,42,734.00,444.00,97.00,247.00,0.117448,-1,-1,-1
148,46,1683.00,430.00,95.00,169.00,0.264636,-1,-1,-1
148,55,622.00,437.00,110.00,303.00,0.814967,-1,-1,-1
148,56,492.00,433.00,103.00,289.00,0.811957,-1,-1,-1
148,83,290.00,511.00,88.00,143.00,0.769669,-1,-1,-1
148,87,1251.00,425.00,130.00,323.00,0.637127,-1,-1,-1
148,92,420.00,452.00,38.00,119.00,0.472346,-1,-1,-1
148,101,742.00,334.00,313.00,653.00,0.840668,-1,-1,-1
148,103,1337.00,420.00,125.00,344.00,0.789411,-1,-1,-1
149,4,1044.00,422.00,146.00,527.00,0.873983,-1,-1,-1
149,8,384.00,463.00,42.00,111.00,0.650091,-1,-1,-1
149,16,1845.00,458.00,69.00,196.00,0.303970,-1,-1,-1
149,22,1130.00,405.00,234.00,664.00,0.809432,-1,-1,-1
149,46,1685.00,430.00,93.00,163.00,0.337634,-1,-1,-1
149,55,627.00,438.00,106.00,300.00,0.810254,-1,-1,-1
149,56,499.00,433.00,103.00,290.00,0.737164,-1,-1,-1
149,83,283.00,511.00,87.00,145.00,0.718394,-1,-1,-1
149,87,1254.00,424.00,130.00,333.00,0.482826,-1,-1,-1
149,92,419.00,451.00,38.00,119.00,0.501605,-1,-1,-1
149,101,701.00,337.00,328.00,683.00,0.882425,-1,-1,-1
149,103,1339.00,419.00,126.00,345.00,0.830985,-1,-1,-1
150,4,1044.00,423.00,148.00,530.00,0.873542,-1,-1,-1
150,8,384.00,464.00,42.00,110.00,0.622465,-1,-1,-1
150,16,1846.00,464.00,67.00,190.00,0.237053,-1,-1,-1
150,22,1141.00,407.00,235.00,656.00,0.864899,-1,-1,-1
150,46,1684.00,429.00,93.00,161.00,0.293131,-1,-1,-1
150,55,632.00,438.00,102.00,299.00,0.788773,-1,-1,-1
150,56,507.00,429.00,105.00,296.00,0.759320,-1,-1,-1
150,83,274.00,512.00,88.00,146.00,0.805679,-1,-1,-1
150,87,1261.00,425.00,124.00,326.00,0.510479,-1,-1,-1
150,92,418.00,450.00,38.00,120.00,0.525302,-1,-1,-1
150,101,665.00,342.00,334.00,695.00,0.886319,-1,-1,-1
150,103,1340.00,419.00,125.00,345.00,0.848687,-1,-1,-1
151,4,1044.00,420.00,150.00,535.00,0.862758,-1,-1,-1
151,8,384.00,464.00,42.00,110.00,0.654609,-1,-1,-1
151,16,1840.00,414.00,80.00,240.00,0.342665,-1,-1,-1
151,22,1156.00,400.00,242.00,666.00,0.846782,-1,-1,-1
151,46,1679.00,429.00,104.00,181.00,0.396168,-1,-1,-1
151,55,641.00,448.00,89.00,263.00,0.501109,-1,-1,-1
151,56,512.00,432.00,106.00,292.00,0.751021,-1,-1,-1
151,83,265.00,512.00,89.00,147.00,0.831794,-1,-1,-1
151,87,1270.00,432.00,113.00,304.00,0.195462,-1,-1,-1
151,92,418.00,451.00,38.00,119.00,0.510221,-1,-1,-1
151,101,627.00,350.00,339.00,701.00,0.884502,-1,-1,-1
151,103,1348.00,418.00,124.00,346.00,0.825509,-1,-1,-1
152,4,1045.00,419.00,151.00,536.00,0.867280,-1,-1,-1
152,8,384.00,463.00,43.00,111.00,0.620613,-1,-1,-1
152,16,1839.00,395.00,81.00,259.00,0.309829,-1,-1,-1
152,22,1167.00,398.00,250.00,675.00,0.895345,-1,-1,-1
152,46,1681.00,430.00,101.00,173.00,0.338943,-1,-1,-1
152,56,514.00,432.00,109.00,293.00,0.779902,-1,-1,-1
152,83,259.00,513.00,87.00,143.00,0.807480,-1,-1,-1
152,87,1297.00,452.00,97.00,249.00,0.148338,-1,-1,-1
152,92,419.00,451.00,38.00,118.00,0.481537,-1,-1,-1
152,101,591.00,359.00,341.00,700.00,0.880178,-1,-1,-1
152,103,1357.00,416.00,123.00,347.00,0.786108,-1,-1,-1
153,4,1048.00,418.00,152.00,537.00,0.857762,-1,-1,-1
153,7,818.00,407.00,87.00,298.00,0.606543,-1,-1,-1
153,8,384.00,463.00,44.00,111.00,0.636120,-1,-1,-1
153,16,1840.00,387.00,80.00,267.00,0.371482,-1,-1,-1
153,22,1172.00,400.00,256.00,675.00,0.904900,-1,-1,-1
153,46,1681.00,431.00,98.00,166.00,0.408579,-1,-1,-1
153,56,513.00,434.00,110.00,294.00,0.793526,-1,-1,-1
153,83,253.00,513.00,86.00,141.00,0.780608,-1,-1,-1
153,87,1306.00,456.00,90.00,231.00,0.112622,-1,-1,-1
153,92,420.00,452.00,38.00,117.00,0.496612,-1,-1,-1
153,101,549.00,373.00,338.00,690.00,0.852731,-1,-1,-1
153,103,1368.00,417.00,124.00,348.00,0.876224,-1,-1,-1
154,4,1052.00,418.00,152.00,536.00,0.852089,-1,-1,-1
154,7,821.00,407.00,88.00,300.00,0.778796,-1,-1,-1
154,8,384.00,462.00,44.00,112.00,0.650557,-1,-1,-1
154,16,1843.00,383.00,77.00,271.00,0.376128,-1,-1,-1
154,22,1173.00,400.00,262.00,677.00,0.908082,-1,-1,-1
154,46,1679.00,431.00,100.00,167.00,0.345174,-1,-1,-1
154,56,510.00,442.00,101.00,278.00,0.672591,-1,-1,-1
154,83,246.00,514.00,85.00,139.00,0.811398,-1,-1,-1
154,87,1305.00,457.00,92.00,238.00,0.146855,-1,-1,-1
154,92,421.00,452.00,38.00,117.00,0.504127,-1,-1,-1
154,101,511.00,386.00,336.00,682.00,0.807023,-1,-1,-1
154,103,1374.00,418.00,124.00,350.00,0.841765,-1,-1,-1
155,4,1057.00,419.00,152.00,536.00,0.846939,-1,-1,-1
155,7,816.00,406.00,90.00,302.00,0.777127,-1,-1,-1
155,8,384.00,462.00,45.00,112.00,0.642196,-1,-1,-1
155,16,1844.00,382.00,76.00,271.00,0.351926,-1,-1,-1
155,22,1175.00,404.00,266.00,673.00,0.912398,-1,-1,-1
155,46,1684.00,430.00,99.00,167.00,0.245137,-1,-1,-1
155,83,240.00,515.00,85.00,136.00,0.757441,-1,-1,-1
155,87,1318.00,462.00,88.00,225.00,0.199659,-1,-1,-1
155,92,421.00,453.00,38.00,116.00,0.452314,-1,-1,-1
155,101,477.00,394.00,338.00,674.00,0.883671,-1,-1,-1
155,103,1379.00,418.00,126.00,354.00,0.838700,-1,-1,-1
155,131,727.00,452.00,28.00,79.00,0.375353,-1,-1,-1
156,4,1061.00,420.00,154.00,536.00,0.845864,-1,-1,-1
156,7,819.00,407.00,89.00,301.00,0.729823,-1,-1,-1
156,8,384.00,461.00,44.00,113.00,0.605885,-1,-1,-1
156,16,1848.00,415.00,72.00,238.00,0.425616,-1,-1,-1
156,22,1173.00,403.00,271.00,674.00,0.911899,-1,-1,-1
156,42,777.00,434.00,94.00,258.00,0.368776,-1,-1,-1
156,46,1684.00,428.00,100.00,168.00,0.135693,-1,-1,-1
156,55,689.00,444.00,60.00,173.00,0.606995,-1,-1,-1
156,83,234.00,515.00,84.00,135.00,0.766243,-1,-1,-1
156,87,1327.00,466.00,86.00,218.00,0.198114,-1,-1,-1
156,92,421.00,452.00,38.00,117.00,0.548487,-1,-1,-1
156,101,436.00,398.00,341.00,669.00,0.894370,-1,-1,-1
156,103,1383.00,419.00,126.00,358.00,0.847726,-1,-1,-1
157,4,1068.00,420.00,154.00,541.00,0.852027,-1,-1,-1
157,7,815.00,407.00,90.00,300.00,0.763918,-1,-1,-1
157,8,384.00,462.00,44.00,112.00,0.629045,-1,-1,-1
157,16,1847.00,404.00,73.00,249.00,0.306192,-1,-1,-1
157,22,1174.00,402.00,276.00,674.00,0.914145,-1,-1,-1
157,46,1685.00,429.00,99.00,165.00,0.147880,-1,-1,-1
157,55,691.00,443.00,93.00,267.00,0.825571,-1,-1,-1
157,83,225.00,514.00,83.00,133.00,0.788330,-1,-1,-1
157,87,1332.00,467.00,84.00,215.00,0.171498,-1,-1,-1
157,92,420.00,452.00,38.00,118.00,0.519409,-1,-1,-1
157,101,397.00,396.00,348.00,673.00,0.903378,-1,-1,-1
157,103,1390.00,421.00,128.00,360.00,0.884060,-1,-1,-1
158,1,788.00,443.00,43.00,142.00,0.294779,-1,-1,-1
158,4,1077.00,419.00,156.00,545.00,0.855077,-1,-1,-1
158,7,815.00,408.00,90.00,299.00,0.771864,-1,-1,-1
158,8,385.00,462.00,44.00,112.00,0.646641,-1,-1,-1
158,16,1845.00,392.00,75.00,261.00,0.360478,-1,-1,-1
158,22,1174.00,402.00,280.00,675.00,0.911761,-1,-1,-1
158,46,1688.00,429.00,97.00,163.00,0.232999,-1,-1,-1
158,55,692.00,442.00,100.00,285.00,0.846939,-1,-1,-1
158,83,215.00,516.00,86.00,135.00,0.806313,-1,-1,-1
158,92,419.00,461.00,35.00,108.00,0.160811,-1,-1,-1
158,101,361.00,391.00,355.00,678.00,0.894155,-1,-1,-1
158,103,1399.00,421.00,132.00,365.00,0.888700,-1,-1,-1
159,1,787.00,446.00,42.00,139.00,0.313971,-1,-1,-1
159,4,1087.00,419.00,155.00,545.00,0.848058,-1,-1,-1
159,7,813.00,407.00,91.00,300.00,0.799387,-1,-1,-1
159,16,1849.00,420.00,71.00,233.00,0.368844,-1,-1,-1
159,22,1172.00,403.00,283.00,673.00,0.904764,-1,-1,-1
159,46,1686.00,429.00,99.00,167.00,0.202280,-1,-1,-1
159,55,685.00,440.00,106.00,294.00,0.861077,-1,-1,-1
159,83,208.00,516.00,85.00,133.00,0.793791,-1,-1,-1
159,101,325.00,384.00,362.00,684.00,0.902881,-1,-1,-1
159,103,1408.00,422.00,136.00,366.00,0.905866,-1,-1,-1
160,1,781.00,446.00,41.00,139.00,0.461896,-1,-1,-1
160,4,1094.00,421.00,154.00,549.00,0.812611,-1,-1,-1
160,7,811.00,406.00,93.00,302.00,0.794147,-1,-1,-1
160,16,1846.00,398.00,74.00,255.00,0.318192,-1,-1,-1
160,22,1173.00,403.00,286.00,673.00,0.907196,-1,-1,-1
160,46,1686.00,429.00,100.00,169.00,0.295259,-1,-1,-1
160,55,679.00,439.00,110.00,297.00,0.876106,-1,-1,-1
160,56,555.00,437.00,97.00,266.00,0.348436,-1,-1,-1
160,83,200.00,518.00,84.00,130.00,0.782501,-1,-1,-1
160,101,293.00,379.00,368.00,689.00,0.919958,-1,-1,-1
160,103,1414.00,424.00,139.00,367.00,0.905504,-1,-1,-1
161,1,779.00,445.00,40.00,140.00,0.558869,-1,-1,-1
161,4,1103.00,419.00,155.00,554.00,0.815423,-1,-1,-1
161,7,810.00,407.00,93.00,300.00,0.810170,-1,-1,-1
161,16,1846.00,389.00,74.00,264.00,0.340149,-1,-1,-1
161,22,1173.00,402.00,289.00,675.00,0.908014,-1,-1,-1
161,46,1685.00,429.00,100.00,169.00,0.345836,-1,-1,-1
161,55,679.00,438.00,113.00,299.00,0.874613,-1,-1,-1
161,56,567.00,437.00,99.00,268.00,0.592105,-1,-1,-1
161,83,188.00,519.00,86.00,129.00,0.781611,-1,-1,-1
161,101,261.00,370.00,376.00,698.00,0.906709,-1,-1,-1
161,103,1417.00,425.00,143.00,371.00,0.891290,-1,-1,-1
162,1,776.00,441.00,42.00,143.00,0.651616,-1,-1,-1
162,4,1107.00,416.00,154.00,556.00,0.807761,-1,-1,-1
162,7,810.00,406.00,94.00,300.00,0.797506,-1,-1,-1
162,16,1846.00,388.00,74.00,265.00,0.372941,-1,-1,-1
162,22,1174.00,402.00,291.00,676.00,0.885186,-1,-1,-1
162,46,1684.00,430.00,100.00,169.00,0.345077,-1,-1,-1
162,55,681.00,435.00,114.00,302.00,0.880417,-1,-1,-1
162,56,570.00,435.00,100.00,274.00,0.723743,-1,-1,-1
162,83,179.00,517.00,90.00,135.00,0.792121,-1,-1,-1
162,101,230.00,363.00,382.00,704.00,0.901662,-1,-1,-1
162,103,1419.00,426.00,146.00,372.00,0.888572,-1,-1,-1
162,151,1048.00,439.00,42.00,121.00,0.385317,-1,-1,-1
163,1,776.00,439.00,42.00,143.00,0.723062,-1,-1,-1
163,4,1115.00,415.00,154.00,558.00,0.832503,-1,-1,-1
163,7,814.00,405.00,96.00,302.00,0.790291,-1,-1,-1
163,16,1848.00,383.00,72.00,270.00,0.454188,-1,-1,-1
163,22,1177.00,399.00,293.00,681.00,0.886083,-1,-1,-1
163,46,1684.00,430.00,98.00,165.00,0.377730,-1,-1,-1
163,55,684.00,434.00,113.00,302.00,0.865310,-1,-1,-1
163,56,566.00,433.00,104.00,276.00,0.845817,-1,-1,-1
163,83,169.00,517.00,89.00,130.00,0.631246,-1,-1,-1
163,101,201.00,359.00,388.00,710.00,0.929540,-1,-1,-1
163,103,1423.00,425.00,148.00,375.00,0.873664,-1,-1,-1
163,151,1047.00,436.00,43.00,124.00,0.338809,-1,-1,-1
163,152,1110.00,434.00,39.00,134.00,0.399648,-1,-1,-1
164,1,775.00,442.00,41.00,141.00,0.696542,-1,-1,-1
164,4,1122.00,415.00,155.00,558.00,0.807551,-1,-1,-1
164,7,817.00,405.00,97.00,303.00,0.765190,-1,-1,-1
164,16,1849.00,380.00,71.00,273.00,0.427507,-1,-1,-1
164,22,1182.00,396.00,293.00,684.00,0.882522,-1,-1,-1
164,46,1684.00,430.00,98.00,162.00,0.295230,-1,-1,-1
164,55,692.00,435.00,111.00,300.00,0.843806,-1,-1,-1
164,56,563.00,432.00,106.00,278.00,0.868575,-1,-1,-1
164,83,167.00,519.00,69.00,95.00,0.108467,-1,-1,-1
164,101,170.00,359.00,393.00,711.00,0.929635,-1,-1,-1
164,103,1427.00,424.00,149.00,377.00,0.879630,-1,-1,-1
164,108,473.00,445.00,145.00,190.00,0.624236,-1,-1,-1
164,151,1045.00,435.00,44.00,128.00,0.339758,-1,-1,-1
164,152,1108.00,432.00,41.00,139.00,0.503275,-1,-1,-1
165,1,775.00,446.00,41.00,138.00,0.555589,-1,-1,-1
165,4,1125.00,415.00,156.00,561.00,0.820143,-1,-1,-1
165,7,819.00,405.00,98.00,302.00,0.810357,-1,-1,-1
165,16,1847.00,381.00,73.00,272.00,0.442402,-1,-1,-1
165,22,1190.00,398.00,290.00,681.00,0.883158,-1,-1,-1
165,46,1684.00,430.00,97.00,160.00,0.242733,-1,-1,-1
165,55,702.00,436.00,109.00,299.00,0.793712,-1,-1,-1
165,56,564.00,430.00,108.00,280.00,0.839383,-1,-1,-1
165,101,139.00,363.00,397.00,708.00,0.905590,-1,-1,-1
165,103,1433.00,421.00,149.00,380.00,0.881649,-1,-1,-1
165,108,476.00,455.00,129.00,184.00,0.670784,-1,-1,-1
165,151,1041.00,438.00,42.00,123.00,0.279957,-1,-1,-1
165,152,1104.00,432.00,44.00,149.00,0.498401,-1,-1,-1
166,4,1126.00,415.00,156.00,563.00,0.835630,-1,-1,-1
166,7,824.00,405.00,97.00,302.00,0.822233,-1,-1,-1
166,16,1849.00,380.00,71.00,270.00,0.317236,-1,-1,-1
166,22,1203.00,396.00,283.00,674.00,0.868766,-1,-1,-1
166,46,1684.00,430.00,97.00,158.00,0.228511,-1,-1,-1
166,55,713.00,434.00,108.00,301.00,0.803770,-1,-1,-1
166,56,568.00,430.00,107.00,280.00,0.825993,-1,-1,-1
166,101,114.00,367.00,398.00,704.00,0.898498,-1,-1,-1
166,103,1439.00,419.00,148.00,383.00,0.869310,-1,-1,-1
166,108,478.00,460.00,115.00,173.00,0.648546,-1,-1,-1
166,138,433.00,502.00,59.00,125.00,0.541210,-1,-1,-1
166,151,1043.00,440.00,42.00,123.00,0.356765,-1,-1,-1
166,152,1102.00,431.00,46.00,154.00,0.325076,-1,-1,-1
167,4,1127.00,415.00,157.00,569.00,0.830646,-1,-1,-1
167,7,825.00,404.00,97.00,303.00,0.825124,-1,-1,-1
167,8,382.00,460.00,44.00,110.00,0.516687,-1,-1,-1
167,16,1852.00,422.00,64.00,230.00,0.336058,-1,-1,-1
167,22,1217.00,398.00,279.00,673.00,0.851692,-1,-1,-1
167,46,1690.00,430.00,96.00,157.00,0.351795,-1,-1,-1
167,55,720.00,433.00,105.00,302.00,0.813416,-1,-1,-1
167,56,575.00,431.00,104.00,278.00,0.782912,-1,-1,-1
167,101,88.00,375.00,397.00,696.00,0.909112,-1,-1,-1
167,103,1444.00,416.00,146.00,386.00,0.844643,-1,-1,-1
167,108,473.00,452.00,116.00,186.00,0.638378,-1,-1,-1
167,138,426.00,498.00,62.00,129.00,0.479421,-1,-1,-1
167,151,1044.00,442.00,42.00,122.00,0.320057,-1,-1,-1
167,152,1102.00,432.00,46.00,155.00,0.273506,-1,-1,-1
168,4,1126.00,417.00,159.00,576.00,0.841780,-1,-1,-1
168,7,828.00,405.00,96.00,301.00,0.835739,-1,-1,-1
168,8,382.00,462.00,44.00,111.00,0.530215,-1,-1,-1
168,16,1854.00,449.00,59.00,203.00,0.177026,-1,-1,-1
168,22,1235.00,400.00,276.00,674.00,0.858107,-1,-1,-1
168,46,1692.00,431.00,95.00,156.00,0.298475,-1,-1,-1
168,55,727.00,432.00,103.00,302.00,0.823460,-1,-1,-1
168,56,584.00,432.00,101.00,276.00,0.747368,-1,-1,-1
168,101,60.00,382.00,395.00,689.00,0.857727,-1,-1,-1
168,103,1454.00,414.00,144.00,389.00,0.795251,-1,-1,-1
168,108,468.00,447.00,116.00,198.00,0.716044,-1,-1,-1
168,138,423.00,500.00,61.00,130.00,0.573199,-1,-1,-1
168,151,1043.00,445.00,42.00,120.00,0.226128,-1,-1,-1
168,152,1103.00,432.00,45.00,153.00,0.147331,-1,-1,-1
168,160,1262.00,408.00,104.00,509.00,0.417395,-1,-1,-1
169,4,1129.00,418.00,161.00,585.00,0.834665,-1,-1,-1
169,7,829.00,408.00,95.00,298.00,0.844858,-1,-1,-1
169,8,382.00,461.00,43.00,113.00,0.586417,-1,-1,-1
169,16,1856.00,471.00,54.00,182.00,0.219410,-1,-1,-1
169,22,1253.00,402.00,271.00,671.00,0.845156,-1,-1,-1
169,46,1692.00,430.00,96.00,157.00,0.328886,-1,-1,-1
169,55,735.00,432.00,102.00,302.00,0.831906,-1,-1,-1
169,56,592.00,433.00,98.00,275.00,0.691104,-1,-1,-1
169,101,37.00,388.00,395.00,683.00,0.886584,-1,-1,-1
169,103,1465.00,412.00,142.00,390.00,0.818964,-1,-1,-1
169,108,470.00,461.00,105.00,184.00,0.679570,-1,-1,-1
169,138,418.00,499.00,61.00,128.00,0.554602,-1,-1,-1
169,151,1044.00,444.00,43.00,121.00,0.256768,-1,-1,-1
169,152,1102.00,431.00,46.00,157.00,0.195249,-1,-1,-1
169,160,1262.00,412.00,104.00,505.00,0.458556,-1,-1,-1
170,4,1132.00,418.00,162.00,590.00,0.845801,-1,-1,-1
170,7,832.00,410.00,94.00,295.00,0.841759,-1,-1,-1
170,8,382.00,463.00,42.00,110.00,0.336673,-1,-1,-1
170,16,1857.00,479.00,52.00,173.00,0.197996,-1,-1,-1
170,22,1275.00,399.00,267.00,674.00,0.857044,-1,-1,-1
170,46,1694.00,430.00,94.00,155.00,0.382847,-1,-1,-1
170,55,743.00,433.00,101.00,301.00,0.873090,-1,-1,-1
170,56,596.00,433.00,96.00,275.00,0.733900,-1,-1,-1
170,101,17.00,395.00,394.00,676.00,0.919297,-1,-1,-1
170,103,1472.00,412.00,138.00,390.00,0.828449,-1,-1,-1
170,108,464.00,466.00,102.00,182.00,0.677101,-1,-1,-1
170,138,411.00,497.00,63.00,133.00,0.593853,-1,-1,-1
170,151,1042.00,443.00,43.00,122.00,0.221722,-1,-1,-1
170,152,1102.00,433.00,46.00,156.00,0.201487,-1,-1,-1
170,160,1267.00,410.00,105.00,509.00,0.618904,-1,-1,-1
171,4,1137.00,419.00,162.00,590.00,0.858695,-1,-1,-1
171,7,832.00,408.00,94.00,297.00,0.853106,-1,-1,-1
171,8,380.00,459.00,43.00,111.00,0.183168,-1,-1,-1
171,16,1857.00,483.00,53.00,170.00,0.226184,-1,-1,-1
171,22,1292.00,402.00,262.00,672.00,0.765693,-1,-1,-1
171,46,1695.00,430.00,93.00,154.00,0.392614,-1,-1,-1
171,55,746.00,434.00,102.00,300.00,0.870331,-1,-1,-1
171,56,600.00,432.00,95.00,276.00,0.731958,-1,-1,-1
171,101,0.00,401.00,390.00,669.00,0.935275,-1,-1,-1
171,103,1481.00,411.00,136.00,391.00,0.842923,-1,-1,-1
171,108,461.00,466.00,99.00,184.00,0.689188,-1,-1,-1
171,138,409.00,499.00,62.00,134.00,0.415802,-1,-1,-1
171,151,1042.00,444.00,42.00,116.00,0.150677,-1,-1,-1
171,152,1102.00,432.00,46.00,158.00,0.269715,-1,-1,-1
171,160,1268.00,410.00,106.00,510.00,0.501288,-1,-1,-1
172,4,1140.00,419.00,163.00,590.00,0.853814,-1,-1,-1
172,7,831.00,407.00,94.00,298.00,0.824552,-1,-1,-1
172,8,381.00,459.00,41.00,108.00,0.172041,-1,-1,-1
172,16,1852.00,465.00,59.00,188.00,0.346313,-1,-1,-1
172,22,1301.00,398.00,258.00,676.00,0.805390,-1,-1,-1
172,46,1691.00,430.00,96.00,160.00,0.326134,-1,-1,-1
172,55,748.00,436.00,102.00,297.00,0.877169,-1,-1,-1
172,56,605.00,431.00,93.00,277.00,0.759606,-1,-1,-1
172,101,0.00,405.00,371.00,666.00,0.917932,-1,-1,-1
172,103,1490.00,410.00,134.00,391.00,0.876686,-1,-1,-1
172,108,456.00,467.00,97.00,183.00,0.612440,-1,-1,-1
172,138,402.00,502.00,62.00,132.00,0.432688,-1,-1,-1
172,152,1103.00,434.00,45.00,156.00,0.264320,-1,-1,-1
172,160,1283.00,408.00,106.00,514.00,0.572372,-1,-1,-1
172,164,564.00,448.00,29.00,80.00,0.385748,-1,-1,-1
173,4,1144.00,418.00,164.00,592.00,0.856583,-1,-1,-1
173,7,829.00,407.00,93.00,298.00,0.836075,-1,-1,-1
173,8,387.00,462.00,30.00,73.00,0.174010,-1,-1,-1
173,16,1850.00,463.00,61.00,190.00,0.302143,-1,-1,-1
173,22,1308.00,396.00,254.00,676.00,0.826866,-1,-1,-1
173,46,1693.00,431.00,94.00,158.00,0.329815,-1,-1,-1
173,55,749.00,436.00,103.00,297.00,0.867863,-1,-1,-1
173,56,609.00,431.00,91.00,277.00,0.736844,-1,-1,-1
173,101,0.00,404.00,358.00,666.00,0.939613,-1,-1,-1
173,103,1497.00,410.00,133.00,390.00,0.862462,-1,-1,-1
173,108,448.00,468.00,97.00,185.00,0.694296,-1,-1,-1
173,138,397.00,505.00,58.00,124.00,0.409992,-1,-1,-1
173,152,1104.00,437.00,44.00,152.00,0.257992,-1,-1,-1
173,160,1284.00,407.00,107.00,520.00,0.422719,-1,-1,-1
173,164,564.00,448.00,29.00,80.00,0.428383,-1,-1,-1
174,4,1149.00,417.00,164.00,593.00,0.863007,-1,-1,-1
174,7,832.00,407.00,92.00,298.00,0.794371,-1,-1,-1
174,8,388.00,466.00,29.00,63.00,0.167534,-1,-1,-1
174,16,1852.00,476.00,58.00,177.00,0.134555,-1,-1,-1
174,22,1314.00,395.00,251.00,677.00,0.789258,-1,-1,-1
174,46,1693.00,431.00,94.00,157.00,0.355426,-1,-1,-1
174,55,750.00,436.00,104.00,297.00,0.849513,-1,-1,-1
174,56,614.00,435.00,88.00,273.00,0.755731,-1,-1,-1
174,101,0.00,401.00,346.00,668.00,0.946673,-1,-1,-1
174,103,1506.00,410.00,133.00,391.00,0.885975,-1,-1,-1
174,108,441.00,470.00,97.00,188.00,0.694738,-1,-1,-1
174,138,387.00,501.00,63.00,135.00,0.443328,-1,-1,-1
174,152,1104.00,436.00,43.00,153.00,0.417217,-1,-1,-1
174,160,1289.00,407.00,110.00,539.00,0.359353,-1,-1,-1
174,164,564.00,449.00,30.00,80.00,0.454491,-1,-1,-1
174,167,1299.00,407.00,104.00,284.00,0.451125,-1,-1,-1
175,4,1153.00,417.00,165.00,595.00,0.878617,-1,-1,-1
175,7,834.00,406.00,92.00,300.00,0.767195,-1,-1,-1
175,16,1850.00,466.00,62.00,188.00,0.333850,-1,-1,-1
175,22,1322.00,394.00,248.00,679.00,0.840612,-1,-1,-1
175,42,892.00,430.00,88.00,248.00,0.463719,-1,-1,-1
175,46,1690.00,431.00,97.00,162.00,0.341000,-1,-1,-1
175,55,750.00,434.00,106.00,299.00,0.854068,-1,-1,-1
175,56,617.00,436.00,87.00,271.00,0.778480,-1,-1,-1
175,101,0.00,396.00,335.00,673.00,0.944560,-1,-1,-1
175,103,1519.00,411.00,135.00,392.00,0.890213,-1,-1,-1
175,108,436.00,471.00,95.00,189.00,0.756825,-1,-1,-1
175,138,380.00,501.00,64.00,138.00,0.505918,-1,-1,-1
175,152,1103.00,437.00,43.00,152.00,0.393260,-1,-1,-1
175,160,1296.00,408.00,114.00,559.00,0.174274,-1,-1,-1
175,164,565.00,449.00,30.00,80.00,0.508524,-1,-1,-1
175,167,1302.00,408.00,104.00,285.00,0.483033,-1,-1,-1
176,4,1156.00,417.00,166.00,595.00,0.867916,-1,-1,-1
176,7,834.00,407.00,91.00,299.00,0.756344,-1,-1,-1
176,16,1845.00,416.00,75.00,237.00,0.340622,-1,-1,-1
176,22,1328.00,396.00,244.00,678.00,0.847684,-1,-1,-1
176,42,898.00,429.00,89.00,250.00,0.485020,-1,-1,-1
176,46,1686.00,430.00,104.00,177.00,0.366549,-1,-1,-1
176,55,750.00,433.00,106.00,298.00,0.851312,-1,-1,-1
176,56,624.00,437.00,85.00,267.00,0.788066,-1,-1,-1
176,101,0.00,389.00,324.00,679.00,0.933145,-1,-1,-1
176,103,1531.00,412.00,140.00,394.00,0.899058,-1,-1,-1
176,108,429.00,474.00,94.00,187.00,0.706487,-1,-1,-1
176,138,376.00,502.00,63.00,135.00,0.372342,-1,-1,-1
176,152,1103.00,438.00,43.00,151.00,0.147163,-1,-1,-1
176,160,1300.00,408.00,111.00,547.00,0.528920,-1,-1,-1
176,164,565.00,448.00,30.00,80.00,0.490669,-1,-1,-1
176,167,1302.00,410.00,107.00,294.00,0.343785,-1,-1,-1
176,170,528.00,455.00,27.00,75.00,0.360296,-1,-1,-1
177,4,1160.00,417.00,166.00,594.00,0.862076,-1,-1,-1
177,7,835.00,408.00,91.00,299.00,0.753615,-1,-1,-1
177,16,1847.00,439.00,69.00,214.00,0.335506,-1,-1,-1
177,22,1333.00,396.00,240.00,677.00,0.873730,-1,-1,-1
177,42,903.00,431.00,89.00,244.00,0.518797,-1,-1,-1
177,46,1689.00,429.00,98.00,170.00,0.350761,-1,-1,-1
177,55,751.00,432.00,107.00,299.00,0.845231,-1,-1,-1
177,56,629.00,437.00,84.00,264.00,0.787477,-1,-1,-1
177,101,0.00,385.00,311.00,681.00,0.932212,-1,-1,-1
177,103,1542.00,413.00,145.00,395.00,0.909789,-1,-1,-1
177,108,422.00,473.00,94.00,188.00,0.721735,-1,-1,-1
177,138,371.00,502.00,58.00,123.00,0.382923,-1,-1,-1
177,152,1103.00,438.00,43.00,152.00,0.286242,-1,-1,-1
177,160,1306.00,407.00,109.00,546.00,0.581824,-1,-1,-1
177,164,565.00,448.00,29.00,80.00,0.560961,-1,-1,-1
177,167,1307.00,409.00,109.00,303.00,0.323492,-1,-1,-1
177,170,528.00,455.00,27.00,75.00,0.426545,-1,-1,-1
178,4,1164.00,416.00,167.00,594.00,0.866923,-1,-1,-1
178,7,835.00,408.00,90.00,300.00,0.744447,-1,-1,-1
178,16,1848.00,455.00,66.00,199.00,0.263214,-1,-1,-1
178,22,1340.00,397.00,237.00,676.00,0.854424,-1,-1,-1
178,42,906.00,434.00,91.00,242.00,0.669098,-1,-1,-1
178,46,1688.00,429.00,99.00,171.00,0.371320,-1,-1,-1
178,55,756.00,433.00,106.00,295.00,0.853337,-1,-1,-1
178,56,633.00,436.00,83.00,263.00,0.804963,-1,-1,-1
178,101,0.00,384.00,298.00,682.00,0.927455,-1,-1,-1
178,103,1551.00,412.00,152.00,401.00,0.907614,-1,-1,-1
178,108,414.00,476.00,95.00,191.00,0.666012,-1,-1,-1
178,138,370.00,506.00,58.00,123.00,0.134153,-1,-1,-1
178,152,1104.00,440.00,43.00,151.00,0.320039,-1,-1,-1
178,160,1310.00,407.00,108.00,546.00,0.451828,-1,-1,-1
178,164,564.00,448.00,30.00,81.00,0.522743,-1,-1,-1
178,167,1310.00,409.00,108.00,303.00,0.353855,-1,-1,-1
178,170,529.00,456.00,26.00,73.00,0.402378,-1,-1,-1
179,4,1169.00,417.00,167.00,593.00,0.854021,-1,-1,-1
179,7,837.00,409.00,89.00,299.00,0.793466,-1,-1,-1
179,16,1850.00,471.00,62.00,182.00,0.156945,-1,-1,-1
179,22,1346.00,392.00,239.00,684.00,0.859596,-1,-1,-1
179,42,907.00,434.00,93.00,243.00,0.714251,-1,-1,-1
179,46,1691.00,430.00,94.00,162.00,0.408383,-1,-1,-1
179,55,762.00,431.00,104.00,293.00,0.845051,-1,-1,-1
179,56,635.00,434.00,84.00,265.00,0.800574,-1,-1,-1
179,101,0.00,388.00,282.00,677.00,0.916445,-1,-1,-1
179,103,1558.00,412.00,159.00,407.00,0.903550,-1,-1,-1
179,108,409.00,478.00,93.00,190.00,0.680533,-1,-1,-1
179,138,362.00,503.00,59.00,124.00,0.351231,-1,-1,-1
179,152,1102.00,438.00,44.00,152.00,0.393415,-1,-1,-1
179,160,1316.00,407.00,106.00,546.00,0.554575,-1,-1,-1
179,164,564.00,449.00,30.00,81.00,0.473175,-1,-1,-1
179,167,1314.00,409.00,110.00,311.00,0.227959,-1,-1,-1
179,170,530.00,457.00,25.00,72.00,0.354940,-1,-1,-1
180,4,1174.00,418.00,167.00,591.00,0.863357,-1,-1,-1
180,7,837.00,409.00,88.00,299.00,0.796894,-1,-1,-1
180,16,1850.00,473.00,62.00,180.00,0.185045,-1,-1,-1
180,22,1354.00,389.00,240.00,688.00,0.882386,-1,-1,-1
180,42,908.00,435.00,94.00,243.00,0.715267,-1,-1,-1
180,46,1691.00,429.00,93.00,161.00,0.342175,-1,-1,-1
180,55,769.00,431.00,104.00,291.00,0.817807,-1,-1,-1
180,56,636.00,434.00,85.00,267.00,0.815328,-1,-1,-1
180,101,0.00,404.00,267.00,663.00,0.899355,-1,-1,-1
180,103,1563.00,412.00,165.00,411.00,0.899315,-1,-1,-1
180,108,402.00,477.00,92.00,190.00,0.688344,-1,-1,-1
180,138,357.00,506.00,57.00,116.00,0.311369,-1,-1,-1
180,152,1101.00,437.00,45.00,155.00,0.309409,-1,-1,-1
180,160,1322.00,405.00,106.00,545.00,0.592756,-1,-1,-1
180,164,564.00,450.00,30.00,80.00,0.512736,-1,-1,-1
180,167,1316.00,408.00,114.00,324.00,0.119461,-1,-1,-1
180,170,530.00,459.00,25.00,69.00,0.351331,-1,-1,-1
181,4,1178.00,417.00,166.00,592.00,0.872646,-1,-1,-1
181,7,840.00,409.00,87.00,299.00,0.793996,-1,-1,-1
181,22,1363.00,390.00,241.00,686.00,0.873015,-1,-1,-1
181,42,910.00,435.00,94.00,243.00,0.730107,-1,-1,-1
181,46,1692.00,430.00,92.00,159.00,0.278778,-1,-1,-1
181,55,778.00,432.00,101.00,288.00,0.831415,-1,-1,-1
181,56,637.00,433.00,86.00,269.00,0.812633,-1,-1,-1
181,101,0.00,430.00,247.00,638.00,0.899002,-1,-1,-1
181,103,1566.00,414.00,168.00,411.00,0.885434,-1,-1,-1
181,108,394.00,480.00,91.00,186.00,0.613477,-1,-1,-1
181,138,355.00,505.00,57.00,113.00,0.233286,-1,-1,-1
181,152,1105.00,439.00,44.00,154.00,0.204083,-1,-1,-1
181,160,1327.00,404.00,104.00,544.00,0.591771,-1,-1,-1
181,164,566.00,451.00,29.00,80.00,0.459228,-1,-1,-1
181,170,531.00,460.00,25.00,67.00,0.248424,-1,-1,-1
182,4,1183.00,417.00,166.00,592.00,0.878187,-1,-1,-1
182,7,843.00,409.00,87.00,299.00,0.789900,-1,-1,-1
182,22,1368.00,389.00,244.00,688.00,0.859436,-1,-1,-1
182,42,911.00,439.00,93.00,240.00,0.724690,-1,-1,-1
182,46,1693.00,431.00,92.00,158.00,0.205461,-1,-1,-1
182,55,786.00,432.00,99.00,289.00,0.798990,-1,-1,-1
182,56,641.00,432.00,84.00,266.00,0.839032,-1,-1,-1
182,101,0.00,482.00,221.00,587.00,0.849442,-1,-1,-1
182,103,1567.00,416.00,169.00,411.00,0.866647,-1,-1,-1
182,108,388.00,478.00,93.00,191.00,0.656523,-1,-1,-1
182,131,749.00,445.00,32.00,90.00,0.351246,-1,-1,-1
182,138,350.00,508.00,53.00,104.00,0.177551,-1,-1,-1
182,152,1108.00,440.00,43.00,153.00,0.238886,-1,-1,-1
182,160,1332.00,405.00,104.00,543.00,0.698440,-1,-1,-1
182,164,567.00,453.00,29.00,78.00,0.461716,-1,-1,-1
182,170,532.00,460.00,24.00,67.00,0.316179,-1,-1,-1
183,1,744.00,443.00,39.00,135.00,0.534894,-1,-1,-1
183,4,1188.00,417.00,165.00,591.00,0.859796,-1,-1,-1
183,7,844.00,409.00,86.00,299.00,0.721395,-1,-1,-1
183,22,1372.00,391.00,247.00,686.00,0.887348,-1,-1,-1
183,42,910.00,439.00,94.00,240.00,0.723960,-1,-1,-1
183,46,1694.00,431.00,91.00,156.00,0.214066,-1,-1,-1
183,55,790.00,433.00,98.00,292.00,0.806700,-1,-1,-1
183,56,647.00,433.00,85.00,264.00,0.817491,-1,-1,-1
183,101,0.00,541.00,193.00,526.00,0.547242,-1,-1,-1
183,103,1572.00,416.00,169.00,411.00,0.856693,-1,-1,-1
183,108,381.00,478.00,94.00,194.00,0.660464,-1,-1,-1
183,138,343.00,509.00,55.00,110.00,0.176502,-1,-1,-1
183,152,1110.00,440.00,43.00,153.00,0.246386,-1,-1,-1
183,160,1336.00,405.00,104.00,544.00,0.668282,-1,-1,-1
183,164,567.00,453.00,29.00,78.00,0.412063,-1,-1,-1
183,170,532.00,461.00,24.00,66.00,0.236469,-1,-1,-1
184,1,742.00,444.00,39.00,134.00,0.501755,-1,-1,-1
184,4,1192.00,418.00,165.00,590.00,0.863552,-1,-1,-1
184,7,848.00,408.00,83.00,297.00,0.704103,-1,-1,-1
184,22,1374.00,394.00,249.00,682.00,0.891185,-1,-1,-1
184,42,909.00,439.00,95.00,240.00,0.749611,-1,-1,-1
184,46,1696.00,431.00,88.00,153.00,0.182203,-1,-1,-1
184,55,795.00,433.00,95.00,291.00,0.792225,-1,-1,-1
184,56,654.00,432.00,87.00,265.00,0.857599,-1,-1,-1
184,101,0.00,569.00,173.00,499.00,0.572213,-1,-1,-1
184,103,1576.00,415.00,168.00,410.00,0.856225,-1,-1,-1
184,108,370.00,478.00,92.00,191.00,0.599559,-1,-1,-1
184,138,334.00,508.00,57.00,112.00,0.207789,-1,-1,-1
184,152,1111.00,439.00,42.00,152.00,0.204974,-1,-1,-1
184,160,1339.00,409.00,102.00,540.00,0.638167,-1,-1,-1
184,164,567.00,452.00,29.00,79.00,0.448067,-1,-1,-1
184,170,533.00,461.00,24.00,66.00,0.314246,-1,-1,-1
184,174,24.00,530.00,70.00,117.00,0.649815,-1,-1,-1
185,1,740.00,443.00,39.00,134.00,0.599816,-1,-1,-1
185,4,1199.00,418.00,165.00,591.00,0.854785,-1,-1,-1
185,7,851.00,407.00,81.00,296.00,0.662320,-1,-1,-1
185,16,1846.00,441.00,72.00,214.00,0.317229,-1,-1,-1
185,22,1375.00,395.00,252.00,682.00,0.896889,-1,-1,-1
185,42,907.00,437.00,97.00,244.00,0.770898,-1,-1,-1
185,46,1695.00,430.00,89.00,154.00,0.260848,-1,-1,-1
185,55,801.00,434.00,96.00,292.00,0.798779,-1,-1,-1
185,56,656.00,432.00,89.00,265.00,0.876922,-1,-1,-1
185,101,0.00,580.00,140.00,409.00,0.516959,-1,-1,-1
185,103,1583.00,415.00,172.00,419.00,0.838508,-1,-1,-1
185,108,361.00,479.00,92.00,190.00,0.618788,-1,-1,-1
185,138,329.00,508.00,58.00,114.00,0.120506,-1,-1,-1
185,152,1112.00,438.00,42.00,152.00,0.205687,-1,-1,-1
185,160,1344.00,408.00,103.00,540.00,0.698653,-1,-1,-1
185,164,567.00,451.00,30.00,81.00,0.458359,-1,-1,-1
185,170,532.00,460.00,25.00,68.00,0.282282,-1,-1,-1
185,174,11.00,527.00,73.00,121.00,0.459162,-1,-1,-1
186,1,739.00,445.00,39.00,130.00,0.578173,-1,-1,-1
186,4,1206.00,418.00,167.00,592.00,0.861092,-1,-1,-1
186,7,857.00,408.00,78.00,292.00,0.521685,-1,-1,-1
186,16,1849.00,460.00,67.00,194.00,0.147688,-1,-1,-1
186,22,1378.00,393.00,255.00,683.00,0.890966,-1,-1,-1
186,42,910.00,434.00,97.00,246.00,0.721359,-1,-1,-1
186,46,1686.00,428.00,103.00,182.00,0.283108,-1,-1,-1
186,55,809.00,435.00,97.00,291.00,0.800596,-1,-1,-1
186,56,657.00,430.00,93.00,266.00,0.890724,-1,-1,-1
186,101,0.00,547.00,127.00,415.00,0.426391,-1,-1,-1
186,103,1590.00,414.00,173.00,424.00,0.825845,-1,-1,-1
186,108,352.00,478.00,96.00,197.00,0.663691,-1,-1,-1
186,152,1113.00,440.00,42.00,151.00,0.162716,-1,-1,-1
186,160,1348.00,407.00,103.00,537.00,0.709598,-1,-1,-1
186,164,567.00,451.00,30.00,79.00,0.479778,-1,-1,-1
186,170,532.00,460.00,25.00,68.00,0.306695,-1,-1,-1
186,174,1.00,529.00,78.00,130.00,0.613205,-1,-1,-1
187,1,738.00,446.00,38.00,126.00,0.568704,-1,-1,-1
187,4,1210.00,417.00,169.00,592.00,0.860136,-1,-1,-1
187,7,847.00,412.00,81.00,303.00,0.115315,-1,-1,-1
187,16,1850.00,442.00,70.00,211.00,0.217435,-1,-1,-1
187,22,1376.00,393.00,258.00,683.00,0.864062,-1,-1,-1
187,42,913.00,435.00,96.00,244.00,0.707583,-1,-1,-1
187,46,1683.00,428.00,109.00,198.00,0.494311,-1,-1,-1
187,55,815.00,434.00,100.00,291.00,0.858082,-1,-1,-1
187,56,659.00,429.00,94.00,266.00,0.888625,-1,-1,-1
187,103,1595.00,412.00,172.00,428.00,0.851087,-1,-1,-1
187,108,343.00,478.00,97.00,198.00,0.479591,-1,-1,-1
187,152,1116.00,443.00,40.00,147.00,0.165269,-1,-1,-1
187,160,1352.00,408.00,102.00,536.00,0.683105,-1,-1,-1
187,164,567.00,451.00,30.00,80.00,0.495895,-1,-1,-1
187,170,532.00,460.00,26.00,69.00,0.267694,-1,-1,-1
187,174,0.00,530.00,76.00,144.00,0.555487,-1,-1,-1
188,1,737.00,446.00,37.00,126.00,0.550536,-1,-1,-1
188,4,1213.00,418.00,169.00,591.00,0.865325,-1,-1,-1
188,16,1849.00,430.00,71.00,223.00,0.291511,-1,-1,-1
188,22,1375.00,390.00,262.00,685.00,0.854685,-1,-1,-1
188,42,918.00,438.00,94.00,241.00,0.715241,-1,-1,-1
188,46,1683.00,427.00,110.00,205.00,0.557552,-1,-1,-1
188,55,819.00,434.00,103.00,291.00,0.873048,-1,-1,-1
188,56,660.00,432.00,96.00,265.00,0.900934,-1,-1,-1
188,103,1600.00,408.00,172.00,432.00,0.828102,-1,-1,-1
188,108,336.00,480.00,97.00,197.00,0.652081,-1,-1,-1
188,152,1116.00,445.00,40.00,145.00,0.168787,-1,-1,-1
188,160,1355.00,411.00,103.00,535.00,0.721122,-1,-1,-1
188,164,567.00,451.00,30.00,80.00,0.530529,-1,-1,-1
188,170,533.00,461.00,25.00,69.00,0.244263,-1,-1,-1
188,174,0.00,531.00,70.00,142.00,0.674356,-1,-1,-1
189,1,736.00,444.00,38.00,127.00,0.532326,-1,-1,-1
189,4,1215.00,418.00,172.00,591.00,0.868380,-1,-1,-1
189,16,1850.00,429.00,70.00,225.00,0.285170,-1,-1,-1
189,22,1375.00,389.00,263.00,684.00,0.832069,-1,-1,-1
189,42,924.00,434.00,93.00,245.00,0.693574,-1,-1,-1
189,46,1688.00,425.00,108.00,207.00,0.460723,-1,-1,-1
189,55,821.00,437.00,105.00,288.00,0.881696,-1,-1,-1
189,56,659.00,432.00,99.00,267.00,0.908446,-1,-1,-1
189,92,421.00,460.00,36.00,109.00,0.378266,-1,-1,-1
189,103,1604.00,406.00,170.00,434.00,0.809742,-1,-1,-1
189,108,326.00,482.00,97.00,196.00,0.702183,-1,-1,-1
189,152,1116.00,441.00,40.00,148.00,0.212311,-1,-1,-1
189,160,1361.00,411.00,104.00,534.00,0.737470,-1,-1,-1
189,164,567.00,450.00,30.00,80.00,0.526234,-1,-1,-1
189,170,533.00,460.00,25.00,69.00,0.271383,-1,-1,-1
189,174,0.00,536.00,64.00,139.00,0.554567,-1,-1,-1
190,1,734.00,442.00,39.00,130.00,0.500282,-1,-1,-1
190,4,1217.00,417.00,174.00,592.00,0.882735,-1,-1,-1
190,16,1848.00,415.00,72.00,240.00,0.313733,-1,-1,-1
190,22,1373.00,389.00,264.00,683.00,0.862727,-1,-1,-1
190,42,935.00,432.00,92.00,246.00,0.700272,-1,-1,-1
190,46,1690.00,423.00,114.00,227.00,0.127729,-1,-1,-1
190,55,823.00,438.00,108.00,288.00,0.876988,-1,-1,-1
190,56,658.00,432.00,102.00,268.00,0.903457,-1,-1,-1
190,92,420.00,462.00,37.00,108.00,0.435596,-1,-1,-1
190,103,1612.00,404.00,170.00,435.00,0.752818,-1,-1,-1
190,108,320.00,483.00,99.00,199.00,0.660536,-1,-1,-1
190,152,1115.00,437.00,41.00,153.00,0.373072,-1,-1,-1
190,160,1366.00,411.00,105.00,534.00,0.713615,-1,-1,-1
190,164,566.00,450.00,31.00,79.00,0.515842,-1,-1,-1
190,170,535.00,460.00,24.00,69.00,0.238562,-1,-1,-1
190,174,0.00,545.00,60.00,145.00,0.511512,-1,-1,-1
191,1,732.00,442.00,39.00,131.00,0.521145,-1,-1,-1
191,4,1218.00,418.00,176.00,590.00,0.891167,-1,-1,-1
191,16,1847.00,403.00,73.00,251.00,0.404398,-1,-1,-1
191,22,1375.00,386.00,265.00,685.00,0.838397,-1,-1,-1
191,42,951.00,433.00,91.00,245.00,0.721195,-1,-1,-1
191,55,823.00,441.00,111.00,285.00,0.871620,-1,-1,-1
191,56,659.00,432.00,104.00,269.00,0.905674,-1,-1,-1
191,92,419.00,462.00,38.00,108.00,0.425004,-1,-1,-1
191,103,1619.00,407.00,167.00,433.00,0.776337,-1,-1,-1
191,108,310.00,482.00,100.00,202.00,0.712307,-1,-1,-1
191,152,1115.00,436.00,42.00,154.00,0.314897,-1,-1,-1
191,160,1370.00,410.00,106.00,532.00,0.748141,-1,-1,-1
191,164,566.00,451.00,31.00,79.00,0.549500,-1,-1,-1
191,170,534.00,460.00,25.00,68.00,0.331398,-1,-1,-1
192,1,729.00,441.00,39.00,133.00,0.537512,-1,-1,-1
192,4,1219.00,420.00,177.00,587.00,0.890007,-1,-1,-1
192,16,1848.00,397.00,72.00,257.00,0.267801,-1,-1,-1
192,22,1376.00,387.00,266.00,684.00,0.849821,-1,-1,-1
192,42,956.00,432.00,91.00,246.00,0.710255,-1,-1,-1
192,55,823.00,441.00,113.00,286.00,0.841395,-1,-1,-1
192,56,661.00,433.00,105.00,268.00,0.888307,-1,-1,-1
192,92,420.00,459.00,38.00,112.00,0.394499,-1,-1,-1
192,103,1625.00,406.00,167.00,436.00,0.823983,-1,-1,-1
192,108,303.00,482.00,104.00,206.00,0.638456,-1,-1,-1
192,152,1115.00,435.00,42.00,155.00,0.257553,-1,-1,-1
192,160,1374.00,411.00,108.00,535.00,0.768322,-1,-1,-1
192,164,566.00,451.00,32.00,80.00,0.499201,-1,-1,-1
192,170,535.00,460.00,25.00,69.00,0.218889,-1,-1,-1
193,1,728.00,441.00,39.00,133.00,0.361680,-1,-1,-1
193,4,1220.00,420.00,180.00,588.00,0.888752,-1,-1,-1
193,16,1847.00,393.00,73.00,261.00,0.363252,-1,-1,-1
193,22,1379.00,386.00,267.00,685.00,0.866142,-1,-1,-1
193,42,963.00,431.00,92.00,248.00,0.746437,-1,-1,-1
193,55,822.00,443.00,116.00,284.00,0.850976,-1,-1,-1
193,56,661.00,434.00,106.00,268.00,0.882728,-1,-1,-1
193,92,420.00,461.00,38.00,109.00,0.394832,-1,-1,-1
193,103,1631.00,406.00,156.00,408.00,0.785556,-1,-1,-1
193,108,294.00,482.00,103.00,206.00,0.671028,-1,-1,-1
193,152,1114.00,437.00,43.00,152.00,0.155582,-1,-1,-1
193,160,1381.00,410.00,109.00,537.00,0.784199,-1,-1,-1
193,164,566.00,450.00,32.00,82.00,0.476266,-1,-1,-1
193,170,535.00,459.00,25.00,70.00,0.256283,-1,-1,-1
194,1,729.00,445.00,37.00,129.00,0.250036,-1,-1,-1
194,4,1222.00,419.00,183.00,590.00,0.883338,-1,-1,-1
194,16,1846.00,390.00,74.00,265.00,0.385801,-1,-1,-1
194,22,1383.00,381.00,268.00,690.00,0.876130,-1,-1,-1
194,42,965.00,432.00,93.00,246.00,0.724260,-1,-1,-1
194,55,825.00,443.00,118.00,285.00,0.861755,-1,-1,-1
194,56,661.00,435.00,107.00,267.00,0.883258,-1,-1,-1
194,92,420.00,465.00,37.00,104.00,0.384739,-1,-1,-1
194,103,1638.00,406.00,147.00,383.00,0.792207,-1,-1,-1
194,108,282.00,482.00,103.00,208.00,0.699888,-1,-1,-1
194,152,1116.00,438.00,42.00,150.00,0.121455,-1,-1,-1
194,160,1386.00,410.00,112.00,545.00,0.788946,-1,-1,-1
194,164,565.00,450.00,33.00,82.00,0.511789,-1,-1,-1
194,170,536.00,459.00,25.00,70.00,0.253298,-1,-1,-1
195,4,1222.00,419.00,185.00,590.00,0.885526,-1,-1,-1
195,16,1848.00,388.00,72.00,266.00,0.333891,-1,-1,-1
195,22,1390.00,379.00,270.00,693.00,0.866482,-1,-1,-1
195,42,969.00,433.00,93.00,245.00,0.793851,-1,-1,-1
195,55,828.00,445.00,118.00,283.00,0.784720,-1,-1,-1
195,56,661.00,435.00,107.00,267.00,0.881873,-1,-1,-1
195,92,420.00,468.00,36.00,101.00,0.359902,-1,-1,-1
195,103,1643.00,404.00,146.00,381.00,0.813423,-1,-1,-1
195,108,273.00,479.00,104.00,213.00,0.712258,-1,-1,-1
195,152,1107.00,439.00,43.00,150.00,0.203519,-1,-1,-1
195,160,1390.00,410.00,116.00,555.00,0.765513,-1,-1,-1
195,164,565.00,450.00,33.00,82.00,0.502983,-1,-1,-1
195,170,537.00,461.00,24.00,67.00,0.275161,-1,-1,-1
196,4,1223.00,418.00,189.00,592.00,0.894672,-1,-1,-1
196,16,1849.00,390.00,71.00,264.00,0.348691,-1,-1,-1
196,22,1398.00,380.00,270.00,693.00,0.852051,-1,-1,-1
196,42,974.00,434.00,95.00,244.00,0.780764,-1,-1,-1
196,55,833.00,445.00,118.00,283.00,0.833138,-1,-1,-1
196,56,663.00,434.00,107.00,268.00,0.878391,-1,-1,-1
196,92,420.00,468.00,36.00,101.00,0.359344,-1,-1,-1
196,103,1645.00,404.00,152.00,396.00,0.822163,-1,-1,-1
196,108,266.00,478.00,106.00,216.00,0.683725,-1,-1,-1
196,152,1104.00,442.00,43.00,147.00,0.278472,-1,-1,-1
196,160,1395.00,409.00,118.00,559.00,0.762313,-1,-1,-1
196,164,566.00,450.00,32.00,82.00,0.468859,-1,-1,-1
196,170,538.00,461.00,24.00,67.00,0.324967,-1,-1,-1
197,4,1228.00,419.00,191.00,591.00,0.891569,-1,-1,-1
197,16,1849.00,389.00,71.00,265.00,0.368791,-1,-1,-1
197,22,1415.00,377.00,273.00,698.00,0.845744,-1,-1,-1
197,42,976.00,437.00,96.00,241.00,0.842482,-1,-1,-1
197,55,837.00,437.00,120.00,289.00,0.810741,-1,-1,-1
197,56,665.00,432.00,108.00,270.00,0.873639,-1,-1,-1
197,92,420.00,467.00,36.00,102.00,0.390405,-1,-1,-1
197,103,1660.00,404.00,172.00,447.00,0.806165,-1,-1,-1
197,108,263.00,475.00,108.00,224.00,0.592311,-1,-1,-1
197,152,1101.00,446.00,43.00,144.00,0.277441,-1,-1,-1
197,160,1400.00,408.00,119.00,558.00,0.811170,-1,-1,-1
197,164,566.00,451.00,32.00,81.00,0.429952,-1,-1,-1
197,170,538.00,462.00,25.00,68.00,0.364017,-1,-1,-1
198,4,1232.00,419.00,193.00,591.00,0.885563,-1,-1,-1
198,16,1848.00,387.00,72.00,267.00,0.380618,-1,-1,-1
198,22,1425.00,375.00,274.00,700.00,0.853487,-1,-1,-1
198,42,979.00,438.00,98.00,240.00,0.846321,-1,-1,-1
198,55,844.00,437.00,117.00,289.00,0.838450,-1,-1,-1
198,56,670.00,432.00,106.00,270.00,0.869639,-1,-1,-1
198,92,421.00,470.00,35.00,99.00,0.342417,-1,-1,-1
198,103,1669.00,407.00,180.00,463.00,0.846926,-1,-1,-1
198,108,249.00,477.00,108.00,224.00,0.673870,-1,-1,-1
198,152,1097.00,448.00,43.00,141.00,0.225930,-1,-1,-1
198,160,1403.00,407.00,122.00,557.00,0.809783,-1,-1,-1
198,164,567.00,451.00,32.00,82.00,0.427121,-1,-1,-1
198,170,538.00,462.00,25.00,71.00,0.340583,-1,-1,-1
198,189,382.00,465.00,46.00,108.00,0.360408,-1,-1,-1
199,4,1238.00,417.00,194.00,592.00,0.890320,-1,-1,-1
199,16,1848.00,414.00,69.00,241.00,0.389389,-1,-1,-1
199,22,1435.00,374.00,271.00,702.00,0.855880,-1,-1,-1
199,42,979.00,439.00,99.00,240.00,0.815979,-1,-1,-1
199,55,850.00,437.00,114.00,289.00,0.805899,-1,-1,-1
199,56,676.00,432.00,104.00,270.00,0.845405,-1,-1,-1
199,92,420.00,468.00,36.00,101.00,0.338831,-1,-1,-1
199,103,1679.00,408.00,187.00,472.00,0.853648,-1,-1,-1
199,108,236.00,477.00,106.00,222.00,0.664682,-1,-1,-1
199,152,1098.00,447.00,45.00,143.00,0.316778,-1,-1,-1
199,160,1407.00,409.00,124.00,555.00,0.816506,-1,-1,-1
199,164,568.00,452.00,31.00,81.00,0.339901,-1,-1,-1
199,170,538.00,463.00,26.00,70.00,0.377447,-1,-1,-1
199,189,381.00,464.00,47.00,109.00,0.256726,-1,-1,-1
200,4,1245.00,416.00,195.00,592.00,0.878131,-1,-1,-1
200,16,1849.00,404.00,70.00,250.00,0.347641,-1,-1,-1
200,22,1450.00,372.00,270.00,704.00,0.834327,-1,-1,-1
200,42,980.00,441.00,101.00,238.00,0.805595,-1,-1,-1
200,55,855.00,438.00,113.00,288.00,0.827976,-1,-1,-1
200,56,685.00,431.00,101.00,272.00,0.840986,-1,-1,-1
200,92,420.00,467.00,37.00,102.00,0.350554,-1,-1,-1
200,103,1688.00,411.00,189.00,472.00,0.812567,-1,-1,-1
200,108,222.00,477.00,108.00,227.00,0.720955,-1,-1,-1
200,152,1101.00,440.00,48.00,150.00,0.443859,-1,-1,-1
200,160,1409.00,409.00,128.00,554.00,0.839997,-1,-1,-1
200,164,569.00,452.00,32.00,81.00,0.388702,-1,-1,-1
200,170,539.00,463.00,25.00,70.00,0.342911,-1,-1,-1
200,189,381.00,464.00,47.00,109.00,0.394934,-1,-1,-1
201,4,1253.00,415.00,195.00,594.00,0.885337,-1,-1,-1
201,16,1852.00,394.00,68.00,260.00,0.243870,-1,-1,-1
201,22,1471.00,371.00,266.00,703.00,0.853855,-1,-1,-1
201,42,980.00,441.00,103.00,238.00,0.803930,-1,-1,-1
201,55,861.00,436.00,112.00,290.00,0.829369,-1,-1,-1
201,56,690.00,431.00,97.00,271.00,0.824426,-1,-1,-1
201,92,420.00,465.00,37.00,104.00,0.340147,-1,-1,-1
201,103,1700.00,412.00,195.00,477.00,0.869648,-1,-1,-1
201,108,217.00,480.00,110.00,231.00,0.696796,-1,-1,-1
201,152,1101.00,436.00,50.00,154.00,0.364748,-1,-1,-1
201,160,1410.00,411.00,132.00,554.00,0.860678,-1,-1,-1
201,164,570.00,452.00,31.00,81.00,0.374764,-1,-1,-1
201,170,539.00,461.00,25.00,72.00,0.388822,-1,-1,-1
201,189,381.00,463.00,47.00,110.00,0.404034,-1,-1,-1
202,4,1264.00,414.00,195.00,600.00,0.854574,-1,-1,-1
202,7,858.00,407.00,77.00,291.00,0.440609,-1,-1,-1
202,22,1485.00,374.00,259.00,700.00,0.863040,-1,-1,-1
202,42,982.00,443.00,103.00,236.00,0.790122,-1,-1,-1
202,55,874.00,437.00,110.00,289.00,0.717674,-1,-1,-1
202,56,695.00,432.00,95.00,270.00,0.796162,-1,-1,-1
202,92,420.00,463.00,37.00,106.00,0.331936,-1,-1,-1
202,103,1705.00,412.00,201.00,486.00,0.852284,-1,-1,-1
202,108,206.00,483.00,111.00,232.00,0.667785,-1,-1,-1
202,152,1100.00,446.00,49.00,146.00,0.281054,-1,-1,-1
202,160,1412.00,411.00,136.00,554.00,0.851399,-1,-1,-1
202,164,569.00,450.00,32.00,83.00,0.405703,-1,-1,-1
202,170,539.00,460.00,26.00,74.00,0.320323,-1,-1,-1
202,189,381.00,463.00,48.00,110.00,0.363102,-1,-1,-1
203,4,1277.00,412.00,194.00,605.00,0.848832,-1,-1,-1
203,7,860.00,407.00,75.00,290.00,0.505929,-1,-1,-1
203,22,1495.00,371.00,256.00,701.00,0.848616,-1,-1,-1
203,42,986.00,444.00,103.00,236.00,0.791688,-1,-1,-1
203,55,885.00,437.00,108.00,290.00,0.768849,-1,-1,-1
203,56,700.00,432.00,92.00,270.00,0.790597,-1,-1,-1
203,92,419.00,460.00,38.00,110.00,0.295189,-1,-1,-1
203,103,1711.00,411.00,206.00,497.00,0.882886,-1,-1,-1
203,108,195.00,482.00,113.00,235.00,0.680049,-1,-1,-1
203,152,1099.00,443.00,51.00,150.00,0.323565,-1,-1,-1
203,160,1417.00,410.00,138.00,551.00,0.842623,-1,-1,-1
203,164,570.00,450.00,32.00,83.00,0.423555,-1,-1,-1
203,170,539.00,462.00,26.00,72.00,0.332160,-1,-1,-1
203,189,382.00,463.00,46.00,107.00,0.277308,-1,-1,-1
204,4,1287.00,411.00,192.00,609.00,0.840513,-1,-1,-1
204,7,862.00,407.00,73.00,289.00,0.497010,-1,-1,-1
204,22,1502.00,370.00,253.00,702.00,0.851703,-1,-1,-1
204,42,993.00,455.00,97.00,225.00,0.743536,-1,-1,-1
204,55,894.00,438.00,107.00,288.00,0.766913,-1,-1,-1
204,56,703.00,431.00,90.00,271.00,0.761147,-1,-1,-1
204,92,418.00,459.00,39.00,111.00,0.275526,-1,-1,-1
204,103,1714.00,406.00,206.00,505.00,0.890708,-1,-1,-1
204,108,183.00,483.00,114.00,238.00,0.708376,-1,-1,-1
204,152,1099.00,449.00,50.00,144.00,0.293468,-1,-1,-1
204,160,1422.00,409.00,140.00,553.00,0.797097,-1,-1,-1
204,164,570.00,451.00,32.00,83.00,0.418965,-1,-1,-1
204,170,539.00,463.00,26.00,72.00,0.333197,-1,-1,-1
204,189,381.00,463.00,46.00,108.00,0.198929,-1,-1,-1
205,4,1294.00,411.00,193.00,622.00,0.846257,-1,-1,-1
205,7,864.00,409.00,72.00,290.00,0.714805,-1,-1,-1
205,22,1507.00,369.00,250.00,703.00,0.840795,-1,-1,-1
205,42,1000.00,459.00,94.00,221.00,0.684039,-1,-1,-1
205,55,903.00,440.00,107.00,286.00,0.814071,-1,-1,-1
205,56,709.00,429.00,91.00,273.00,0.765064,-1,-1,-1
205,92,418.00,459.00,39.00,111.00,0.332805,-1,-1,-1
205,103,1719.00,402.00,201.00,509.00,0.878557,-1,-1,-1
205,108,165.00,481.00,116.00,242.00,0.734523,-1,-1,-1
205,152,1098.00,442.00,53.00,152.00,0.240140,-1,-1,-1
205,160,1429.00,408.00,141.00,556.00,0.779178,-1,-1,-1
205,164,571.00,452.00,31.00,81.00,0.442770,-1,-1,-1
205,170,539.00,465.00,26.00,70.00,0.346384,-1,-1,-1
205,189,381.00,463.00,47.00,109.00,0.290354,-1,-1,-1
205,193,634.00,451.00,29.00,90.00,0.421802,-1,-1,-1
206,4,1300.00,411.00,194.00,632.00,0.858127,-1,-1,-1
206,7,865.00,409.00,71.00,292.00,0.710488,-1,-1,-1
206,22,1511.00,369.00,247.00,703.00,0.847738,-1,-1,-1
206,42,1005.00,458.00,93.00,222.00,0.627923,-1,-1,-1
206,55,909.00,442.00,108.00,283.00,0.816829,-1,-1,-1
206,56,715.00,427.00,91.00,274.00,0.784862,-1,-1,-1
206,92,418.00,460.00,38.00,109.00,0.364367,-1,-1,-1
206,103,1724.00,398.00,196.00,515.00,0.891628,-1,-1,-1
206,108,157.00,481.00,116.00,242.00,0.706651,-1,-1,-1
206,152,1098.00,438.00,54.00,156.00,0.409513,-1,-1,-1
206,160,1442.00,427.00,135.00,539.00,0.702135,-1,-1,-1
206,164,571.00,452.00,31.00,80.00,0.473227,-1,-1,-1
206,170,539.00,464.00,26.00,71.00,0.357246,-1,-1,-1
206,189,382.00,462.00,44.00,105.00,0.319586,-1,-1,-1
206,193,634.00,452.00,29.00,88.00,0.416748,-1,-1,-1
207,4,1310.00,410.00,193.00,640.00,0.866278,-1,-1,-1
207,7,866.00,409.00,71.00,292.00,0.748995,-1,-1,-1
207,22,1516.00,369.00,246.00,702.00,0.821850,-1,-1,-1
207,42,1015.00,463.00,87.00,216.00,0.584152,-1,-1,-1
207,55,915.00,444.00,111.00,283.00,0.823827,-1,-1,-1
207,56,721.00,425.00,92.00,276.00,0.815379,-1,-1,-1
207,92,417.00,459.00,39.00,111.00,0.377905,-1,-1,-1
207,103,1730.00,396.00,190.00,515.00,0.878418,-1,-1,-1
207,108,143.00,482.00,117.00,244.00,0.710366,-1,-1,-1
207,152,1098.00,436.00,55.00,158.00,0.163470,-1,-1,-1
207,160,1447.00,414.00,137.00,552.00,0.782927,-1,-1,-1
207,164,571.00,451.00,31.00,81.00,0.480230,-1,-1,-1
207,170,539.00,461.00,27.00,74.00,0.398072,-1,-1,-1
207,189,381.00,462.00,47.00,110.00,0.385147,-1,-1,-1
207,193,634.00,452.00,29.00,89.00,0.393380,-1,-1,-1
208,4,1323.00,410.00,196.00,644.00,0.873035,-1,-1,-1
208,7,867.00,409.00,71.00,293.00,0.741341,-1,-1,-1
208,22,1526.00,368.00,247.00,705.00,0.842391,-1,-1,-1
208,42,1018.00,448.00,90.00,232.00,0.593609,-1,-1,-1
208,55,917.00,444.00,115.00,283.00,0.836321,-1,-1,-1
208,56,724.00,426.00,93.00,275.00,0.808158,-1,-1,-1
208,92,417.00,459.00,39.00,111.00,0.384090,-1,-1,-1
208,103,1738.00,395.00,182.00,514.00,0.887927,-1,-1,-1
208,108,129.00,481.00,119.00,246.00,0.708488,-1,-1,-1
208,152,1098.00,434.00,57.00,159.00,0.319294,-1,-1,-1
208,160,1453.00,409.00,137.00,564.00,0.771894,-1,-1,-1
208,164,571.00,451.00,31.00,81.00,0.456853,-1,-1,-1
208,170,539.00,460.00,27.00,75.00,0.427955,-1,-1,-1
208,189,382.00,462.00,44.00,105.00,0.261421,-1,-1,-1
208,193,634.00,452.00,29.00,88.00,0.362543,-1,-1,-1
209,4,1333.00,412.00,200.00,646.00,0.859928,-1,-1,-1
209,7,870.00,409.00,71.00,292.00,0.730505,-1,-1,-1
209,22,1536.00,367.00,250.00,708.00,0.853783,-1,-1,-1
209,42,1022.00,438.00,91.00,240.00,0.678189,-1,-1,-1
209,55,917.00,446.00,117.00,281.00,0.857719,-1,-1,-1
209,56,726.00,426.00,96.00,275.00,0.828514,-1,-1,-1
209,92,418.00,460.00,38.00,110.00,0.341680,-1,-1,-1
209,103,1747.00,393.00,173.00,514.00,0.871535,-1,-1,-1
209,108,112.00,479.00,120.00,246.00,0.724168,-1,-1,-1
209,152,1099.00,433.00,57.00,162.00,0.496255,-1,-1,-1
209,160,1458.00,408.00,137.00,573.00,0.788247,-1,-1,-1
209,164,571.00,451.00,31.00,81.00,0.468591,-1,-1,-1
209,170,539.00,460.00,27.00,74.00,0.363544,-1,-1,-1
209,189,381.00,462.00,46.00,109.00,0.239160,-1,-1,-1
209,193,635.00,453.00,29.00,88.00,0.312286,-1,-1,-1
210,4,1338.00,412.00,203.00,645.00,0.873357,-1,-1,-1
210,7,873.00,408.00,71.00,293.00,0.751286,-1,-1,-1
210,22,1546.00,371.00,253.00,705.00,0.864658,-1,-1,-1
210,42,1034.00,449.00,86.00,230.00,0.580643,-1,-1,-1
210,55,918.00,446.00,121.00,282.00,0.870884,-1,-1,-1
210,56,726.00,426.00,98.00,276.00,0.830105,-1,-1,-1
210,92,418.00,460.00,39.00,111.00,0.384309,-1,-1,-1
210,103,1756.00,393.00,164.00,514.00,0.853200,-1,-1,-1
210,108,100.00,481.00,123.00,250.00,0.683228,-1,-1,-1
210,152,1099.00,436.00,56.00,157.00,0.409549,-1,-1,-1
210,160,1464.00,409.00,134.00,563.00,0.740597,-1,-1,-1
210,164,571.00,449.00,32.00,84.00,0.469564,-1,-1,-1
210,170,539.00,459.00,28.00,75.00,0.351283,-1,-1,-1
210,189,382.00,462.00,44.00,105.00,0.242053,-1,-1,-1
210,193,635.00,452.00,29.00,90.00,0.322330,-1,-1,-1
211,4,1340.00,414.00,206.00,646.00,0.852462,-1,-1,-1
211,7,875.00,409.00,71.00,291.00,0.719501,-1,-1,-1
211,22,1558.00,370.00,257.00,706.00,0.866551,-1,-1,-1
211,42,1039.00,448.00,87.00,231.00,0.678435,-1,-1,-1
211,55,918.00,446.00,124.00,281.00,0.867423,-1,-1,-1
211,56,731.00,430.00,99.00,271.00,0.842665,-1,-1,-1
211,92,419.00,464.00,37.00,107.00,0.313699,-1,-1,-1
211,103,1765.00,391.00,155.00,505.00,0.862760,-1,-1,-1
211,108,87.00,481.00,128.00,253.00,0.684050,-1,-1,-1
211,152,1098.00,434.00,57.00,158.00,0.393552,-1,-1,-1
211,160,1469.00,410.00,131.00,559.00,0.723948,-1,-1,-1
211,164,571.00,450.00,31.00,82.00,0.479913,-1,-1,-1
211,170,539.00,460.00,28.00,74.00,0.315004,-1,-1,-1
211,189,381.00,463.00,46.00,109.00,0.255632,-1,-1,-1
211,193,636.00,453.00,29.00,90.00,0.334363,-1,-1,-1
212,1,695.00,447.00,36.00,126.00,0.381603,-1,-1,-1
212,4,1340.00,417.00,209.00,646.00,0.870342,-1,-1,-1
212,7,877.00,409.00,72.00,291.00,0.724837,-1,-1,-1
212,22,1568.00,368.00,261.00,708.00,0.874655,-1,-1,-1
212,42,1045.00,449.00,87.00,229.00,0.752611,-1,-1,-1
212,55,917.00,446.00,127.00,281.00,0.863973,-1,-1,-1
212,56,731.00,431.00,101.00,270.00,0.847827,-1,-1,-1
212,92,418.00,463.00,38.00,108.00,0.317191,-1,-1,-1
212,103,1772.00,389.00,148.00,515.00,0.866808,-1,-1,-1
212,108,72.00,478.00,133.00,261.00,0.714846,-1,-1,-1
212,152,1098.00,434.00,56.00,157.00,0.250097,-1,-1,-1
212,160,1475.00,411.00,128.00,550.00,0.758475,-1,-1,-1
212,164,570.00,449.00,32.00,83.00,0.475346,-1,-1,-1
212,170,540.00,460.00,27.00,73.00,0.263940,-1,-1,-1
212,189,381.00,462.00,46.00,112.00,0.259465,-1,-1,-1
212,193,637.00,452.00,31.00,91.00,0.357864,-1,-1,-1
213,1,693.00,447.00,37.00,127.00,0.507511,-1,-1,-1
213,4,1339.00,420.00,213.00,644.00,0.887598,-1,-1,-1
213,7,877.00,409.00,72.00,291.00,0.771952,-1,-1,-1
213,22,1576.00,369.00,265.00,707.00,0.882770,-1,-1,-1
213,42,1047.00,443.00,90.00,236.00,0.749645,-1,-1,-1
213,55,918.00,457.00,125.00,270.00,0.862701,-1,-1,-1
213,56,733.00,433.00,101.00,268.00,0.856010,-1,-1,-1
213,92,419.00,464.00,36.00,107.00,0.326017,-1,-1,-1
213,103,1779.00,388.00,141.00,517.00,0.854915,-1,-1,-1
213,108,59.00,476.00,135.00,263.00,0.752448,-1,-1,-1
213,152,1100.00,438.00,55.00,154.00,0.322233,-1,-1,-1
213,160,1482.00,413.00,125.00,543.00,0.696079,-1,-1,-1
213,164,571.00,449.00,31.00,83.00,0.482008,-1,-1,-1
213,170,541.00,457.00,28.00,75.00,0.298769,-1,-1,-1
213,189,380.00,463.00,47.00,111.00,0.226327,-1,-1,-1
213,193,638.00,452.00,31.00,91.00,0.373387,-1,-1,-1
214,1,691.00,446.00,36.00,127.00,0.571242,-1,-1,-1
214,4,1337.00,420.00,215.00,645.00,0.880472,-1,-1,-1
214,7,876.00,410.00,73.00,290.00,0.778262,-1,-1,-1
214,22,1582.00,370.00,270.00,707.00,0.869203,-1,-1,-1
214,42,1049.00,442.00,93.00,237.00,0.797869,-1,-1,-1
214,55,916.00,455.00,129.00,271.00,0.894170,-1,-1,-1
214,56,734.00,433.00,102.00,268.00,0.860007,-1,-1,-1
214,92,418.00,461.00,38.00,110.00,0.378287,-1,-1,-1
214,103,1788.00,387.00,132.00,516.00,0.862620,-1,-1,-1
214,108,44.00,478.00,136.00,264.00,0.767493,-1,-1,-1
214,152,1099.00,436.00,56.00,157.00,0.320895,-1,-1,-1
214,160,1489.00,411.00,125.00,543.00,0.674902,-1,-1,-1
214,164,571.00,450.00,31.00,83.00,0.494550,-1,-1,-1
214,170,541.00,457.00,28.00,75.00,0.373618,-1,-1,-1
214,189,380.00,462.00,47.00,113.00,0.286055,-1,-1,-1
214,193,639.00,453.00,30.00,90.00,0.439548,-1,-1,-1
215,1,689.00,446.00,37.00,125.00,0.666126,-1,-1,-1
215,4,1336.00,420.00,217.00,646.00,0.889132,-1,-1,-1
215,7,877.00,409.00,73.00,291.00,0.771838,-1,-1,-1
215,22,1587.00,373.00,271.00,705.00,0.878139,-1,-1,-1
215,42,1050.00,440.00,94.00,239.00,0.790754,-1,-1,-1
215,55,916.00,454.00,131.00,272.00,0.894716,-1,-1,-1
215,56,734.00,430.00,103.00,270.00,0.873525,-1,-1,-1
215,92,418.00,460.00,38.00,110.00,0.357419,-1,-1,-1
215,103,1795.00,386.00,125.00,516.00,0.848766,-1,-1,-1
215,108,31.00,478.00,140.00,264.00,0.758571,-1,-1,-1
215,152,1099.00,436.00,56.00,157.00,0.321748,-1,-1,-1
215,160,1495.00,419.00,124.00,535.00,0.642925,-1,-1,-1
215,164,571.00,450.00,31.00,83.00,0.489913,-1,-1,-1
215,170,541.00,457.00,28.00,75.00,0.347716,-1,-1,-1
215,189,381.00,463.00,46.00,111.00,0.297862,-1,-1,-1
215,193,640.00,455.00,30.00,88.00,0.276385,-1,-1,-1
216,1,688.00,445.00,37.00,126.00,0.651887,-1,-1,-1
216,4,1337.00,420.00,219.00,647.00,0.896660,-1,-1,-1
216,7,879.00,409.00,74.00,292.00,0.800713,-1,-1,-1
216,22,1588.00,375.00,273.00,702.00,0.866130,-1,-1,-1
216,42,1050.00,439.00,96.00,240.00,0.815759,-1,-1,-1
216,55,915.00,453.00,134.00,273.00,0.887306,-1,-1,-1
216,56,735.00,429.00,104.00,270.00,0.836584,-1,-1,-1
216,92,419.00,462.00,37.00,108.00,0.352450,-1,-1,-1
216,103,1804.00,386.00,116.00,507.00,0.817429,-1,-1,-1
216,108,20.00,478.00,143.00,265.00,0.714424,-1,-1,-1
216,152,1101.00,436.00,55.00,156.00,0.403412,-1,-1,-1
216,160,1501.00,418.00,124.00,533.00,0.728667,-1,-1,-1
216,164,571.00,451.00,31.00,83.00,0.459934,-1,-1,-1
216,170,541.00,457.00,28.00,75.00,0.342724,-1,-1,-1
216,189,381.00,462.00,46.00,112.00,0.235090,-1,-1,-1
216,193,641.00,455.00,29.00,88.00,0.277097,-1,-1,-1
217,1,687.00,445.00,37.00,128.00,0.653102,-1,-1,-1
217,4,1339.00,418.00,222.00,650.00,0.885870,-1,-1,-1
217,7,879.00,409.00,75.00,293.00,0.829072,-1,-1,-1
217,22,1586.00,376.00,274.00,699.00,0.847574,-1,-1,-1
217,42,1053.00,447.00,93.00,232.00,0.824282,-1,-1,-1
217,55,916.00,449.00,137.00,277.00,0.884114,-1,-1,-1
217,56,740.00,429.00,103.00,270.00,0.830610,-1,-1,-1
217,92,419.00,458.00,38.00,113.00,0.367761,-1,-1,-1
217,103,1812.00,391.00,108.00,494.00,0.805009,-1,-1,-1
217,108,8.00,483.00,145.00,267.00,0.806616,-1,-1,-1
217,152,1102.00,434.00,54.00,156.00,0.417558,-1,-1,-1
217,160,1508.00,415.00,124.00,535.00,0.717288,-1,-1,-1
217,164,571.00,450.00,32.00,84.00,0.444616,-1,-1,-1
217,170,542.00,457.00,27.00,75.00,0.350765,-1,-1,-1
217,189,381.00,463.00,46.00,111.00,0.215885,-1,-1,-1
217,193,641.00,454.00,30.00,89.00,0.351650,-1,-1,-1
218,1,686.00,446.00,37.00,126.00,0.630973,-1,-1,-1
218,4,1341.00,415.00,224.00,649.00,0.897378,-1,-1,-1
218,7,880.00,409.00,75.00,291.00,0.839137,-1,-1,-1
218,22,1586.00,375.00,275.00,700.00,0.820282,-1,-1,-1
218,42,1053.00,450.00,94.00,229.00,0.797147,-1,-1,-1
218,55,920.00,448.00,137.00,276.00,0.879854,-1,-1,-1
218,56,744.00,428.00,103.00,270.00,0.822641,-1,-1,-1
218,92,418.00,457.00,39.00,115.00,0.396118,-1,-1,-1
218,103,1824.00,406.00,96.00,475.00,0.730911,-1,-1,-1
218,108,0.00,491.00,142.00,257.00,0.787624,-1,-1,-1
218,152,1102.00,434.00,53.00,156.00,0.470134,-1,-1,-1
218,160,1515.00,415.00,125.00,540.00,0.712628,-1,-1,-1
218,164,571.00,451.00,32.00,83.00,0.470014,-1,-1,-1
218,170,542.00,459.00,27.00,73.00,0.370943,-1,-1,-1
218,189,381.00,463.00,46.00,111.00,0.192168,-1,-1,-1
218,193,641.00,454.00,31.00,90.00,0.397043,-1,-1,-1
219,1,684.00,446.00,38.00,125.00,0.606739,-1,-1,-1
219,4,1344.00,413.00,227.00,651.00,0.890213,-1,-1,-1
219,7,880.00,409.00,77.00,293.00,0.864677,-1,-1,-1
219,22,1585.00,376.00,276.00,700.00,0.864150,-1,-1,-1
219,42,1053.00,445.00,97.00,234.00,0.784926,-1,-1,-1
219,55,924.00,447.00,136.00,274.00,0.884264,-1,-1,-1
219,56,747.00,427.00,100.00,265.00,0.821881,-1,-1,-1
219,92,419.00,463.00,37.00,108.00,0.359291,-1,-1,-1
219,103,1836.00,420.00,84.00,446.00,0.714628,-1,-1,-1
219,108,0.00,483.00,139.00,265.00,0.817826,-1,-1,-1
219,152,1104.00,436.00,52.00,154.00,0.148124,-1,-1,-1
219,160,1523.00,419.00,126.00,538.00,0.679074,-1,-1,-1
219,164,571.00,450.00,31.00,84.00,0.447572,-1,-1,-1
219,170,542.00,458.00,27.00,73.00,0.395196,-1,-1,-1
219,189,381.00,464.00,46.00,110.00,0.177137,-1,-1,-1
219,193,642.00,452.00,32.00,92.00,0.302393,-1,-1,-1
220,1,683.00,446.00,37.00,123.00,0.604621,-1,-1,-1
220,4,1348.00,412.00,230.00,655.00,0.888867,-1,-1,-1
220,7,880.00,409.00,78.00,294.00,0.865262,-1,-1,-1
220,22,1587.00,377.00,276.00,698.00,0.852849,-1,-1,-1
220,42,1052.00,439.00,99.00,240.00,0.811140,-1,-1,-1
220,55,929.00,447.00,135.00,273.00,0.870007,-1,-1,-1
220,56,752.00,427.00,99.00,262.00,0.773784,-1,-1,-1
220,92,418.00,456.00,39.00,116.00,0.370634,-1,-1,-1
220,108,0.00,482.00,133.00,266.00,0.694398,-1,-1,-1
220,160,1531.00,417.00,127.00,541.00,0.697325,-1,-1,-1
220,164,572.00,452.00,30.00,81.00,0.453127,-1,-1,-1
220,170,542.00,460.00,26.00,72.00,0.362863,-1,-1,-1
220,189,382.00,462.00,43.00,104.00,0.208582,-1,-1,-1
220,193,645.00,453.00,31.00,92.00,0.241398,-1,-1,-1
221,1,681.00,447.00,38.00,123.00,0.585904,-1,-1,-1
221,4,1351.00,410.00,233.00,657.00,0.893212,-1,-1,-1
221,7,880.00,408.00,79.00,296.00,0.856674,-1,-1,-1
221,22,1587.00,377.00,278.00,698.00,0.844230,-1,-1,-1
221,42,1052.00,438.00,100.00,241.00,0.817356,-1,-1,-1
221,55,938.00,447.00,132.00,272.00,0.851379,-1,-1,-1
221,56,760.00,430.00,95.00,257.00,0.790640,-1,-1,-1
221,92,418.00,459.00,38.00,111.00,0.360985,-1,-1,-1
221,108,0.00,482.00,128.00,267.00,0.663579,-1,-1,-1
221,160,1539.00,415.00,128.00,542.00,0.766719,-1,-1,-1
221,164,572.00,454.00,30.00,79.00,0.481368,-1,-1,-1
221,170,542.00,462.00,26.00,70.00,0.391733,-1,-1,-1
221,189,383.00,461.00,41.00,98.00,0.224189,-1,-1,-1
221,193,646.00,454.00,32.00,92.00,0.192556,-1,-1,-1
221,205,719.00,450.00,29.00,90.00,0.446268,-1,-1,-1
222,1,679.00,450.00,38.00,120.00,0.618793,-1,-1,-1
222,4,1357.00,410.00,233.00,657.00,0.885103,-1,-1,-1
222,7,881.00,408.00,81.00,296.00,0.859994,-1,-1,-1
222,22,1587.00,375.00,279.00,700.00,0.801546,-1,-1,-1
222,42,1053.00,438.00,100.00,240.00,0.805187,-1,-1,-1
222,55,948.00,447.00,131.00,274.00,0.785474,-1,-1,-1
222,56,768.00,428.00,93.00,259.00,0.768638,-1,-1,-1
222,92,418.00,460.00,38.00,110.00,0.370131,-1,-1,-1
222,108,0.00,508.00,109.00,241.00,0.696879,-1,-1,-1
222,160,1543.00,414.00,131.00,548.00,0.775229,-1,-1,-1
222,164,573.00,456.00,30.00,77.00,0.529627,-1,-1,-1
222,170,543.00,462.00,25.00,70.00,0.450544,-1,-1,-1
222,189,384.00,462.00,39.00,91.00,0.212260,-1,-1,-1
222,193,647.00,456.00,32.00,90.00,0.207206,-1,-1,-1
222,205,718.00,448.00,30.00,92.00,0.475912,-1,-1,-1
223,1,677.00,450.00,39.00,120.00,0.644655,-1,-1,-1
223,4,1364.00,409.00,234.00,658.00,0.881711,-1,-1,-1
223,7,884.00,407.00,83.00,298.00,0.851848,-1,-1,-1
223,22,1591.00,372.00,279.00,702.00,0.785393,-1,-1,-1
223,42,1054.00,438.00,100.00,240.00,0.798145,-1,-1,-1
223,55,960.00,444.00,131.00,276.00,0.786680,-1,-1,-1
223,56,771.00,429.00,92.00,262.00,0.716362,-1,-1,-1
223,92,419.00,456.00,38.00,114.00,0.410098,-1,-1,-1
223,108,0.00,521.00,101.00,236.00,0.503155,-1,-1,-1
223,160,1546.00,413.00,136.00,559.00,0.773741,-1,-1,-1
223,164,574.00,455.00,30.00,79.00,0.577663,-1,-1,-1
223,170,543.00,461.00,26.00,71.00,0.464983,-1,-1,-1
223,189,386.00,461.00,36.00,82.00,0.272268,-1,-1,-1
223,193,648.00,455.00,31.00,91.00,0.271135,-1,-1,-1
223,205,718.00,448.00,30.00,91.00,0.495910,-1,-1,-1
224,1,676.00,453.00,39.00,117.00,0.668800,-1,-1,-1
224,4,1375.00,408.00,233.00,661.00,0.857827,-1,-1,-1
224,7,890.00,407.00,83.00,299.00,0.830281,-1,-1,-1
224,22,1600.00,372.00,282.00,703.00,0.752943,-1,-1,-1
224,42,1057.00,440.00,98.00,238.00,0.774723,-1,-1,-1
224,55,967.00,442.00,131.00,278.00,0.728799,-1,-1,-1
224,56,775.00,428.00,92.00,263.00,0.699785,-1,-1,-1
224,92,419.00,456.00,38.00,114.00,0.341738,-1,-1,-1
224,108,0.00,533.00,88.00,227.00,0.401823,-1,-1,-1
224,160,1552.00,411.00,140.00,569.00,0.765667,-1,-1,-1
224,164,573.00,454.00,31.00,80.00,0.596650,-1,-1,-1
224,170,543.00,461.00,27.00,73.00,0.518466,-1,-1,-1
224,189,388.00,461.00,30.00,64.00,0.197060,-1,-1,-1
224,193,647.00,454.00,33.00,92.00,0.502890,-1,-1,-1
224,205,718.00,448.00,31.00,91.00,0.532294,-1,-1,-1
225,1,675.00,451.00,40.00,118.00,0.681750,-1,-1,-1
225,4,1387.00,408.00,231.00,661.00,0.849097,-1,-1,-1
225,7,894.00,407.00,83.00,300.00,0.815874,-1,-1,-1
225,22,1608.00,368.00,287.00,706.00,0.824131,-1,-1,-1
225,42,1059.00,438.00,99.00,240.00,0.766160,-1,-1,-1
225,55,976.00,442.00,128.00,279.00,0.739410,-1,-1,-1
225,56,781.00,428.00,90.00,263.00,0.736965,-1,-1,-1
225,92,419.00,455.00,38.00,116.00,0.356201,-1,-1,-1
225,160,1554.00,409.00,146.00,582.00,0.797194,-1,-1,-1
225,164,573.00,453.00,31.00,80.00,0.616810,-1,-1,-1
225,170,542.00,460.00,28.00,74.00,0.530739,-1,-1,-1
225,189,389.00,461.00,28.00,58.00,0.213237,-1,-1,-1
225,193,648.00,455.00,32.00,92.00,0.332469,-1,-1,-1
225,205,718.00,448.00,31.00,92.00,0.555896,-1,-1,-1
226,1,674.00,451.00,41.00,119.00,0.656692,-1,-1,-1
226,4,1404.00,408.00,227.00,661.00,0.868911,-1,-1,-1
226,7,898.00,407.00,82.00,299.00,0.815880,-1,-1,-1
226,22,1607.00,368.00,289.00,706.00,0.831617,-1,-1,-1
226,42,1067.00,438.00,98.00,238.00,0.754284,-1,-1,-1
226,55,982.00,442.00,126.00,280.00,0.710386,-1,-1,-1
226,56,783.00,430.00,91.00,260.00,0.756145,-1,-1,-1
226,92,419.00,455.00,38.00,116.00,0.398577,-1,-1,-1
226,160,1554.00,408.00,152.00,589.00,0.799201,-1,-1,-1
226,164,572.00,452.00,32.00,81.00,0.624113,-1,-1,-1
226,170,542.00,460.00,28.00,74.00,0.573669,-1,-1,-1
226,189,388.00,461.00,29.00,56.00,0.232434,-1,-1,-1
226,193,649.00,463.00,30.00,83.00,0.243743,-1,-1,-1
226,205,718.00,448.00,31.00,92.00,0.598272,-1,-1,-1
227,1,673.00,450.00,42.00,120.00,0.661105,-1,-1,-1
227,4,1418.00,408.00,222.00,661.00,0.882484,-1,-1,-1
227,7,902.00,406.00,82.00,300.00,0.817759,-1,-1,-1
227,22,1611.00,372.00,291.00,703.00,0.881653,-1,-1,-1
227,42,1076.00,439.00,97.00,235.00,0.761930,-1,-1,-1
227,55,989.00,444.00,122.00,279.00,0.719275,-1,-1,-1
227,56,794.00,431.00,92.00,258.00,0.814583,-1,-1,-1
227,92,419.00,456.00,38.00,114.00,0.437825,-1,-1,-1
227,160,1558.00,409.00,157.00,592.00,0.806665,-1,-1,-1
227,164,573.00,450.00,32.00,83.00,0.628354,-1,-1,-1
227,170,543.00,461.00,27.00,73.00,0.460555,-1,-1,-1
227,193,648.00,457.00,31.00,89.00,0.279836,-1,-1,-1
227,205,718.00,450.00,30.00,90.00,0.582851,-1,-1,-1
228,1,671.00,451.00,42.00,118.00,0.695466,-1,-1,-1
228,4,1427.00,408.00,218.00,659.00,0.881412,-1,-1,-1
228,7,907.00,406.00,82.00,301.00,0.795709,-1,-1,-1
228,22,1615.00,372.00,293.00,702.00,0.827731,-1,-1,-1
228,42,1083.00,439.00,97.00,234.00,0.666750,-1,-1,-1
228,55,991.00,442.00,120.00,281.00,0.781629,-1,-1,-1
228,56,799.00,432.00,94.00,256.00,0.794501,-1,-1,-1
228,92,419.00,457.00,38.00,113.00,0.472014,-1,-1,-1
228,160,1565.00,410.00,161.00,594.00,0.793145,-1,-1,-1
228,164,573.00,450.00,32.00,83.00,0.620161,-1,-1,-1
228,170,543.00,460.00,27.00,74.00,0.503755,-1,-1,-1
228,193,649.00,455.00,31.00,90.00,0.174898,-1,-1,-1
228,205,718.00,450.00,30.00,90.00,0.583580,-1,-1,-1
228,214,382.00,463.00,44.00,110.00,0.396703,-1,-1,-1
229,1,669.00,451.00,41.00,118.00,0.735592,-1,-1,-1
229,4,1432.00,408.00,215.00,661.00,0.894401,-1,-1,-1
229,7,911.00,406.00,80.00,301.00,0.785651,-1,-1,-1
229,22,1618.00,375.00,293.00,699.00,0.809103,-1,-1,-1
229,42,1088.00,440.00,95.00,233.00,0.670222,-1,-1,-1
229,55,995.00,442.00,118.00,280.00,0.794734,-1,-1,-1
229,56,806.00,432.00,97.00,256.00,0.823117,-1,-1,-1
229,92,419.00,458.00,38.00,111.00,0.481570,-1,-1,-1
229,160,1580.00,410.00,163.00,601.00,0.839473,-1,-1,-1
229,164,573.00,449.00,32.00,84.00,0.583158,-1,-1,-1
229,170,543.00,459.00,26.00,75.00,0.499861,-1,-1,-1
229,193,649.00,455.00,30.00,89.00,0.147747,-1,-1,-1
229,205,718.00,450.00,30.00,90.00,0.609106,-1,-1,-1
229,214,382.00,464.00,43.00,109.00,0.491725,-1,-1,-1
230,1,667.00,451.00,42.00,116.00,0.729220,-1,-1,-1
230,4,1439.00,409.00,213.00,660.00,0.874444,-1,-1,-1
230,7,915.00,407.00,79.00,300.00,0.795482,-1,-1,-1
230,22,1621.00,372.00,295.00,702.00,0.872530,-1,-1,-1
230,42,1093.00,438.00,96.00,236.00,0.752458,-1,-1,-1
230,55,1001.00,441.00,117.00,281.00,0.840200,-1,-1,-1
230,56,805.00,433.00,100.00,254.00,0.839403,-1,-1,-1
230,92,419.00,453.00,39.00,118.00,0.460559,-1,-1,-1
230,160,1591.00,410.00,167.00,608.00,0.846114,-1,-1,-1
230,164,573.00,450.00,32.00,84.00,0.634544,-1,-1,-1
230,170,543.00,460.00,26.00,74.00,0.493900,-1,-1,-1
230,193,648.00,455.00,30.00,89.00,0.265061,-1,-1,-1
230,205,717.00,450.00,31.00,90.00,0.595138,-1,-1,-1
230,214,382.00,464.00,43.00,110.00,0.480120,-1,-1,-1
231,1,665.00,449.00,42.00,118.00,0.707723,-1,-1,-1
231,4,1448.00,408.00,213.00,661.00,0.882855,-1,-1,-1
231,7,918.00,405.00,80.00,303.00,0.813073,-1,-1,-1
231,22,1628.00,366.00,292.00,709.00,0.832640,-1,-1,-1
231,42,1095.00,443.00,95.00,233.00,0.673686,-1,-1,-1
231,55,1005.00,442.00,117.00,280.00,0.864231,-1,-1,-1
231,56,807.00,434.00,103.00,253.00,0.811399,-1,-1,-1
231,92,419.00,459.00,37.00,111.00,0.426850,-1,-1,-1
231,160,1600.00,410.00,169.00,612.00,0.861639,-1,-1,-1
231,164,573.00,451.00,32.00,84.00,0.584895,-1,-1,-1
231,170,542.00,459.00,27.00,76.00,0.546897,-1,-1,-1
231,193,647.00,455.00,30.00,88.00,0.184176,-1,-1,-1
231,205,717.00,449.00,30.00,92.00,0.566017,-1,-1,-1
231,214,382.00,465.00,43.00,108.00,0.481971,-1,-1,-1
232,1,663.00,448.00,42.00,119.00,0.731435,-1,-1,-1
232,4,1455.00,411.00,213.00,658.00,0.899186,-1,-1,-1
232,7,922.00,407.00,80.00,301.00,0.822959,-1,-1,-1
232,22,1637.00,362.00,283.00,712.00,0.783503,-1,-1,-1
232,42,1091.00,449.00,90.00,228.00,0.584387,-1,-1,-1
232,55,1010.00,443.00,116.00,278.00,0.856817,-1,-1,-1
232,56,809.00,436.00,103.00,251.00,0.831336,-1,-1,-1
232,92,420.00,463.00,35.00,106.00,0.435961,-1,-1,-1
232,160,1604.00,410.00,171.00,615.00,0.862159,-1,-1,-1
232,164,574.00,450.00,33.00,85.00,0.583163,-1,-1,-1
232,170,543.00,458.00,27.00,77.00,0.536383,-1,-1,-1
232,193,647.00,456.00,27.00,83.00,0.180260,-1,-1,-1
232,205,716.00,449.00,31.00,92.00,0.600642,-1,-1,-1
232,214,382.00,465.00,43.00,108.00,0.451467,-1,-1,-1
233,1,662.00,448.00,42.00,119.00,0.703682,-1,-1,-1
233,4,1456.00,411.00,214.00,658.00,0.899364,-1,-1,-1
233,7,925.00,408.00,80.00,301.00,0.799978,-1,-1,-1
233,22,1650.00,361.00,270.00,711.00,0.800215,-1,-1,-1
233,42,1092.00,450.00,87.00,227.00,0.650349,-1,-1,-1
233,55,1012.00,443.00,118.00,279.00,0.862821,-1,-1,-1
233,56,810.00,436.00,106.00,251.00,0.844229,-1,-1,-1
233,92,419.00,461.00,37.00,108.00,0.458935,-1,-1,-1
233,160,1610.00,409.00,172.00,619.00,0.833853,-1,-1,-1
233,164,575.00,449.00,32.00,86.00,0.569352,-1,-1,-1
233,170,543.00,458.00,27.00,77.00,0.509757,-1,-1,-1
233,193,648.00,458.00,26.00,80.00,0.167542,-1,-1,-1
233,205,716.00,449.00,31.00,93.00,0.600785,-1,-1,-1
233,214,382.00,464.00,43.00,109.00,0.491224,-1,-1,-1
234,1,662.00,448.00,41.00,119.00,0.653577,-1,-1,-1
234,4,1457.00,413.00,214.00,657.00,0.890841,-1,-1,-1
234,7,928.00,409.00,82.00,298.00,0.828273,-1,-1,-1
234,22,1667.00,362.00,253.00,710.00,0.837588,-1,-1,-1
234,42,1098.00,448.00,86.00,229.00,0.619245,-1,-1,-1
234,55,1014.00,443.00,118.00,280.00,0.858053,-1,-1,-1
234,56,810.00,435.00,108.00,252.00,0.852142,-1,-1,-1
234,92,419.00,453.00,39.00,117.00,0.465939,-1,-1,-1
234,160,1614.00,410.00,173.00,616.00,0.755807,-1,-1,-1
234,164,575.00,449.00,33.00,87.00,0.550053,-1,-1,-1
234,170,543.00,456.00,28.00,80.00,0.518101,-1,-1,-1
234,193,648.00,458.00,26.00,81.00,0.227393,-1,-1,-1
234,205,716.00,449.00,31.00,93.00,0.551346,-1,-1,-1
234,214,382.00,462.00,44.00,112.00,0.441013,-1,-1,-1
235,1,661.00,450.00,41.00,116.00,0.606738,-1,-1,-1
235,4,1459.00,412.00,215.00,657.00,0.908065,-1,-1,-1
235,7,930.00,409.00,83.00,298.00,0.844325,-1,-1,-1
235,22,1690.00,363.00,230.00,705.00,0.868939,-1,-1,-1
235,42,1101.00,445.00,86.00,231.00,0.634525,-1,-1,-1
235,55,1014.00,444.00,119.00,279.00,0.855082,-1,-1,-1
235,56,811.00,435.00,110.00,252.00,0.857756,-1,-1,-1
235,92,419.00,455.00,38.00,115.00,0.482678,-1,-1,-1
235,160,1622.00,409.00,173.00,617.00,0.829557,-1,-1,-1
235,164,576.00,451.00,32.00,85.00,0.532214,-1,-1,-1
235,170,544.00,458.00,28.00,78.00,0.491836,-1,-1,-1
235,193,649.00,460.00,25.00,78.00,0.183664,-1,-1,-1
235,205,715.00,449.00,31.00,93.00,0.585488,-1,-1,-1
235,214,382.00,463.00,44.00,111.00,0.423847,-1,-1,-1
236,1,661.00,452.00,40.00,114.00,0.618358,-1,-1,-1
236,4,1462.00,412.00,217.00,657.00,0.915240,-1,-1,-1
236,7,930.00,409.00,85.00,298.00,0.853358,-1,-1,-1
236,22,1706.00,364.00,214.00,708.00,0.910660,-1,-1,-1
236,42,1104.00,440.00,86.00,237.00,0.645065,-1,-1,-1
236,55,1015.00,447.00,119.00,276.00,0.856735,-1,-1,-1
236,56,812.00,434.00,111.00,252.00,0.857052,-1,-1,-1
236,92,418.00,451.00,40.00,120.00,0.506796,-1,-1,-1
236,160,1627.00,409.00,174.00,619.00,0.820859,-1,-1,-1
236,164,578.00,454.00,31.00,82.00,0.536634,-1,-1,-1
236,170,545.00,459.00,27.00,77.00,0.522391,-1,-1,-1
236,193,649.00,460.00,24.00,78.00,0.144135,-1,-1,-1
236,205,715.00,449.00,30.00,93.00,0.626823,-1,-1,-1
236,214,382.00,463.00,44.00,111.00,0.381768,-1,-1,-1
237,1,660.00,454.00,39.00,113.00,0.561994,-1,-1,-1
237,4,1464.00,410.00,219.00,659.00,0.913163,-1,-1,-1
237,7,931.00,410.00,86.00,298.00,0.848524,-1,-1,-1
237,22,1717.00,363.00,203.00,709.00,0.893184,-1,-1,-1
237,42,1107.00,441.00,84.00,235.00,0.670912,-1,-1,-1
237,55,1014.00,444.00,121.00,279.00,0.869076,-1,-1,-1
237,56,811.00,433.00,113.00,253.00,0.864204,-1,-1,-1
237,92,418.00,449.00,40.00,122.00,0.463227,-1,-1,-1
237,160,1633.00,410.00,174.00,616.00,0.828585,-1,-1,-1
237,164,579.00,455.00,30.00,82.00,0.562531,-1,-1,-1
237,170,545.00,461.00,27.00,76.00,0.519592,-1,-1,-1
237,205,714.00,449.00,31.00,92.00,0.651620,-1,-1,-1
237,214,382.00,463.00,44.00,110.00,0.382227,-1,-1,-1
238,1,659.00,453.00,39.00,114.00,0.611560,-1,-1,-1
238,4,1466.00,409.00,220.00,660.00,0.905643,-1,-1,-1
238,7,931.00,410.00,89.00,298.00,0.844318,-1,-1,-1
238,22,1728.00,362.00,192.00,709.00,0.897036,-1,-1,-1
238,42,1108.00,440.00,84.00,236.00,0.657904,-1,-1,-1
238,55,1014.00,442.00,122.00,281.00,0.840096,-1,-1,-1
238,56,812.00,434.00,113.00,253.00,0.870258,-1,-1,-1
238,92,418.00,452.00,39.00,118.00,0.461559,-1,-1,-1
238,160,1638.00,411.00,174.00,612.00,0.830135,-1,-1,-1
238,164,579.00,454.00,31.00,83.00,0.557818,-1,-1,-1
238,170,545.00,461.00,28.00,76.00,0.493732,-1,-1,-1
238,205,713.00,449.00,31.00,92.00,0.623010,-1,-1,-1
238,214,381.00,462.00,45.00,111.00,0.371539,-1,-1,-1
239,1,657.00,452.00,39.00,115.00,0.643340,-1,-1,-1
239,4,1468.00,409.00,222.00,662.00,0.876318,-1,-1,-1
239,7,932.00,410.00,91.00,297.00,0.841579,-1,-1,-1
239,22,1738.00,373.00,182.00,698.00,0.835354,-1,-1,-1
239,42,1109.00,439.00,82.00,237.00,0.666560,-1,-1,-1
239,55,1014.00,436.00,125.00,288.00,0.837140,-1,-1,-1
239,56,813.00,434.00,114.00,252.00,0.869623,-1,-1,-1
239,92,419.00,452.00,39.00,119.00,0.455540,-1,-1,-1
239,160,1643.00,411.00,173.00,604.00,0.811919,-1,-1,-1
239,164,579.00,453.00,31.00,85.00,0.535622,-1,-1,-1
239,170,545.00,460.00,28.00,77.00,0.522113,-1,-1,-1
239,205,711.00,448.00,32.00,94.00,0.577899,-1,-1,-1
239,214,382.00,464.00,43.00,109.00,0.417661,-1,-1,-1
240,1,655.00,452.00,39.00,114.00,0.620768,-1,-1,-1
240,4,1473.00,408.00,224.00,663.00,0.869697,-1,-1,-1
240,7,935.00,410.00,93.00,296.00,0.872520,-1,-1,-1
240,22,1747.00,379.00,173.00,694.00,0.853578,-1,-1,-1
240,42,1109.00,441.00,81.00,235.00,0.632299,-1,-1,-1
240,55,1020.00,435.00,124.00,288.00,0.815561,-1,-1,-1
240,56,816.00,433.00,114.00,252.00,0.867698,-1,-1,-1
240,92,419.00,451.00,39.00,120.00,0.463559,-1,-1,-1
240,160,1645.00,410.00,175.00,605.00,0.813380,-1,-1,-1
240,164,579.00,453.00,31.00,84.00,0.550546,-1,-1,-1
240,170,544.00,460.00,28.00,77.00,0.539856,-1,-1,-1
240,205,710.00,447.00,33.00,96.00,0.603549,-1,-1,-1
240,214,381.00,464.00,44.00,109.00,0.451337,-1,-1,-1
241,1,655.00,453.00,39.00,113.00,0.605325,-1,-1,-1
241,4,1479.00,408.00,225.00,664.00,0.867754,-1,-1,-1
241,7,937.00,410.00,96.00,295.00,0.846130,-1,-1,-1
241,22,1757.00,386.00,163.00,686.00,0.859920,-1,-1,-1
241,42,1111.00,441.00,80.00,235.00,0.571223,-1,-1,-1
241,55,1026.00,435.00,123.00,288.00,0.818943,-1,-1,-1
241,56,819.00,431.00,115.00,255.00,0.856089,-1,-1,-1
241,92,419.00,450.00,39.00,121.00,0.453267,-1,-1,-1
241,160,1647.00,409.00,177.00,609.00,0.788378,-1,-1,-1
241,164,579.00,452.00,31.00,86.00,0.556006,-1,-1,-1
241,170,543.00,460.00,29.00,77.00,0.537824,-1,-1,-1
241,205,710.00,447.00,33.00,96.00,0.605423,-1,-1,-1
241,214,381.00,464.00,44.00,109.00,0.454893,-1,-1,-1
242,1,654.00,454.00,39.00,113.00,0.638654,-1,-1,-1
242,4,1487.00,407.00,226.00,662.00,0.868903,-1,-1,-1
242,7,938.00,412.00,98.00,292.00,0.833836,-1,-1,-1
242,22,1766.00,389.00,154.00,681.00,0.859434,-1,-1,-1
242,42,1113.00,443.00,78.00,234.00,0.537533,-1,-1,-1
242,55,1032.00,438.00,120.00,284.00,0.795916,-1,-1,-1
242,56,823.00,431.00,114.00,254.00,0.838484,-1,-1,-1
242,92,419.00,451.00,39.00,120.00,0.491284,-1,-1,-1
242,160,1650.00,408.00,180.00,612.00,0.850364,-1,-1,-1
242,164,579.00,452.00,31.00,86.00,0.587070,-1,-1,-1
242,170,544.00,459.00,28.00,78.00,0.548650,-1,-1,-1
242,205,710.00,447.00,33.00,97.00,0.623901,-1,-1,-1
242,214,381.00,465.00,44.00,108.00,0.511697,-1,-1,-1
243,1,654.00,453.00,38.00,114.00,0.671362,-1,-1,-1
243,4,1495.00,406.00,227.00,664.00,0.861202,-1,-1,-1
243,7,937.00,411.00,101.00,293.00,0.846617,-1,-1,-1
243,22,1773.00,390.00,147.00,680.00,0.815968,-1,-1,-1
243,42,1117.00,443.00,77.00,235.00,0.486779,-1,-1,-1
243,55,1041.00,439.00,118.00,285.00,0.800298,-1,-1,-1
243,56,828.00,431.00,113.00,254.00,0.824202,-1,-1,-1
243,92,420.00,452.00,39.00,118.00,0.494532,-1,-1,-1
243,160,1653.00,408.00,181.00,611.00,0.830251,-1,-1,-1
243,164,579.00,452.00,31.00,86.00,0.613145,-1,-1,-1
243,170,544.00,458.00,29.00,79.00,0.539676,-1,-1,-1
243,205,710.00,447.00,33.00,97.00,0.612415,-1,-1,-1
243,214,381.00,464.00,45.00,110.00,0.513465,-1,-1,-1
244,1,655.00,452.00,37.00,113.00,0.667203,-1,-1,-1
244,4,1506.00,405.00,226.00,665.00,0.840883,-1,-1,-1
244,7,936.00,412.00,103.00,291.00,0.829963,-1,-1,-1
244,22,1782.00,416.00,138.00,654.00,0.727690,-1,-1,-1
244,42,1119.00,443.00,75.00,235.00,0.457773,-1,-1,-1
244,55,1051.00,440.00,117.00,284.00,0.760745,-1,-1,-1
244,56,836.00,429.00,112.00,256.00,0.805619,-1,-1,-1
244,92,419.00,452.00,39.00,118.00,0.430524,-1,-1,-1
244,160,1656.00,410.00,183.00,610.00,0.806522,-1,-1,-1
244,164,579.00,451.00,32.00,87.00,0.581549,-1,-1,-1
244,170,544.00,456.00,29.00,80.00,0.559444,-1,-1,-1
244,205,711.00,448.00,32.00,95.00,0.633354,-1,-1,-1
244,214,381.00,463.00,44.00,109.00,0.317865,-1,-1,-1
245,1,655.00,451.00,37.00,113.00,0.689850,-1,-1,-1
245,4,1521.00,405.00,223.00,664.00,0.851647,-1,-1,-1
245,7,938.00,413.00,105.00,289.00,0.831034,-1,-1,-1
245,22,1790.00,444.00,130.00,625.00,0.680068,-1,-1,-1
245,42,1121.00,442.00,74.00,235.00,0.440346,-1,-1,-1
245,55,1061.00,437.00,115.00,287.00,0.733763,-1,-1,-1
245,56,844.00,429.00,109.00,256.00,0.766240,-1,-1,-1
245,92,420.00,453.00,38.00,117.00,0.446255,-1,-1,-1
245,160,1662.00,412.00,183.00,604.00,0.779948,-1,-1,-1
245,164,579.00,450.00,32.00,87.00,0.596506,-1,-1,-1
245,170,544.00,454.00,31.00,83.00,0.592105,-1,-1,-1
245,205,712.00,449.00,32.00,94.00,0.651184,-1,-1,-1
245,214,381.00,464.00,44.00,108.00,0.374830,-1,-1,-1
246,1,655.00,451.00,37.00,113.00,0.683657,-1,-1,-1
246,4,1528.00,404.00,220.00,661.00,0.860339,-1,-1,-1
246,7,942.00,413.00,106.00,291.00,0.850409,-1,-1,-1
246,22,1792.00,427.00,128.00,644.00,0.727377,-1,-1,-1
246,42,1123.00,444.00,72.00,233.00,0.550006,-1,-1,-1
246,55,1070.00,439.00,111.00,285.00,0.723567,-1,-1,-1
246,56,855.00,429.00,107.00,256.00,0.718250,-1,-1,-1
246,92,420.00,454.00,38.00,116.00,0.434074,-1,-1,-1
246,160,1668.00,413.00,183.00,601.00,0.813274,-1,-1,-1
246,164,579.00,451.00,32.00,87.00,0.613491,-1,-1,-1
246,170,544.00,452.00,31.00,85.00,0.566256,-1,-1,-1
246,205,712.00,449.00,31.00,94.00,0.646940,-1,-1,-1
246,214,381.00,465.00,44.00,107.00,0.399034,-1,-1,-1
247,1,654.00,450.00,38.00,114.00,0.699687,-1,-1,-1
247,4,1534.00,403.00,219.00,665.00,0.863170,-1,-1,-1
247,7,944.00,412.00,107.00,291.00,0.866698,-1,-1,-1
247,22,1799.00,438.00,121.00,633.00,0.636318,-1,-1,-1
247,42,1126.00,443.00,72.00,234.00,0.474176,-1,-1,-1
247,55,1075.00,437.00,111.00,286.00,0.679222,-1,-1,-1
247,56,859.00,429.00,104.00,255.00,0.728405,-1,-1,-1
247,92,420.00,453.00,38.00,117.00,0.501503,-1,-1,-1
247,160,1679.00,412.00,182.00,601.00,0.807011,-1,-1,-1
247,164,580.00,450.00,31.00,87.00,0.628394,-1,-1,-1
247,170,545.00,449.00,32.00,88.00,0.569075,-1,-1,-1
247,205,712.00,449.00,32.00,95.00,0.657124,-1,-1,-1
247,214,381.00,465.00,44.00,107.00,0.427422,-1,-1,-1
248,1,653.00,450.00,38.00,113.00,0.671562,-1,-1,-1
248,4,1539.00,402.00,218.00,668.00,0.877737,-1,-1,-1
248,7,948.00,411.00,107.00,291.00,0.868029,-1,-1,-1
248,42,1130.00,442.00,70.00,233.00,0.563280,-1,-1,-1
248,55,1078.00,436.00,109.00,287.00,0.640984,-1,-1,-1
248,56,866.00,429.00,101.00,255.00,0.721401,-1,-1,-1
248,92,420.00,453.00,38.00,117.00,0.509131,-1,-1,-1
248,160,1686.00,409.00,184.00,605.00,0.815147,-1,-1,-1
248,164,580.00,450.00,32.00,87.00,0.639618,-1,-1,-1
248,170,545.00,446.00,34.00,91.00,0.590403,-1,-1,-1
248,205,712.00,450.00,32.00,94.00,0.650225,-1,-1,-1
248,214,380.00,466.00,45.00,106.00,0.413246,-1,-1,-1
248,231,1183.00,448.00,56.00,104.00,0.398862,-1,-1,-1
249,1,651.00,451.00,38.00,113.00,0.637479,-1,-1,-1
249,4,1546.00,402.00,214.00,662.00,0.863367,-1,-1,-1
249,7,954.00,409.00,107.00,291.00,0.855840,-1,-1,-1
249,42,1132.00,440.00,70.00,235.00,0.374891,-1,-1,-1
249,55,1082.00,436.00,108.00,287.00,0.663843,-1,-1,-1
249,56,871.00,433.00,96.00,252.00,0.755041,-1,-1,-1
249,92,420.00,460.00,37.00,109.00,0.451105,-1,-1,-1
249,160,1692.00,406.00,185.00,607.00,0.806914,-1,-1,-1
249,164,580.00,449.00,32.00,88.00,0.628290,-1,-1,-1
249,170,545.00,444.00,35.00,93.00,0.574952,-1,-1,-1
249,205,713.00,450.00,31.00,94.00,0.669958,-1,-1,-1
249,214,380.00,466.00,45.00,106.00,0.419253,-1,-1,-1
249,231,1185.00,448.00,55.00,105.00,0.362255,-1,-1,-1
250,1,651.00,451.00,38.00,113.00,0.624128,-1,-1,-1
250,4,1551.00,403.00,213.00,660.00,0.876975,-1,-1,-1
250,7,959.00,408.00,106.00,293.00,0.817228,-1,-1,-1
250,42,1126.00,440.00,71.00,235.00,0.422901,-1,-1,-1
250,55,1085.00,436.00,108.00,287.00,0.679768,-1,-1,-1
250,56,876.00,429.00,95.00,257.00,0.764807,-1,-1,-1
250,92,420.00,462.00,36.00,107.00,0.466297,-1,-1,-1
250,160,1699.00,405.00,185.00,610.00,0.776084,-1,-1,-1
250,164,580.00,449.00,31.00,88.00,0.650168,-1,-1,-1
250,170,545.00,444.00,35.00,93.00,0.555826,-1,-1,-1
250,205,714.00,450.00,31.00,94.00,0.670724,-1,-1,-1
250,214,380.00,466.00,45.00,107.00,0.439872,-1,-1,-1
250,231,1187.00,448.00,55.00,104.00,0.368031,-1,-1,-1
251,1,651.00,451.00,38.00,113.00,0.639410,-1,-1,-1
251,4,1561.00,403.00,217.00,666.00,0.857169,-1,-1,-1
251,7,967.00,408.00,104.00,291.00,0.771753,-1,-1,-1
251,42,1135.00,440.00,69.00,232.00,0.282579,-1,-1,-1
251,55,1089.00,436.00,108.00,287.00,0.759582,-1,-1,-1
251,56,882.00,428.00,94.00,257.00,0.814435,-1,-1,-1
251,92,419.00,456.00,39.00,114.00,0.451133,-1,-1,-1
251,160,1704.00,406.00,186.00,611.00,0.793170,-1,-1,-1
251,164,579.00,448.00,32.00,90.00,0.683943,-1,-1,-1
251,170,545.00,443.00,36.00,94.00,0.611246,-1,-1,-1
251,205,714.00,449.00,32.00,95.00,0.673963,-1,-1,-1
251,214,381.00,466.00,44.00,106.00,0.330421,-1,-1,-1
251,231,1187.00,447.00,55.00,105.00,0.373270,-1,-1,-1
252,1,651.00,451.00,38.00,113.00,0.625372,-1,-1,-1
252,4,1562.00,404.00,219.00,667.00,0.851888,-1,-1,-1
252,7,975.00,409.00,100.00,288.00,0.779480,-1,-1,-1
252,42,1145.00,440.00,69.00,234.00,0.309196,-1,-1,-1
252,55,1090.00,439.00,108.00,284.00,0.791767,-1,-1,-1
252,56,887.00,429.00,93.00,256.00,0.809473,-1,-1,-1
252,92,419.00,453.00,40.00,118.00,0.488968,-1,-1,-1
252,160,1710.00,405.00,188.00,615.00,0.789830,-1,-1,-1
252,164,580.00,448.00,32.00,90.00,0.681746,-1,-1,-1
252,170,545.00,443.00,36.00,94.00,0.555608,-1,-1,-1
252,205,715.00,448.00,31.00,96.00,0.685030,-1,-1,-1
252,214,381.00,465.00,44.00,105.00,0.341472,-1,-1,-1
252,231,1187.00,433.00,60.00,118.00,0.440419,-1,-1,-1
253,1,650.00,451.00,39.00,113.00,0.610349,-1,-1,-1
253,4,1563.00,403.00,218.00,665.00,0.878661,-1,-1,-1
253,7,980.00,408.00,100.00,295.00,0.740766,-1,-1,-1
253,42,1153.00,440.00,68.00,234.00,0.279878,-1,-1,-1
253,55,1090.00,438.00,109.00,285.00,0.796970,-1,-1,-1
253,56,892.00,430.00,93.00,255.00,0.796963,-1,-1,-1
253,92,418.00,452.00,41.00,119.00,0.511886,-1,-1,-1
253,160,1718.00,404.00,187.00,611.00,0.798349,-1,-1,-1
253,164,581.00,448.00,32.00,89.00,0.664417,-1,-1,-1
253,170,545.00,441.00,35.00,96.00,0.573602,-1,-1,-1
253,205,715.00,448.00,32.00,95.00,0.681574,-1,-1,-1
253,214,382.00,464.00,42.00,100.00,0.378635,-1,-1,-1
253,231,1186.00,424.00,65.00,129.00,0.439709,-1,-1,-1
254,1,650.00,451.00,39.00,113.00,0.553407,-1,-1,-1
254,4,1564.00,404.00,220.00,664.00,0.904921,-1,-1,-1
254,7,991.00,408.00,100.00,296.00,0.721020,-1,-1,-1
254,42,1158.00,435.00,67.00,238.00,0.330532,-1,-1,-1
254,55,1091.00,439.00,109.00,284.00,0.815057,-1,-1,-1
254,56,895.00,431.00,94.00,256.00,0.802407,-1,-1,-1
254,92,416.00,455.00,41.00,116.00,0.474008,-1,-1,-1
254,160,1724.00,404.00,188.00,617.00,0.801281,-1,-1,-1
254,164,582.00,448.00,31.00,89.00,0.634014,-1,-1,-1
254,170,544.00,443.00,35.00,94.00,0.559870,-1,-1,-1
254,205,715.00,448.00,32.00,95.00,0.681674,-1,-1,-1
254,214,382.00,465.00,42.00,98.00,0.284215,-1,-1,-1
255,1,648.00,454.00,38.00,109.00,0.536447,-1,-1,-1
255,4,1567.00,403.00,222.00,664.00,0.888988,-1,-1,-1
255,7,997.00,408.00,99.00,294.00,0.804099,-1,-1,-1
255,42,1161.00,439.00,66.00,234.00,0.385426,-1,-1,-1
255,55,1091.00,439.00,110.00,284.00,0.802349,-1,-1,-1
255,56,895.00,431.00,95.00,256.00,0.794372,-1,-1,-1
255,92,416.00,456.00,40.00,114.00,0.462209,-1,-1,-1
255,160,1729.00,404.00,188.00,615.00,0.805264,-1,-1,-1
255,164,582.00,448.00,31.00,90.00,0.604860,-1,-1,-1
255,170,543.00,444.00,34.00,93.00,0.557071,-1,-1,-1
255,205,716.00,447.00,32.00,96.00,0.674255,-1,-1,-1
255,214,381.00,464.00,43.00,98.00,0.330786,-1,-1,-1
256,1,646.00,455.00,38.00,108.00,0.554375,-1,-1,-1
256,4,1569.00,403.00,226.00,666.00,0.884159,-1,-1,-1
256,7,1001.00,408.00,97.00,290.00,0.767465,-1,-1,-1
256,42,1164.00,437.00,67.00,237.00,0.330876,-1,-1,-1
256,55,1092.00,437.00,111.00,286.00,0.808918,-1,-1,-1
256,56,896.00,431.00,96.00,256.00,0.813859,-1,-1,-1
256,92,415.00,454.00,41.00,116.00,0.508511,-1,-1,-1
256,160,1734.00,405.00,186.00,611.00,0.814888,-1,-1,-1
256,164,582.00,448.00,31.00,89.00,0.620369,-1,-1,-1
256,170,544.00,446.00,33.00,91.00,0.586553,-1,-1,-1
256,205,716.00,447.00,32.00,97.00,0.682361,-1,-1,-1
256,214,380.00,463.00,45.00,105.00,0.365447,-1,-1,-1
257,1,644.00,455.00,39.00,109.00,0.582164,-1,-1,-1
257,4,1572.00,405.00,229.00,667.00,0.883699,-1,-1,-1
257,7,1001.00,408.00,97.00,289.00,0.788059,-1,-1,-1
257,42,1167.00,439.00,66.00,236.00,0.370325,-1,-1,-1
257,55,1093.00,437.00,111.00,285.00,0.822406,-1,-1,-1
257,56,898.00,432.00,96.00,254.00,0.817748,-1,-1,-1
257,92,418.00,450.00,42.00,121.00,0.486748,-1,-1,-1
257,160,1740.00,407.00,180.00,606.00,0.800090,-1,-1,-1
257,164,582.00,449.00,31.00,88.00,0.583818,-1,-1,-1
257,170,544.00,444.00,34.00,93.00,0.556203,-1,-1,-1
257,205,716.00,447.00,33.00,97.00,0.653950,-1,-1,-1
257,214,380.00,463.00,46.00,107.00,0.339968,-1,-1,-1
258,1,643.00,455.00,39.00,108.00,0.575135,-1,-1,-1
258,4,1575.00,405.00,233.00,669.00,0.883784,-1,-1,-1
258,7,1005.00,409.00,97.00,287.00,0.802446,-1,-1,-1
258,42,1161.00,439.00,67.00,236.00,0.236707,-1,-1,-1
258,55,1094.00,436.00,112.00,285.00,0.839142,-1,-1,-1
258,56,898.00,431.00,97.00,255.00,0.834947,-1,-1,-1
258,92,419.00,449.00,42.00,122.00,0.480206,-1,-1,-1
258,160,1744.00,408.00,176.00,603.00,0.770234,-1,-1,-1
258,164,582.00,449.00,31.00,88.00,0.591596,-1,-1,-1
258,170,546.00,448.00,32.00,89.00,0.530183,-1,-1,-1
258,205,716.00,446.00,33.00,99.00,0.653224,-1,-1,-1
258,214,380.00,464.00,46.00,107.00,0.346395,-1,-1,-1
259,1,641.00,453.00,39.00,110.00,0.607030,-1,-1,-1
259,4,1579.00,405.00,239.00,670.00,0.875822,-1,-1,-1
259,7,1006.00,414.00,97.00,282.00,0.796682,-1,-1,-1
259,42,1160.00,439.00,69.00,238.00,0.168671,-1,-1,-1
259,55,1098.00,434.00,112.00,286.00,0.855126,-1,-1,-1
259,56,898.00,431.00,98.00,254.00,0.824541,-1,-1,-1
259,92,419.00,449.00,42.00,122.00,0.504993,-1,-1,-1
259,160,1744.00,408.00,176.00,603.00,0.666937,-1,-1,-1
259,164,582.00,450.00,31.00,88.00,0.583910,-1,-1,-1
259,170,547.00,451.00,32.00,86.00,0.576812,-1,-1,-1
259,205,716.00,447.00,32.00,98.00,0.630898,-1,-1,-1
259,214,380.00,464.00,46.00,108.00,0.330239,-1,-1,-1
259,236,1209.00,441.00,34.00,108.00,0.396382,-1,-1,-1
260,1,638.00,451.00,40.00,111.00,0.648697,-1,-1,-1
260,4,1584.00,404.00,242.00,670.00,0.878050,-1,-1,-1
260,7,1008.00,416.00,99.00,280.00,0.822311,-1,-1,-1
260,42,1169.00,442.00,67.00,234.00,0.104178,-1,-1,-1
260,55,1105.00,435.00,112.00,286.00,0.813014,-1,-1,-1
260,56,899.00,432.00,98.00,253.00,0.815395,-1,-1,-1
260,92,419.00,449.00,42.00,121.00,0.528081,-1,-1,-1
260,160,1745.00,406.00,175.00,606.00,0.783595,-1,-1,-1
260,164,582.00,450.00,31.00,87.00,0.588905,-1,-1,-1
260,170,548.00,453.00,31.00,84.00,0.634308,-1,-1,-1
260,205,716.00,447.00,33.00,99.00,0.651277,-1,-1,-1
260,236,1212.00,441.00,35.00,109.00,0.379497,-1,-1,-1
261,1,638.00,450.00,39.00,112.00,0.657256,-1,-1,-1
261,4,1589.00,404.00,247.00,670.00,0.847990,-1,-1,-1
261,7,1009.00,415.00,101.00,283.00,0.849404,-1,-1,-1
261,55,1114.00,436.00,110.00,284.00,0.794523,-1,-1,-1
261,56,904.00,431.00,98.00,251.00,0.756853,-1,-1,-1
261,92,419.00,450.00,41.00,121.00,0.527075,-1,-1,-1
261,160,1752.00,407.00,168.00,605.00,0.638145,-1,-1,-1
261,164,581.00,449.00,31.00,89.00,0.613161,-1,-1,-1
261,170,548.00,453.00,31.00,84.00,0.618759,-1,-1,-1
261,205,717.00,448.00,32.00,97.00,0.629898,-1,-1,-1
261,236,1216.00,441.00,35.00,111.00,0.407239,-1,-1,-1
262,1,637.00,449.00,39.00,112.00,0.628344,-1,-1,-1
262,4,1592.00,403.00,252.00,672.00,0.863013,-1,-1,-1
262,7,1010.00,413.00,103.00,285.00,0.830417,-1,-1,-1
262,55,1121.00,435.00,108.00,279.00,0.789972,-1,-1,-1
262,56,908.00,432.00,97.00,250.00,0.800507,-1,-1,-1
262,78,900.00,472.00,62.00,100.00,0.170552,-1,-1,-1
262,92,419.00,451.00,41.00,121.00,0.539855,-1,-1,-1
262,160,1755.00,406.00,165.00,611.00,0.729008,-1,-1,-1
262,164,581.00,448.00,32.00,90.00,0.623199,-1,-1,-1
262,170,548.00,453.00,31.00,84.00,0.616087,-1,-1,-1
262,205,719.00,448.00,32.00,97.00,0.655349,-1,-1,-1
262,236,1219.00,443.00,34.00,109.00,0.404115,-1,-1,-1
263,1,638.00,448.00,39.00,113.00,0.645499,-1,-1,-1
263,4,1599.00,401.00,254.00,671.00,0.845524,-1,-1,-1
263,7,1013.00,414.00,105.00,284.00,0.814057,-1,-1,-1
263,55,1128.00,436.00,106.00,275.00,0.792114,-1,-1,-1
263,56,913.00,431.00,95.00,250.00,0.774785,-1,-1,-1
263,92,419.00,450.00,42.00,121.00,0.510701,-1,-1,-1
263,160,1758.00,404.00,162.00,616.00,0.762022,-1,-1,-1
263,164,581.00,448.00,32.00,90.00,0.584004,-1,-1,-1
263,170,548.00,448.00,32.00,88.00,0.581568,-1,-1,-1
263,205,719.00,448.00,32.00,97.00,0.668625,-1,-1,-1
263,236,1223.00,443.00,35.00,109.00,0.398223,-1,-1,-1
264,1,638.00,448.00,39.00,113.00,0.663838,-1,-1,-1
264,4,1604.00,400.00,256.00,673.00,0.878439,-1,-1,-1
264,7,1016.00,409.00,109.00,289.00,0.875138,-1,-1,-1
264,55,1135.00,436.00,104.00,274.00,0.776911,-1,-1,-1
264,56,918.00,431.00,92.00,247.00,0.743642,-1,-1,-1
264,92,419.00,450.00,42.00,121.00,0.499422,-1,-1,-1
264,160,1762.00,404.00,158.00,624.00,0.805331,-1,-1,-1
264,164,582.00,448.00,31.00,90.00,0.588036,-1,-1,-1
264,170,548.00,447.00,33.00,88.00,0.573828,-1,-1,-1
264,205,720.00,448.00,32.00,97.00,0.679374,-1,-1,-1
264,236,1226.00,444.00,35.00,108.00,0.413382,-1,-1,-1
265,1,638.00,447.00,38.00,115.00,0.624489,-1,-1,-1
265,4,1612.00,399.00,256.00,670.00,0.887255,-1,-1,-1
265,7,1018.00,408.00,112.00,291.00,0.862438,-1,-1,-1
265,55,1142.00,435.00,102.00,277.00,0.727616,-1,-1,-1
265,56,925.00,430.00,90.00,247.00,0.692512,-1,-1,-1
265,92,419.00,449.00,42.00,122.00,0.512994,-1,-1,-1
265,160,1769.00,402.00,151.00,631.00,0.713726,-1,-1,-1
265,164,582.00,448.00,31.00,89.00,0.556981,-1,-1,-1
265,170,548.00,444.00,34.00,91.00,0.636184,-1,-1,-1
265,205,720.00,448.00,32.00,97.00,0.679794,-1,-1,-1
265,236,1227.00,446.00,35.00,106.00,0.502967,-1,-1,-1
266,1,637.00,447.00,39.00,115.00,0.650189,-1,-1,-1
266,4,1624.00,398.00,257.00,671.00,0.876488,-1,-1,-1
266,7,1018.00,409.00,114.00,290.00,0.833046,-1,-1,-1
266,55,1145.00,435.00,101.00,278.00,0.677687,-1,-1,-1
266,56,932.00,431.00,88.00,246.00,0.683800,-1,-1,-1
266,92,419.00,450.00,42.00,121.00,0.546183,-1,-1,-1
266,160,1774.00,403.00,146.00,616.00,0.776780,-1,-1,-1
266,164,583.00,449.00,31.00,88.00,0.582919,-1,-1,-1
266,170,548.00,443.00,34.00,93.00,0.630250,-1,-1,-1
266,205,720.00,448.00,32.00,98.00,0.714707,-1,-1,-1
266,236,1229.00,446.00,35.00,107.00,0.465600,-1,-1,-1
267,1,636.00,450.00,38.00,112.00,0.677501,-1,-1,-1
267,4,1639.00,400.00,254.00,670.00,0.875045,-1,-1,-1
267,7,1016.00,407.00,117.00,292.00,0.874335,-1,-1,-1
267,55,1148.00,435.00,101.00,279.00,0.761436,-1,-1,-1
267,56,940.00,430.00,87.00,247.00,0.670673,-1,-1,-1
267,92,420.00,453.00,40.00,118.00,0.594244,-1,-1,-1
267,160,1775.00,403.00,145.00,635.00,0.803753,-1,-1,-1
267,164,584.00,449.00,30.00,88.00,0.593832,-1,-1,-1
267,170,547.00,442.00,35.00,95.00,0.609205,-1,-1,-1
267,205,719.00,447.00,33.00,100.00,0.708626,-1,-1,-1
267,214,378.00,461.00,48.00,113.00,0.421961,-1,-1,-1
267,236,1230.00,447.00,35.00,107.00,0.506568,-1,-1,-1
268,1,637.00,452.00,36.00,108.00,0.689146,-1,-1,-1
268,4,1650.00,399.00,252.00,671.00,0.881471,-1,-1,-1
268,7,1015.00,406.00,119.00,293.00,0.871649,-1,-1,-1
268,55,1152.00,435.00,101.00,281.00,0.784186,-1,-1,-1
268,56,945.00,430.00,85.00,246.00,0.757261,-1,-1,-1
268,92,420.00,455.00,40.00,116.00,0.567125,-1,-1,-1
268,160,1775.00,403.00,145.00,638.00,0.769345,-1,-1,-1
268,164,584.00,449.00,31.00,90.00,0.622274,-1,-1,-1
268,170,548.00,445.00,34.00,93.00,0.574799,-1,-1,-1
268,205,719.00,447.00,34.00,101.00,0.709989,-1,-1,-1
268,214,377.00,462.00,48.00,113.00,0.346375,-1,-1,-1
268,236,1233.00,447.00,35.00,107.00,0.453031,-1,-1,-1
268,238,669.00,455.00,29.00,95.00,0.457781,-1,-1,-1
268,239,696.00,467.00,22.00,65.00,0.329662,-1,-1,-1
269,1,636.00,453.00,36.00,107.00,0.669932,-1,-1,-1
269,4,1656.00,399.00,251.00,672.00,0.891034,-1,-1,-1
269,7,1013.00,404.00,122.00,295.00,0.874799,-1,-1,-1
269,55,1158.00,435.00,102.00,280.00,0.817245,-1,-1,-1
269,56,945.00,430.00,85.00,246.00,0.769980,-1,-1,-1
269,92,420.00,457.00,40.00,114.00,0.524840,-1,-1,-1
269,101,1114.00,431.00,39.00,144.00,0.539455,-1,-1,-1
269,160,1788.00,397.00,132.00,594.00,0.577395,-1,-1,-1
269,164,584.00,449.00,31.00,91.00,0.620473,-1,-1,-1
269,170,548.00,446.00,34.00,92.00,0.610537,-1,-1,-1
269,205,719.00,446.00,34.00,102.00,0.722853,-1,-1,-1
269,214,377.00,463.00,48.00,112.00,0.295655,-1,-1,-1
269,236,1234.00,446.00,35.00,107.00,0.476647,-1,-1,-1
269,238,667.00,455.00,29.00,97.00,0.488787,-1,-1,-1
269,239,694.00,467.00,23.00,67.00,0.378410,-1,-1,-1
270,1,636.00,454.00,35.00,106.00,0.660580,-1,-1,-1
270,4,1662.00,396.00,249.00,674.00,0.879121,-1,-1,-1
270,7,1013.00,404.00,124.00,296.00,0.878199,-1,-1,-1
270,55,1164.00,434.00,104.00,280.00,0.839406,-1,-1,-1
270,56,949.00,430.00,84.00,247.00,0.787163,-1,-1,-1
270,92,421.00,459.00,39.00,112.00,0.580786,-1,-1,-1
270,101,1113.00,429.00,40.00,146.00,0.576929,-1,-1,-1
270,160,1794.00,404.00,126.00,598.00,0.578785,-1,-1,-1
270,164,584.00,449.00,31.00,90.00,0.626862,-1,-1,-1
270,170,549.00,452.00,32.00,86.00,0.600595,-1,-1,-1
270,205,719.00,446.00,33.00,102.00,0.742454,-1,-1,-1
270,214,379.00,466.00,46.00,109.00,0.432869,-1,-1,-1
270,236,1236.00,449.00,33.00,104.00,0.403707,-1,-1,-1
270,238,666.00,454.00,30.00,99.00,0.550792,-1,-1,-1
270,239,694.00,468.00,23.00,65.00,0.358967,-1,-1,-1
271,1,636.00,454.00,34.00,105.00,0.679442,-1,-1,-1
271,4,1668.00,398.00,249.00,673.00,0.894487,-1,-1,-1
271,7,1015.00,408.00,123.00,292.00,0.865677,-1,-1,-1
271,55,1166.00,435.00,105.00,278.00,0.847392,-1,-1,-1
271,56,952.00,430.00,83.00,246.00,0.728014,-1,-1,-1
271,92,421.00,456.00,41.00,115.00,0.578678,-1,-1,-1
271,101,1113.00,428.00,41.00,148.00,0.610912,-1,-1,-1
271,160,1811.00,411.00,109.00,502.00,0.713060,-1,-1,-1
271,164,583.00,449.00,32.00,90.00,0.620989,-1,-1,-1
271,170,549.00,452.00,32.00,86.00,0.601863,-1,-1,-1
271,205,719.00,445.00,34.00,103.00,0.720593,-1,-1,-1
271,214,379.00,465.00,46.00,110.00,0.401794,-1,-1,-1
271,236,1238.00,449.00,33.00,103.00,0.358534,-1,-1,-1
271,238,666.00,454.00,30.00,99.00,0.527917,-1,-1,-1
271,239,694.00,468.00,22.00,64.00,0.322615,-1,-1,-1
272,1,635.00,453.00,35.00,106.00,0.685193,-1,-1,-1
272,4,1674.00,399.00,246.00,673.00,0.903817,-1,-1,-1
272,7,1019.00,412.00,122.00,287.00,0.842277,-1,-1,-1
272,55,1169.00,436.00,108.00,278.00,0.804345,-1,-1,-1
272,56,955.00,430.00,84.00,246.00,0.721948,-1,-1,-1
272,92,421.00,458.00,40.00,112.00,0.523703,-1,-1,-1
272,101,1114.00,426.00,41.00,149.00,0.506605,-1,-1,-1
272,160,1821.00,420.00,99.00,449.00,0.578650,-1,-1,-1
272,164,583.00,450.00,32.00,89.00,0.604951,-1,-1,-1
272,170,550.00,455.00,32.00,84.00,0.600711,-1,-1,-1
272,205,719.00,446.00,34.00,102.00,0.708008,-1,-1,-1
272,214,379.00,465.00,46.00,110.00,0.431830,-1,-1,-1
272,236,1241.00,453.00,31.00,98.00,0.112303,-1,-1,-1
272,238,667.00,454.00,30.00,99.00,0.515509,-1,-1,-1
272,239,693.00,469.00,23.00,63.00,0.291455,-1,-1,-1
273,1,635.00,453.00,35.00,105.00,0.722953,-1,-1,-1
273,4,1675.00,398.00,245.00,675.00,0.919839,-1,-1,-1
273,7,1023.00,417.00,119.00,282.00,0.818845,-1,-1,-1
273,55,1172.00,436.00,109.00,277.00,0.811647,-1,-1,-1
273,56,958.00,430.00,85.00,247.00,0.771020,-1,-1,-1
273,92,421.00,456.00,41.00,115.00,0.554989,-1,-1,-1
273,101,1115.00,427.00,40.00,149.00,0.549857,-1,-1,-1
273,160,1828.00,424.00,92.00,434.00,0.303740,-1,-1,-1
273,164,583.00,450.00,32.00,90.00,0.612736,-1,-1,-1
273,170,550.00,456.00,31.00,82.00,0.605005,-1,-1,-1
273,205,719.00,446.00,34.00,102.00,0.726862,-1,-1,-1
273,214,379.00,464.00,46.00,110.00,0.414178,-1,-1,-1
273,236,1242.00,449.00,31.00,99.00,0.197153,-1,-1,-1
273,238,667.00,454.00,31.00,99.00,0.509738,-1,-1,-1
273,239,694.00,469.00,22.00,64.00,0.347463,-1,-1,-1
273,244,1149.00,436.00,80.00,255.00,0.579234,-1,-1,-1
274,1,635.00,453.00,35.00,104.00,0.722617,-1,-1,-1
274,4,1675.00,396.00,245.00,678.00,0.923162,-1,-1,-1
274,7,1027.00,413.00,120.00,286.00,0.823568,-1,-1,-1
274,55,1172.00,438.00,110.00,275.00,0.834290,-1,-1,-1
274,56,960.00,431.00,86.00,246.00,0.790283,-1,-1,-1
274,92,420.00,455.00,42.00,115.00,0.570746,-1,-1,-1
274,101,1115.00,425.00,41.00,151.00,0.443189,-1,-1,-1
274,160,1846.00,431.00,69.00,289.00,0.505821,-1,-1,-1
274,164,584.00,451.00,31.00,88.00,0.625215,-1,-1,-1
274,170,551.00,459.00,31.00,79.00,0.597178,-1,-1,-1
274,205,719.00,446.00,34.00,102.00,0.732219,-1,-1,-1
274,214,379.00,463.00,46.00,110.00,0.358134,-1,-1,-1
274,236,1246.00,444.00,30.00,96.00,0.277686,-1,-1,-1
274,238,667.00,454.00,31.00,100.00,0.543943,-1,-1,-1
274,239,694.00,468.00,23.00,65.00,0.358996,-1,-1,-1
274,244,1153.00,437.00,77.00,246.00,0.326900,-1,-1,-1
275,1,635.00,453.00,35.00,103.00,0.722869,-1,-1,-1
275,4,1675.00,395.00,245.00,677.00,0.924958,-1,-1,-1
275,7,1032.00,414.00,119.00,285.00,0.787336,-1,-1,-1
275,55,1172.00,438.00,112.00,275.00,0.853920,-1,-1,-1
275,56,963.00,432.00,88.00,246.00,0.798224,-1,-1,-1
275,92,421.00,453.00,42.00,118.00,0.563155,-1,-1,-1
275,101,1114.00,422.00,41.00,153.00,0.367200,-1,-1,-1
275,160,1858.00,432.00,55.00,228.00,0.362121,-1,-1,-1
275,164,585.00,452.00,31.00,87.00,0.631101,-1,-1,-1
275,170,552.00,459.00,31.00,79.00,0.591045,-1,-1,-1
275,205,720.00,447.00,34.00,102.00,0.739357,-1,-1,-1
275,214,379.00,462.00,46.00,112.00,0.397746,-1,-1,-1
275,236,1249.00,440.00,30.00,95.00,0.131547,-1,-1,-1
275,238,667.00,455.00,31.00,99.00,0.523732,-1,-1,-1
275,239,695.00,467.00,23.00,65.00,0.352850,-1,-1,-1
275,244,1152.00,432.00,78.00,245.00,0.394607,-1,-1,-1
276,1,635.00,452.00,35.00,105.00,0.716626,-1,-1,-1
276,4,1675.00,396.00,245.00,677.00,0.920929,-1,-1,-1
276,7,1039.00,418.00,114.00,280.00,0.793671,-1,-1,-1
276,55,1173.00,438.00,113.00,275.00,0.861620,-1,-1,-1
276,56,967.00,431.00,92.00,251.00,0.831605,-1,-1,-1
276,92,420.00,454.00,42.00,116.00,0.524598,-1,-1,-1
276,101,1117.00,431.00,38.00,144.00,0.319870,-1,-1,-1
276,160,1866.00,429.00,50.00,203.00,0.393497,-1,-1,-1
276,164,586.00,452.00,31.00,86.00,0.620457,-1,-1,-1
276,170,553.00,459.00,31.00,79.00,0.536159,-1,-1,-1
276,205,720.00,447.00,35.00,102.00,0.728952,-1,-1,-1
276,214,380.00,463.00,46.00,111.00,0.487022,-1,-1,-1
276,236,1252.00,439.00,31.00,97.00,0.100847,-1,-1,-1
276,238,667.00,455.00,30.00,98.00,0.578096,-1,-1,-1
276,239,694.00,466.00,23.00,66.00,0.357777,-1,-1,-1
276,244,1154.00,431.00,78.00,246.00,0.315815,-1,-1,-1
277,1,634.00,452.00,35.00,104.00,0.720091,-1,-1,-1
277,4,1675.00,395.00,245.00,677.00,0.919328,-1,-1,-1
277,7,1046.00,427.00,108.00,271.00,0.772913,-1,-1,-1
277,55,1173.00,440.00,114.00,272.00,0.860289,-1,-1,-1
277,56,970.00,434.00,92.00,245.00,0.825165,-1,-1,-1
277,92,421.00,455.00,41.00,115.00,0.620199,-1,-1,-1
277,101,1115.00,424.00,39.00,151.00,0.264401,-1,-1,-1
277,160,1869.00,413.00,51.00,212.00,0.224767,-1,-1,-1
277,164,586.00,452.00,31.00,86.00,0.660655,-1,-1,-1
277,170,552.00,459.00,32.00,79.00,0.528670,-1,-1,-1
277,205,720.00,447.00,35.00,102.00,0.758087,-1,-1,-1
277,214,380.00,464.00,45.00,110.00,0.490293,-1,-1,-1
277,238,667.00,454.00,30.00,100.00,0.632487,-1,-1,-1
277,239,693.00,467.00,24.00,67.00,0.387292,-1,-1,-1
277,244,1151.00,431.00,78.00,249.00,0.262453,-1,-1,-1
278,1,634.00,453.00,34.00,104.00,0.693525,-1,-1,-1
278,4,1675.00,397.00,245.00,675.00,0.917638,-1,-1,-1
278,7,1050.00,419.00,109.00,279.00,0.781656,-1,-1,-1
278,55,1172.00,441.00,116.00,271.00,0.859240,-1,-1,-1
278,56,971.00,436.00,93.00,240.00,0.815484,-1,-1,-1
278,92,421.00,453.00,41.00,117.00,0.581301,-1,-1,-1
278,101,1114.00,421.00,41.00,153.00,0.188640,-1,-1,-1
278,160,1873.00,417.00,47.00,206.00,0.150737,-1,-1,-1
278,164,586.00,452.00,31.00,87.00,0.664731,-1,-1,-1
278,170,552.00,460.00,32.00,78.00,0.557455,-1,-1,-1
278,205,720.00,447.00,35.00,102.00,0.745223,-1,-1,-1
278,214,380.00,464.00,45.00,110.00,0.484429,-1,-1,-1
278,238,666.00,454.00,31.00,100.00,0.628840,-1,-1,-1
278,239,692.00,466.00,25.00,68.00,0.397889,-1,-1,-1
278,244,1150.00,430.00,78.00,250.00,0.321057,-1,-1,-1
279,1,633.00,453.00,34.00,104.00,0.646705,-1,-1,-1
279,4,1675.00,399.00,245.00,673.00,0.919884,-1,-1,-1
279,7,1058.00,416.00,107.00,282.00,0.743929,-1,-1,-1
279,55,1173.00,438.00,117.00,274.00,0.872963,-1,-1,-1
279,56,969.00,435.00,94.00,240.00,0.833882,-1,-1,-1
279,92,421.00,454.00,41.00,116.00,0.582152,-1,-1,-1
279,101,1117.00,423.00,39.00,149.00,0.119252,-1,-1,-1
279,164,586.00,452.00,32.00,87.00,0.671741,-1,-1,-1
279,170,552.00,458.00,33.00,80.00,0.499842,-1,-1,-1
279,205,720.00,447.00,35.00,103.00,0.715224,-1,-1,-1
279,214,380.00,464.00,45.00,110.00,0.493394,-1,-1,-1
279,238,666.00,454.00,31.00,101.00,0.628849,-1,-1,-1
279,239,692.00,466.00,24.00,68.00,0.378819,-1,-1,-1
279,244,1149.00,433.00,77.00,247.00,0.300055,-1,-1,-1
280,1,633.00,454.00,34.00,103.00,0.651588,-1,-1,-1
280,4,1675.00,401.00,245.00,670.00,0.922807,-1,-1,-1
280,7,1066.00,432.00,99.00,266.00,0.734978,-1,-1,-1
280,55,1176.00,435.00,119.00,277.00,0.874668,-1,-1,-1
280,56,970.00,435.00,95.00,238.00,0.845866,-1,-1,-1
280,92,420.00,457.00,40.00,113.00,0.591356,-1,-1,-1
280,101,1114.00,418.00,41.00,154.00,0.213653,-1,-1,-1
280,164,587.00,452.00,31.00,86.00,0.659875,-1,-1,-1
280,170,551.00,457.00,34.00,82.00,0.483023,-1,-1,-1
280,205,721.00,447.00,35.00,102.00,0.688201,-1,-1,-1
280,214,380.00,465.00,45.00,109.00,0.453869,-1,-1,-1
280,238,665.00,453.00,32.00,102.00,0.578319,-1,-1,-1
280,239,692.00,466.00,24.00,68.00,0.328864,-1,-1,-1
280,244,1150.00,434.00,76.00,243.00,0.403450,-1,-1,-1
281,1,632.00,453.00,34.00,104.00,0.697944,-1,-1,-1
281,4,1676.00,406.00,244.00,665.00,0.924129,-1,-1,-1
281,7,1069.00,418.00,101.00,280.00,0.774991,-1,-1,-1
281,55,1181.00,434.00,119.00,278.00,0.867671,-1,-1,-1
281,56,969.00,433.00,97.00,239.00,0.867536,-1,-1,-1
281,92,420.00,457.00,40.00,113.00,0.565607,-1,-1,-1
281,164,587.00,452.00,32.00,86.00,0.692332,-1,-1,-1
281,170,550.00,455.00,35.00,84.00,0.553993,-1,-1,-1
281,205,721.00,447.00,36.00,102.00,0.721669,-1,-1,-1
281,214,380.00,466.00,45.00,108.00,0.380977,-1,-1,-1
281,238,665.00,452.00,32.00,104.00,0.655059,-1,-1,-1
281,239,693.00,466.00,24.00,68.00,0.366771,-1,-1,-1
281,244,1151.00,432.00,76.00,245.00,0.482227,-1,-1,-1
282,1,632.00,454.00,33.00,103.00,0.683336,-1,-1,-1
282,4,1676.00,407.00,244.00,665.00,0.924368,-1,-1,-1
282,7,1072.00,414.00,100.00,285.00,0.781443,-1,-1,-1
282,55,1186.00,436.00,118.00,276.00,0.854541,-1,-1,-1
282,56,969.00,431.00,99.00,241.00,0.839610,-1,-1,-1
282,92,417.00,450.00,44.00,121.00,0.586965,-1,-1,-1
282,164,587.00,452.00,32.00,86.00,0.680069,-1,-1,-1
282,170,549.00,451.00,37.00,88.00,0.517232,-1,-1,-1
282,205,721.00,446.00,36.00,104.00,0.719975,-1,-1,-1
282,214,379.00,462.00,45.00,112.00,0.294258,-1,-1,-1
282,238,665.00,451.00,33.00,106.00,0.570513,-1,-1,-1
282,239,693.00,466.00,25.00,68.00,0.361970,-1,-1,-1
282,244,1154.00,432.00,77.00,246.00,0.411586,-1,-1,-1
283,1,631.00,454.00,34.00,103.00,0.677025,-1,-1,-1
283,4,1677.00,406.00,243.00,666.00,0.924632,-1,-1,-1
283,7,1075.00,411.00,98.00,288.00,0.804752,-1,-1,-1
283,55,1192.00,436.00,116.00,276.00,0.837367,-1,-1,-1
283,56,971.00,429.00,100.00,242.00,0.825465,-1,-1,-1
283,92,417.00,446.00,44.00,125.00,0.609085,-1,-1,-1
283,164,587.00,451.00,32.00,87.00,0.671499,-1,-1,-1
283,170,549.00,452.00,36.00,87.00,0.481800,-1,-1,-1
283,205,722.00,445.00,36.00,105.00,0.720055,-1,-1,-1
283,214,380.00,464.00,45.00,109.00,0.336862,-1,-1,-1
283,238,664.00,451.00,33.00,107.00,0.554547,-1,-1,-1
283,239,693.00,465.00,25.00,69.00,0.361176,-1,-1,-1
283,244,1157.00,431.00,77.00,247.00,0.485664,-1,-1,-1
284,1,631.00,453.00,33.00,104.00,0.614277,-1,-1,-1
284,4,1678.00,404.00,242.00,668.00,0.926009,-1,-1,-1
284,7,1079.00,411.00,95.00,287.00,0.822324,-1,-1,-1
284,55,1201.00,436.00,114.00,276.00,0.821081,-1,-1,-1
284,56,973.00,429.00,101.00,242.00,0.829739,-1,-1,-1
284,92,416.00,448.00,44.00,123.00,0.591237,-1,-1,-1
284,164,587.00,452.00,31.00,86.00,0.682757,-1,-1,-1
284,170,550.00,452.00,36.00,87.00,0.498043,-1,-1,-1
284,205,722.00,445.00,36.00,105.00,0.718590,-1,-1,-1
284,214,378.00,461.00,44.00,110.00,0.168975,-1,-1,-1
284,238,665.00,452.00,33.00,106.00,0.575270,-1,-1,-1
284,244,1161.00,444.00,74.00,234.00,0.435244,-1,-1,-1
285,1,628.00,453.00,34.00,103.00,0.627813,-1,-1,-1
285,4,1680.00,403.00,240.00,670.00,0.925289,-1,-1,-1
285,7,1083.00,411.00,93.00,287.00,0.821788,-1,-1,-1
285,55,1207.00,438.00,112.00,275.00,0.793560,-1,-1,-1
285,56,976.00,431.00,101.00,240.00,0.841708,-1,-1,-1
285,92,417.00,447.00,44.00,125.00,0.551196,-1,-1,-1
285,164,586.00,452.00,32.00,86.00,0.710551,-1,-1,-1
285,170,550.00,455.00,35.00,84.00,0.522623,-1,-1,-1
285,205,722.00,444.00,37.00,106.00,0.701390,-1,-1,-1
285,214,378.00,459.00,43.00,107.00,0.229529,-1,-1,-1
285,238,665.00,453.00,33.00,105.00,0.573948,-1,-1,-1
285,244,1165.00,440.00,75.00,237.00,0.697563,-1,-1,-1
286,1,628.00,454.00,34.00,102.00,0.699777,-1,-1,-1
286,4,1682.00,402.00,238.00,671.00,0.920695,-1,-1,-1
286,7,1092.00,410.00,94.00,288.00,0.830449,-1,-1,-1
286,55,1214.00,434.00,112.00,280.00,0.740695,-1,-1,-1
286,56,980.00,429.00,101.00,242.00,0.846826,-1,-1,-1
286,92,417.00,446.00,43.00,126.00,0.506589,-1,-1,-1
286,164,586.00,452.00,32.00,87.00,0.700448,-1,-1,-1
286,170,552.00,457.00,33.00,82.00,0.523812,-1,-1,-1
286,205,723.00,444.00,37.00,107.00,0.691360,-1,-1,-1
286,214,379.00,459.00,39.00,99.00,0.240469,-1,-1,-1
286,238,665.00,453.00,35.00,105.00,0.636809,-1,-1,-1
286,239,698.00,461.00,26.00,75.00,0.354540,-1,-1,-1
286,244,1169.00,437.00,75.00,238.00,0.629892,-1,-1,-1
287,1,627.00,453.00,34.00,103.00,0.722400,-1,-1,-1
287,4,1683.00,390.00,237.00,683.00,0.920337,-1,-1,-1
287,7,1095.00,410.00,94.00,288.00,0.864407,-1,-1,-1
287,55,1218.00,434.00,110.00,279.00,0.729001,-1,-1,-1
287,56,984.00,430.00,99.00,240.00,0.847439,-1,-1,-1
287,92,416.00,446.00,44.00,125.00,0.478572,-1,-1,-1
287,164,586.00,452.00,32.00,87.00,0.707639,-1,-1,-1
287,170,552.00,458.00,33.00,81.00,0.577399,-1,-1,-1
287,205,723.00,444.00,37.00,107.00,0.705289,-1,-1,-1
287,214,385.00,459.00,31.00,73.00,0.401045,-1,-1,-1
287,238,665.00,452.00,35.00,107.00,0.691971,-1,-1,-1
287,239,698.00,460.00,27.00,75.00,0.360190,-1,-1,-1
287,244,1173.00,433.00,75.00,242.00,0.671364,-1,-1,-1
288,1,625.00,453.00,35.00,103.00,0.716012,-1,-1,-1
288,4,1691.00,408.00,229.00,665.00,0.833142,-1,-1,-1
288,7,1096.00,410.00,96.00,287.00,0.854344,-1,-1,-1
288,55,1226.00,433.00,108.00,279.00,0.703928,-1,-1,-1
288,56,990.00,429.00,97.00,240.00,0.830885,-1,-1,-1
288,92,419.00,457.00,39.00,113.00,0.537186,-1,-1,-1
288,164,586.00,452.00,32.00,87.00,0.685417,-1,-1,-1
288,170,552.00,459.00,33.00,81.00,0.569331,-1,-1,-1
288,205,723.00,444.00,37.00,107.00,0.694089,-1,-1,-1
288,238,665.00,451.00,36.00,108.00,0.689029,-1,-1,-1
288,239,698.00,463.00,27.00,73.00,0.329889,-1,-1,-1
288,244,1176.00,433.00,74.00,241.00,0.615186,-1,-1,-1
289,1,624.00,452.00,35.00,104.00,0.715993,-1,-1,-1
289,4,1699.00,404.00,221.00,668.00,0.849784,-1,-1,-1
289,7,1097.00,409.00,97.00,288.00,0.857778,-1,-1,-1
289,55,1228.00,433.00,106.00,279.00,0.735204,-1,-1,-1
289,56,996.00,430.00,95.00,239.00,0.840090,-1,-1,-1
289,92,419.00,461.00,38.00,109.00,0.518681,-1,-1,-1
289,164,586.00,452.00,32.00,88.00,0.668311,-1,-1,-1
289,170,552.00,457.00,34.00,84.00,0.603474,-1,-1,-1
289,205,724.00,444.00,37.00,107.00,0.655718,-1,-1,-1
289,238,665.00,452.00,36.00,107.00,0.660868,-1,-1,-1
289,239,700.00,464.00,26.00,72.00,0.300485,-1,-1,-1
289,244,1179.00,433.00,73.00,242.00,0.659819,-1,-1,-1
290,1,624.00,452.00,35.00,104.00,0.697223,-1,-1,-1
290,4,1713.00,425.00,207.00,648.00,0.734481,-1,-1,-1
290,7,1097.00,408.00,99.00,290.00,0.842003,-1,-1,-1
290,55,1233.00,430.00,106.00,283.00,0.751334,-1,-1,-1
290,56,1002.00,432.00,93.00,237.00,0.773772,-1,-1,-1
290,92,419.00,461.00,38.00,108.00,0.488343,-1,-1,-1
290,164,585.00,452.00,32.00,88.00,0.591870,-1,-1,-1
290,170,552.00,457.00,34.00,85.00,0.562199,-1,-1,-1
290,205,724.00,444.00,38.00,107.00,0.642881,-1,-1,-1
290,238,664.00,453.00,36.00,106.00,0.652306,-1,-1,-1
290,239,700.00,464.00,27.00,72.00,0.317042,-1,-1,-1
290,244,1182.00,431.00,73.00,245.00,0.683659,-1,-1,-1
291,1,625.00,453.00,35.00,103.00,0.694692,-1,-1,-1
291,4,1734.00,470.00,186.00,602.00,0.666100,-1,-1,-1
291,7,1097.00,408.00,99.00,290.00,0.826538,-1,-1,-1
291,55,1239.00,432.00,104.00,281.00,0.753582,-1,-1,-1
291,56,1006.00,434.00,90.00,234.00,0.759389,-1,-1,-1
291,92,420.00,465.00,37.00,104.00,0.419821,-1,-1,-1
291,164,586.00,453.00,32.00,87.00,0.588393,-1,-1,-1
291,170,552.00,458.00,33.00,83.00,0.489673,-1,-1,-1
291,205,724.00,444.00,38.00,108.00,0.656881,-1,-1,-1
291,238,664.00,453.00,36.00,106.00,0.634690,-1,-1,-1
291,239,701.00,464.00,26.00,73.00,0.323955,-1,-1,-1
291,244,1186.00,432.00,72.00,244.00,0.685413,-1,-1,-1
292,1,625.00,453.00,34.00,102.00,0.702729,-1,-1,-1
292,4,1753.00,490.00,167.00,583.00,0.722599,-1,-1,-1
292,7,1098.00,409.00,99.00,289.00,0.848940,-1,-1,-1
292,55,1245.00,432.00,102.00,281.00,0.824377,-1,-1,-1
292,56,1011.00,433.00,89.00,236.00,0.734639,-1,-1,-1
292,92,421.00,468.00,36.00,102.00,0.417469,-1,-1,-1
292,164,584.00,452.00,32.00,88.00,0.556206,-1,-1,-1
292,170,553.00,460.00,32.00,79.00,0.485673,-1,-1,-1
292,205,725.00,445.00,38.00,107.00,0.649434,-1,-1,-1
292,238,664.00,454.00,36.00,105.00,0.614770,-1,-1,-1
292,239,700.00,463.00,28.00,74.00,0.302031,-1,-1,-1
292,244,1189.00,430.00,72.00,247.00,0.713844,-1,-1,-1
293,1,625.00,453.00,34.00,102.00,0.698623,-1,-1,-1
293,4,1778.00,522.00,142.00,551.00,0.539602,-1,-1,-1
293,7,1098.00,409.00,100.00,289.00,0.855286,-1,-1,-1
293,8,381.00,464.00,43.00,111.00,0.557262,-1,-1,-1
293,55,1249.00,432.00,102.00,281.00,0.841978,-1,-1,-1
293,56,1014.00,435.00,87.00,234.00,0.705900,-1,-1,-1
293,92,420.00,464.00,38.00,105.00,0.460581,-1,-1,-1
293,164,582.00,451.00,34.00,89.00,0.582794,-1,-1,-1
293,170,552.00,458.00,33.00,81.00,0.510927,-1,-1,-1
293,205,725.00,445.00,38.00,107.00,0.669308,-1,-1,-1
293,238,662.00,453.00,37.00,107.00,0.606929,-1,-1,-1
293,239,700.00,467.00,26.00,70.00,0.270934,-1,-1,-1
293,244,1192.00,432.00,72.00,245.00,0.672799,-1,-1,-1
294,1,625.00,453.00,34.00,101.00,0.692989,-1,-1,-1
294,7,1098.00,410.00,101.00,288.00,0.863927,-1,-1,-1
294,8,381.00,464.00,43.00,111.00,0.571631,-1,-1,-1
294,55,1250.00,432.00,103.00,280.00,0.875004,-1,-1,-1
294,56,1017.00,438.00,85.00,230.00,0.711933,-1,-1,-1
294,92,420.00,463.00,38.00,106.00,0.481611,-1,-1,-1
294,164,582.00,451.00,34.00,90.00,0.552475,-1,-1,-1
294,170,550.00,452.00,35.00,87.00,0.452033,-1,-1,-1
294,205,725.00,446.00,39.00,107.00,0.655215,-1,-1,-1
294,238,662.00,454.00,37.00,106.00,0.577003,-1,-1,-1
294,239,700.00,468.00,25.00,69.00,0.254178,-1,-1,-1
294,244,1194.00,432.00,72.00,246.00,0.708780,-1,-1,-1
295,1,625.00,454.00,34.00,100.00,0.697579,-1,-1,-1
295,7,1098.00,409.00,101.00,288.00,0.864511,-1,-1,-1
295,8,382.00,465.00,42.00,110.00,0.528802,-1,-1,-1
295,55,1252.00,434.00,102.00,279.00,0.869584,-1,-1,-1
295,56,1022.00,439.00,82.00,229.00,0.754061,-1,-1,-1
295,92,420.00,465.00,38.00,104.00,0.472980,-1,-1,-1
295,164,582.00,452.00,33.00,89.00,0.560300,-1,-1,-1
295,170,551.00,456.00,34.00,83.00,0.496728,-1,-1,-1
295,205,726.00,446.00,38.00,107.00,0.665990,-1,-1,-1
295,238,662.00,453.00,37.00,107.00,0.595398,-1,-1,-1
295,239,699.00,468.00,26.00,69.00,0.249063,-1,-1,-1
295,244,1195.00,437.00,71.00,240.00,0.732675,-1,-1,-1
296,1,626.00,454.00,33.00,99.00,0.680631,-1,-1,-1
296,7,1099.00,410.00,101.00,287.00,0.863904,-1,-1,-1
296,8,381.00,464.00,43.00,111.00,0.521677,-1,-1,-1
296,55,1254.00,437.00,101.00,275.00,0.869048,-1,-1,-1
296,56,1025.00,439.00,82.00,229.00,0.766474,-1,-1,-1
296,92,420.00,464.00,38.00,105.00,0.462084,-1,-1,-1
296,164,581.00,450.00,34.00,91.00,0.625529,-1,-1,-1
296,170,551.00,456.00,33.00,84.00,0.556760,-1,-1,-1
296,205,725.00,446.00,39.00,107.00,0.683569,-1,-1,-1
296,238,661.00,453.00,38.00,107.00,0.592627,-1,-1,-1
296,239,699.00,468.00,26.00,69.00,0.264436,-1,-1,-1
296,244,1196.00,440.00,70.00,238.00,0.736991,-1,-1,-1
297,1,626.00,454.00,34.00,99.00,0.671937,-1,-1,-1
297,7,1101.00,413.00,100.00,283.00,0.857890,-1,-1,-1
297,8,381.00,464.00,43.00,111.00,0.429198,-1,-1,-1
297,55,1256.00,437.00,101.00,274.00,0.857846,-1,-1,-1
297,56,1029.00,441.00,83.00,228.00,0.779147,-1,-1,-1
297,92,420.00,467.00,37.00,103.00,0.452688,-1,-1,-1
297,164,580.00,449.00,35.00,92.00,0.639153,-1,-1,-1
297,170,550.00,453.00,34.00,87.00,0.558453,-1,-1,-1
297,205,726.00,446.00,39.00,108.00,0.686809,-1,-1,-1
297,238,660.00,452.00,38.00,107.00,0.525552,-1,-1,-1
297,239,699.00,469.00,26.00,68.00,0.250170,-1,-1,-1
297,244,1198.00,435.00,72.00,244.00,0.749983,-1,-1,-1
298,1,627.00,454.00,33.00,99.00,0.681121,-1,-1,-1
298,7,1103.00,412.00,100.00,284.00,0.862235,-1,-1,-1
298,8,382.00,465.00,42.00,110.00,0.542155,-1,-1,-1
298,55,1256.00,436.00,102.00,275.00,0.847131,-1,-1,-1
298,56,1032.00,439.00,84.00,230.00,0.821379,-1,-1,-1
298,92,420.00,468.00,37.00,101.00,0.423898,-1,-1,-1
298,164,581.00,450.00,34.00,90.00,0.601646,-1,-1,-1
298,170,550.00,452.00,35.00,88.00,0.581307,-1,-1,-1
298,205,726.00,446.00,39.00,108.00,0.670485,-1,-1,-1
298,238,660.00,451.00,37.00,108.00,0.532155,-1,-1,-1
298,239,699.00,469.00,26.00,68.00,0.268548,-1,-1,-1
298,244,1199.00,434.00,73.00,246.00,0.763507,-1,-1,-1
299,1,627.00,454.00,33.00,99.00,0.679817,-1,-1,-1
299,7,1106.00,412.00,100.00,282.00,0.820253,-1,-1,-1
299,8,381.00,467.00,42.00,108.00,0.537991,-1,-1,-1
299,55,1258.00,434.00,103.00,277.00,0.837086,-1,-1,-1
299,56,1034.00,437.00,86.00,232.00,0.822776,-1,-1,-1
299,92,419.00,464.00,38.00,105.00,0.441694,-1,-1,-1
299,164,582.00,452.00,34.00,88.00,0.545732,-1,-1,-1
299,170,552.00,456.00,33.00,83.00,0.460521,-1,-1,-1
299,205,724.00,446.00,40.00,107.00,0.678001,-1,-1,-1
299,238,659.00,452.00,37.00,108.00,0.498593,-1,-1,-1
299,239,699.00,467.00,26.00,70.00,0.268757,-1,-1,-1
299,244,1200.00,434.00,74.00,246.00,0.761475,-1,-1,-1
