1,2,190.00,786.00,96.00,282.00,0.860046,-1,-1,-1
1,3,266.00,825.00,81.00,253.00,0.824778,-1,-1,-1
1,4,1768.00,212.00,62.00,176.00,0.819097,-1,-1,-1
1,5,1715.00,457.00,81.00,209.00,0.792473,-1,-1,-1
1,6,824.00,604.00,70.00,259.00,0.777577,-1,-1,-1
1,7,959.00,724.00,80.00,254.00,0.743532,-1,-1,-1
1,8,384.00,193.00,64.00,190.00,0.737216,-1,-1,-1
1,9,1705.00,305.00,71.00,193.00,0.736582,-1,-1,-1
1,10,1033.00,743.00,91.00,232.00,0.733301,-1,-1,-1
1,11,162.00,321.00,68.00,193.00,0.733020,-1,-1,-1
1,12,1042.00,927.00,73.00,152.00,0.725147,-1,-1,-1
1,13,1577.00,599.00,65.00,236.00,0.702299,-1,-1,-1
1,14,1869.00,222.00,50.00,196.00,0.669373,-1,-1,-1
1,15,465.00,124.00,60.00,180.00,0.614900,-1,-1,-1
1,16,1608.00,1.00,58.00,168.00,0.614822,-1,-1,-1
1,17,1667.00,13.00,60.00,158.00,0.583885,-1,-1,-1
1,18,994.00,0.00,49.00,113.00,0.580248,-1,-1,-1
1,19,1766.00,651.00,72.00,154.00,0.541904,-1,-1,-1
1,20,677.00,283.00,59.00,126.00,0.515370,-1,-1,-1
1,21,1484.00,0.00,55.00,136.00,0.512751,-1,-1,-1
1,23,359.00,88.00,62.00,237.00,0.508818,-1,-1,-1
1,26,776.00,144.00,60.00,173.00,0.476669,-1,-1,-1
1,27,884.00,0.00,50.00,117.00,0.474457,-1,-1,-1
1,28,931.00,0.00,50.00,105.00,0.464244,-1,-1,-1
1,29,519.00,100.00,56.00,180.00,0.453633,-1,-1,-1
1,30,279.00,126.00,62.00,165.00,0.392382,-1,-1,-1
2,2,190.00,787.00,95.00,280.00,0.855635,-1,-1,-1
2,3,266.00,827.00,80.00,251.00,0.822235,-1,-1,-1
2,4,1769.00,213.00,62.00,175.00,0.840809,-1,-1,-1
2,5,1715.00,458.00,81.00,208.00,0.802732,-1,-1,-1
2,6,824.00,604.00,70.00,259.00,0.772293,-1,-1,-1
2,7,960.00,726.00,81.00,255.00,0.712288,-1,-1,-1
2,8,385.00,195.00,63.00,189.00,0.744104,-1,-1,-1
2,9,1703.00,305.00,71.00,191.00,0.767179,-1,-1,-1
2,10,1034.00,744.00,93.00,234.00,0.705089,-1,-1,-1
2,11,162.00,320.00,68.00,192.00,0.701303,-1,-1,-1
2,12,1042.00,928.00,72.00,151.00,0.767929,-1,-1,-1
2,13,1577.00,597.00,65.00,237.00,0.715091,-1,-1,-1
2,14,1869.00,224.00,49.00,195.00,0.595750,-1,-1,-1
2,15,466.00,124.00,59.00,180.00,0.633927,-1,-1,-1
2,16,1607.00,1.00,60.00,172.00,0.648997,-1,-1,-1
2,17,1667.00,14.00,59.00,158.00,0.610501,-1,-1,-1
2,18,995.00,0.00,48.00,111.00,0.522125,-1,-1,-1
2,19,1767.00,651.00,73.00,158.00,0.552225,-1,-1,-1
2,20,677.00,283.00,58.00,126.00,0.523006,-1,-1,-1
2,21,1484.00,0.00,55.00,137.00,0.548102,-1,-1,-1
2,23,359.00,90.00,62.00,236.00,0.525705,-1,-1,-1
2,26,776.00,144.00,59.00,173.00,0.433586,-1,-1,-1
2,27,884.00,0.00,51.00,117.00,0.439953,-1,-1,-1
2,28,931.00,0.00,51.00,106.00,0.464867,-1,-1,-1
2,29,519.00,100.00,56.00,179.00,0.456887,-1,-1,-1
2,30,279.00,124.00,63.00,167.00,0.478185,-1,-1,-1
3,2,189.00,789.00,95.00,279.00,0.853276,-1,-1,-1
3,3,265.00,829.00,80.00,249.00,0.819552,-1,-1,-1
3,4,1769.00,214.00,62.00,174.00,0.816872,-1,-1,-1
3,5,1715.00,459.00,80.00,207.00,0.800164,-1,-1,-1
3,6,824.00,603.00,70.00,259.00,0.766021,-1,-1,-1
3,7,961.00,727.00,82.00,259.00,0.661602,-1,-1,-1
3,8,382.00,195.00,65.00,193.00,0.705124,-1,-1,-1
3,9,1702.00,305.00,70.00,189.00,0.827141,-1,-1,-1
3,10,1040.00,744.00,91.00,233.00,0.723506,-1,-1,-1
3,11,162.00,319.00,68.00,193.00,0.734741,-1,-1,-1
3,12,1041.00,929.00,72.00,151.00,0.756984,-1,-1,-1
3,13,1578.00,598.00,65.00,237.00,0.688722,-1,-1,-1
3,14,1869.00,225.00,49.00,196.00,0.565418,-1,-1,-1
3,15,466.00,125.00,59.00,179.00,0.631210,-1,-1,-1
3,16,1607.00,1.00,60.00,173.00,0.593193,-1,-1,-1
3,17,1666.00,13.00,59.00,158.00,0.572733,-1,-1,-1
3,18,995.00,0.00,48.00,109.00,0.458859,-1,-1,-1
3,19,1759.00,652.00,91.00,197.00,0.469386,-1,-1,-1
3,20,677.00,284.00,59.00,125.00,0.495043,-1,-1,-1
3,21,1483.00,0.00,56.00,136.00,0.530157,-1,-1,-1
3,23,359.00,91.00,61.00,233.00,0.450622,-1,-1,-1
3,26,775.00,143.00,60.00,173.00,0.446069,-1,-1,-1
3,27,884.00,0.00,50.00,117.00,0.447234,-1,-1,-1
3,28,932.00,0.00,50.00,106.00,0.462926,-1,-1,-1
3,29,519.00,98.00,57.00,181.00,0.478205,-1,-1,-1
3,30,279.00,124.00,63.00,167.00,0.455531,-1,-1,-1
3,33,223.00,108.00,58.00,183.00,0.341809,-1,-1,-1
4,2,189.00,791.00,95.00,277.00,0.842047,-1,-1,-1
4,3,265.00,831.00,79.00,248.00,0.823657,-1,-1,-1
4,4,1769.00,215.00,62.00,171.00,0.813363,-1,-1,-1
4,5,1715.00,458.00,81.00,209.00,0.801238,-1,-1,-1
4,6,822.00,602.00,69.00,259.00,0.765958,-1,-1,-1
4,7,961.00,730.00,83.00,261.00,0.707406,-1,-1,-1
4,8,379.00,196.00,66.00,194.00,0.720562,-1,-1,-1
4,9,1701.00,305.00,68.00,184.00,0.837950,-1,-1,-1
4,10,1044.00,746.00,91.00,230.00,0.673893,-1,-1,-1
4,11,163.00,317.00,68.00,195.00,0.742520,-1,-1,-1
4,12,1041.00,929.00,71.00,150.00,0.742125,-1,-1,-1
4,13,1581.00,599.00,64.00,232.00,0.600600,-1,-1,-1
4,14,1867.00,228.00,50.00,197.00,0.534491,-1,-1,-1
4,15,465.00,125.00,59.00,178.00,0.600688,-1,-1,-1
4,16,1606.00,1.00,59.00,171.00,0.580660,-1,-1,-1
4,17,1665.00,14.00,59.00,157.00,0.560629,-1,-1,-1
4,18,995.00,0.00,47.00,108.00,0.544711,-1,-1,-1
4,19,1760.00,653.00,95.00,209.00,0.442246,-1,-1,-1
4,20,677.00,282.00,59.00,127.00,0.478550,-1,-1,-1
4,21,1483.00,0.00,56.00,136.00,0.541343,-1,-1,-1
4,23,360.00,90.00,61.00,232.00,0.298879,-1,-1,-1
4,26,776.00,144.00,59.00,172.00,0.428389,-1,-1,-1
4,27,883.00,0.00,50.00,116.00,0.415780,-1,-1,-1
4,28,931.00,0.00,50.00,105.00,0.459383,-1,-1,-1
4,29,519.00,99.00,56.00,180.00,0.465622,-1,-1,-1
4,30,280.00,124.00,62.00,167.00,0.439482,-1,-1,-1
4,33,222.00,107.00,59.00,185.00,0.326826,-1,-1,-1
5,2,188.00,792.00,94.00,277.00,0.839121,-1,-1,-1
5,3,264.00,834.00,78.00,244.00,0.829732,-1,-1,-1
5,4,1769.00,216.00,62.00,171.00,0.793487,-1,-1,-1
5,5,1715.00,458.00,81.00,209.00,0.795211,-1,-1,-1
5,6,818.00,602.00,70.00,259.00,0.766967,-1,-1,-1
5,7,963.00,732.00,82.00,262.00,0.677252,-1,-1,-1
5,8,378.00,196.00,66.00,195.00,0.746326,-1,-1,-1
5,9,1700.00,305.00,68.00,182.00,0.801050,-1,-1,-1
5,10,1047.00,748.00,89.00,226.00,0.717678,-1,-1,-1
5,11,163.00,316.00,68.00,195.00,0.750474,-1,-1,-1
5,12,1040.00,931.00,71.00,148.00,0.711668,-1,-1,-1
5,13,1583.00,598.00,63.00,232.00,0.580935,-1,-1,-1
5,14,1868.00,230.00,50.00,198.00,0.493293,-1,-1,-1
5,15,465.00,124.00,59.00,177.00,0.588789,-1,-1,-1
5,16,1605.00,0.00,60.00,172.00,0.588082,-1,-1,-1
5,17,1665.00,13.00,59.00,157.00,0.548908,-1,-1,-1
5,18,995.00,0.00,47.00,107.00,0.567359,-1,-1,-1
5,19,1760.00,654.00,95.00,214.00,0.518854,-1,-1,-1
5,20,678.00,283.00,58.00,126.00,0.505119,-1,-1,-1
5,21,1483.00,0.00,56.00,137.00,0.512986,-1,-1,-1
5,23,364.00,90.00,51.00,192.00,0.289878,-1,-1,-1
5,26,777.00,146.00,59.00,170.00,0.430299,-1,-1,-1
5,27,882.00,0.00,50.00,116.00,0.442134,-1,-1,-1
5,28,932.00,0.00,49.00,105.00,0.461313,-1,-1,-1
5,29,519.00,100.00,56.00,180.00,0.459765,-1,-1,-1
5,30,280.00,124.00,63.00,167.00,0.465151,-1,-1,-1
5,33,222.00,108.00,59.00,185.00,0.370293,-1,-1,-1
6,2,189.00,794.00,93.00,275.00,0.842101,-1,-1,-1
6,3,264.00,834.00,78.00,245.00,0.818881,-1,-1,-1
6,4,1770.00,217.00,62.00,172.00,0.805662,-1,-1,-1
6,5,1714.00,456.00,82.00,211.00,0.799715,-1,-1,-1
6,6,814.00,603.00,70.00,259.00,0.757623,-1,-1,-1
6,7,963.00,735.00,83.00,261.00,0.727596,-1,-1,-1
6,8,377.00,197.00,67.00,195.00,0.733864,-1,-1,-1
6,9,1698.00,305.00,68.00,181.00,0.757862,-1,-1,-1
6,10,1048.00,750.00,90.00,230.00,0.697824,-1,-1,-1
6,11,163.00,314.00,69.00,195.00,0.784587,-1,-1,-1
6,12,1039.00,932.00,70.00,147.00,0.701096,-1,-1,-1
6,13,1582.00,596.00,64.00,235.00,0.619108,-1,-1,-1
6,14,1870.00,231.00,49.00,198.00,0.509979,-1,-1,-1
6,15,464.00,123.00,60.00,179.00,0.592631,-1,-1,-1
6,16,1605.00,0.00,59.00,171.00,0.595246,-1,-1,-1
6,17,1664.00,12.00,59.00,158.00,0.532320,-1,-1,-1
6,18,996.00,0.00,46.00,105.00,0.530914,-1,-1,-1
6,19,1762.00,655.00,94.00,215.00,0.454733,-1,-1,-1
6,20,678.00,284.00,58.00,125.00,0.521175,-1,-1,-1
6,21,1483.00,0.00,56.00,137.00,0.516510,-1,-1,-1
6,23,365.00,89.00,48.00,180.00,0.346982,-1,-1,-1
6,26,777.00,147.00,58.00,170.00,0.394014,-1,-1,-1
6,27,881.00,0.00,50.00,115.00,0.451240,-1,-1,-1
6,28,932.00,0.00,49.00,104.00,0.475707,-1,-1,-1
6,29,519.00,99.00,56.00,180.00,0.460519,-1,-1,-1
6,30,280.00,125.00,63.00,167.00,0.432083,-1,-1,-1
6,33,222.00,107.00,59.00,185.00,0.313640,-1,-1,-1
6,36,1595.00,282.00,49.00,185.00,0.377554,-1,-1,-1
7,2,188.00,795.00,93.00,273.00,0.847240,-1,-1,-1
7,3,263.00,836.00,78.00,243.00,0.828345,-1,-1,-1
7,4,1770.00,219.00,63.00,173.00,0.800265,-1,-1,-1
7,5,1714.00,456.00,82.00,211.00,0.794741,-1,-1,-1
7,6,811.00,602.00,70.00,258.00,0.789626,-1,-1,-1
7,7,965.00,739.00,82.00,258.00,0.723503,-1,-1,-1
7,8,378.00,197.00,66.00,194.00,0.728706,-1,-1,-1
7,9,1697.00,303.00,68.00,183.00,0.732399,-1,-1,-1
7,10,1049.00,753.00,90.00,233.00,0.706498,-1,-1,-1
7,11,164.00,313.00,68.00,194.00,0.763254,-1,-1,-1
7,12,1038.00,933.00,70.00,146.00,0.728173,-1,-1,-1
7,13,1581.00,596.00,65.00,235.00,0.615189,-1,-1,-1
7,14,1873.00,232.00,47.00,198.00,0.479982,-1,-1,-1
7,15,464.00,121.00,60.00,180.00,0.561347,-1,-1,-1
7,16,1604.00,0.00,59.00,171.00,0.589977,-1,-1,-1
7,17,1663.00,10.00,59.00,160.00,0.576010,-1,-1,-1
7,18,995.00,0.00,46.00,105.00,0.490522,-1,-1,-1
7,20,678.00,283.00,58.00,126.00,0.466141,-1,-1,-1
7,21,1483.00,0.00,56.00,137.00,0.512506,-1,-1,-1
7,26,776.00,146.00,59.00,171.00,0.328030,-1,-1,-1
7,27,880.00,0.00,50.00,116.00,0.434729,-1,-1,-1
7,28,932.00,0.00,49.00,104.00,0.409489,-1,-1,-1
7,29,519.00,101.00,56.00,177.00,0.418712,-1,-1,-1
7,30,281.00,125.00,62.00,167.00,0.373478,-1,-1,-1
7,33,222.00,107.00,59.00,186.00,0.277496,-1,-1,-1
7,38,1540.00,596.00,108.00,239.00,0.475169,-1,-1,-1
8,2,188.00,796.00,93.00,272.00,0.852381,-1,-1,-1
8,3,262.00,837.00,78.00,242.00,0.823217,-1,-1,-1
8,4,1770.00,220.00,64.00,173.00,0.810296,-1,-1,-1
8,5,1714.00,455.00,82.00,213.00,0.791078,-1,-1,-1
8,6,808.00,602.00,69.00,253.00,0.790754,-1,-1,-1
8,7,967.00,741.00,83.00,258.00,0.762481,-1,-1,-1
8,8,380.00,199.00,67.00,193.00,0.745348,-1,-1,-1
8,9,1695.00,303.00,68.00,183.00,0.772532,-1,-1,-1
8,10,1051.00,755.00,92.00,237.00,0.768893,-1,-1,-1
8,11,165.00,312.00,67.00,192.00,0.762092,-1,-1,-1
8,12,1037.00,934.00,70.00,145.00,0.706872,-1,-1,-1
8,13,1584.00,596.00,64.00,232.00,0.644254,-1,-1,-1
8,14,1876.00,231.00,44.00,199.00,0.367593,-1,-1,-1
8,15,464.00,119.00,60.00,179.00,0.565717,-1,-1,-1
8,16,1603.00,0.00,59.00,170.00,0.597866,-1,-1,-1
8,17,1662.00,9.00,60.00,160.00,0.599718,-1,-1,-1
8,18,995.00,0.00,46.00,105.00,0.495701,-1,-1,-1
8,20,677.00,283.00,59.00,126.00,0.470018,-1,-1,-1
8,21,1483.00,0.00,55.00,137.00,0.521717,-1,-1,-1
8,26,776.00,146.00,59.00,171.00,0.334367,-1,-1,-1
8,27,880.00,0.00,49.00,115.00,0.431165,-1,-1,-1
8,28,932.00,0.00,49.00,103.00,0.406705,-1,-1,-1
8,29,520.00,101.00,55.00,177.00,0.417192,-1,-1,-1
8,30,281.00,126.00,62.00,166.00,0.344058,-1,-1,-1
8,38,1540.00,596.00,108.00,238.00,0.569233,-1,-1,-1
9,2,188.00,797.00,93.00,272.00,0.862026,-1,-1,-1
9,3,262.00,838.00,78.00,241.00,0.817853,-1,-1,-1
9,4,1770.00,222.00,65.00,174.00,0.752649,-1,-1,-1
9,5,1713.00,454.00,83.00,214.00,0.793653,-1,-1,-1
9,6,804.00,601.00,69.00,250.00,0.799595,-1,-1,-1
9,7,969.00,744.00,82.00,256.00,0.793056,-1,-1,-1
9,8,382.00,200.00,67.00,192.00,0.761053,-1,-1,-1
9,9,1693.00,302.00,68.00,184.00,0.770296,-1,-1,-1
9,10,1050.00,758.00,92.00,239.00,0.763854,-1,-1,-1
9,11,166.00,312.00,67.00,190.00,0.762698,-1,-1,-1
9,12,1033.00,934.00,71.00,145.00,0.693354,-1,-1,-1
9,13,1578.00,595.00,65.00,234.00,0.631987,-1,-1,-1
9,14,1874.00,234.00,46.00,197.00,0.274286,-1,-1,-1
9,15,464.00,117.00,59.00,178.00,0.549410,-1,-1,-1
9,16,1602.00,0.00,59.00,171.00,0.530507,-1,-1,-1
9,17,1662.00,8.00,59.00,159.00,0.514242,-1,-1,-1
9,18,995.00,0.00,46.00,104.00,0.523867,-1,-1,-1
9,20,677.00,283.00,58.00,126.00,0.513151,-1,-1,-1
9,21,1483.00,0.00,56.00,137.00,0.508419,-1,-1,-1
9,26,777.00,147.00,59.00,170.00,0.311847,-1,-1,-1
9,27,880.00,0.00,48.00,113.00,0.410200,-1,-1,-1
9,28,933.00,0.00,49.00,104.00,0.377856,-1,-1,-1
9,29,521.00,102.00,55.00,177.00,0.441967,-1,-1,-1
9,30,281.00,125.00,62.00,167.00,0.383049,-1,-1,-1
10,2,188.00,798.00,93.00,273.00,0.854964,-1,-1,-1
10,3,262.00,840.00,78.00,238.00,0.830231,-1,-1,-1
10,4,1770.00,222.00,66.00,175.00,0.734502,-1,-1,-1
10,5,1714.00,455.00,82.00,213.00,0.780545,-1,-1,-1
10,6,802.00,601.00,68.00,246.00,0.786118,-1,-1,-1
10,7,972.00,746.00,81.00,254.00,0.744701,-1,-1,-1
10,8,384.00,200.00,66.00,191.00,0.758302,-1,-1,-1
10,9,1692.00,300.00,68.00,186.00,0.784922,-1,-1,-1
10,10,1052.00,761.00,92.00,239.00,0.758021,-1,-1,-1
10,11,166.00,311.00,67.00,189.00,0.771163,-1,-1,-1
10,12,1029.00,935.00,72.00,144.00,0.663181,-1,-1,-1
10,13,1581.00,595.00,65.00,233.00,0.638964,-1,-1,-1
10,15,464.00,115.00,59.00,177.00,0.529093,-1,-1,-1
10,16,1601.00,0.00,59.00,170.00,0.515472,-1,-1,-1
10,17,1660.00,7.00,58.00,157.00,0.468497,-1,-1,-1
10,18,995.00,0.00,47.00,104.00,0.504185,-1,-1,-1
10,20,677.00,284.00,59.00,126.00,0.501742,-1,-1,-1
10,21,1484.00,0.00,56.00,137.00,0.467834,-1,-1,-1
10,26,777.00,148.00,59.00,170.00,0.342652,-1,-1,-1
10,27,880.00,0.00,48.00,113.00,0.450499,-1,-1,-1
10,28,932.00,0.00,50.00,104.00,0.394814,-1,-1,-1
10,29,521.00,103.00,55.00,176.00,0.447141,-1,-1,-1
10,30,280.00,122.00,64.00,170.00,0.310903,-1,-1,-1
10,36,1596.00,280.00,44.00,165.00,0.335591,-1,-1,-1
10,38,1540.00,594.00,108.00,239.00,0.413228,-1,-1,-1
11,2,188.00,800.00,93.00,275.00,0.858545,-1,-1,-1
11,3,262.00,842.00,77.00,237.00,0.816220,-1,-1,-1
11,4,1771.00,222.00,67.00,177.00,0.772281,-1,-1,-1
11,5,1714.00,456.00,82.00,211.00,0.787410,-1,-1,-1
11,6,799.00,601.00,70.00,249.00,0.786820,-1,-1,-1
11,7,974.00,747.00,81.00,253.00,0.758688,-1,-1,-1
11,8,385.00,201.00,66.00,190.00,0.777248,-1,-1,-1
11,9,1690.00,298.00,68.00,189.00,0.787821,-1,-1,-1
11,10,1053.00,763.00,91.00,240.00,0.745661,-1,-1,-1
11,11,168.00,309.00,66.00,190.00,0.700179,-1,-1,-1
11,12,1029.00,936.00,72.00,143.00,0.699853,-1,-1,-1
11,13,1580.00,593.00,67.00,238.00,0.659456,-1,-1,-1
11,15,462.00,113.00,60.00,177.00,0.589676,-1,-1,-1
11,16,1600.00,0.00,58.00,166.00,0.616602,-1,-1,-1
11,17,1660.00,5.00,58.00,156.00,0.569401,-1,-1,-1
11,18,994.00,0.00,47.00,104.00,0.490079,-1,-1,-1
11,20,677.00,284.00,59.00,125.00,0.474456,-1,-1,-1
11,21,1484.00,0.00,56.00,137.00,0.542192,-1,-1,-1
11,26,776.00,147.00,60.00,170.00,0.310912,-1,-1,-1
11,27,880.00,0.00,48.00,113.00,0.455338,-1,-1,-1
11,28,931.00,0.00,50.00,106.00,0.407979,-1,-1,-1
11,29,521.00,103.00,55.00,176.00,0.463453,-1,-1,-1
11,30,280.00,118.00,64.00,175.00,0.315329,-1,-1,-1
11,36,1594.00,279.00,44.00,164.00,0.374563,-1,-1,-1
11,38,1540.00,594.00,109.00,240.00,0.465188,-1,-1,-1
12,2,188.00,801.00,93.00,276.00,0.865465,-1,-1,-1
12,3,261.00,844.00,77.00,235.00,0.814193,-1,-1,-1
12,4,1771.00,223.00,68.00,176.00,0.781182,-1,-1,-1
12,5,1715.00,458.00,81.00,209.00,0.804340,-1,-1,-1
12,6,797.00,601.00,71.00,250.00,0.788601,-1,-1,-1
12,7,976.00,748.00,81.00,252.00,0.745901,-1,-1,-1
12,8,385.00,201.00,66.00,190.00,0.765116,-1,-1,-1
12,9,1688.00,296.00,69.00,190.00,0.816297,-1,-1,-1
12,10,1050.00,764.00,92.00,241.00,0.763540,-1,-1,-1
12,11,169.00,308.00,66.00,190.00,0.680787,-1,-1,-1
12,12,1028.00,937.00,73.00,142.00,0.734900,-1,-1,-1
12,13,1583.00,592.00,66.00,234.00,0.540664,-1,-1,-1
12,15,460.00,112.00,60.00,176.00,0.528464,-1,-1,-1
12,16,1600.00,0.00,57.00,163.00,0.685196,-1,-1,-1
12,17,1659.00,4.00,58.00,156.00,0.602394,-1,-1,-1
12,18,993.00,0.00,47.00,103.00,0.481969,-1,-1,-1
12,20,677.00,283.00,59.00,126.00,0.475480,-1,-1,-1
12,21,1485.00,0.00,55.00,137.00,0.573838,-1,-1,-1
12,26,777.00,147.00,60.00,170.00,0.402644,-1,-1,-1
12,27,880.00,0.00,48.00,113.00,0.464182,-1,-1,-1
12,28,931.00,0.00,50.00,105.00,0.373930,-1,-1,-1
12,29,521.00,103.00,55.00,176.00,0.391926,-1,-1,-1
12,30,278.00,101.00,69.00,192.00,0.312259,-1,-1,-1
12,38,1540.00,592.00,108.00,238.00,0.457928,-1,-1,-1
12,43,635.00,759.00,43.00,158.00,0.326470,-1,-1,-1
13,2,190.00,803.00,92.00,275.00,0.866788,-1,-1,-1
13,3,260.00,846.00,78.00,233.00,0.839628,-1,-1,-1
13,4,1772.00,223.00,68.00,176.00,0.791124,-1,-1,-1
13,5,1714.00,458.00,82.00,209.00,0.789275,-1,-1,-1
13,6,795.00,600.00,72.00,252.00,0.769409,-1,-1,-1
13,7,978.00,748.00,82.00,252.00,0.785252,-1,-1,-1
13,8,385.00,201.00,66.00,190.00,0.766543,-1,-1,-1
13,9,1685.00,293.00,70.00,194.00,0.788004,-1,-1,-1
13,10,1053.00,766.00,91.00,240.00,0.770713,-1,-1,-1
13,11,169.00,307.00,67.00,192.00,0.696366,-1,-1,-1
13,12,1026.00,937.00,74.00,142.00,0.726491,-1,-1,-1
13,13,1589.00,591.00,63.00,227.00,0.496237,-1,-1,-1
13,15,460.00,109.00,60.00,177.00,0.539814,-1,-1,-1
13,16,1599.00,0.00,56.00,159.00,0.577445,-1,-1,-1
13,17,1659.00,3.00,57.00,156.00,0.566443,-1,-1,-1
13,18,993.00,0.00,47.00,102.00,0.423756,-1,-1,-1
13,20,677.00,283.00,59.00,126.00,0.501076,-1,-1,-1
13,21,1486.00,0.00,55.00,137.00,0.553288,-1,-1,-1
13,26,778.00,147.00,60.00,171.00,0.382230,-1,-1,-1
13,27,880.00,0.00,48.00,112.00,0.472610,-1,-1,-1
13,28,931.00,0.00,50.00,105.00,0.313597,-1,-1,-1
13,29,521.00,102.00,55.00,176.00,0.407897,-1,-1,-1
13,30,277.00,97.00,71.00,195.00,0.285149,-1,-1,-1
13,38,1541.00,592.00,105.00,232.00,0.490699,-1,-1,-1
13,44,359.00,93.00,54.00,185.00,0.342464,-1,-1,-1
14,2,191.00,805.00,92.00,273.00,0.875901,-1,-1,-1
14,3,260.00,848.00,77.00,231.00,0.841552,-1,-1,-1
14,4,1774.00,223.00,67.00,173.00,0.804685,-1,-1,-1
14,5,1714.00,458.00,81.00,209.00,0.801959,-1,-1,-1
14,6,793.00,600.00,73.00,251.00,0.773311,-1,-1,-1
14,7,980.00,749.00,81.00,250.00,0.763007,-1,-1,-1
14,8,385.00,201.00,66.00,190.00,0.764480,-1,-1,-1
14,9,1682.00,291.00,70.00,195.00,0.803009,-1,-1,-1
14,10,1054.00,767.00,90.00,239.00,0.753576,-1,-1,-1
14,11,170.00,305.00,67.00,194.00,0.677010,-1,-1,-1
14,12,1025.00,937.00,76.00,142.00,0.724328,-1,-1,-1
14,13,1592.00,592.00,61.00,222.00,0.437250,-1,-1,-1
14,14,1882.00,257.00,38.00,172.00,0.374077,-1,-1,-1
14,15,459.00,106.00,61.00,179.00,0.532221,-1,-1,-1
14,16,1599.00,0.00,55.00,156.00,0.538016,-1,-1,-1
14,17,1659.00,2.00,57.00,156.00,0.547676,-1,-1,-1
14,18,993.00,0.00,47.00,102.00,0.435938,-1,-1,-1
14,20,677.00,282.00,59.00,127.00,0.491104,-1,-1,-1
14,21,1486.00,0.00,56.00,137.00,0.527502,-1,-1,-1
14,26,779.00,146.00,62.00,172.00,0.385988,-1,-1,-1
14,27,879.00,0.00,48.00,111.00,0.478798,-1,-1,-1
14,28,931.00,0.00,50.00,104.00,0.344185,-1,-1,-1
14,29,522.00,103.00,55.00,176.00,0.402094,-1,-1,-1
14,30,277.00,99.00,69.00,194.00,0.279341,-1,-1,-1
14,33,222.00,112.00,57.00,180.00,0.256828,-1,-1,-1
14,38,1543.00,592.00,105.00,230.00,0.390854,-1,-1,-1
14,44,358.00,91.00,55.00,188.00,0.366091,-1,-1,-1
15,2,194.00,807.00,91.00,271.00,0.862426,-1,-1,-1
15,3,260.00,852.00,76.00,226.00,0.848286,-1,-1,-1
15,4,1775.00,224.00,67.00,173.00,0.814463,-1,-1,-1
15,5,1714.00,458.00,82.00,209.00,0.804535,-1,-1,-1
15,6,792.00,599.00,74.00,251.00,0.735027,-1,-1,-1
15,7,982.00,751.00,80.00,246.00,0.739174,-1,-1,-1
15,8,385.00,203.00,65.00,190.00,0.734514,-1,-1,-1
15,9,1680.00,289.00,70.00,195.00,0.806886,-1,-1,-1
15,10,1056.00,769.00,89.00,237.00,0.755671,-1,-1,-1
15,11,170.00,305.00,68.00,195.00,0.669310,-1,-1,-1
15,12,1024.00,937.00,77.00,142.00,0.744284,-1,-1,-1
15,13,1594.00,591.00,60.00,225.00,0.475159,-1,-1,-1
15,14,1884.00,260.00,36.00,165.00,0.358261,-1,-1,-1
15,15,455.00,105.00,62.00,181.00,0.463861,-1,-1,-1
15,16,1599.00,0.00,54.00,154.00,0.479483,-1,-1,-1
15,17,1659.00,2.00,56.00,156.00,0.532395,-1,-1,-1
15,18,992.00,0.00,48.00,102.00,0.461794,-1,-1,-1
15,20,677.00,283.00,59.00,126.00,0.450258,-1,-1,-1
15,21,1487.00,0.00,56.00,137.00,0.536671,-1,-1,-1
15,26,779.00,139.00,64.00,179.00,0.362500,-1,-1,-1
15,27,879.00,0.00,47.00,109.00,0.483079,-1,-1,-1
15,28,931.00,0.00,50.00,103.00,0.324594,-1,-1,-1
15,29,524.00,102.00,56.00,176.00,0.374142,-1,-1,-1
15,44,358.00,91.00,56.00,189.00,0.357675,-1,-1,-1
16,2,196.00,809.00,89.00,269.00,0.853822,-1,-1,-1
16,3,260.00,855.00,75.00,223.00,0.836580,-1,-1,-1
16,4,1776.00,224.00,67.00,174.00,0.807556,-1,-1,-1
16,5,1714.00,458.00,81.00,208.00,0.799992,-1,-1,-1
16,6,790.00,599.00,74.00,251.00,0.773079,-1,-1,-1
16,7,984.00,752.00,81.00,245.00,0.727981,-1,-1,-1
16,8,385.00,205.00,65.00,189.00,0.754000,-1,-1,-1
16,9,1677.00,287.00,72.00,196.00,0.817314,-1,-1,-1
16,10,1057.00,770.00,87.00,236.00,0.770381,-1,-1,-1
16,11,171.00,305.00,68.00,194.00,0.674836,-1,-1,-1
16,12,1024.00,938.00,77.00,141.00,0.665115,-1,-1,-1
16,13,1596.00,589.00,60.00,228.00,0.538625,-1,-1,-1
16,14,1886.00,264.00,34.00,162.00,0.352616,-1,-1,-1
16,15,453.00,104.00,63.00,181.00,0.496927,-1,-1,-1
16,16,1599.00,0.00,52.00,150.00,0.381039,-1,-1,-1
16,17,1658.00,1.00,57.00,157.00,0.543744,-1,-1,-1
16,18,992.00,0.00,47.00,102.00,0.449739,-1,-1,-1
16,20,677.00,282.00,58.00,127.00,0.488207,-1,-1,-1
16,21,1488.00,0.00,55.00,137.00,0.580584,-1,-1,-1
16,26,780.00,138.00,65.00,181.00,0.452945,-1,-1,-1
16,27,878.00,0.00,47.00,109.00,0.445216,-1,-1,-1
16,28,932.00,0.00,49.00,101.00,0.334587,-1,-1,-1
16,29,525.00,104.00,56.00,175.00,0.420993,-1,-1,-1
16,30,277.00,97.00,69.00,195.00,0.270510,-1,-1,-1
16,33,222.00,110.00,57.00,182.00,0.263681,-1,-1,-1
16,44,359.00,90.00,55.00,190.00,0.376325,-1,-1,-1
17,2,198.00,811.00,88.00,267.00,0.843853,-1,-1,-1
17,3,259.00,858.00,76.00,221.00,0.849136,-1,-1,-1
17,4,1777.00,225.00,67.00,176.00,0.777038,-1,-1,-1
17,5,1714.00,458.00,81.00,208.00,0.804350,-1,-1,-1
17,6,787.00,599.00,75.00,251.00,0.783399,-1,-1,-1
17,7,988.00,753.00,81.00,244.00,0.722899,-1,-1,-1
17,8,386.00,208.00,64.00,188.00,0.754743,-1,-1,-1
17,9,1674.00,286.00,73.00,197.00,0.818645,-1,-1,-1
17,10,1058.00,771.00,87.00,234.00,0.805855,-1,-1,-1
17,11,173.00,305.00,68.00,196.00,0.689195,-1,-1,-1
17,12,1018.00,939.00,79.00,140.00,0.658171,-1,-1,-1
17,13,1597.00,589.00,59.00,229.00,0.575050,-1,-1,-1
17,14,1887.00,268.00,33.00,158.00,0.370764,-1,-1,-1
17,15,452.00,105.00,63.00,181.00,0.541354,-1,-1,-1
17,17,1657.00,0.00,57.00,158.00,0.566105,-1,-1,-1
17,18,992.00,0.00,47.00,102.00,0.495798,-1,-1,-1
17,20,677.00,283.00,58.00,126.00,0.493482,-1,-1,-1
17,21,1488.00,0.00,55.00,136.00,0.584851,-1,-1,-1
17,26,780.00,136.00,67.00,182.00,0.410420,-1,-1,-1
17,27,877.00,0.00,48.00,109.00,0.478784,-1,-1,-1
17,28,933.00,0.00,47.00,98.00,0.354813,-1,-1,-1
17,29,525.00,104.00,57.00,175.00,0.450326,-1,-1,-1
17,30,277.00,95.00,69.00,197.00,0.259743,-1,-1,-1
17,33,223.00,111.00,56.00,182.00,0.270570,-1,-1,-1
17,44,359.00,90.00,56.00,190.00,0.409622,-1,-1,-1
18,2,199.00,813.00,88.00,264.00,0.843281,-1,-1,-1
18,3,259.00,861.00,75.00,217.00,0.835986,-1,-1,-1
18,4,1778.00,226.00,66.00,175.00,0.753477,-1,-1,-1
18,5,1713.00,457.00,82.00,209.00,0.804260,-1,-1,-1
18,6,782.00,598.00,77.00,251.00,0.774514,-1,-1,-1
18,7,987.00,754.00,83.00,249.00,0.750714,-1,-1,-1
18,8,386.00,210.00,63.00,187.00,0.740350,-1,-1,-1
18,9,1670.00,285.00,75.00,200.00,0.831435,-1,-1,-1
18,10,1060.00,772.00,86.00,234.00,0.766685,-1,-1,-1
18,11,174.00,304.00,68.00,197.00,0.721737,-1,-1,-1
18,12,1022.00,939.00,79.00,140.00,0.678198,-1,-1,-1
18,13,1597.00,587.00,59.00,233.00,0.645478,-1,-1,-1
18,14,1888.00,274.00,32.00,154.00,0.322023,-1,-1,-1
18,15,451.00,104.00,64.00,181.00,0.513710,-1,-1,-1
18,16,1597.00,0.00,52.00,146.00,0.256091,-1,-1,-1
18,17,1657.00,0.00,57.00,158.00,0.576841,-1,-1,-1
18,18,991.00,0.00,47.00,101.00,0.445543,-1,-1,-1
18,20,677.00,283.00,59.00,126.00,0.503880,-1,-1,-1
18,21,1489.00,0.00,55.00,137.00,0.571683,-1,-1,-1
18,26,781.00,133.00,68.00,185.00,0.446219,-1,-1,-1
18,27,876.00,0.00,48.00,108.00,0.463951,-1,-1,-1
18,28,933.00,0.00,47.00,96.00,0.337500,-1,-1,-1
18,29,527.00,104.00,58.00,176.00,0.379769,-1,-1,-1
18,30,277.00,90.00,69.00,202.00,0.349177,-1,-1,-1
18,33,222.00,111.00,57.00,182.00,0.290659,-1,-1,-1
18,44,359.00,88.00,56.00,191.00,0.420894,-1,-1,-1
19,2,201.00,814.00,87.00,264.00,0.844378,-1,-1,-1
19,3,258.00,865.00,75.00,213.00,0.845747,-1,-1,-1
19,4,1779.00,227.00,65.00,176.00,0.748827,-1,-1,-1
19,5,1713.00,458.00,82.00,208.00,0.798510,-1,-1,-1
19,6,778.00,598.00,79.00,251.00,0.762903,-1,-1,-1
19,7,987.00,755.00,85.00,255.00,0.752399,-1,-1,-1
19,8,386.00,212.00,62.00,187.00,0.733762,-1,-1,-1
19,9,1667.00,284.00,77.00,202.00,0.826011,-1,-1,-1
19,10,1063.00,773.00,85.00,234.00,0.760152,-1,-1,-1
19,11,175.00,304.00,68.00,196.00,0.726575,-1,-1,-1
19,12,1020.00,938.00,81.00,141.00,0.733326,-1,-1,-1
19,13,1597.00,586.00,60.00,236.00,0.651229,-1,-1,-1
19,14,1889.00,279.00,31.00,150.00,0.320823,-1,-1,-1
19,15,450.00,103.00,65.00,182.00,0.486662,-1,-1,-1
19,16,1596.00,0.00,52.00,149.00,0.315680,-1,-1,-1
19,17,1657.00,0.00,57.00,158.00,0.567510,-1,-1,-1
19,18,990.00,0.00,48.00,100.00,0.440871,-1,-1,-1
19,20,677.00,284.00,58.00,125.00,0.506171,-1,-1,-1
19,21,1489.00,0.00,55.00,137.00,0.556957,-1,-1,-1
19,26,782.00,133.00,67.00,184.00,0.400823,-1,-1,-1
19,27,875.00,0.00,48.00,108.00,0.441230,-1,-1,-1
19,28,933.00,0.00,47.00,94.00,0.328543,-1,-1,-1
19,29,528.00,104.00,59.00,176.00,0.372611,-1,-1,-1
19,30,277.00,92.00,68.00,201.00,0.321839,-1,-1,-1
19,33,221.00,111.00,57.00,182.00,0.344921,-1,-1,-1
19,44,359.00,88.00,56.00,190.00,0.399851,-1,-1,-1
19,47,141.00,306.00,47.00,178.00,0.419846,-1,-1,-1
20,2,204.00,815.00,86.00,263.00,0.840009,-1,-1,-1
20,3,257.00,868.00,75.00,211.00,0.840157,-1,-1,-1
20,4,1781.00,228.00,65.00,178.00,0.727353,-1,-1,-1
20,5,1711.00,457.00,83.00,209.00,0.797816,-1,-1,-1
20,6,774.00,599.00,80.00,251.00,0.739842,-1,-1,-1
20,7,989.00,758.00,84.00,249.00,0.738410,-1,-1,-1
20,8,385.00,214.00,62.00,187.00,0.750392,-1,-1,-1
20,9,1665.00,285.00,78.00,202.00,0.808322,-1,-1,-1
20,10,1067.00,775.00,84.00,231.00,0.718325,-1,-1,-1
20,11,177.00,304.00,67.00,195.00,0.752870,-1,-1,-1
20,12,1019.00,939.00,82.00,140.00,0.756454,-1,-1,-1
20,13,1597.00,584.00,60.00,238.00,0.622133,-1,-1,-1
20,14,1890.00,282.00,30.00,147.00,0.266647,-1,-1,-1
20,15,449.00,103.00,65.00,181.00,0.461897,-1,-1,-1
20,16,1596.00,0.00,51.00,146.00,0.406690,-1,-1,-1
20,17,1657.00,0.00,56.00,157.00,0.595621,-1,-1,-1
20,18,990.00,0.00,47.00,99.00,0.445779,-1,-1,-1
20,20,678.00,284.00,58.00,125.00,0.485161,-1,-1,-1
20,21,1489.00,0.00,55.00,137.00,0.595568,-1,-1,-1
20,26,782.00,127.00,69.00,190.00,0.435708,-1,-1,-1
20,27,874.00,0.00,48.00,108.00,0.475542,-1,-1,-1
20,28,934.00,0.00,46.00,94.00,0.342745,-1,-1,-1
20,29,528.00,105.00,60.00,176.00,0.369659,-1,-1,-1
20,30,278.00,92.00,67.00,200.00,0.351577,-1,-1,-1
20,33,221.00,111.00,57.00,183.00,0.321301,-1,-1,-1
20,44,359.00,87.00,56.00,191.00,0.453189,-1,-1,-1
20,47,141.00,300.00,48.00,183.00,0.467757,-1,-1,-1
21,2,206.00,817.00,85.00,261.00,0.828602,-1,-1,-1
21,3,256.00,870.00,75.00,209.00,0.837275,-1,-1,-1
21,4,1784.00,230.00,64.00,177.00,0.719688,-1,-1,-1
21,5,1711.00,458.00,83.00,208.00,0.788934,-1,-1,-1
21,6,772.00,598.00,82.00,252.00,0.730532,-1,-1,-1
21,7,990.00,761.00,84.00,247.00,0.699507,-1,-1,-1
21,8,385.00,215.00,62.00,190.00,0.743887,-1,-1,-1
21,9,1663.00,285.00,79.00,203.00,0.800487,-1,-1,-1
21,10,1068.00,777.00,83.00,232.00,0.705907,-1,-1,-1
21,11,178.00,303.00,68.00,197.00,0.733865,-1,-1,-1
21,12,1024.00,939.00,82.00,140.00,0.710412,-1,-1,-1
21,13,1597.00,584.00,60.00,240.00,0.641033,-1,-1,-1
21,14,1890.00,286.00,30.00,144.00,0.316275,-1,-1,-1
21,15,448.00,102.00,66.00,181.00,0.412322,-1,-1,-1
21,16,1596.00,0.00,50.00,146.00,0.363552,-1,-1,-1
21,17,1657.00,0.00,56.00,157.00,0.557619,-1,-1,-1
21,18,989.00,0.00,47.00,97.00,0.371771,-1,-1,-1
21,20,678.00,284.00,58.00,125.00,0.483054,-1,-1,-1
21,21,1489.00,0.00,56.00,138.00,0.601683,-1,-1,-1
21,26,783.00,129.00,69.00,188.00,0.423725,-1,-1,-1
21,27,873.00,0.00,48.00,108.00,0.434807,-1,-1,-1
21,28,934.00,0.00,46.00,93.00,0.329793,-1,-1,-1
21,29,528.00,105.00,60.00,176.00,0.339755,-1,-1,-1
21,30,279.00,91.00,67.00,201.00,0.351045,-1,-1,-1
21,33,220.00,109.00,58.00,184.00,0.345737,-1,-1,-1
21,44,357.00,78.00,59.00,201.00,0.403292,-1,-1,-1
21,47,140.00,285.00,51.00,196.00,0.377805,-1,-1,-1
21,48,1871.00,681.00,47.00,162.00,0.391791,-1,-1,-1
22,2,208.00,819.00,84.00,260.00,0.830139,-1,-1,-1
22,3,255.00,872.00,74.00,207.00,0.832130,-1,-1,-1
22,4,1788.00,231.00,63.00,177.00,0.736321,-1,-1,-1
22,5,1711.00,457.00,83.00,209.00,0.791740,-1,-1,-1
22,6,769.00,599.00,84.00,252.00,0.742856,-1,-1,-1
22,7,994.00,765.00,82.00,239.00,0.700594,-1,-1,-1
22,8,384.00,216.00,62.00,191.00,0.739129,-1,-1,-1
22,9,1662.00,286.00,80.00,202.00,0.811752,-1,-1,-1
22,10,1070.00,780.00,84.00,235.00,0.695410,-1,-1,-1
22,11,179.00,300.00,69.00,201.00,0.716505,-1,-1,-1
22,12,1024.00,940.00,82.00,139.00,0.725443,-1,-1,-1
22,13,1599.00,583.00,60.00,242.00,0.542207,-1,-1,-1
22,15,447.00,102.00,66.00,181.00,0.451941,-1,-1,-1
22,16,1595.00,0.00,50.00,148.00,0.340992,-1,-1,-1
22,17,1657.00,0.00,56.00,156.00,0.617120,-1,-1,-1
22,18,989.00,0.00,46.00,95.00,0.389289,-1,-1,-1
22,20,677.00,283.00,59.00,125.00,0.494439,-1,-1,-1
22,21,1490.00,0.00,55.00,138.00,0.608619,-1,-1,-1
22,26,782.00,126.00,69.00,191.00,0.389185,-1,-1,-1
22,27,872.00,0.00,49.00,108.00,0.498342,-1,-1,-1
22,28,934.00,0.00,46.00,93.00,0.342943,-1,-1,-1
22,29,527.00,104.00,61.00,178.00,0.399696,-1,-1,-1
22,30,279.00,92.00,67.00,200.00,0.356449,-1,-1,-1
22,33,219.00,108.00,58.00,186.00,0.344642,-1,-1,-1
22,38,1545.00,582.00,113.00,245.00,0.298308,-1,-1,-1
22,44,357.00,71.00,59.00,202.00,0.407092,-1,-1,-1
22,47,138.00,278.00,53.00,204.00,0.431670,-1,-1,-1
22,48,1870.00,681.00,48.00,165.00,0.316361,-1,-1,-1
23,2,210.00,820.00,83.00,257.00,0.712608,-1,-1,-1
23,3,250.00,873.00,75.00,206.00,0.811178,-1,-1,-1
23,4,1790.00,233.00,64.00,176.00,0.747370,-1,-1,-1
23,5,1711.00,456.00,84.00,210.00,0.762809,-1,-1,-1
23,6,767.00,599.00,85.00,252.00,0.751794,-1,-1,-1
23,7,996.00,768.00,81.00,236.00,0.675297,-1,-1,-1
23,8,383.00,217.00,62.00,190.00,0.751242,-1,-1,-1
23,9,1661.00,286.00,81.00,201.00,0.818360,-1,-1,-1
23,10,1071.00,782.00,85.00,240.00,0.725387,-1,-1,-1
23,11,181.00,300.00,68.00,200.00,0.711791,-1,-1,-1
23,12,1024.00,940.00,81.00,139.00,0.724606,-1,-1,-1
23,13,1601.00,584.00,59.00,241.00,0.642828,-1,-1,-1
23,15,449.00,101.00,66.00,181.00,0.468929,-1,-1,-1
23,16,1593.00,0.00,51.00,149.00,0.423435,-1,-1,-1
23,17,1658.00,0.00,55.00,156.00,0.617689,-1,-1,-1
23,18,989.00,0.00,46.00,94.00,0.377614,-1,-1,-1
23,20,678.00,284.00,58.00,125.00,0.478522,-1,-1,-1
23,21,1490.00,0.00,55.00,138.00,0.600366,-1,-1,-1
23,26,783.00,128.00,68.00,189.00,0.409809,-1,-1,-1
23,27,872.00,0.00,49.00,108.00,0.455351,-1,-1,-1
23,28,934.00,0.00,46.00,92.00,0.315711,-1,-1,-1
23,29,528.00,105.00,61.00,178.00,0.463702,-1,-1,-1
23,30,279.00,93.00,66.00,199.00,0.326893,-1,-1,-1
23,33,219.00,106.00,58.00,189.00,0.348299,-1,-1,-1
23,44,358.00,77.00,57.00,190.00,0.435128,-1,-1,-1
23,47,138.00,279.00,52.00,203.00,0.425454,-1,-1,-1
24,2,213.00,821.00,81.00,255.00,0.712821,-1,-1,-1
24,3,245.00,875.00,76.00,204.00,0.817075,-1,-1,-1
24,4,1792.00,234.00,63.00,176.00,0.749719,-1,-1,-1
24,5,1712.00,456.00,84.00,210.00,0.786495,-1,-1,-1
24,6,764.00,599.00,87.00,252.00,0.779961,-1,-1,-1
24,7,1003.00,772.00,73.00,210.00,0.623959,-1,-1,-1
24,8,382.00,218.00,61.00,190.00,0.750482,-1,-1,-1
24,9,1661.00,286.00,81.00,202.00,0.813673,-1,-1,-1
24,10,1075.00,784.00,87.00,244.00,0.750234,-1,-1,-1
24,11,182.00,299.00,69.00,200.00,0.704627,-1,-1,-1
24,12,1022.00,939.00,82.00,140.00,0.742726,-1,-1,-1
24,13,1600.00,586.00,59.00,239.00,0.690898,-1,-1,-1
24,15,451.00,100.00,64.00,178.00,0.510681,-1,-1,-1
24,16,1592.00,0.00,52.00,149.00,0.404310,-1,-1,-1
24,17,1659.00,0.00,55.00,155.00,0.605430,-1,-1,-1
24,18,988.00,0.00,46.00,93.00,0.339096,-1,-1,-1
24,20,678.00,284.00,58.00,125.00,0.498347,-1,-1,-1
24,21,1490.00,0.00,55.00,138.00,0.600303,-1,-1,-1
24,26,783.00,126.00,69.00,192.00,0.404910,-1,-1,-1
24,27,872.00,0.00,49.00,108.00,0.438811,-1,-1,-1
24,28,932.00,0.00,47.00,92.00,0.326708,-1,-1,-1
24,29,530.00,106.00,60.00,177.00,0.478942,-1,-1,-1
24,30,279.00,92.00,66.00,200.00,0.320955,-1,-1,-1
24,33,219.00,106.00,59.00,187.00,0.307967,-1,-1,-1
24,44,359.00,81.00,55.00,181.00,0.406623,-1,-1,-1
24,47,137.00,273.00,54.00,208.00,0.445934,-1,-1,-1
25,2,217.00,823.00,80.00,253.00,0.662610,-1,-1,-1
25,3,243.00,876.00,78.00,203.00,0.803982,-1,-1,-1
25,4,1793.00,235.00,63.00,175.00,0.734308,-1,-1,-1
25,5,1712.00,456.00,84.00,210.00,0.790521,-1,-1,-1
25,6,764.00,598.00,87.00,253.00,0.789287,-1,-1,-1
25,7,1004.00,775.00,75.00,212.00,0.503484,-1,-1,-1
25,8,381.00,219.00,62.00,189.00,0.759709,-1,-1,-1
25,9,1660.00,285.00,82.00,203.00,0.802011,-1,-1,-1
25,10,1077.00,787.00,87.00,245.00,0.774141,-1,-1,-1
25,11,184.00,298.00,68.00,200.00,0.714353,-1,-1,-1
25,12,1021.00,939.00,82.00,140.00,0.757314,-1,-1,-1
25,13,1602.00,587.00,58.00,238.00,0.643099,-1,-1,-1
25,15,452.00,98.00,64.00,177.00,0.508727,-1,-1,-1
25,16,1593.00,0.00,51.00,151.00,0.464054,-1,-1,-1
25,17,1659.00,0.00,54.00,154.00,0.588814,-1,-1,-1
25,18,988.00,0.00,47.00,92.00,0.354350,-1,-1,-1
25,20,678.00,285.00,58.00,124.00,0.495801,-1,-1,-1
25,21,1490.00,0.00,55.00,139.00,0.593437,-1,-1,-1
25,26,785.00,131.00,67.00,187.00,0.375960,-1,-1,-1
25,27,871.00,0.00,50.00,108.00,0.447722,-1,-1,-1
25,28,932.00,0.00,46.00,92.00,0.345473,-1,-1,-1
25,29,531.00,106.00,60.00,177.00,0.487631,-1,-1,-1
25,30,279.00,92.00,66.00,200.00,0.320779,-1,-1,-1
25,33,219.00,107.00,58.00,185.00,0.331538,-1,-1,-1
25,38,1561.00,577.00,109.00,247.00,0.299461,-1,-1,-1
25,44,360.00,83.00,53.00,174.00,0.410224,-1,-1,-1
25,47,137.00,266.00,55.00,216.00,0.502146,-1,-1,-1
26,2,220.00,824.00,79.00,250.00,0.537140,-1,-1,-1
26,3,243.00,876.00,79.00,203.00,0.807710,-1,-1,-1
26,4,1794.00,236.00,63.00,175.00,0.757232,-1,-1,-1
26,5,1713.00,455.00,84.00,210.00,0.779200,-1,-1,-1
26,6,763.00,598.00,89.00,252.00,0.794454,-1,-1,-1
26,7,1005.00,777.00,76.00,213.00,0.415928,-1,-1,-1
26,8,380.00,218.00,62.00,191.00,0.739147,-1,-1,-1
26,9,1659.00,283.00,84.00,204.00,0.798274,-1,-1,-1
26,10,1077.00,789.00,88.00,245.00,0.759412,-1,-1,-1
26,11,186.00,297.00,67.00,198.00,0.692363,-1,-1,-1
26,12,1021.00,938.00,82.00,141.00,0.743774,-1,-1,-1
26,13,1605.00,588.00,58.00,237.00,0.669839,-1,-1,-1
26,15,454.00,96.00,63.00,176.00,0.485692,-1,-1,-1
26,16,1592.00,0.00,52.00,150.00,0.502719,-1,-1,-1
26,17,1659.00,0.00,53.00,151.00,0.582482,-1,-1,-1
26,18,988.00,0.00,47.00,93.00,0.329367,-1,-1,-1
26,20,678.00,284.00,58.00,125.00,0.505952,-1,-1,-1
26,21,1490.00,1.00,55.00,138.00,0.605003,-1,-1,-1
26,26,785.00,130.00,67.00,188.00,0.409739,-1,-1,-1
26,27,871.00,0.00,50.00,108.00,0.448985,-1,-1,-1
26,28,932.00,0.00,46.00,92.00,0.348995,-1,-1,-1
26,29,532.00,106.00,59.00,177.00,0.485154,-1,-1,-1
26,30,278.00,93.00,66.00,199.00,0.273915,-1,-1,-1
26,33,219.00,108.00,58.00,184.00,0.302519,-1,-1,-1
26,44,361.00,84.00,53.00,172.00,0.352219,-1,-1,-1
26,47,137.00,265.00,55.00,218.00,0.453264,-1,-1,-1
26,48,1875.00,694.00,45.00,164.00,0.315275,-1,-1,-1
27,2,222.00,825.00,79.00,248.00,0.549922,-1,-1,-1
27,3,243.00,876.00,79.00,203.00,0.802418,-1,-1,-1
27,4,1794.00,237.00,63.00,174.00,0.781617,-1,-1,-1
27,5,1713.00,454.00,84.00,211.00,0.801159,-1,-1,-1
27,6,762.00,597.00,89.00,250.00,0.786343,-1,-1,-1
27,7,1011.00,778.00,71.00,195.00,0.399906,-1,-1,-1
27,8,379.00,218.00,62.00,190.00,0.737921,-1,-1,-1
27,9,1659.00,281.00,85.00,207.00,0.823500,-1,-1,-1
27,10,1080.00,792.00,88.00,246.00,0.702027,-1,-1,-1
27,11,188.00,296.00,67.00,196.00,0.695415,-1,-1,-1
27,12,1021.00,938.00,82.00,142.00,0.716121,-1,-1,-1
27,13,1607.00,587.00,57.00,238.00,0.663601,-1,-1,-1
27,15,456.00,94.00,62.00,175.00,0.449690,-1,-1,-1
27,16,1591.00,0.00,52.00,149.00,0.569506,-1,-1,-1
27,17,1661.00,0.00,52.00,148.00,0.572906,-1,-1,-1
27,18,988.00,0.00,47.00,93.00,0.268805,-1,-1,-1
27,20,678.00,283.00,58.00,126.00,0.470245,-1,-1,-1
27,21,1489.00,1.00,56.00,139.00,0.626670,-1,-1,-1
27,26,786.00,130.00,67.00,188.00,0.390210,-1,-1,-1
27,27,871.00,0.00,51.00,108.00,0.410102,-1,-1,-1
27,28,932.00,0.00,46.00,91.00,0.301551,-1,-1,-1
27,29,532.00,106.00,60.00,177.00,0.412951,-1,-1,-1
27,33,219.00,108.00,58.00,186.00,0.314477,-1,-1,-1
27,44,360.00,81.00,55.00,175.00,0.313794,-1,-1,-1
27,47,139.00,271.00,53.00,210.00,0.453299,-1,-1,-1
27,49,223.00,826.00,77.00,177.00,0.352644,-1,-1,-1
28,3,243.00,879.00,78.00,200.00,0.815033,-1,-1,-1
28,4,1795.00,237.00,64.00,175.00,0.753947,-1,-1,-1
28,5,1714.00,455.00,83.00,210.00,0.775448,-1,-1,-1
28,6,761.00,596.00,89.00,249.00,0.782503,-1,-1,-1
28,7,1016.00,780.00,66.00,178.00,0.440798,-1,-1,-1
28,8,379.00,219.00,62.00,189.00,0.732486,-1,-1,-1
28,9,1661.00,279.00,83.00,203.00,0.811632,-1,-1,-1
28,10,1082.00,795.00,89.00,246.00,0.692564,-1,-1,-1
28,11,191.00,295.00,65.00,192.00,0.680725,-1,-1,-1
28,12,1021.00,938.00,82.00,141.00,0.713626,-1,-1,-1
28,13,1608.00,586.00,58.00,239.00,0.602587,-1,-1,-1
28,15,456.00,92.00,62.00,176.00,0.406238,-1,-1,-1
28,16,1593.00,0.00,51.00,143.00,0.462025,-1,-1,-1
28,17,1661.00,0.00,52.00,147.00,0.597807,-1,-1,-1
28,18,987.00,0.00,47.00,92.00,0.308822,-1,-1,-1
28,20,678.00,283.00,58.00,126.00,0.481241,-1,-1,-1
28,21,1489.00,1.00,56.00,141.00,0.623921,-1,-1,-1
28,26,788.00,133.00,66.00,185.00,0.412593,-1,-1,-1
28,27,871.00,0.00,50.00,108.00,0.407814,-1,-1,-1
28,28,932.00,0.00,47.00,92.00,0.327810,-1,-1,-1
28,29,533.00,105.00,59.00,178.00,0.379344,-1,-1,-1
28,30,277.00,91.00,67.00,201.00,0.264730,-1,-1,-1
28,33,218.00,108.00,58.00,187.00,0.306787,-1,-1,-1
28,44,360.00,82.00,55.00,174.00,0.320388,-1,-1,-1
28,47,142.00,278.00,50.00,201.00,0.385607,-1,-1,-1
28,49,223.00,827.00,82.00,189.00,0.538663,-1,-1,-1
29,3,243.00,883.00,79.00,196.00,0.828946,-1,-1,-1
29,4,1796.00,237.00,64.00,175.00,0.753751,-1,-1,-1
29,5,1716.00,455.00,82.00,210.00,0.766983,-1,-1,-1
29,6,760.00,596.00,90.00,248.00,0.785463,-1,-1,-1
29,7,1015.00,781.00,74.00,198.00,0.500630,-1,-1,-1
29,8,378.00,219.00,62.00,190.00,0.716861,-1,-1,-1
29,9,1663.00,278.00,81.00,195.00,0.840806,-1,-1,-1
29,10,1085.00,797.00,88.00,245.00,0.715129,-1,-1,-1
29,11,192.00,295.00,64.00,190.00,0.688177,-1,-1,-1
29,12,1020.00,938.00,82.00,141.00,0.709164,-1,-1,-1
29,13,1607.00,586.00,58.00,239.00,0.583817,-1,-1,-1
29,15,456.00,90.00,62.00,178.00,0.480075,-1,-1,-1
29,16,1595.00,0.00,49.00,138.00,0.408868,-1,-1,-1
29,17,1662.00,0.00,51.00,145.00,0.595504,-1,-1,-1
29,18,987.00,0.00,47.00,92.00,0.318133,-1,-1,-1
29,20,678.00,284.00,58.00,125.00,0.489957,-1,-1,-1
29,21,1488.00,1.00,57.00,142.00,0.627550,-1,-1,-1
29,26,789.00,137.00,65.00,181.00,0.394839,-1,-1,-1
29,27,871.00,0.00,51.00,108.00,0.412368,-1,-1,-1
29,28,932.00,0.00,47.00,92.00,0.329792,-1,-1,-1
29,29,534.00,105.00,59.00,179.00,0.376700,-1,-1,-1
29,30,277.00,90.00,67.00,202.00,0.280081,-1,-1,-1
29,33,219.00,110.00,57.00,183.00,0.270906,-1,-1,-1
29,38,1566.00,581.00,105.00,242.00,0.336589,-1,-1,-1
29,44,359.00,80.00,57.00,177.00,0.305759,-1,-1,-1
29,47,144.00,295.00,46.00,182.00,0.395230,-1,-1,-1
29,48,1879.00,705.00,41.00,160.00,0.355017,-1,-1,-1
29,49,229.00,830.00,76.00,173.00,0.490135,-1,-1,-1
30,3,245.00,885.00,79.00,194.00,0.813822,-1,-1,-1
30,4,1798.00,237.00,65.00,175.00,0.744813,-1,-1,-1
30,5,1716.00,454.00,82.00,211.00,0.777155,-1,-1,-1
30,6,758.00,593.00,90.00,251.00,0.768441,-1,-1,-1
30,7,1018.00,782.00,76.00,201.00,0.507660,-1,-1,-1
30,8,377.00,221.00,62.00,188.00,0.706327,-1,-1,-1
30,9,1664.00,275.00,79.00,193.00,0.855301,-1,-1,-1
30,10,1085.00,798.00,88.00,244.00,0.723509,-1,-1,-1
30,11,193.00,295.00,64.00,188.00,0.702613,-1,-1,-1
30,12,1019.00,938.00,82.00,141.00,0.721426,-1,-1,-1
30,13,1606.00,589.00,58.00,236.00,0.606020,-1,-1,-1
30,15,456.00,89.00,62.00,179.00,0.379947,-1,-1,-1
30,16,1595.00,0.00,49.00,138.00,0.474724,-1,-1,-1
30,17,1662.00,0.00,51.00,145.00,0.588294,-1,-1,-1
30,18,986.00,0.00,47.00,93.00,0.338649,-1,-1,-1
30,20,678.00,283.00,59.00,126.00,0.478692,-1,-1,-1
30,21,1488.00,1.00,57.00,142.00,0.602609,-1,-1,-1
30,26,789.00,140.00,65.00,178.00,0.384449,-1,-1,-1
30,27,871.00,0.00,51.00,108.00,0.362534,-1,-1,-1
30,28,931.00,0.00,47.00,92.00,0.280147,-1,-1,-1
30,29,536.00,106.00,59.00,179.00,0.362175,-1,-1,-1
30,33,220.00,112.00,55.00,179.00,0.310049,-1,-1,-1
30,38,1567.00,583.00,103.00,240.00,0.376168,-1,-1,-1
30,44,360.00,85.00,56.00,172.00,0.332494,-1,-1,-1
30,47,144.00,300.00,45.00,175.00,0.368076,-1,-1,-1
30,48,1880.00,708.00,40.00,158.00,0.324928,-1,-1,-1
30,49,238.00,832.00,66.00,150.00,0.501606,-1,-1,-1
31,3,244.00,887.00,79.00,191.00,0.811217,-1,-1,-1
31,4,1801.00,237.00,65.00,175.00,0.746089,-1,-1,-1
31,5,1718.00,455.00,81.00,210.00,0.782754,-1,-1,-1
31,6,758.00,593.00,90.00,250.00,0.758351,-1,-1,-1
31,7,1020.00,783.00,84.00,214.00,0.481904,-1,-1,-1
31,8,376.00,223.00,62.00,186.00,0.701299,-1,-1,-1
31,9,1665.00,273.00,79.00,193.00,0.847823,-1,-1,-1
31,10,1090.00,799.00,87.00,242.00,0.695463,-1,-1,-1
31,11,194.00,294.00,64.00,188.00,0.689313,-1,-1,-1
31,12,1018.00,936.00,83.00,143.00,0.703547,-1,-1,-1
31,13,1608.00,590.00,58.00,235.00,0.543879,-1,-1,-1
31,15,457.00,88.00,62.00,180.00,0.373869,-1,-1,-1
31,16,1595.00,2.00,48.00,133.00,0.380358,-1,-1,-1
31,17,1661.00,0.00,51.00,145.00,0.554136,-1,-1,-1
31,18,985.00,0.00,47.00,92.00,0.325408,-1,-1,-1
31,20,678.00,282.00,59.00,127.00,0.484953,-1,-1,-1
31,21,1488.00,2.00,56.00,141.00,0.600078,-1,-1,-1
31,26,790.00,141.00,64.00,177.00,0.395211,-1,-1,-1
31,27,871.00,0.00,51.00,109.00,0.366502,-1,-1,-1
31,28,931.00,0.00,46.00,91.00,0.294222,-1,-1,-1
31,29,537.00,109.00,57.00,175.00,0.346073,-1,-1,-1
31,33,221.00,115.00,54.00,176.00,0.302314,-1,-1,-1
31,38,1569.00,583.00,101.00,240.00,0.351984,-1,-1,-1
31,44,360.00,91.00,55.00,166.00,0.274699,-1,-1,-1
31,47,141.00,283.00,50.00,191.00,0.400311,-1,-1,-1
31,48,1882.00,711.00,38.00,157.00,0.345643,-1,-1,-1
31,49,249.00,835.00,52.00,116.00,0.510162,-1,-1,-1
32,3,244.00,889.00,79.00,189.00,0.815094,-1,-1,-1
32,4,1804.00,237.00,65.00,175.00,0.744140,-1,-1,-1
32,5,1719.00,455.00,80.00,210.00,0.771496,-1,-1,-1
32,6,755.00,594.00,89.00,246.00,0.733348,-1,-1,-1
32,7,1018.00,785.00,81.00,208.00,0.685619,-1,-1,-1
32,8,375.00,223.00,63.00,188.00,0.716243,-1,-1,-1
32,9,1665.00,271.00,79.00,194.00,0.848192,-1,-1,-1
32,10,1090.00,801.00,86.00,241.00,0.728806,-1,-1,-1
32,11,195.00,293.00,64.00,188.00,0.674981,-1,-1,-1
32,12,1018.00,938.00,82.00,141.00,0.741233,-1,-1,-1
32,13,1606.00,590.00,59.00,235.00,0.498366,-1,-1,-1
32,15,457.00,88.00,64.00,181.00,0.320168,-1,-1,-1
32,16,1594.00,1.00,49.00,136.00,0.391103,-1,-1,-1
32,17,1660.00,0.00,51.00,144.00,0.558215,-1,-1,-1
32,18,985.00,0.00,47.00,93.00,0.338936,-1,-1,-1
32,20,678.00,282.00,59.00,127.00,0.477662,-1,-1,-1
32,21,1487.00,2.00,57.00,141.00,0.612084,-1,-1,-1
32,26,790.00,144.00,64.00,174.00,0.381158,-1,-1,-1
32,27,871.00,0.00,51.00,109.00,0.385721,-1,-1,-1
32,28,930.00,0.00,46.00,91.00,0.315512,-1,-1,-1
32,29,539.00,111.00,55.00,173.00,0.289563,-1,-1,-1
32,33,221.00,114.00,54.00,176.00,0.293213,-1,-1,-1
32,44,360.00,91.00,55.00,166.00,0.264732,-1,-1,-1
32,47,141.00,280.00,50.00,191.00,0.348503,-1,-1,-1
32,48,1883.00,714.00,37.00,157.00,0.295351,-1,-1,-1
32,49,255.00,835.00,50.00,107.00,0.432461,-1,-1,-1
33,3,244.00,891.00,79.00,187.00,0.815966,-1,-1,-1
33,4,1807.00,237.00,65.00,174.00,0.726535,-1,-1,-1
33,5,1720.00,455.00,79.00,210.00,0.772002,-1,-1,-1
33,6,752.00,593.00,88.00,244.00,0.731148,-1,-1,-1
33,7,1012.00,786.00,86.00,219.00,0.687434,-1,-1,-1
33,8,375.00,224.00,64.00,190.00,0.728443,-1,-1,-1
33,9,1665.00,270.00,79.00,194.00,0.847435,-1,-1,-1
33,10,1092.00,803.00,85.00,238.00,0.733631,-1,-1,-1
33,11,195.00,292.00,64.00,188.00,0.655613,-1,-1,-1
33,12,1016.00,938.00,83.00,141.00,0.705516,-1,-1,-1
33,13,1608.00,590.00,58.00,235.00,0.645618,-1,-1,-1
33,15,458.00,88.00,64.00,181.00,0.312502,-1,-1,-1
33,16,1594.00,4.00,49.00,133.00,0.281046,-1,-1,-1
33,17,1659.00,0.00,51.00,144.00,0.513291,-1,-1,-1
33,18,986.00,0.00,47.00,92.00,0.393759,-1,-1,-1
33,20,678.00,282.00,59.00,127.00,0.489893,-1,-1,-1
33,21,1487.00,2.00,56.00,141.00,0.610198,-1,-1,-1
33,26,790.00,143.00,65.00,176.00,0.406799,-1,-1,-1
33,27,871.00,0.00,50.00,108.00,0.371801,-1,-1,-1
33,28,929.00,0.00,46.00,90.00,0.363957,-1,-1,-1
33,29,539.00,113.00,55.00,171.00,0.290993,-1,-1,-1
33,30,278.00,98.00,65.00,194.00,0.267163,-1,-1,-1
33,33,221.00,113.00,54.00,176.00,0.279111,-1,-1,-1
33,44,359.00,90.00,56.00,167.00,0.295857,-1,-1,-1
33,47,141.00,276.00,51.00,195.00,0.346692,-1,-1,-1
34,3,244.00,893.00,79.00,185.00,0.800543,-1,-1,-1
34,4,1811.00,238.00,64.00,174.00,0.715862,-1,-1,-1
34,5,1720.00,455.00,79.00,211.00,0.757708,-1,-1,-1
34,6,747.00,593.00,87.00,243.00,0.720534,-1,-1,-1
34,7,1015.00,787.00,83.00,212.00,0.659534,-1,-1,-1
34,8,374.00,224.00,65.00,192.00,0.723980,-1,-1,-1
34,9,1665.00,269.00,77.00,192.00,0.841861,-1,-1,-1
34,10,1096.00,803.00,85.00,236.00,0.671817,-1,-1,-1
34,11,196.00,292.00,64.00,186.00,0.616678,-1,-1,-1
34,12,1014.00,940.00,83.00,139.00,0.654776,-1,-1,-1
34,15,460.00,87.00,64.00,183.00,0.350798,-1,-1,-1
34,17,1659.00,0.00,52.00,144.00,0.448664,-1,-1,-1
34,18,985.00,0.00,47.00,92.00,0.373671,-1,-1,-1
34,20,678.00,283.00,58.00,127.00,0.506400,-1,-1,-1
34,21,1486.00,2.00,56.00,141.00,0.601734,-1,-1,-1
34,26,789.00,142.00,65.00,177.00,0.455743,-1,-1,-1
34,27,871.00,0.00,50.00,108.00,0.361022,-1,-1,-1
34,28,929.00,0.00,45.00,89.00,0.349132,-1,-1,-1
34,29,540.00,112.00,55.00,172.00,0.371962,-1,-1,-1
34,30,279.00,97.00,65.00,195.00,0.359274,-1,-1,-1
34,33,221.00,111.00,54.00,178.00,0.276136,-1,-1,-1
34,38,1579.00,591.00,96.00,233.00,0.630325,-1,-1,-1
34,44,358.00,90.00,57.00,168.00,0.376205,-1,-1,-1
34,47,143.00,289.00,49.00,181.00,0.318587,-1,-1,-1
34,50,246.00,840.00,83.00,112.00,0.380080,-1,-1,-1
35,2,260.00,840.00,77.00,238.00,0.477710,-1,-1,-1
35,3,246.00,898.00,78.00,180.00,0.797734,-1,-1,-1
35,4,1814.00,239.00,64.00,174.00,0.745203,-1,-1,-1
35,5,1720.00,457.00,78.00,209.00,0.774678,-1,-1,-1
35,6,743.00,592.00,85.00,243.00,0.678961,-1,-1,-1
35,7,1018.00,788.00,81.00,210.00,0.697193,-1,-1,-1
35,8,374.00,227.00,65.00,191.00,0.700878,-1,-1,-1
35,9,1663.00,268.00,77.00,193.00,0.850837,-1,-1,-1
35,10,1097.00,804.00,86.00,235.00,0.739095,-1,-1,-1
35,11,198.00,292.00,63.00,186.00,0.491322,-1,-1,-1
35,12,1016.00,939.00,82.00,140.00,0.635178,-1,-1,-1
35,13,1603.00,592.00,60.00,233.00,0.652665,-1,-1,-1
35,15,461.00,87.00,63.00,181.00,0.286236,-1,-1,-1
35,16,1588.00,2.00,51.00,135.00,0.277930,-1,-1,-1
35,17,1659.00,0.00,52.00,144.00,0.525014,-1,-1,-1
35,18,985.00,0.00,48.00,92.00,0.378146,-1,-1,-1
35,20,678.00,283.00,58.00,126.00,0.490189,-1,-1,-1
35,21,1485.00,2.00,56.00,141.00,0.643672,-1,-1,-1
35,26,790.00,143.00,65.00,176.00,0.428490,-1,-1,-1
35,27,872.00,0.00,50.00,107.00,0.334755,-1,-1,-1
35,28,928.00,0.00,45.00,87.00,0.303494,-1,-1,-1
35,29,542.00,113.00,54.00,171.00,0.294699,-1,-1,-1
35,30,279.00,99.00,64.00,193.00,0.251988,-1,-1,-1
35,44,358.00,91.00,56.00,167.00,0.297575,-1,-1,-1
35,47,142.00,280.00,52.00,191.00,0.343334,-1,-1,-1
36,2,263.00,841.00,78.00,236.00,0.685133,-1,-1,-1
36,3,248.00,902.00,77.00,176.00,0.789351,-1,-1,-1
36,4,1816.00,240.00,64.00,174.00,0.726240,-1,-1,-1
36,5,1721.00,457.00,77.00,209.00,0.765698,-1,-1,-1
36,6,739.00,592.00,84.00,242.00,0.696824,-1,-1,-1
36,7,1018.00,791.00,84.00,216.00,0.735784,-1,-1,-1
36,8,373.00,228.00,66.00,191.00,0.758476,-1,-1,-1
36,9,1661.00,268.00,78.00,193.00,0.847137,-1,-1,-1
36,10,1100.00,805.00,86.00,236.00,0.712713,-1,-1,-1
36,11,198.00,290.00,64.00,188.00,0.526500,-1,-1,-1
36,12,1014.00,935.00,85.00,144.00,0.582548,-1,-1,-1
36,13,1603.00,592.00,61.00,233.00,0.732533,-1,-1,-1
36,15,463.00,87.00,61.00,174.00,0.293817,-1,-1,-1
36,16,1585.00,1.00,53.00,137.00,0.475768,-1,-1,-1
36,17,1658.00,0.00,53.00,144.00,0.535268,-1,-1,-1
36,18,985.00,0.00,47.00,92.00,0.272241,-1,-1,-1
36,20,678.00,283.00,58.00,126.00,0.491222,-1,-1,-1
36,21,1485.00,2.00,56.00,141.00,0.634145,-1,-1,-1
36,26,790.00,144.00,64.00,174.00,0.401718,-1,-1,-1
36,27,873.00,0.00,49.00,106.00,0.320100,-1,-1,-1
36,28,928.00,0.00,45.00,86.00,0.257677,-1,-1,-1
36,29,541.00,113.00,54.00,171.00,0.306141,-1,-1,-1
36,30,279.00,98.00,65.00,194.00,0.303419,-1,-1,-1
36,44,357.00,90.00,57.00,168.00,0.359953,-1,-1,-1
36,47,144.00,282.00,52.00,187.00,0.331812,-1,-1,-1
36,51,429.00,133.00,51.00,154.00,0.477985,-1,-1,-1
37,2,267.00,842.00,78.00,235.00,0.787936,-1,-1,-1
37,3,247.00,905.00,76.00,173.00,0.823520,-1,-1,-1
37,4,1818.00,241.00,63.00,177.00,0.700643,-1,-1,-1
37,5,1721.00,458.00,77.00,208.00,0.764214,-1,-1,-1
37,6,736.00,591.00,84.00,244.00,0.732878,-1,-1,-1
37,7,1017.00,792.00,87.00,227.00,0.734445,-1,-1,-1
37,8,373.00,230.00,65.00,190.00,0.770256,-1,-1,-1
37,9,1660.00,268.00,78.00,194.00,0.828927,-1,-1,-1
37,10,1103.00,807.00,87.00,238.00,0.654375,-1,-1,-1
37,11,199.00,289.00,64.00,189.00,0.525403,-1,-1,-1
37,12,1013.00,932.00,85.00,147.00,0.478664,-1,-1,-1
37,13,1602.00,591.00,62.00,232.00,0.767743,-1,-1,-1
37,15,464.00,85.00,61.00,175.00,0.303583,-1,-1,-1
37,16,1582.00,0.00,55.00,138.00,0.494283,-1,-1,-1
37,17,1657.00,0.00,53.00,144.00,0.550823,-1,-1,-1
37,20,678.00,283.00,58.00,127.00,0.489319,-1,-1,-1
37,21,1483.00,2.00,57.00,142.00,0.632343,-1,-1,-1
37,26,790.00,142.00,65.00,177.00,0.412059,-1,-1,-1
37,27,874.00,0.00,48.00,105.00,0.279065,-1,-1,-1
37,29,541.00,115.00,52.00,168.00,0.254217,-1,-1,-1
37,30,279.00,95.00,66.00,197.00,0.357911,-1,-1,-1
37,33,220.00,109.00,56.00,184.00,0.272170,-1,-1,-1
37,44,357.00,90.00,57.00,168.00,0.389673,-1,-1,-1
37,47,146.00,285.00,52.00,184.00,0.332481,-1,-1,-1
37,51,431.00,133.00,51.00,153.00,0.467913,-1,-1,-1
38,2,269.00,843.00,79.00,234.00,0.789305,-1,-1,-1
38,3,247.00,907.00,76.00,171.00,0.843898,-1,-1,-1
38,4,1821.00,243.00,64.00,177.00,0.697612,-1,-1,-1
38,5,1721.00,457.00,77.00,209.00,0.766540,-1,-1,-1
38,6,732.00,590.00,84.00,245.00,0.732528,-1,-1,-1
38,7,1017.00,796.00,88.00,233.00,0.690560,-1,-1,-1
38,8,373.00,232.00,65.00,190.00,0.763049,-1,-1,-1
38,9,1660.00,268.00,76.00,192.00,0.809806,-1,-1,-1
38,10,1102.00,810.00,89.00,243.00,0.691993,-1,-1,-1
38,11,199.00,288.00,64.00,189.00,0.551710,-1,-1,-1
38,12,1002.00,931.00,89.00,148.00,0.520565,-1,-1,-1
38,13,1599.00,591.00,64.00,232.00,0.747067,-1,-1,-1
38,15,464.00,85.00,61.00,174.00,0.323644,-1,-1,-1
38,16,1580.00,0.00,55.00,137.00,0.541423,-1,-1,-1
38,17,1657.00,0.00,53.00,143.00,0.595555,-1,-1,-1
38,20,678.00,283.00,58.00,126.00,0.500029,-1,-1,-1
38,21,1482.00,2.00,57.00,142.00,0.628807,-1,-1,-1
38,26,791.00,144.00,64.00,175.00,0.405136,-1,-1,-1
38,27,874.00,0.00,48.00,104.00,0.272081,-1,-1,-1
38,28,929.00,0.00,43.00,83.00,0.269185,-1,-1,-1
38,29,542.00,115.00,51.00,167.00,0.281172,-1,-1,-1
38,30,279.00,95.00,66.00,197.00,0.365243,-1,-1,-1
38,33,220.00,109.00,55.00,182.00,0.281685,-1,-1,-1
38,44,357.00,90.00,59.00,171.00,0.372997,-1,-1,-1
38,47,145.00,272.00,57.00,196.00,0.322940,-1,-1,-1
38,51,432.00,131.00,51.00,155.00,0.468182,-1,-1,-1
39,2,273.00,844.00,79.00,233.00,0.796392,-1,-1,-1
39,3,248.00,908.00,76.00,170.00,0.859301,-1,-1,-1
39,4,1823.00,244.00,63.00,177.00,0.733780,-1,-1,-1
39,5,1721.00,459.00,76.00,207.00,0.762891,-1,-1,-1
39,6,730.00,590.00,83.00,245.00,0.777042,-1,-1,-1
39,7,1019.00,797.00,91.00,243.00,0.607400,-1,-1,-1
39,8,374.00,233.00,65.00,192.00,0.808496,-1,-1,-1
39,9,1660.00,268.00,76.00,193.00,0.803445,-1,-1,-1
39,10,1102.00,812.00,92.00,248.00,0.700722,-1,-1,-1
39,11,199.00,288.00,64.00,189.00,0.618330,-1,-1,-1
39,12,996.00,930.00,91.00,149.00,0.477861,-1,-1,-1
39,15,467.00,85.00,61.00,175.00,0.349053,-1,-1,-1
39,16,1578.00,0.00,57.00,137.00,0.678871,-1,-1,-1
39,17,1656.00,0.00,53.00,143.00,0.590762,-1,-1,-1
39,20,677.00,284.00,59.00,125.00,0.489409,-1,-1,-1
39,21,1482.00,3.00,56.00,141.00,0.640836,-1,-1,-1
39,26,791.00,144.00,66.00,175.00,0.350349,-1,-1,-1
39,27,875.00,0.00,47.00,104.00,0.314732,-1,-1,-1
39,28,929.00,0.00,43.00,82.00,0.315739,-1,-1,-1
39,29,542.00,113.00,52.00,168.00,0.272023,-1,-1,-1
39,30,280.00,94.00,66.00,198.00,0.396385,-1,-1,-1
39,33,220.00,110.00,55.00,182.00,0.328395,-1,-1,-1
39,38,1582.00,594.00,93.00,230.00,0.754919,-1,-1,-1
39,44,357.00,90.00,59.00,172.00,0.410564,-1,-1,-1
39,47,144.00,261.00,61.00,207.00,0.509697,-1,-1,-1
39,51,433.00,129.00,52.00,157.00,0.354827,-1,-1,-1
40,2,278.00,846.00,80.00,232.00,0.819293,-1,-1,-1
40,3,248.00,909.00,77.00,169.00,0.862995,-1,-1,-1
40,4,1824.00,245.00,64.00,175.00,0.742123,-1,-1,-1
40,5,1720.00,459.00,76.00,207.00,0.756607,-1,-1,-1
40,6,728.00,589.00,83.00,246.00,0.771642,-1,-1,-1
40,7,1020.00,800.00,93.00,250.00,0.621130,-1,-1,-1
40,8,373.00,233.00,66.00,194.00,0.822689,-1,-1,-1
40,9,1660.00,268.00,76.00,195.00,0.799820,-1,-1,-1
40,10,1104.00,814.00,92.00,248.00,0.695237,-1,-1,-1
40,11,199.00,287.00,64.00,190.00,0.627026,-1,-1,-1
40,12,992.00,929.00,93.00,150.00,0.456820,-1,-1,-1
40,15,468.00,84.00,60.00,172.00,0.366499,-1,-1,-1
40,16,1577.00,0.00,57.00,138.00,0.639947,-1,-1,-1
40,17,1654.00,0.00,53.00,143.00,0.590022,-1,-1,-1
40,20,676.00,282.00,59.00,128.00,0.520860,-1,-1,-1
40,21,1481.00,3.00,57.00,141.00,0.660195,-1,-1,-1
40,26,784.00,98.00,81.00,222.00,0.348598,-1,-1,-1
40,27,875.00,0.00,46.00,103.00,0.332638,-1,-1,-1
40,28,928.00,0.00,44.00,81.00,0.295098,-1,-1,-1
40,30,280.00,92.00,65.00,200.00,0.398211,-1,-1,-1
40,33,218.00,109.00,56.00,184.00,0.338771,-1,-1,-1
40,38,1582.00,594.00,91.00,230.00,0.757887,-1,-1,-1
40,44,355.00,89.00,60.00,173.00,0.414699,-1,-1,-1
40,47,144.00,254.00,63.00,214.00,0.487908,-1,-1,-1
40,51,436.00,138.00,49.00,146.00,0.335836,-1,-1,-1
41,2,282.00,847.00,82.00,232.00,0.813233,-1,-1,-1
41,3,249.00,909.00,77.00,169.00,0.858923,-1,-1,-1
41,4,1826.00,246.00,63.00,174.00,0.757722,-1,-1,-1
41,5,1719.00,459.00,77.00,208.00,0.767759,-1,-1,-1
41,6,726.00,590.00,82.00,245.00,0.829157,-1,-1,-1
41,7,1023.00,802.00,95.00,255.00,0.588242,-1,-1,-1
41,8,374.00,233.00,66.00,195.00,0.810694,-1,-1,-1
41,9,1661.00,268.00,75.00,196.00,0.784039,-1,-1,-1
41,10,1103.00,817.00,92.00,247.00,0.680196,-1,-1,-1
41,11,201.00,287.00,64.00,190.00,0.655321,-1,-1,-1
41,12,991.00,929.00,94.00,150.00,0.784289,-1,-1,-1
41,15,469.00,83.00,59.00,170.00,0.371643,-1,-1,-1
41,16,1576.00,0.00,58.00,138.00,0.579408,-1,-1,-1
41,17,1653.00,0.00,53.00,141.00,0.654075,-1,-1,-1
41,20,677.00,283.00,58.00,126.00,0.504256,-1,-1,-1
41,21,1481.00,3.00,57.00,141.00,0.649145,-1,-1,-1
41,26,784.00,94.00,82.00,226.00,0.319664,-1,-1,-1
41,27,875.00,0.00,46.00,101.00,0.275436,-1,-1,-1
41,28,927.00,0.00,44.00,82.00,0.266013,-1,-1,-1
41,30,279.00,95.00,65.00,197.00,0.335434,-1,-1,-1
41,33,217.00,109.00,57.00,185.00,0.381529,-1,-1,-1
41,38,1582.00,592.00,91.00,231.00,0.758242,-1,-1,-1
41,44,355.00,89.00,61.00,174.00,0.382920,-1,-1,-1
41,47,143.00,255.00,65.00,213.00,0.645129,-1,-1,-1
41,51,437.00,132.00,50.00,152.00,0.292536,-1,-1,-1
42,2,286.00,848.00,83.00,231.00,0.817963,-1,-1,-1
42,3,249.00,910.00,77.00,168.00,0.858150,-1,-1,-1
42,4,1826.00,248.00,63.00,172.00,0.762489,-1,-1,-1
42,5,1718.00,459.00,77.00,209.00,0.766869,-1,-1,-1
42,6,724.00,588.00,83.00,247.00,0.789499,-1,-1,-1
42,7,1029.00,806.00,96.00,254.00,0.579192,-1,-1,-1
42,8,374.00,234.00,66.00,194.00,0.798588,-1,-1,-1
42,9,1663.00,268.00,72.00,192.00,0.789586,-1,-1,-1
42,10,1107.00,820.00,92.00,249.00,0.680622,-1,-1,-1
42,11,202.00,285.00,64.00,192.00,0.670815,-1,-1,-1
42,12,991.00,929.00,96.00,150.00,0.675457,-1,-1,-1
42,15,472.00,82.00,57.00,169.00,0.406585,-1,-1,-1
42,16,1576.00,0.00,57.00,138.00,0.492014,-1,-1,-1
42,17,1653.00,0.00,53.00,140.00,0.647463,-1,-1,-1
42,20,677.00,282.00,58.00,127.00,0.491458,-1,-1,-1
42,21,1481.00,3.00,57.00,141.00,0.677096,-1,-1,-1
42,26,783.00,81.00,86.00,239.00,0.320320,-1,-1,-1
42,27,876.00,0.00,45.00,100.00,0.315432,-1,-1,-1
42,28,927.00,0.00,44.00,82.00,0.281799,-1,-1,-1
42,29,547.00,113.00,52.00,169.00,0.256354,-1,-1,-1
42,30,279.00,95.00,65.00,198.00,0.376792,-1,-1,-1
42,33,217.00,107.00,56.00,186.00,0.374315,-1,-1,-1
42,38,1582.00,591.00,92.00,233.00,0.641549,-1,-1,-1
42,44,354.00,89.00,63.00,177.00,0.419862,-1,-1,-1
42,47,143.00,254.00,66.00,215.00,0.608663,-1,-1,-1
43,2,290.00,849.00,84.00,230.00,0.820892,-1,-1,-1
43,3,250.00,912.00,77.00,166.00,0.863003,-1,-1,-1
43,4,1827.00,249.00,64.00,177.00,0.729404,-1,-1,-1
43,5,1717.00,459.00,78.00,209.00,0.768581,-1,-1,-1
43,6,722.00,588.00,83.00,248.00,0.786457,-1,-1,-1
43,7,1033.00,808.00,100.00,262.00,0.678780,-1,-1,-1
43,8,375.00,235.00,65.00,193.00,0.807302,-1,-1,-1
43,9,1663.00,267.00,71.00,194.00,0.793726,-1,-1,-1
43,10,1111.00,823.00,92.00,249.00,0.700371,-1,-1,-1
43,11,203.00,284.00,64.00,191.00,0.672858,-1,-1,-1
43,12,987.00,928.00,96.00,151.00,0.673182,-1,-1,-1
43,15,473.00,81.00,57.00,170.00,0.446876,-1,-1,-1
43,16,1575.00,0.00,57.00,138.00,0.570998,-1,-1,-1
43,17,1652.00,0.00,52.00,137.00,0.653334,-1,-1,-1
43,20,677.00,282.00,58.00,127.00,0.509492,-1,-1,-1
43,21,1481.00,3.00,57.00,141.00,0.676935,-1,-1,-1
43,26,783.00,78.00,87.00,243.00,0.325186,-1,-1,-1
43,27,876.00,0.00,45.00,100.00,0.292389,-1,-1,-1
43,28,927.00,0.00,44.00,81.00,0.287378,-1,-1,-1
43,29,550.00,112.00,51.00,170.00,0.256226,-1,-1,-1
43,30,280.00,96.00,64.00,197.00,0.363031,-1,-1,-1
43,33,215.00,105.00,57.00,188.00,0.378660,-1,-1,-1
43,38,1585.00,592.00,90.00,232.00,0.577336,-1,-1,-1
43,44,353.00,89.00,63.00,176.00,0.466286,-1,-1,-1
43,47,143.00,253.00,67.00,216.00,0.621992,-1,-1,-1
44,2,293.00,851.00,86.00,228.00,0.819749,-1,-1,-1
44,3,251.00,914.00,77.00,164.00,0.867531,-1,-1,-1
44,4,1826.00,251.00,66.00,179.00,0.770874,-1,-1,-1
44,5,1717.00,459.00,77.00,208.00,0.778521,-1,-1,-1
44,6,720.00,586.00,84.00,250.00,0.789817,-1,-1,-1
44,7,1036.00,810.00,102.00,266.00,0.745947,-1,-1,-1
44,8,375.00,236.00,66.00,193.00,0.808550,-1,-1,-1
44,9,1662.00,266.00,71.00,197.00,0.792633,-1,-1,-1
44,10,1115.00,825.00,91.00,249.00,0.773123,-1,-1,-1
44,11,202.00,283.00,64.00,192.00,0.604885,-1,-1,-1
44,12,985.00,928.00,97.00,151.00,0.719055,-1,-1,-1
44,15,474.00,80.00,57.00,170.00,0.405510,-1,-1,-1
44,16,1575.00,1.00,56.00,136.00,0.502378,-1,-1,-1
44,17,1652.00,0.00,52.00,136.00,0.665583,-1,-1,-1
44,20,676.00,282.00,59.00,127.00,0.580533,-1,-1,-1
44,21,1481.00,3.00,57.00,141.00,0.682762,-1,-1,-1
44,26,783.00,71.00,88.00,249.00,0.426643,-1,-1,-1
44,27,875.00,0.00,46.00,100.00,0.330170,-1,-1,-1
44,28,928.00,0.00,44.00,81.00,0.304591,-1,-1,-1
44,29,550.00,111.00,51.00,171.00,0.265917,-1,-1,-1
44,30,280.00,94.00,65.00,199.00,0.407114,-1,-1,-1
44,33,214.00,105.00,56.00,186.00,0.310845,-1,-1,-1
44,38,1584.00,593.00,91.00,231.00,0.596913,-1,-1,-1
44,44,352.00,88.00,63.00,178.00,0.427021,-1,-1,-1
44,47,143.00,253.00,68.00,215.00,0.613799,-1,-1,-1
44,51,441.00,125.00,53.00,159.00,0.380615,-1,-1,-1
45,2,296.00,854.00,87.00,224.00,0.830855,-1,-1,-1
45,3,251.00,916.00,77.00,162.00,0.872838,-1,-1,-1
45,4,1827.00,251.00,67.00,183.00,0.764756,-1,-1,-1
45,5,1716.00,457.00,79.00,211.00,0.768001,-1,-1,-1
45,6,719.00,587.00,83.00,249.00,0.768824,-1,-1,-1
45,7,1034.00,813.00,101.00,264.00,0.793394,-1,-1,-1
45,8,376.00,236.00,65.00,193.00,0.793634,-1,-1,-1
45,9,1660.00,264.00,72.00,199.00,0.805692,-1,-1,-1
45,10,1117.00,827.00,90.00,248.00,0.776784,-1,-1,-1
45,11,203.00,282.00,63.00,191.00,0.675251,-1,-1,-1
45,12,984.00,927.00,96.00,152.00,0.771142,-1,-1,-1
45,13,1597.00,597.00,65.00,227.00,0.283317,-1,-1,-1
45,15,474.00,77.00,56.00,172.00,0.385230,-1,-1,-1
45,16,1575.00,0.00,55.00,134.00,0.483030,-1,-1,-1
45,17,1651.00,0.00,52.00,133.00,0.639757,-1,-1,-1
45,20,676.00,281.00,59.00,128.00,0.543335,-1,-1,-1
45,21,1481.00,4.00,57.00,140.00,0.677285,-1,-1,-1
45,26,784.00,67.00,89.00,253.00,0.444267,-1,-1,-1
45,27,876.00,0.00,46.00,100.00,0.353866,-1,-1,-1
45,28,927.00,0.00,44.00,81.00,0.320848,-1,-1,-1
45,30,280.00,94.00,65.00,198.00,0.372510,-1,-1,-1
45,33,213.00,103.00,58.00,189.00,0.374667,-1,-1,-1
45,38,1572.00,592.00,94.00,233.00,0.615628,-1,-1,-1
45,44,352.00,88.00,64.00,178.00,0.487242,-1,-1,-1
45,47,142.00,249.00,70.00,219.00,0.529470,-1,-1,-1
45,51,444.00,127.00,51.00,157.00,0.382034,-1,-1,-1
46,2,298.00,855.00,88.00,223.00,0.836869,-1,-1,-1
46,3,251.00,918.00,77.00,160.00,0.892119,-1,-1,-1
46,4,1828.00,251.00,66.00,182.00,0.736773,-1,-1,-1
46,5,1716.00,457.00,80.00,211.00,0.764644,-1,-1,-1
46,6,718.00,586.00,83.00,250.00,0.778299,-1,-1,-1
46,7,1033.00,815.00,99.00,261.00,0.842533,-1,-1,-1
46,8,376.00,236.00,66.00,193.00,0.798833,-1,-1,-1
46,9,1660.00,262.00,70.00,199.00,0.812654,-1,-1,-1
46,10,1117.00,829.00,90.00,247.00,0.733232,-1,-1,-1
46,11,203.00,281.00,64.00,190.00,0.638254,-1,-1,-1
46,12,984.00,926.00,95.00,153.00,0.792883,-1,-1,-1
46,13,1602.00,594.00,66.00,229.00,0.344963,-1,-1,-1
46,15,474.00,76.00,56.00,172.00,0.357436,-1,-1,-1
46,16,1575.00,1.00,54.00,130.00,0.455746,-1,-1,-1
46,17,1650.00,0.00,52.00,133.00,0.608914,-1,-1,-1
46,20,677.00,282.00,58.00,127.00,0.550491,-1,-1,-1
46,21,1481.00,3.00,57.00,140.00,0.642838,-1,-1,-1
46,26,791.00,113.00,73.00,206.00,0.417022,-1,-1,-1
46,27,875.00,0.00,46.00,99.00,0.277416,-1,-1,-1
46,29,552.00,113.00,49.00,169.00,0.325521,-1,-1,-1
46,30,281.00,93.00,64.00,200.00,0.368988,-1,-1,-1
46,33,213.00,103.00,57.00,188.00,0.265429,-1,-1,-1
46,38,1562.00,593.00,97.00,232.00,0.610556,-1,-1,-1
46,44,352.00,87.00,64.00,179.00,0.452734,-1,-1,-1
46,47,143.00,253.00,69.00,215.00,0.479714,-1,-1,-1
46,51,445.00,127.00,51.00,157.00,0.441465,-1,-1,-1
47,2,299.00,858.00,89.00,219.00,0.847984,-1,-1,-1
47,3,251.00,919.00,77.00,159.00,0.895587,-1,-1,-1
47,4,1829.00,252.00,67.00,182.00,0.748928,-1,-1,-1
47,5,1716.00,456.00,80.00,212.00,0.761162,-1,-1,-1
47,6,715.00,585.00,84.00,252.00,0.770059,-1,-1,-1
47,7,1034.00,816.00,96.00,259.00,0.827040,-1,-1,-1
47,8,376.00,236.00,66.00,192.00,0.809426,-1,-1,-1
47,9,1659.00,261.00,69.00,195.00,0.829964,-1,-1,-1
47,10,1118.00,831.00,89.00,246.00,0.734082,-1,-1,-1
47,11,204.00,281.00,64.00,188.00,0.700700,-1,-1,-1
47,12,986.00,926.00,94.00,153.00,0.693568,-1,-1,-1
47,13,1595.00,597.00,69.00,227.00,0.303883,-1,-1,-1
47,15,474.00,75.00,56.00,173.00,0.357625,-1,-1,-1
47,16,1574.00,1.00,54.00,128.00,0.452159,-1,-1,-1
47,17,1650.00,0.00,51.00,132.00,0.598209,-1,-1,-1
47,20,676.00,281.00,59.00,128.00,0.532378,-1,-1,-1
47,21,1481.00,4.00,57.00,139.00,0.657373,-1,-1,-1
47,26,787.00,83.00,84.00,236.00,0.437500,-1,-1,-1
47,27,874.00,0.00,47.00,99.00,0.250682,-1,-1,-1
47,28,927.00,0.00,44.00,81.00,0.260827,-1,-1,-1
47,29,553.00,112.00,49.00,169.00,0.321917,-1,-1,-1
47,30,281.00,92.00,64.00,201.00,0.447009,-1,-1,-1
47,33,214.00,103.00,56.00,185.00,0.372183,-1,-1,-1
47,38,1557.00,592.00,101.00,233.00,0.723815,-1,-1,-1
47,44,353.00,87.00,63.00,177.00,0.548543,-1,-1,-1
47,47,143.00,255.00,68.00,212.00,0.570217,-1,-1,-1
47,51,446.00,127.00,50.00,156.00,0.515871,-1,-1,-1
48,2,301.00,861.00,89.00,216.00,0.874472,-1,-1,-1
48,3,251.00,922.00,77.00,156.00,0.900444,-1,-1,-1
48,4,1831.00,252.00,66.00,182.00,0.752476,-1,-1,-1
48,5,1716.00,454.00,80.00,213.00,0.774404,-1,-1,-1
48,6,714.00,584.00,85.00,252.00,0.761947,-1,-1,-1
48,7,1035.00,818.00,96.00,259.00,0.803650,-1,-1,-1
48,8,377.00,236.00,65.00,191.00,0.818464,-1,-1,-1
48,9,1659.00,258.00,67.00,193.00,0.821215,-1,-1,-1
48,10,1122.00,832.00,89.00,245.00,0.720581,-1,-1,-1
48,11,205.00,280.00,63.00,187.00,0.701649,-1,-1,-1
48,12,988.00,926.00,92.00,153.00,0.759244,-1,-1,-1
48,13,1594.00,593.00,72.00,231.00,0.599919,-1,-1,-1
48,15,475.00,75.00,55.00,174.00,0.384322,-1,-1,-1
48,16,1573.00,1.00,53.00,128.00,0.392788,-1,-1,-1
48,17,1650.00,0.00,51.00,131.00,0.574849,-1,-1,-1
48,20,677.00,282.00,58.00,127.00,0.550188,-1,-1,-1
48,21,1481.00,4.00,57.00,140.00,0.655767,-1,-1,-1
48,26,786.00,71.00,87.00,249.00,0.421067,-1,-1,-1
48,28,927.00,0.00,44.00,81.00,0.295308,-1,-1,-1
48,30,281.00,93.00,64.00,200.00,0.443945,-1,-1,-1
48,33,214.00,103.00,56.00,185.00,0.357893,-1,-1,-1
48,44,352.00,87.00,64.00,176.00,0.559204,-1,-1,-1
48,47,145.00,260.00,66.00,205.00,0.516674,-1,-1,-1
48,51,447.00,127.00,51.00,155.00,0.536604,-1,-1,-1
49,2,302.00,865.00,89.00,213.00,0.892740,-1,-1,-1
49,3,252.00,927.00,76.00,151.00,0.899555,-1,-1,-1
49,4,1833.00,253.00,66.00,181.00,0.763589,-1,-1,-1
49,5,1716.00,455.00,80.00,212.00,0.771283,-1,-1,-1
49,6,714.00,583.00,84.00,252.00,0.780885,-1,-1,-1
49,7,1037.00,819.00,95.00,261.00,0.783905,-1,-1,-1
49,8,377.00,237.00,65.00,191.00,0.839743,-1,-1,-1
49,9,1657.00,256.00,67.00,191.00,0.823610,-1,-1,-1
49,10,1123.00,833.00,87.00,244.00,0.693207,-1,-1,-1
49,11,206.00,279.00,63.00,187.00,0.661203,-1,-1,-1
49,12,991.00,926.00,90.00,153.00,0.793890,-1,-1,-1
49,13,1591.00,591.00,75.00,233.00,0.654299,-1,-1,-1
49,15,475.00,74.00,55.00,175.00,0.404880,-1,-1,-1
49,16,1572.00,1.00,52.00,126.00,0.279206,-1,-1,-1
49,17,1649.00,0.00,52.00,131.00,0.553637,-1,-1,-1
49,20,677.00,282.00,58.00,127.00,0.550365,-1,-1,-1
49,21,1481.00,4.00,57.00,139.00,0.657537,-1,-1,-1
49,26,792.00,113.00,74.00,206.00,0.369236,-1,-1,-1
49,28,926.00,0.00,45.00,81.00,0.283058,-1,-1,-1
49,29,556.00,109.00,51.00,172.00,0.329779,-1,-1,-1
49,30,282.00,92.00,63.00,200.00,0.535275,-1,-1,-1
49,33,213.00,103.00,57.00,185.00,0.351107,-1,-1,-1
49,44,352.00,87.00,65.00,180.00,0.594116,-1,-1,-1
49,47,149.00,274.00,61.00,191.00,0.430124,-1,-1,-1
49,51,449.00,125.00,50.00,156.00,0.535642,-1,-1,-1
50,2,302.00,868.00,90.00,210.00,0.895689,-1,-1,-1
50,3,253.00,930.00,75.00,148.00,0.897513,-1,-1,-1
50,4,1836.00,253.00,68.00,183.00,0.751542,-1,-1,-1
50,5,1717.00,456.00,79.00,211.00,0.776645,-1,-1,-1
50,6,713.00,582.00,84.00,253.00,0.774986,-1,-1,-1
50,7,1040.00,821.00,93.00,257.00,0.761394,-1,-1,-1
50,8,377.00,239.00,65.00,191.00,0.824906,-1,-1,-1
50,9,1656.00,253.00,67.00,191.00,0.837319,-1,-1,-1
50,10,1125.00,834.00,88.00,243.00,0.727054,-1,-1,-1
50,11,207.00,278.00,63.00,185.00,0.688113,-1,-1,-1
50,12,993.00,925.00,89.00,153.00,0.740942,-1,-1,-1
50,13,1592.00,591.00,77.00,237.00,0.311916,-1,-1,-1
50,15,474.00,73.00,55.00,176.00,0.369986,-1,-1,-1
50,16,1572.00,1.00,51.00,126.00,0.308234,-1,-1,-1
50,17,1649.00,0.00,51.00,131.00,0.521891,-1,-1,-1
50,20,677.00,283.00,58.00,126.00,0.538445,-1,-1,-1
50,21,1481.00,4.00,57.00,139.00,0.655936,-1,-1,-1
50,28,926.00,0.00,44.00,81.00,0.307191,-1,-1,-1
50,29,556.00,109.00,52.00,172.00,0.377178,-1,-1,-1
50,30,282.00,91.00,63.00,202.00,0.422149,-1,-1,-1
50,33,213.00,105.00,56.00,181.00,0.335113,-1,-1,-1
50,38,1559.00,592.00,104.00,232.00,0.617408,-1,-1,-1
50,44,352.00,87.00,64.00,178.00,0.519853,-1,-1,-1
50,47,150.00,279.00,60.00,185.00,0.553568,-1,-1,-1
50,51,450.00,126.00,50.00,154.00,0.516137,-1,-1,-1
51,2,302.00,871.00,91.00,207.00,0.885979,-1,-1,-1
51,3,253.00,934.00,75.00,144.00,0.890906,-1,-1,-1
51,4,1838.00,253.00,69.00,183.00,0.754315,-1,-1,-1
51,5,1717.00,457.00,79.00,210.00,0.772309,-1,-1,-1
51,6,712.00,580.00,84.00,254.00,0.766619,-1,-1,-1
51,7,1042.00,822.00,92.00,256.00,0.805495,-1,-1,-1
51,8,377.00,242.00,65.00,191.00,0.812534,-1,-1,-1
51,9,1654.00,250.00,69.00,193.00,0.842864,-1,-1,-1
51,10,1125.00,835.00,87.00,242.00,0.702609,-1,-1,-1
51,11,208.00,278.00,63.00,185.00,0.684704,-1,-1,-1
51,12,995.00,925.00,86.00,153.00,0.802905,-1,-1,-1
51,13,1592.00,593.00,76.00,232.00,0.667623,-1,-1,-1
51,15,474.00,72.00,56.00,179.00,0.338453,-1,-1,-1
51,16,1572.00,1.00,52.00,129.00,0.389274,-1,-1,-1
51,17,1648.00,0.00,51.00,131.00,0.590056,-1,-1,-1
51,20,677.00,282.00,58.00,127.00,0.530572,-1,-1,-1
51,21,1481.00,4.00,57.00,140.00,0.668334,-1,-1,-1
51,26,793.00,74.00,85.00,244.00,0.386699,-1,-1,-1
51,28,925.00,0.00,45.00,81.00,0.317453,-1,-1,-1
51,29,555.00,106.00,53.00,175.00,0.368054,-1,-1,-1
51,30,284.00,104.00,59.00,188.00,0.327921,-1,-1,-1
51,33,212.00,105.00,56.00,181.00,0.302246,-1,-1,-1
51,44,352.00,88.00,64.00,177.00,0.461028,-1,-1,-1
51,47,148.00,263.00,65.00,202.00,0.551512,-1,-1,-1
51,51,452.00,125.00,49.00,154.00,0.471526,-1,-1,-1
52,2,302.00,872.00,91.00,206.00,0.876370,-1,-1,-1
52,3,253.00,937.00,74.00,141.00,0.885107,-1,-1,-1
52,4,1842.00,253.00,68.00,182.00,0.753895,-1,-1,-1
52,5,1717.00,458.00,80.00,209.00,0.763184,-1,-1,-1
52,6,707.00,577.00,85.00,257.00,0.721646,-1,-1,-1
52,7,1045.00,823.00,90.00,254.00,0.816978,-1,-1,-1
52,8,376.00,244.00,66.00,193.00,0.815969,-1,-1,-1
52,9,1653.00,248.00,69.00,193.00,0.863405,-1,-1,-1
52,10,1127.00,836.00,86.00,241.00,0.696375,-1,-1,-1
52,11,208.00,278.00,63.00,184.00,0.655103,-1,-1,-1
52,12,997.00,925.00,85.00,153.00,0.782755,-1,-1,-1
52,13,1586.00,594.00,78.00,231.00,0.724157,-1,-1,-1
52,15,474.00,70.00,56.00,180.00,0.342590,-1,-1,-1
52,16,1571.00,0.00,52.00,130.00,0.338873,-1,-1,-1
52,17,1648.00,0.00,51.00,131.00,0.586880,-1,-1,-1
52,20,677.00,282.00,58.00,127.00,0.529917,-1,-1,-1
52,21,1481.00,4.00,57.00,139.00,0.670059,-1,-1,-1
52,26,793.00,69.00,86.00,249.00,0.352407,-1,-1,-1
52,28,926.00,0.00,44.00,80.00,0.307857,-1,-1,-1
52,29,555.00,106.00,53.00,175.00,0.386613,-1,-1,-1
52,30,284.00,103.00,59.00,189.00,0.358878,-1,-1,-1
52,33,211.00,103.00,57.00,185.00,0.305946,-1,-1,-1
52,44,351.00,88.00,63.00,173.00,0.468573,-1,-1,-1
52,47,149.00,257.00,65.00,206.00,0.597418,-1,-1,-1
52,51,454.00,123.00,49.00,153.00,0.503906,-1,-1,-1
53,2,301.00,874.00,92.00,204.00,0.872605,-1,-1,-1
53,3,252.00,940.00,75.00,138.00,0.878553,-1,-1,-1
53,4,1843.00,254.00,68.00,180.00,0.744470,-1,-1,-1
53,5,1717.00,458.00,80.00,209.00,0.768836,-1,-1,-1
53,6,704.00,575.00,85.00,256.00,0.721129,-1,-1,-1
53,7,1048.00,825.00,88.00,250.00,0.782836,-1,-1,-1
53,8,376.00,245.00,66.00,193.00,0.813851,-1,-1,-1
53,9,1652.00,247.00,70.00,194.00,0.859769,-1,-1,-1
53,10,1127.00,838.00,86.00,239.00,0.723505,-1,-1,-1
53,11,209.00,278.00,63.00,183.00,0.612902,-1,-1,-1
53,12,1002.00,924.00,85.00,154.00,0.764434,-1,-1,-1
53,13,1584.00,594.00,80.00,231.00,0.668848,-1,-1,-1
53,15,474.00,68.00,55.00,179.00,0.322155,-1,-1,-1
53,16,1571.00,0.00,52.00,130.00,0.378573,-1,-1,-1
53,17,1647.00,0.00,52.00,131.00,0.587013,-1,-1,-1
53,18,980.00,0.00,43.00,79.00,0.256179,-1,-1,-1
53,20,677.00,281.00,58.00,128.00,0.524246,-1,-1,-1
53,21,1481.00,4.00,57.00,139.00,0.627196,-1,-1,-1
53,26,796.00,65.00,85.00,254.00,0.311467,-1,-1,-1
53,27,875.00,0.00,47.00,100.00,0.279393,-1,-1,-1
53,28,926.00,0.00,44.00,80.00,0.353137,-1,-1,-1
53,29,554.00,98.00,55.00,185.00,0.309360,-1,-1,-1
53,30,284.00,109.00,58.00,183.00,0.349908,-1,-1,-1
53,33,209.00,103.00,57.00,186.00,0.295108,-1,-1,-1
53,44,349.00,86.00,65.00,176.00,0.484001,-1,-1,-1
53,47,149.00,252.00,66.00,210.00,0.586340,-1,-1,-1
53,51,455.00,121.00,49.00,153.00,0.478251,-1,-1,-1
53,55,421.00,59.00,49.00,168.00,0.388665,-1,-1,-1
54,2,301.00,875.00,92.00,203.00,0.863518,-1,-1,-1
54,3,252.00,942.00,74.00,136.00,0.872883,-1,-1,-1
54,4,1844.00,254.00,69.00,179.00,0.760332,-1,-1,-1
54,5,1717.00,457.00,80.00,211.00,0.778104,-1,-1,-1
54,6,701.00,574.00,85.00,256.00,0.711953,-1,-1,-1
54,7,1049.00,828.00,88.00,248.00,0.763529,-1,-1,-1
54,8,376.00,247.00,66.00,193.00,0.812850,-1,-1,-1
54,9,1652.00,246.00,70.00,192.00,0.863663,-1,-1,-1
54,10,1128.00,839.00,87.00,239.00,0.704444,-1,-1,-1
54,11,210.00,276.00,62.00,183.00,0.583202,-1,-1,-1
54,12,1003.00,924.00,84.00,154.00,0.792731,-1,-1,-1
54,13,1586.00,593.00,82.00,231.00,0.664833,-1,-1,-1
54,15,473.00,67.00,55.00,176.00,0.359488,-1,-1,-1
54,16,1570.00,0.00,51.00,130.00,0.361655,-1,-1,-1
54,17,1647.00,0.00,51.00,130.00,0.587610,-1,-1,-1
54,20,677.00,281.00,58.00,128.00,0.556370,-1,-1,-1
54,21,1481.00,4.00,57.00,139.00,0.652354,-1,-1,-1
54,26,798.00,63.00,84.00,256.00,0.361862,-1,-1,-1
54,27,876.00,0.00,47.00,100.00,0.257960,-1,-1,-1
54,28,926.00,0.00,44.00,79.00,0.322361,-1,-1,-1
54,29,554.00,98.00,56.00,185.00,0.283246,-1,-1,-1
54,30,285.00,117.00,56.00,176.00,0.398789,-1,-1,-1
54,33,208.00,102.00,58.00,190.00,0.262643,-1,-1,-1
54,44,350.00,86.00,66.00,178.00,0.481930,-1,-1,-1
54,47,149.00,250.00,66.00,211.00,0.551105,-1,-1,-1
54,51,458.00,122.00,47.00,150.00,0.405391,-1,-1,-1
54,55,421.00,61.00,49.00,165.00,0.393858,-1,-1,-1
55,2,301.00,876.00,92.00,203.00,0.856953,-1,-1,-1
55,3,252.00,944.00,74.00,134.00,0.866363,-1,-1,-1
55,4,1844.00,255.00,70.00,181.00,0.777161,-1,-1,-1
55,5,1718.00,456.00,79.00,211.00,0.787771,-1,-1,-1
55,6,700.00,572.00,83.00,252.00,0.707251,-1,-1,-1
55,7,1050.00,830.00,88.00,248.00,0.774911,-1,-1,-1
55,8,376.00,250.00,65.00,192.00,0.808676,-1,-1,-1
55,9,1651.00,246.00,71.00,191.00,0.848237,-1,-1,-1
55,10,1132.00,840.00,87.00,239.00,0.675038,-1,-1,-1
55,11,211.00,277.00,63.00,182.00,0.640166,-1,-1,-1
55,12,1001.00,925.00,82.00,153.00,0.758089,-1,-1,-1
55,13,1581.00,592.00,84.00,233.00,0.678665,-1,-1,-1
55,15,474.00,67.00,55.00,175.00,0.283415,-1,-1,-1
55,16,1569.00,1.00,51.00,128.00,0.315343,-1,-1,-1
55,17,1646.00,0.00,52.00,130.00,0.571398,-1,-1,-1
55,20,677.00,281.00,58.00,128.00,0.549337,-1,-1,-1
55,21,1481.00,4.00,57.00,139.00,0.617831,-1,-1,-1
55,29,555.00,102.00,55.00,182.00,0.301284,-1,-1,-1
55,30,286.00,121.00,55.00,172.00,0.392361,-1,-1,-1
55,44,350.00,86.00,65.00,178.00,0.443758,-1,-1,-1
55,47,150.00,249.00,66.00,211.00,0.567114,-1,-1,-1
55,51,459.00,119.00,48.00,152.00,0.449471,-1,-1,-1
55,55,421.00,61.00,49.00,165.00,0.317488,-1,-1,-1
55,59,1578.00,233.00,41.00,78.00,0.398013,-1,-1,-1
56,2,301.00,878.00,93.00,201.00,0.852184,-1,-1,-1
56,3,251.00,945.00,75.00,133.00,0.859199,-1,-1,-1
56,4,1846.00,254.00,69.00,183.00,0.759334,-1,-1,-1
56,5,1718.00,454.00,79.00,213.00,0.794560,-1,-1,-1
56,6,698.00,570.00,83.00,255.00,0.702925,-1,-1,-1
56,7,1052.00,833.00,88.00,246.00,0.777574,-1,-1,-1
56,8,375.00,252.00,66.00,191.00,0.805904,-1,-1,-1
56,9,1651.00,245.00,71.00,192.00,0.835654,-1,-1,-1
56,10,1134.00,843.00,85.00,236.00,0.732050,-1,-1,-1
56,11,212.00,277.00,63.00,182.00,0.689512,-1,-1,-1
56,12,1002.00,925.00,81.00,153.00,0.767457,-1,-1,-1
56,13,1582.00,592.00,84.00,233.00,0.743888,-1,-1,-1
56,16,1569.00,0.00,50.00,129.00,0.252866,-1,-1,-1
56,17,1646.00,0.00,51.00,129.00,0.561072,-1,-1,-1
56,20,677.00,282.00,58.00,127.00,0.541802,-1,-1,-1
56,21,1481.00,4.00,57.00,139.00,0.603104,-1,-1,-1
56,26,797.00,58.00,83.00,260.00,0.330347,-1,-1,-1
56,29,556.00,107.00,53.00,177.00,0.304178,-1,-1,-1
56,30,286.00,120.00,56.00,173.00,0.353126,-1,-1,-1
56,44,348.00,86.00,68.00,183.00,0.451652,-1,-1,-1
56,47,152.00,249.00,64.00,210.00,0.594087,-1,-1,-1
56,51,459.00,116.00,49.00,154.00,0.476466,-1,-1,-1
56,55,421.00,61.00,49.00,165.00,0.290743,-1,-1,-1
56,59,1579.00,232.00,41.00,79.00,0.448996,-1,-1,-1
57,2,301.00,880.00,93.00,199.00,0.858148,-1,-1,-1
57,3,250.00,947.00,76.00,131.00,0.859179,-1,-1,-1
57,4,1847.00,254.00,70.00,184.00,0.765441,-1,-1,-1
57,5,1718.00,453.00,80.00,214.00,0.811720,-1,-1,-1
57,6,697.00,569.00,79.00,241.00,0.603844,-1,-1,-1
57,7,1052.00,836.00,88.00,244.00,0.795717,-1,-1,-1
57,8,375.00,253.00,65.00,192.00,0.811149,-1,-1,-1
57,9,1650.00,245.00,72.00,192.00,0.854024,-1,-1,-1
57,10,1135.00,846.00,84.00,232.00,0.738025,-1,-1,-1
57,11,212.00,277.00,64.00,183.00,0.693799,-1,-1,-1
57,12,1001.00,925.00,81.00,153.00,0.742049,-1,-1,-1
57,13,1581.00,591.00,86.00,234.00,0.757292,-1,-1,-1
57,15,474.00,64.00,56.00,180.00,0.270334,-1,-1,-1
57,16,1567.00,0.00,51.00,130.00,0.291912,-1,-1,-1
57,17,1646.00,0.00,51.00,128.00,0.565030,-1,-1,-1
57,18,980.00,0.00,42.00,75.00,0.272809,-1,-1,-1
57,20,677.00,281.00,58.00,128.00,0.552177,-1,-1,-1
57,21,1481.00,4.00,58.00,140.00,0.653944,-1,-1,-1
57,26,796.00,56.00,82.00,261.00,0.270959,-1,-1,-1
57,27,876.00,0.00,47.00,100.00,0.257389,-1,-1,-1
57,29,556.00,105.00,54.00,179.00,0.301176,-1,-1,-1
57,30,286.00,117.00,57.00,176.00,0.392391,-1,-1,-1
57,44,348.00,85.00,67.00,182.00,0.481582,-1,-1,-1
57,47,154.00,249.00,64.00,209.00,0.620193,-1,-1,-1
57,51,461.00,111.00,50.00,159.00,0.388270,-1,-1,-1
57,55,422.00,61.00,49.00,167.00,0.296735,-1,-1,-1
57,59,1578.00,231.00,41.00,78.00,0.428030,-1,-1,-1
58,2,302.00,882.00,93.00,197.00,0.862227,-1,-1,-1
58,3,250.00,948.00,75.00,131.00,0.857136,-1,-1,-1
58,4,1849.00,254.00,70.00,186.00,0.755441,-1,-1,-1
58,5,1719.00,452.00,79.00,215.00,0.807153,-1,-1,-1
58,6,693.00,568.00,83.00,258.00,0.554363,-1,-1,-1
58,7,1055.00,840.00,87.00,240.00,0.754181,-1,-1,-1
58,8,373.00,253.00,67.00,195.00,0.805049,-1,-1,-1
58,9,1649.00,246.00,73.00,192.00,0.846791,-1,-1,-1
58,10,1138.00,850.00,82.00,228.00,0.774889,-1,-1,-1
58,11,214.00,274.00,64.00,186.00,0.675381,-1,-1,-1
58,12,1002.00,926.00,81.00,152.00,0.725319,-1,-1,-1
58,16,1567.00,0.00,50.00,129.00,0.250330,-1,-1,-1
58,17,1646.00,0.00,51.00,127.00,0.605088,-1,-1,-1
58,20,676.00,280.00,59.00,129.00,0.529932,-1,-1,-1
58,21,1481.00,4.00,58.00,140.00,0.677739,-1,-1,-1
58,29,557.00,107.00,53.00,177.00,0.318961,-1,-1,-1
58,30,286.00,118.00,57.00,175.00,0.394127,-1,-1,-1
58,38,1562.00,592.00,105.00,233.00,0.744628,-1,-1,-1
58,44,349.00,85.00,66.00,179.00,0.473455,-1,-1,-1
58,47,155.00,250.00,63.00,206.00,0.609568,-1,-1,-1
58,51,462.00,110.00,51.00,160.00,0.382484,-1,-1,-1
58,59,1578.00,232.00,39.00,73.00,0.404613,-1,-1,-1
59,2,302.00,883.00,93.00,196.00,0.867846,-1,-1,-1
59,3,249.00,949.00,76.00,129.00,0.857260,-1,-1,-1
59,4,1850.00,256.00,70.00,186.00,0.743322,-1,-1,-1
59,5,1719.00,454.00,79.00,214.00,0.814909,-1,-1,-1
59,6,681.00,569.00,83.00,255.00,0.515437,-1,-1,-1
59,7,1057.00,843.00,85.00,237.00,0.793372,-1,-1,-1
59,8,372.00,255.00,66.00,194.00,0.810315,-1,-1,-1
59,9,1649.00,246.00,74.00,193.00,0.840257,-1,-1,-1
59,10,1141.00,853.00,81.00,225.00,0.783314,-1,-1,-1
59,11,215.00,274.00,65.00,185.00,0.677780,-1,-1,-1
59,12,998.00,927.00,78.00,152.00,0.751272,-1,-1,-1
59,13,1583.00,590.00,87.00,234.00,0.706877,-1,-1,-1
59,15,478.00,60.00,55.00,181.00,0.283330,-1,-1,-1
59,17,1647.00,0.00,49.00,125.00,0.607295,-1,-1,-1
59,20,677.00,280.00,58.00,129.00,0.512693,-1,-1,-1
59,21,1481.00,4.00,58.00,140.00,0.692627,-1,-1,-1
59,26,807.00,130.00,60.00,186.00,0.463096,-1,-1,-1
59,27,876.00,0.00,46.00,101.00,0.284931,-1,-1,-1
59,29,557.00,109.00,52.00,174.00,0.327540,-1,-1,-1
59,30,285.00,114.00,58.00,179.00,0.366080,-1,-1,-1
59,44,349.00,85.00,66.00,180.00,0.480924,-1,-1,-1
59,47,156.00,251.00,62.00,204.00,0.583978,-1,-1,-1
59,51,462.00,111.00,51.00,159.00,0.455998,-1,-1,-1
59,59,1577.00,232.00,39.00,73.00,0.418983,-1,-1,-1
60,2,302.00,885.00,93.00,194.00,0.863545,-1,-1,-1
60,3,249.00,952.00,76.00,127.00,0.842017,-1,-1,-1
60,4,1850.00,255.00,70.00,188.00,0.705116,-1,-1,-1
60,5,1719.00,453.00,79.00,215.00,0.817684,-1,-1,-1
60,6,684.00,566.00,84.00,264.00,0.373599,-1,-1,-1
60,7,1059.00,845.00,85.00,235.00,0.771285,-1,-1,-1
60,8,372.00,256.00,66.00,193.00,0.795227,-1,-1,-1
60,9,1649.00,246.00,75.00,194.00,0.838518,-1,-1,-1
60,10,1147.00,854.00,82.00,225.00,0.759782,-1,-1,-1
60,11,216.00,275.00,64.00,185.00,0.631493,-1,-1,-1
60,12,997.00,928.00,77.00,151.00,0.758182,-1,-1,-1
60,13,1580.00,593.00,88.00,232.00,0.722007,-1,-1,-1
60,15,478.00,58.00,57.00,189.00,0.252251,-1,-1,-1
60,17,1647.00,0.00,48.00,122.00,0.588183,-1,-1,-1
60,20,677.00,281.00,58.00,129.00,0.495754,-1,-1,-1
60,21,1481.00,4.00,58.00,139.00,0.670194,-1,-1,-1
60,26,809.00,148.00,55.00,170.00,0.408488,-1,-1,-1
60,29,559.00,111.00,52.00,172.00,0.272973,-1,-1,-1
60,30,285.00,117.00,58.00,176.00,0.439311,-1,-1,-1
60,44,347.00,85.00,67.00,180.00,0.424170,-1,-1,-1
60,47,157.00,251.00,61.00,205.00,0.598399,-1,-1,-1
60,51,463.00,110.00,51.00,160.00,0.459507,-1,-1,-1
60,59,1578.00,231.00,39.00,72.00,0.410419,-1,-1,-1
61,2,303.00,888.00,92.00,190.00,0.855595,-1,-1,-1
61,3,249.00,955.00,75.00,124.00,0.837453,-1,-1,-1
61,4,1851.00,256.00,69.00,189.00,0.697770,-1,-1,-1
61,5,1720.00,451.00,79.00,216.00,0.826556,-1,-1,-1
61,6,685.00,565.00,83.00,267.00,0.333676,-1,-1,-1
61,7,1060.00,847.00,84.00,233.00,0.819246,-1,-1,-1
61,8,370.00,256.00,66.00,194.00,0.789808,-1,-1,-1
61,9,1649.00,246.00,75.00,194.00,0.850625,-1,-1,-1
61,10,1149.00,856.00,82.00,223.00,0.765015,-1,-1,-1
61,11,216.00,274.00,65.00,186.00,0.647003,-1,-1,-1
61,12,997.00,929.00,75.00,150.00,0.790605,-1,-1,-1
61,13,1582.00,592.00,88.00,232.00,0.693416,-1,-1,-1
61,17,1646.00,0.00,48.00,119.00,0.611192,-1,-1,-1
61,20,677.00,281.00,59.00,128.00,0.481535,-1,-1,-1
61,21,1481.00,4.00,58.00,138.00,0.674879,-1,-1,-1
61,26,809.00,151.00,55.00,167.00,0.442016,-1,-1,-1
61,29,560.00,114.00,51.00,170.00,0.317353,-1,-1,-1
61,30,285.00,118.00,57.00,175.00,0.428729,-1,-1,-1
61,44,348.00,86.00,67.00,180.00,0.451288,-1,-1,-1
61,47,157.00,249.00,61.00,206.00,0.562407,-1,-1,-1
61,51,464.00,112.00,51.00,158.00,0.448220,-1,-1,-1
62,2,304.00,891.00,90.00,187.00,0.859708,-1,-1,-1
62,3,249.00,957.00,76.00,122.00,0.838039,-1,-1,-1
62,4,1852.00,261.00,68.00,185.00,0.629819,-1,-1,-1
62,5,1721.00,451.00,79.00,217.00,0.829527,-1,-1,-1
62,6,675.00,564.00,84.00,270.00,0.329689,-1,-1,-1
62,7,1062.00,848.00,83.00,232.00,0.804181,-1,-1,-1
62,8,370.00,256.00,66.00,194.00,0.770312,-1,-1,-1
62,9,1650.00,244.00,75.00,193.00,0.841084,-1,-1,-1
62,10,1152.00,858.00,83.00,221.00,0.776567,-1,-1,-1
62,11,217.00,274.00,65.00,187.00,0.607762,-1,-1,-1
62,12,996.00,930.00,74.00,149.00,0.790691,-1,-1,-1
62,17,1646.00,0.00,48.00,118.00,0.612427,-1,-1,-1
62,20,678.00,282.00,58.00,127.00,0.443702,-1,-1,-1
62,21,1482.00,4.00,57.00,138.00,0.705873,-1,-1,-1
62,26,809.00,154.00,55.00,163.00,0.412722,-1,-1,-1
62,29,560.00,114.00,52.00,170.00,0.355814,-1,-1,-1
62,30,285.00,119.00,57.00,174.00,0.481201,-1,-1,-1
62,38,1562.00,592.00,106.00,233.00,0.728716,-1,-1,-1
62,44,348.00,86.00,67.00,182.00,0.444569,-1,-1,-1
62,47,158.00,248.00,60.00,207.00,0.613493,-1,-1,-1
62,51,465.00,113.00,50.00,156.00,0.452623,-1,-1,-1
62,55,426.00,72.00,47.00,161.00,0.250651,-1,-1,-1
63,2,305.00,894.00,89.00,184.00,0.851818,-1,-1,-1
63,3,250.00,959.00,75.00,120.00,0.833991,-1,-1,-1
63,4,1853.00,261.00,67.00,184.00,0.628490,-1,-1,-1
63,5,1722.00,452.00,77.00,215.00,0.829527,-1,-1,-1
63,7,1064.00,849.00,82.00,231.00,0.770694,-1,-1,-1
63,8,368.00,257.00,66.00,192.00,0.784815,-1,-1,-1
63,9,1649.00,242.00,77.00,196.00,0.845355,-1,-1,-1
63,10,1156.00,859.00,83.00,219.00,0.768952,-1,-1,-1
63,11,220.00,275.00,64.00,185.00,0.575418,-1,-1,-1
63,12,997.00,930.00,72.00,149.00,0.777567,-1,-1,-1
63,17,1646.00,0.00,48.00,117.00,0.648318,-1,-1,-1
63,20,678.00,281.00,58.00,128.00,0.471333,-1,-1,-1
63,21,1481.00,4.00,58.00,139.00,0.739453,-1,-1,-1
63,26,809.00,154.00,56.00,163.00,0.395497,-1,-1,-1
63,29,560.00,111.00,52.00,173.00,0.381470,-1,-1,-1
63,30,285.00,122.00,57.00,172.00,0.528173,-1,-1,-1
63,33,210.00,117.00,55.00,178.00,0.281583,-1,-1,-1
63,38,1567.00,593.00,105.00,232.00,0.768881,-1,-1,-1
63,44,348.00,86.00,68.00,184.00,0.495734,-1,-1,-1
63,47,158.00,248.00,61.00,207.00,0.563097,-1,-1,-1
63,51,465.00,112.00,51.00,157.00,0.486022,-1,-1,-1
64,2,306.00,897.00,88.00,181.00,0.859700,-1,-1,-1
64,3,250.00,962.00,76.00,117.00,0.834794,-1,-1,-1
64,4,1855.00,267.00,65.00,178.00,0.627461,-1,-1,-1
64,5,1721.00,451.00,78.00,216.00,0.833845,-1,-1,-1
64,7,1066.00,850.00,82.00,230.00,0.761342,-1,-1,-1
64,8,368.00,258.00,65.00,191.00,0.797628,-1,-1,-1
64,9,1650.00,241.00,77.00,196.00,0.850560,-1,-1,-1
64,10,1158.00,861.00,83.00,217.00,0.743694,-1,-1,-1
64,11,221.00,274.00,65.00,186.00,0.621502,-1,-1,-1
64,12,997.00,931.00,71.00,148.00,0.771747,-1,-1,-1
64,13,1583.00,591.00,89.00,233.00,0.593322,-1,-1,-1
64,17,1645.00,0.00,49.00,118.00,0.611188,-1,-1,-1
64,20,678.00,282.00,58.00,127.00,0.467643,-1,-1,-1
64,21,1481.00,4.00,58.00,139.00,0.735890,-1,-1,-1
64,26,809.00,154.00,56.00,163.00,0.364172,-1,-1,-1
64,29,560.00,113.00,52.00,171.00,0.325184,-1,-1,-1
64,30,285.00,123.00,57.00,170.00,0.507166,-1,-1,-1
64,33,213.00,133.00,51.00,161.00,0.251880,-1,-1,-1
64,38,1558.00,591.00,109.00,234.00,0.670813,-1,-1,-1
64,44,351.00,95.00,64.00,175.00,0.450643,-1,-1,-1
64,47,159.00,250.00,60.00,205.00,0.606873,-1,-1,-1
64,51,466.00,111.00,52.00,159.00,0.432614,-1,-1,-1
65,2,307.00,900.00,88.00,178.00,0.861889,-1,-1,-1
65,3,251.00,965.00,75.00,114.00,0.838614,-1,-1,-1
65,4,1857.00,270.00,63.00,176.00,0.659673,-1,-1,-1
65,5,1721.00,452.00,77.00,215.00,0.837379,-1,-1,-1
65,7,1068.00,852.00,80.00,227.00,0.736373,-1,-1,-1
65,8,367.00,259.00,66.00,190.00,0.807364,-1,-1,-1
65,9,1651.00,239.00,77.00,196.00,0.856004,-1,-1,-1
65,10,1161.00,862.00,83.00,216.00,0.782717,-1,-1,-1
65,11,222.00,271.00,66.00,189.00,0.557046,-1,-1,-1
65,12,996.00,931.00,70.00,148.00,0.779809,-1,-1,-1
65,13,1583.00,590.00,88.00,234.00,0.636749,-1,-1,-1
65,17,1643.00,0.00,50.00,118.00,0.652416,-1,-1,-1
65,20,678.00,282.00,58.00,127.00,0.453602,-1,-1,-1
65,21,1481.00,4.00,58.00,139.00,0.733667,-1,-1,-1
65,26,807.00,151.00,57.00,166.00,0.395111,-1,-1,-1
65,29,560.00,114.00,52.00,169.00,0.352251,-1,-1,-1
65,30,285.00,122.00,57.00,171.00,0.499646,-1,-1,-1
65,38,1552.00,590.00,113.00,235.00,0.707092,-1,-1,-1
65,44,351.00,99.00,64.00,173.00,0.446983,-1,-1,-1
65,47,161.00,249.00,59.00,206.00,0.586309,-1,-1,-1
65,51,469.00,112.00,51.00,156.00,0.372070,-1,-1,-1
66,2,309.00,903.00,87.00,176.00,0.873332,-1,-1,-1
66,3,252.00,968.00,74.00,111.00,0.829087,-1,-1,-1
66,4,1859.00,271.00,61.00,176.00,0.658859,-1,-1,-1
66,5,1721.00,451.00,76.00,215.00,0.831854,-1,-1,-1
66,7,1072.00,852.00,80.00,226.00,0.669988,-1,-1,-1
66,8,367.00,259.00,65.00,189.00,0.785923,-1,-1,-1
66,9,1652.00,237.00,76.00,193.00,0.876649,-1,-1,-1
66,10,1162.00,864.00,84.00,214.00,0.766884,-1,-1,-1
66,11,225.00,272.00,65.00,188.00,0.555331,-1,-1,-1
66,12,996.00,932.00,68.00,147.00,0.794021,-1,-1,-1
66,13,1584.00,591.00,89.00,233.00,0.560393,-1,-1,-1
66,17,1641.00,0.00,50.00,117.00,0.610780,-1,-1,-1
66,20,678.00,282.00,58.00,127.00,0.461613,-1,-1,-1
66,21,1481.00,4.00,58.00,139.00,0.728311,-1,-1,-1
66,26,806.00,151.00,57.00,166.00,0.365698,-1,-1,-1
66,29,560.00,113.00,52.00,170.00,0.403785,-1,-1,-1
66,30,285.00,122.00,57.00,171.00,0.472168,-1,-1,-1
66,38,1553.00,590.00,114.00,235.00,0.603949,-1,-1,-1
66,44,353.00,107.00,61.00,166.00,0.455778,-1,-1,-1
66,47,161.00,248.00,59.00,206.00,0.559042,-1,-1,-1
66,51,473.00,111.00,51.00,156.00,0.357028,-1,-1,-1
67,2,310.00,905.00,87.00,174.00,0.876793,-1,-1,-1
67,3,253.00,971.00,73.00,108.00,0.826235,-1,-1,-1
67,4,1861.00,270.00,59.00,176.00,0.687204,-1,-1,-1
67,5,1720.00,451.00,77.00,216.00,0.829831,-1,-1,-1
67,7,1072.00,854.00,79.00,224.00,0.722790,-1,-1,-1
67,8,366.00,259.00,66.00,191.00,0.801608,-1,-1,-1
67,9,1654.00,236.00,74.00,189.00,0.873803,-1,-1,-1
67,10,1161.00,866.00,85.00,213.00,0.796275,-1,-1,-1
67,11,226.00,270.00,66.00,190.00,0.614444,-1,-1,-1
67,12,996.00,933.00,67.00,146.00,0.793107,-1,-1,-1
67,13,1584.00,591.00,89.00,233.00,0.460970,-1,-1,-1
67,15,476.00,60.00,58.00,197.00,0.327783,-1,-1,-1
67,17,1638.00,0.00,51.00,117.00,0.672931,-1,-1,-1
67,20,678.00,283.00,57.00,126.00,0.536559,-1,-1,-1
67,21,1481.00,4.00,58.00,139.00,0.746572,-1,-1,-1
67,26,806.00,148.00,57.00,169.00,0.382095,-1,-1,-1
67,29,561.00,113.00,52.00,170.00,0.391629,-1,-1,-1
67,30,285.00,123.00,57.00,171.00,0.460746,-1,-1,-1
67,33,215.00,133.00,51.00,158.00,0.257978,-1,-1,-1
67,38,1549.00,590.00,116.00,235.00,0.722896,-1,-1,-1
67,44,354.00,110.00,60.00,163.00,0.472703,-1,-1,-1
67,47,161.00,249.00,59.00,205.00,0.593230,-1,-1,-1
67,51,476.00,111.00,49.00,150.00,0.461431,-1,-1,-1
67,55,431.00,85.00,44.00,149.00,0.269123,-1,-1,-1
68,2,312.00,907.00,87.00,172.00,0.884340,-1,-1,-1
68,3,254.00,975.00,73.00,104.00,0.848565,-1,-1,-1
68,4,1864.00,270.00,56.00,176.00,0.673735,-1,-1,-1
68,5,1719.00,451.00,77.00,215.00,0.835411,-1,-1,-1
68,7,1074.00,856.00,78.00,221.00,0.708147,-1,-1,-1
68,8,364.00,259.00,67.00,194.00,0.814300,-1,-1,-1
68,9,1655.00,234.00,74.00,189.00,0.870195,-1,-1,-1
68,10,1161.00,868.00,86.00,211.00,0.795124,-1,-1,-1
68,11,228.00,269.00,65.00,188.00,0.615305,-1,-1,-1
68,12,996.00,935.00,66.00,144.00,0.798197,-1,-1,-1
68,15,477.00,59.00,58.00,197.00,0.358361,-1,-1,-1
68,17,1636.00,0.00,51.00,116.00,0.624658,-1,-1,-1
68,20,677.00,282.00,58.00,127.00,0.524938,-1,-1,-1
68,21,1481.00,4.00,58.00,139.00,0.717353,-1,-1,-1
68,26,806.00,148.00,57.00,169.00,0.376746,-1,-1,-1
68,29,561.00,112.00,53.00,171.00,0.446636,-1,-1,-1
68,30,284.00,122.00,58.00,171.00,0.476030,-1,-1,-1
68,33,215.00,133.00,53.00,159.00,0.298301,-1,-1,-1
68,38,1557.00,592.00,113.00,232.00,0.773038,-1,-1,-1
68,44,354.00,111.00,60.00,161.00,0.488780,-1,-1,-1
68,47,162.00,249.00,58.00,204.00,0.614655,-1,-1,-1
68,51,477.00,107.00,49.00,151.00,0.443485,-1,-1,-1
68,55,431.00,83.00,44.00,151.00,0.300283,-1,-1,-1
69,2,314.00,909.00,87.00,170.00,0.879667,-1,-1,-1
69,3,255.00,978.00,72.00,101.00,0.845052,-1,-1,-1
69,4,1866.00,270.00,54.00,176.00,0.669327,-1,-1,-1
69,5,1716.00,451.00,77.00,215.00,0.819007,-1,-1,-1
69,7,1074.00,857.00,78.00,221.00,0.703165,-1,-1,-1
69,8,363.00,261.00,68.00,197.00,0.814479,-1,-1,-1
69,9,1655.00,232.00,74.00,190.00,0.864648,-1,-1,-1
69,10,1161.00,870.00,86.00,209.00,0.809828,-1,-1,-1
69,11,229.00,267.00,65.00,188.00,0.609615,-1,-1,-1
69,12,996.00,936.00,65.00,143.00,0.791982,-1,-1,-1
69,17,1633.00,0.00,52.00,116.00,0.615583,-1,-1,-1
69,20,677.00,281.00,58.00,128.00,0.545448,-1,-1,-1
69,21,1481.00,3.00,57.00,140.00,0.732132,-1,-1,-1
69,26,806.00,146.00,58.00,172.00,0.346290,-1,-1,-1
69,29,561.00,112.00,53.00,171.00,0.408091,-1,-1,-1
69,30,284.00,124.00,58.00,169.00,0.474730,-1,-1,-1
69,33,216.00,136.00,53.00,157.00,0.308089,-1,-1,-1
69,38,1562.00,592.00,112.00,232.00,0.752256,-1,-1,-1
69,44,353.00,109.00,61.00,165.00,0.475717,-1,-1,-1
69,47,163.00,249.00,58.00,205.00,0.636600,-1,-1,-1
69,51,480.00,106.00,48.00,150.00,0.472398,-1,-1,-1
69,55,430.00,81.00,45.00,153.00,0.294972,-1,-1,-1
70,2,315.00,911.00,86.00,167.00,0.870429,-1,-1,-1
70,3,255.00,980.00,73.00,99.00,0.849079,-1,-1,-1
70,4,1869.00,272.00,51.00,173.00,0.629420,-1,-1,-1
70,5,1714.00,451.00,79.00,215.00,0.817513,-1,-1,-1
70,7,1079.00,858.00,80.00,220.00,0.766151,-1,-1,-1
70,8,362.00,261.00,69.00,201.00,0.832254,-1,-1,-1
70,9,1656.00,230.00,73.00,190.00,0.854285,-1,-1,-1
70,10,1162.00,873.00,86.00,206.00,0.788199,-1,-1,-1
70,11,230.00,267.00,64.00,184.00,0.706325,-1,-1,-1
70,12,997.00,937.00,63.00,142.00,0.785697,-1,-1,-1
70,17,1632.00,0.00,53.00,116.00,0.618723,-1,-1,-1
70,20,678.00,283.00,58.00,126.00,0.489881,-1,-1,-1
70,21,1481.00,4.00,57.00,139.00,0.713692,-1,-1,-1
70,26,806.00,146.00,58.00,172.00,0.352852,-1,-1,-1
70,29,561.00,111.00,54.00,172.00,0.480512,-1,-1,-1
70,30,284.00,124.00,58.00,170.00,0.477408,-1,-1,-1
70,33,216.00,138.00,54.00,157.00,0.278987,-1,-1,-1
70,38,1566.00,592.00,111.00,232.00,0.733594,-1,-1,-1
70,44,352.00,104.00,63.00,170.00,0.457736,-1,-1,-1
70,47,165.00,250.00,57.00,204.00,0.650041,-1,-1,-1
70,51,481.00,108.00,48.00,147.00,0.463620,-1,-1,-1
70,55,432.00,83.00,45.00,152.00,0.351859,-1,-1,-1
71,2,317.00,912.00,87.00,166.00,0.853091,-1,-1,-1
71,3,255.00,981.00,73.00,98.00,0.841104,-1,-1,-1
71,4,1870.00,269.00,50.00,180.00,0.606880,-1,-1,-1
71,5,1714.00,451.00,80.00,215.00,0.817882,-1,-1,-1
71,7,1076.00,861.00,79.00,218.00,0.763892,-1,-1,-1
71,8,362.00,265.00,68.00,199.00,0.797833,-1,-1,-1
71,9,1656.00,228.00,72.00,190.00,0.856826,-1,-1,-1
71,10,1164.00,875.00,86.00,204.00,0.769025,-1,-1,-1
71,11,230.00,264.00,64.00,185.00,0.692743,-1,-1,-1
71,12,997.00,938.00,62.00,141.00,0.793815,-1,-1,-1
71,15,480.00,58.00,57.00,197.00,0.473582,-1,-1,-1
71,17,1631.00,0.00,53.00,116.00,0.624179,-1,-1,-1
71,20,678.00,283.00,58.00,126.00,0.508297,-1,-1,-1
71,21,1481.00,4.00,57.00,139.00,0.734140,-1,-1,-1
71,26,805.00,145.00,58.00,173.00,0.361925,-1,-1,-1
71,29,561.00,112.00,53.00,172.00,0.473256,-1,-1,-1
71,30,283.00,123.00,59.00,171.00,0.474479,-1,-1,-1
71,33,216.00,140.00,54.00,155.00,0.295448,-1,-1,-1
71,38,1568.00,592.00,110.00,233.00,0.689857,-1,-1,-1
71,44,351.00,104.00,65.00,176.00,0.441969,-1,-1,-1
71,47,165.00,250.00,58.00,203.00,0.631294,-1,-1,-1
71,55,433.00,85.00,45.00,150.00,0.397820,-1,-1,-1
71,59,1567.00,217.00,36.00,67.00,0.462272,-1,-1,-1
72,2,318.00,914.00,88.00,164.00,0.853933,-1,-1,-1
72,3,255.00,983.00,73.00,97.00,0.835116,-1,-1,-1
72,4,1871.00,272.00,49.00,183.00,0.609676,-1,-1,-1
72,5,1714.00,451.00,80.00,214.00,0.828540,-1,-1,-1
72,7,1075.00,864.00,79.00,215.00,0.718537,-1,-1,-1
72,8,361.00,266.00,69.00,199.00,0.787519,-1,-1,-1
72,9,1655.00,227.00,72.00,190.00,0.852259,-1,-1,-1
72,10,1164.00,877.00,86.00,202.00,0.785251,-1,-1,-1
72,11,230.00,263.00,65.00,185.00,0.698982,-1,-1,-1
72,12,997.00,939.00,62.00,140.00,0.798181,-1,-1,-1
72,13,1585.00,594.00,87.00,230.00,0.662184,-1,-1,-1
72,15,482.00,55.00,57.00,200.00,0.488281,-1,-1,-1
72,17,1630.00,0.00,53.00,115.00,0.626426,-1,-1,-1
72,20,677.00,282.00,58.00,127.00,0.513549,-1,-1,-1
72,21,1481.00,4.00,57.00,139.00,0.742124,-1,-1,-1
72,26,805.00,144.00,58.00,174.00,0.405454,-1,-1,-1
72,27,874.00,0.00,44.00,91.00,0.281880,-1,-1,-1
72,29,561.00,110.00,54.00,175.00,0.415681,-1,-1,-1
72,30,283.00,122.00,59.00,172.00,0.452969,-1,-1,-1
72,33,216.00,141.00,53.00,151.00,0.261161,-1,-1,-1
72,44,350.00,100.00,67.00,185.00,0.455200,-1,-1,-1
72,47,166.00,249.00,57.00,203.00,0.626619,-1,-1,-1
72,55,435.00,86.00,45.00,149.00,0.440678,-1,-1,-1
72,59,1566.00,216.00,37.00,65.00,0.466950,-1,-1,-1
73,2,319.00,916.00,89.00,162.00,0.834991,-1,-1,-1
73,3,257.00,985.00,72.00,95.00,0.819461,-1,-1,-1
73,4,1871.00,273.00,49.00,187.00,0.634198,-1,-1,-1
73,5,1713.00,451.00,81.00,214.00,0.833528,-1,-1,-1
73,7,1077.00,867.00,79.00,212.00,0.727707,-1,-1,-1
73,8,362.00,269.00,67.00,197.00,0.796130,-1,-1,-1
73,9,1654.00,227.00,72.00,191.00,0.851165,-1,-1,-1
73,10,1167.00,880.00,85.00,199.00,0.777106,-1,-1,-1
73,11,232.00,263.00,64.00,184.00,0.686646,-1,-1,-1
73,12,997.00,940.00,61.00,139.00,0.818849,-1,-1,-1
73,15,481.00,59.00,56.00,197.00,0.509106,-1,-1,-1
73,17,1628.00,0.00,54.00,114.00,0.619436,-1,-1,-1
73,20,677.00,281.00,58.00,128.00,0.524815,-1,-1,-1
73,21,1481.00,4.00,58.00,139.00,0.749169,-1,-1,-1
73,26,804.00,144.00,58.00,173.00,0.399376,-1,-1,-1
73,27,872.00,0.00,46.00,91.00,0.272331,-1,-1,-1
73,29,561.00,109.00,54.00,176.00,0.425483,-1,-1,-1
73,30,283.00,122.00,60.00,172.00,0.493910,-1,-1,-1
73,33,215.00,142.00,53.00,148.00,0.274408,-1,-1,-1
73,38,1564.00,593.00,110.00,232.00,0.782483,-1,-1,-1
73,44,350.00,101.00,67.00,186.00,0.481175,-1,-1,-1
73,47,166.00,248.00,57.00,204.00,0.614690,-1,-1,-1
73,55,432.00,76.00,49.00,159.00,0.516075,-1,-1,-1
73,59,1566.00,215.00,37.00,64.00,0.475597,-1,-1,-1
74,2,320.00,918.00,90.00,160.00,0.806103,-1,-1,-1
74,3,258.00,986.00,73.00,94.00,0.833718,-1,-1,-1
74,4,1872.00,274.00,48.00,188.00,0.659298,-1,-1,-1
74,5,1712.00,451.00,81.00,213.00,0.817192,-1,-1,-1
74,7,1083.00,870.00,80.00,208.00,0.728830,-1,-1,-1
74,8,361.00,271.00,67.00,197.00,0.790336,-1,-1,-1
74,9,1652.00,226.00,72.00,190.00,0.858472,-1,-1,-1
74,10,1169.00,882.00,85.00,197.00,0.780197,-1,-1,-1
74,11,232.00,262.00,64.00,183.00,0.702062,-1,-1,-1
74,12,997.00,940.00,61.00,138.00,0.804700,-1,-1,-1
74,15,482.00,54.00,56.00,201.00,0.521484,-1,-1,-1
74,17,1627.00,0.00,52.00,112.00,0.639901,-1,-1,-1
74,20,677.00,282.00,58.00,127.00,0.532017,-1,-1,-1
74,21,1481.00,3.00,57.00,140.00,0.742868,-1,-1,-1
74,26,805.00,144.00,57.00,174.00,0.379420,-1,-1,-1
74,27,872.00,0.00,45.00,90.00,0.267877,-1,-1,-1
74,29,561.00,106.00,54.00,179.00,0.398208,-1,-1,-1
74,30,284.00,122.00,59.00,172.00,0.464020,-1,-1,-1
74,33,215.00,142.00,52.00,146.00,0.273418,-1,-1,-1
74,38,1559.00,594.00,111.00,231.00,0.764647,-1,-1,-1
74,44,348.00,94.00,70.00,196.00,0.447980,-1,-1,-1
74,47,167.00,247.00,57.00,204.00,0.610716,-1,-1,-1
74,55,431.00,70.00,50.00,165.00,0.497320,-1,-1,-1
74,59,1565.00,214.00,38.00,65.00,0.446454,-1,-1,-1
75,2,320.00,920.00,92.00,158.00,0.825368,-1,-1,-1
75,3,259.00,987.00,73.00,93.00,0.833730,-1,-1,-1
75,4,1872.00,277.00,48.00,186.00,0.647512,-1,-1,-1
75,5,1711.00,451.00,82.00,213.00,0.818078,-1,-1,-1
75,7,1082.00,873.00,80.00,206.00,0.779798,-1,-1,-1
75,8,361.00,272.00,67.00,198.00,0.806598,-1,-1,-1
75,9,1650.00,226.00,72.00,191.00,0.868368,-1,-1,-1
75,10,1171.00,885.00,85.00,194.00,0.778612,-1,-1,-1
75,11,232.00,262.00,64.00,183.00,0.712759,-1,-1,-1
75,12,997.00,940.00,61.00,138.00,0.816358,-1,-1,-1
75,15,482.00,53.00,56.00,202.00,0.533159,-1,-1,-1
75,17,1625.00,0.00,53.00,110.00,0.623980,-1,-1,-1
75,20,677.00,281.00,59.00,128.00,0.538730,-1,-1,-1
75,21,1481.00,4.00,57.00,139.00,0.715766,-1,-1,-1
75,26,804.00,143.00,58.00,175.00,0.375047,-1,-1,-1
75,29,562.00,106.00,54.00,179.00,0.319927,-1,-1,-1
75,30,284.00,126.00,58.00,168.00,0.398440,-1,-1,-1
75,33,215.00,145.00,52.00,147.00,0.282977,-1,-1,-1
75,38,1554.00,593.00,113.00,233.00,0.796906,-1,-1,-1
75,44,348.00,95.00,70.00,198.00,0.458951,-1,-1,-1
75,47,168.00,246.00,57.00,205.00,0.580177,-1,-1,-1
75,55,431.00,68.00,51.00,167.00,0.508407,-1,-1,-1
75,59,1565.00,213.00,38.00,65.00,0.357733,-1,-1,-1
76,2,321.00,921.00,93.00,157.00,0.836677,-1,-1,-1
76,3,259.00,988.00,73.00,92.00,0.828090,-1,-1,-1
76,4,1873.00,280.00,47.00,184.00,0.663981,-1,-1,-1
76,5,1710.00,451.00,83.00,213.00,0.813037,-1,-1,-1
76,7,1091.00,876.00,83.00,203.00,0.758634,-1,-1,-1
76,8,361.00,274.00,67.00,197.00,0.810789,-1,-1,-1
76,9,1649.00,227.00,71.00,190.00,0.863070,-1,-1,-1
76,10,1172.00,887.00,85.00,192.00,0.747257,-1,-1,-1
76,11,232.00,261.00,64.00,184.00,0.680065,-1,-1,-1
76,12,996.00,941.00,60.00,137.00,0.821857,-1,-1,-1
76,15,483.00,55.00,55.00,200.00,0.547724,-1,-1,-1
76,17,1623.00,0.00,52.00,109.00,0.607913,-1,-1,-1
76,20,677.00,280.00,59.00,129.00,0.511489,-1,-1,-1
76,21,1481.00,3.00,57.00,140.00,0.748959,-1,-1,-1
76,26,804.00,143.00,58.00,175.00,0.416919,-1,-1,-1
76,29,563.00,109.00,54.00,176.00,0.372935,-1,-1,-1
76,30,283.00,127.00,59.00,167.00,0.465977,-1,-1,-1
76,33,214.00,144.00,54.00,148.00,0.377885,-1,-1,-1
76,38,1557.00,592.00,113.00,233.00,0.819720,-1,-1,-1
76,44,349.00,101.00,68.00,195.00,0.518167,-1,-1,-1
76,47,168.00,244.00,57.00,206.00,0.563617,-1,-1,-1
76,55,431.00,67.00,53.00,171.00,0.545972,-1,-1,-1
76,59,1564.00,213.00,38.00,65.00,0.477609,-1,-1,-1
77,2,321.00,923.00,94.00,155.00,0.833432,-1,-1,-1
77,3,260.00,991.00,73.00,89.00,0.834200,-1,-1,-1
77,4,1873.00,281.00,47.00,182.00,0.661541,-1,-1,-1
77,5,1709.00,451.00,84.00,214.00,0.816395,-1,-1,-1
77,7,1086.00,878.00,83.00,201.00,0.759356,-1,-1,-1
77,8,362.00,275.00,66.00,197.00,0.822961,-1,-1,-1
77,9,1648.00,228.00,71.00,191.00,0.863199,-1,-1,-1
77,10,1171.00,889.00,85.00,190.00,0.705982,-1,-1,-1
77,11,232.00,261.00,65.00,184.00,0.698815,-1,-1,-1
77,12,996.00,942.00,59.00,136.00,0.829202,-1,-1,-1
77,15,483.00,49.00,56.00,206.00,0.520899,-1,-1,-1
77,17,1621.00,0.00,52.00,107.00,0.512220,-1,-1,-1
77,20,677.00,282.00,59.00,127.00,0.486825,-1,-1,-1
77,21,1482.00,3.00,57.00,140.00,0.715746,-1,-1,-1
77,26,805.00,143.00,58.00,174.00,0.312369,-1,-1,-1
77,29,563.00,109.00,54.00,176.00,0.341383,-1,-1,-1
77,30,283.00,126.00,59.00,169.00,0.420301,-1,-1,-1
77,33,216.00,145.00,52.00,145.00,0.326989,-1,-1,-1
77,38,1556.00,592.00,114.00,233.00,0.812337,-1,-1,-1
77,44,350.00,103.00,67.00,193.00,0.493465,-1,-1,-1
77,47,169.00,245.00,56.00,205.00,0.570441,-1,-1,-1
77,55,432.00,67.00,53.00,172.00,0.483343,-1,-1,-1
77,59,1564.00,213.00,38.00,65.00,0.286105,-1,-1,-1
78,2,321.00,926.00,94.00,152.00,0.826352,-1,-1,-1
78,3,259.00,992.00,73.00,87.00,0.828040,-1,-1,-1
78,4,1874.00,281.00,46.00,184.00,0.587012,-1,-1,-1
78,5,1709.00,451.00,84.00,213.00,0.820026,-1,-1,-1
78,7,1094.00,881.00,85.00,198.00,0.763142,-1,-1,-1
78,8,362.00,275.00,66.00,197.00,0.819132,-1,-1,-1
78,9,1647.00,227.00,71.00,193.00,0.859998,-1,-1,-1
78,10,1174.00,891.00,84.00,188.00,0.720473,-1,-1,-1
78,11,232.00,260.00,66.00,186.00,0.691760,-1,-1,-1
78,12,996.00,943.00,59.00,135.00,0.822327,-1,-1,-1
78,15,483.00,46.00,57.00,209.00,0.512188,-1,-1,-1
78,17,1620.00,0.00,51.00,105.00,0.520654,-1,-1,-1
78,20,678.00,282.00,58.00,127.00,0.450703,-1,-1,-1
78,21,1481.00,3.00,57.00,140.00,0.741657,-1,-1,-1
78,26,805.00,146.00,57.00,171.00,0.321396,-1,-1,-1
78,29,562.00,108.00,55.00,178.00,0.370476,-1,-1,-1
78,30,282.00,125.00,60.00,169.00,0.408040,-1,-1,-1
78,33,218.00,145.00,50.00,142.00,0.299965,-1,-1,-1
78,38,1555.00,591.00,115.00,234.00,0.818599,-1,-1,-1
78,44,350.00,101.00,67.00,197.00,0.405187,-1,-1,-1
78,47,168.00,245.00,57.00,204.00,0.497720,-1,-1,-1
78,55,432.00,69.00,54.00,172.00,0.431542,-1,-1,-1
79,2,322.00,929.00,94.00,149.00,0.807202,-1,-1,-1
79,3,260.00,994.00,72.00,85.00,0.838399,-1,-1,-1
79,4,1874.00,283.00,46.00,183.00,0.674491,-1,-1,-1
79,5,1707.00,451.00,86.00,213.00,0.825290,-1,-1,-1
79,7,1089.00,881.00,86.00,198.00,0.778527,-1,-1,-1
79,8,361.00,275.00,67.00,197.00,0.816869,-1,-1,-1
79,9,1646.00,228.00,70.00,192.00,0.849252,-1,-1,-1
79,10,1175.00,893.00,84.00,187.00,0.768409,-1,-1,-1
79,11,233.00,260.00,65.00,186.00,0.723153,-1,-1,-1
79,12,995.00,944.00,59.00,135.00,0.815848,-1,-1,-1
79,15,482.00,44.00,58.00,210.00,0.507856,-1,-1,-1
79,17,1618.00,0.00,51.00,105.00,0.456527,-1,-1,-1
79,20,677.00,280.00,59.00,129.00,0.469082,-1,-1,-1
79,21,1481.00,4.00,58.00,139.00,0.724641,-1,-1,-1
79,26,807.00,146.00,57.00,171.00,0.337050,-1,-1,-1
79,29,563.00,110.00,54.00,175.00,0.392627,-1,-1,-1
79,30,281.00,125.00,60.00,169.00,0.443404,-1,-1,-1
79,33,217.00,140.00,53.00,148.00,0.334233,-1,-1,-1
79,38,1558.00,591.00,114.00,234.00,0.793082,-1,-1,-1
79,44,347.00,91.00,70.00,206.00,0.468452,-1,-1,-1
79,47,169.00,249.00,56.00,201.00,0.486894,-1,-1,-1
79,55,433.00,71.00,53.00,172.00,0.485316,-1,-1,-1
79,59,1564.00,213.00,38.00,64.00,0.291810,-1,-1,-1
80,2,322.00,932.00,93.00,147.00,0.823809,-1,-1,-1
80,3,260.00,997.00,71.00,82.00,0.840429,-1,-1,-1
80,4,1875.00,286.00,45.00,181.00,0.601218,-1,-1,-1
80,5,1706.00,450.00,86.00,215.00,0.829585,-1,-1,-1
80,7,1087.00,883.00,87.00,196.00,0.720593,-1,-1,-1
80,8,361.00,274.00,67.00,199.00,0.814643,-1,-1,-1
80,9,1645.00,227.00,70.00,193.00,0.853849,-1,-1,-1
80,10,1177.00,895.00,83.00,184.00,0.760631,-1,-1,-1
80,11,233.00,260.00,65.00,185.00,0.716953,-1,-1,-1
80,12,995.00,944.00,59.00,135.00,0.826707,-1,-1,-1
80,15,482.00,42.00,58.00,210.00,0.533106,-1,-1,-1
80,17,1616.00,0.00,51.00,105.00,0.502563,-1,-1,-1
80,20,677.00,280.00,59.00,129.00,0.452590,-1,-1,-1
80,21,1483.00,3.00,57.00,140.00,0.721759,-1,-1,-1
80,26,807.00,147.00,57.00,170.00,0.414967,-1,-1,-1
80,29,563.00,110.00,54.00,175.00,0.357027,-1,-1,-1
80,30,282.00,126.00,60.00,168.00,0.425648,-1,-1,-1
80,33,218.00,138.00,53.00,150.00,0.348268,-1,-1,-1
80,38,1557.00,592.00,115.00,233.00,0.800730,-1,-1,-1
80,44,347.00,88.00,70.00,208.00,0.441597,-1,-1,-1
80,47,171.00,250.00,55.00,198.00,0.471183,-1,-1,-1
80,55,434.00,72.00,53.00,171.00,0.463010,-1,-1,-1
80,59,1564.00,213.00,38.00,64.00,0.408449,-1,-1,-1
81,2,322.00,935.00,92.00,144.00,0.827811,-1,-1,-1
81,3,260.00,1000.00,70.00,79.00,0.839665,-1,-1,-1
81,4,1876.00,286.00,44.00,182.00,0.597501,-1,-1,-1
81,5,1706.00,452.00,87.00,212.00,0.827573,-1,-1,-1
81,6,607.00,552.00,70.00,227.00,0.471036,-1,-1,-1
81,7,1088.00,885.00,86.00,194.00,0.731726,-1,-1,-1
81,8,361.00,273.00,67.00,199.00,0.813382,-1,-1,-1
81,9,1644.00,227.00,69.00,192.00,0.838637,-1,-1,-1
81,10,1179.00,896.00,81.00,183.00,0.767931,-1,-1,-1
81,11,234.00,260.00,65.00,185.00,0.687227,-1,-1,-1
81,12,994.00,944.00,60.00,135.00,0.824816,-1,-1,-1
81,15,482.00,42.00,57.00,208.00,0.505083,-1,-1,-1
81,17,1614.00,0.00,52.00,104.00,0.472158,-1,-1,-1
81,20,678.00,280.00,58.00,129.00,0.444855,-1,-1,-1
81,21,1482.00,4.00,57.00,139.00,0.703410,-1,-1,-1
81,26,807.00,147.00,57.00,171.00,0.376766,-1,-1,-1
81,29,562.00,110.00,54.00,175.00,0.385935,-1,-1,-1
81,30,282.00,127.00,60.00,168.00,0.366662,-1,-1,-1
81,33,217.00,136.00,54.00,153.00,0.301016,-1,-1,-1
81,38,1553.00,593.00,116.00,232.00,0.778541,-1,-1,-1
81,44,347.00,85.00,70.00,210.00,0.408280,-1,-1,-1
81,47,171.00,247.00,56.00,200.00,0.483638,-1,-1,-1
81,55,433.00,72.00,54.00,172.00,0.468142,-1,-1,-1
82,2,322.00,939.00,91.00,140.00,0.829269,-1,-1,-1
82,3,260.00,1004.00,69.00,75.00,0.819389,-1,-1,-1
82,4,1877.00,288.00,43.00,179.00,0.603802,-1,-1,-1
82,5,1705.00,451.00,88.00,214.00,0.833032,-1,-1,-1
82,6,604.00,549.00,71.00,231.00,0.606436,-1,-1,-1
82,7,1093.00,886.00,85.00,192.00,0.774799,-1,-1,-1
82,8,361.00,273.00,67.00,199.00,0.801944,-1,-1,-1
82,9,1643.00,225.00,68.00,193.00,0.851814,-1,-1,-1
82,10,1179.00,898.00,81.00,181.00,0.754001,-1,-1,-1
82,11,234.00,259.00,66.00,187.00,0.662447,-1,-1,-1
82,12,994.00,945.00,59.00,134.00,0.825245,-1,-1,-1
82,15,482.00,40.00,57.00,208.00,0.474769,-1,-1,-1
82,17,1612.00,0.00,52.00,105.00,0.562500,-1,-1,-1
82,20,678.00,281.00,58.00,128.00,0.474272,-1,-1,-1
82,21,1482.00,4.00,57.00,139.00,0.737621,-1,-1,-1
82,26,807.00,146.00,57.00,171.00,0.414976,-1,-1,-1
82,29,560.00,109.00,55.00,176.00,0.428447,-1,-1,-1
82,30,282.00,126.00,60.00,169.00,0.381034,-1,-1,-1
82,33,218.00,134.00,54.00,154.00,0.296887,-1,-1,-1
82,38,1554.00,592.00,116.00,233.00,0.784773,-1,-1,-1
82,44,346.00,82.00,72.00,214.00,0.446687,-1,-1,-1
82,47,172.00,246.00,56.00,200.00,0.453350,-1,-1,-1
82,55,433.00,73.00,54.00,173.00,0.448984,-1,-1,-1
82,59,1564.00,212.00,37.00,64.00,0.261950,-1,-1,-1
83,2,323.00,943.00,90.00,136.00,0.835159,-1,-1,-1
83,3,261.00,1006.00,68.00,73.00,0.849387,-1,-1,-1
83,4,1879.00,292.00,41.00,175.00,0.583854,-1,-1,-1
83,5,1705.00,452.00,88.00,213.00,0.819272,-1,-1,-1
83,6,598.00,545.00,75.00,236.00,0.707194,-1,-1,-1
83,7,1094.00,887.00,85.00,191.00,0.752575,-1,-1,-1
83,8,362.00,274.00,66.00,198.00,0.796967,-1,-1,-1
83,9,1641.00,223.00,69.00,193.00,0.843485,-1,-1,-1
83,10,1180.00,899.00,81.00,180.00,0.719263,-1,-1,-1
83,11,234.00,259.00,66.00,187.00,0.680120,-1,-1,-1
83,12,994.00,945.00,59.00,134.00,0.831515,-1,-1,-1
83,15,482.00,40.00,57.00,206.00,0.401995,-1,-1,-1
83,17,1610.00,0.00,53.00,105.00,0.536838,-1,-1,-1
83,20,678.00,281.00,58.00,128.00,0.438696,-1,-1,-1
83,21,1481.00,4.00,58.00,139.00,0.730826,-1,-1,-1
83,26,807.00,145.00,57.00,172.00,0.421718,-1,-1,-1
83,29,558.00,110.00,55.00,175.00,0.321754,-1,-1,-1
83,30,282.00,125.00,60.00,170.00,0.391064,-1,-1,-1
83,33,218.00,132.00,55.00,158.00,0.288335,-1,-1,-1
83,38,1559.00,592.00,115.00,233.00,0.788926,-1,-1,-1
83,44,348.00,82.00,70.00,216.00,0.407290,-1,-1,-1
83,47,173.00,246.00,55.00,197.00,0.466603,-1,-1,-1
83,55,434.00,73.00,53.00,173.00,0.396577,-1,-1,-1
83,59,1563.00,211.00,38.00,64.00,0.361761,-1,-1,-1
84,2,323.00,945.00,89.00,134.00,0.835435,-1,-1,-1
84,3,261.00,1010.00,66.00,69.00,0.808098,-1,-1,-1
84,4,1882.00,294.00,38.00,173.00,0.552653,-1,-1,-1
84,5,1704.00,452.00,89.00,213.00,0.828152,-1,-1,-1
84,6,593.00,544.00,78.00,237.00,0.802330,-1,-1,-1
84,7,1097.00,889.00,84.00,189.00,0.761284,-1,-1,-1
84,8,362.00,274.00,66.00,198.00,0.814493,-1,-1,-1
84,9,1640.00,222.00,68.00,191.00,0.850379,-1,-1,-1
84,10,1183.00,900.00,80.00,179.00,0.719283,-1,-1,-1
84,11,236.00,259.00,66.00,186.00,0.660669,-1,-1,-1
84,12,993.00,945.00,60.00,134.00,0.830404,-1,-1,-1
84,15,483.00,39.00,56.00,207.00,0.383775,-1,-1,-1
84,17,1609.00,0.00,53.00,105.00,0.520341,-1,-1,-1
84,20,677.00,282.00,59.00,128.00,0.472403,-1,-1,-1
84,21,1482.00,4.00,57.00,139.00,0.741453,-1,-1,-1
84,26,806.00,145.00,58.00,172.00,0.383942,-1,-1,-1
84,29,555.00,111.00,56.00,174.00,0.375027,-1,-1,-1
84,30,283.00,125.00,60.00,170.00,0.366227,-1,-1,-1
84,33,218.00,131.00,56.00,160.00,0.265286,-1,-1,-1
84,38,1561.00,593.00,114.00,232.00,0.798412,-1,-1,-1
84,44,350.00,83.00,69.00,212.00,0.407731,-1,-1,-1
84,47,174.00,246.00,55.00,195.00,0.523380,-1,-1,-1
84,55,435.00,74.00,53.00,173.00,0.408460,-1,-1,-1
84,59,1563.00,210.00,38.00,66.00,0.356737,-1,-1,-1
85,2,322.00,947.00,90.00,131.00,0.828506,-1,-1,-1
85,3,261.00,1014.00,65.00,65.00,0.802206,-1,-1,-1
85,4,1884.00,297.00,36.00,173.00,0.506425,-1,-1,-1
85,5,1704.00,452.00,89.00,213.00,0.827955,-1,-1,-1
85,6,590.00,543.00,80.00,239.00,0.803183,-1,-1,-1
85,7,1099.00,890.00,83.00,188.00,0.817409,-1,-1,-1
85,8,361.00,276.00,66.00,196.00,0.810583,-1,-1,-1
85,9,1639.00,219.00,67.00,190.00,0.856471,-1,-1,-1
85,10,1183.00,901.00,80.00,178.00,0.750482,-1,-1,-1
85,11,236.00,257.00,66.00,187.00,0.682144,-1,-1,-1
85,12,993.00,945.00,59.00,134.00,0.830195,-1,-1,-1
85,15,483.00,38.00,56.00,206.00,0.350037,-1,-1,-1
85,17,1608.00,0.00,53.00,105.00,0.535404,-1,-1,-1
85,20,677.00,282.00,59.00,128.00,0.447614,-1,-1,-1
85,21,1482.00,4.00,57.00,139.00,0.730717,-1,-1,-1
85,26,806.00,144.00,57.00,173.00,0.357665,-1,-1,-1
85,29,554.00,109.00,58.00,176.00,0.297461,-1,-1,-1
85,30,283.00,126.00,60.00,168.00,0.365183,-1,-1,-1
85,33,219.00,132.00,55.00,156.00,0.304138,-1,-1,-1
85,38,1562.00,592.00,114.00,233.00,0.803468,-1,-1,-1
85,44,349.00,83.00,69.00,209.00,0.331315,-1,-1,-1
85,47,174.00,244.00,56.00,196.00,0.525414,-1,-1,-1
85,55,436.00,74.00,53.00,174.00,0.406337,-1,-1,-1
85,59,1562.00,210.00,38.00,65.00,0.525360,-1,-1,-1
86,2,323.00,949.00,88.00,130.00,0.832483,-1,-1,-1
86,3,260.00,1016.00,64.00,63.00,0.786943,-1,-1,-1
86,4,1886.00,297.00,34.00,172.00,0.410192,-1,-1,-1
86,5,1704.00,452.00,90.00,213.00,0.828211,-1,-1,-1
86,6,587.00,543.00,83.00,239.00,0.802123,-1,-1,-1
86,7,1104.00,892.00,84.00,186.00,0.701777,-1,-1,-1
86,8,361.00,278.00,66.00,197.00,0.801768,-1,-1,-1
86,9,1638.00,217.00,66.00,186.00,0.881883,-1,-1,-1
86,10,1184.00,903.00,79.00,176.00,0.724848,-1,-1,-1
86,11,236.00,256.00,66.00,187.00,0.651527,-1,-1,-1
86,12,992.00,945.00,60.00,134.00,0.823505,-1,-1,-1
86,15,482.00,37.00,56.00,207.00,0.299994,-1,-1,-1
86,17,1607.00,0.00,54.00,105.00,0.525408,-1,-1,-1
86,20,678.00,281.00,58.00,128.00,0.383983,-1,-1,-1
86,21,1482.00,4.00,58.00,139.00,0.744155,-1,-1,-1
86,26,806.00,144.00,57.00,173.00,0.372884,-1,-1,-1
86,29,552.00,110.00,58.00,174.00,0.328641,-1,-1,-1
86,30,283.00,125.00,60.00,169.00,0.380880,-1,-1,-1
86,33,220.00,132.00,54.00,156.00,0.250840,-1,-1,-1
86,38,1555.00,592.00,115.00,233.00,0.803120,-1,-1,-1
86,44,352.00,81.00,68.00,212.00,0.314444,-1,-1,-1
86,47,175.00,243.00,56.00,197.00,0.519522,-1,-1,-1
86,55,436.00,76.00,54.00,172.00,0.372350,-1,-1,-1
86,59,1562.00,208.00,38.00,66.00,0.431550,-1,-1,-1
87,2,323.00,952.00,88.00,127.00,0.816561,-1,-1,-1
87,3,259.00,1018.00,63.00,61.00,0.765412,-1,-1,-1
87,5,1705.00,452.00,90.00,213.00,0.825785,-1,-1,-1
87,6,584.00,544.00,85.00,237.00,0.801854,-1,-1,-1
87,7,1104.00,893.00,84.00,186.00,0.727676,-1,-1,-1
87,8,360.00,280.00,67.00,198.00,0.819449,-1,-1,-1
87,9,1637.00,215.00,65.00,186.00,0.888076,-1,-1,-1
87,10,1184.00,905.00,80.00,174.00,0.671963,-1,-1,-1
87,11,237.00,256.00,66.00,185.00,0.586253,-1,-1,-1
87,12,991.00,946.00,60.00,133.00,0.828152,-1,-1,-1
87,15,483.00,35.00,57.00,210.00,0.268999,-1,-1,-1
87,17,1605.00,0.00,54.00,103.00,0.546936,-1,-1,-1
87,20,677.00,280.00,59.00,129.00,0.449119,-1,-1,-1
87,21,1481.00,4.00,58.00,139.00,0.732640,-1,-1,-1
87,26,805.00,143.00,58.00,174.00,0.395807,-1,-1,-1
87,29,557.00,109.00,58.00,175.00,0.314905,-1,-1,-1
87,30,283.00,124.00,60.00,169.00,0.383525,-1,-1,-1
87,38,1556.00,592.00,115.00,233.00,0.797607,-1,-1,-1
87,44,354.00,82.00,67.00,206.00,0.317009,-1,-1,-1
87,47,176.00,241.00,57.00,198.00,0.474556,-1,-1,-1
87,55,437.00,77.00,53.00,171.00,0.342723,-1,-1,-1
87,59,1562.00,208.00,38.00,66.00,0.436955,-1,-1,-1
88,2,323.00,954.00,87.00,125.00,0.810806,-1,-1,-1
88,3,257.00,1021.00,63.00,58.00,0.775321,-1,-1,-1
88,5,1706.00,452.00,90.00,212.00,0.821982,-1,-1,-1
88,6,582.00,545.00,87.00,236.00,0.818636,-1,-1,-1
88,7,1106.00,895.00,85.00,184.00,0.694073,-1,-1,-1
88,8,360.00,282.00,67.00,200.00,0.820093,-1,-1,-1
88,9,1635.00,213.00,66.00,186.00,0.886312,-1,-1,-1
88,10,1187.00,907.00,80.00,172.00,0.717442,-1,-1,-1
88,11,237.00,253.00,66.00,187.00,0.582582,-1,-1,-1
88,12,990.00,946.00,60.00,133.00,0.840292,-1,-1,-1
88,15,483.00,32.00,57.00,213.00,0.342340,-1,-1,-1
88,17,1604.00,0.00,53.00,103.00,0.520989,-1,-1,-1
88,20,678.00,281.00,58.00,128.00,0.468856,-1,-1,-1
88,21,1481.00,4.00,57.00,139.00,0.744081,-1,-1,-1
88,26,805.00,143.00,58.00,174.00,0.411742,-1,-1,-1
88,29,557.00,109.00,58.00,175.00,0.417911,-1,-1,-1
88,30,284.00,125.00,59.00,168.00,0.386952,-1,-1,-1
88,38,1554.00,593.00,115.00,232.00,0.801207,-1,-1,-1
88,44,355.00,86.00,65.00,199.00,0.326363,-1,-1,-1
88,47,178.00,238.00,58.00,200.00,0.438432,-1,-1,-1
88,55,437.00,77.00,53.00,171.00,0.382638,-1,-1,-1
88,59,1561.00,207.00,39.00,67.00,0.388024,-1,-1,-1
89,2,323.00,956.00,87.00,123.00,0.819012,-1,-1,-1
89,3,256.00,1022.00,62.00,57.00,0.753920,-1,-1,-1
89,5,1707.00,452.00,90.00,212.00,0.822106,-1,-1,-1
89,6,580.00,544.00,88.00,236.00,0.814731,-1,-1,-1
89,7,1106.00,897.00,83.00,182.00,0.744236,-1,-1,-1
89,8,358.00,283.00,68.00,201.00,0.817210,-1,-1,-1
89,9,1633.00,212.00,67.00,186.00,0.886564,-1,-1,-1
89,10,1189.00,910.00,79.00,169.00,0.741394,-1,-1,-1
89,11,237.00,252.00,67.00,189.00,0.597606,-1,-1,-1
89,12,989.00,945.00,61.00,134.00,0.847985,-1,-1,-1
89,15,482.00,30.00,57.00,215.00,0.304669,-1,-1,-1
89,17,1602.00,0.00,53.00,102.00,0.479472,-1,-1,-1
89,20,677.00,281.00,59.00,128.00,0.444847,-1,-1,-1
89,21,1481.00,3.00,58.00,140.00,0.735021,-1,-1,-1
89,26,805.00,143.00,58.00,175.00,0.392836,-1,-1,-1
89,29,556.00,108.00,59.00,177.00,0.412274,-1,-1,-1
89,30,284.00,125.00,59.00,168.00,0.385595,-1,-1,-1
89,38,1552.00,593.00,116.00,232.00,0.818944,-1,-1,-1
89,44,355.00,84.00,65.00,199.00,0.329149,-1,-1,-1
89,47,179.00,238.00,59.00,200.00,0.465169,-1,-1,-1
89,55,437.00,77.00,53.00,171.00,0.365506,-1,-1,-1
90,2,323.00,958.00,87.00,121.00,0.838039,-1,-1,-1
90,3,256.00,1024.00,60.00,55.00,0.743663,-1,-1,-1
90,5,1707.00,452.00,90.00,213.00,0.824245,-1,-1,-1
90,6,578.00,543.00,89.00,235.00,0.803038,-1,-1,-1
90,7,1106.00,901.00,82.00,178.00,0.721877,-1,-1,-1
90,8,357.00,285.00,68.00,201.00,0.832263,-1,-1,-1
90,9,1632.00,210.00,67.00,185.00,0.874301,-1,-1,-1
90,10,1190.00,913.00,78.00,166.00,0.683793,-1,-1,-1
90,11,236.00,251.00,67.00,189.00,0.583868,-1,-1,-1
90,12,987.00,945.00,61.00,134.00,0.834524,-1,-1,-1
90,15,481.00,29.00,57.00,217.00,0.261360,-1,-1,-1
90,17,1601.00,0.00,53.00,101.00,0.565705,-1,-1,-1
90,20,677.00,282.00,59.00,127.00,0.461656,-1,-1,-1
90,21,1481.00,4.00,58.00,139.00,0.748843,-1,-1,-1
90,26,805.00,143.00,58.00,176.00,0.400304,-1,-1,-1
90,29,559.00,109.00,57.00,175.00,0.398005,-1,-1,-1
90,30,284.00,125.00,60.00,168.00,0.469593,-1,-1,-1
90,38,1556.00,592.00,116.00,232.00,0.819018,-1,-1,-1
90,44,355.00,83.00,64.00,198.00,0.398858,-1,-1,-1
90,47,179.00,240.00,60.00,199.00,0.394487,-1,-1,-1
90,55,438.00,76.00,53.00,172.00,0.361656,-1,-1,-1
91,2,323.00,960.00,87.00,119.00,0.835637,-1,-1,-1
91,3,256.00,1025.00,60.00,54.00,0.741455,-1,-1,-1
91,5,1708.00,452.00,90.00,212.00,0.814046,-1,-1,-1
91,6,576.00,542.00,90.00,236.00,0.755454,-1,-1,-1
91,7,1106.00,904.00,81.00,175.00,0.776829,-1,-1,-1
91,8,357.00,286.00,67.00,201.00,0.825793,-1,-1,-1
91,9,1630.00,209.00,69.00,187.00,0.872853,-1,-1,-1
91,10,1192.00,916.00,77.00,160.00,0.687299,-1,-1,-1
91,11,235.00,252.00,67.00,188.00,0.616473,-1,-1,-1
91,12,985.00,945.00,62.00,134.00,0.846383,-1,-1,-1
91,17,1600.00,0.00,52.00,100.00,0.561115,-1,-1,-1
91,20,677.00,281.00,59.00,129.00,0.484922,-1,-1,-1
91,21,1481.00,4.00,58.00,139.00,0.763093,-1,-1,-1
91,26,806.00,143.00,58.00,175.00,0.470832,-1,-1,-1
91,29,558.00,108.00,58.00,176.00,0.366014,-1,-1,-1
91,30,285.00,125.00,59.00,168.00,0.477866,-1,-1,-1
91,38,1559.00,592.00,116.00,232.00,0.829718,-1,-1,-1
91,44,355.00,81.00,65.00,199.00,0.430861,-1,-1,-1
91,47,178.00,243.00,58.00,196.00,0.389471,-1,-1,-1
91,55,440.00,78.00,53.00,170.00,0.334155,-1,-1,-1
92,2,324.00,963.00,86.00,116.00,0.836471,-1,-1,-1
92,3,257.00,1027.00,58.00,51.00,0.734522,-1,-1,-1
92,5,1708.00,452.00,90.00,213.00,0.823001,-1,-1,-1
92,6,573.00,541.00,90.00,236.00,0.749009,-1,-1,-1
92,7,1109.00,906.00,80.00,173.00,0.718903,-1,-1,-1
92,8,355.00,287.00,67.00,202.00,0.819066,-1,-1,-1
92,9,1629.00,208.00,69.00,187.00,0.880333,-1,-1,-1
92,10,1193.00,919.00,77.00,158.00,0.716433,-1,-1,-1
92,11,235.00,250.00,67.00,190.00,0.617116,-1,-1,-1
92,12,983.00,945.00,62.00,134.00,0.835505,-1,-1,-1
92,17,1601.00,0.00,50.00,97.00,0.618091,-1,-1,-1
92,20,678.00,282.00,58.00,127.00,0.496526,-1,-1,-1
92,21,1481.00,4.00,58.00,139.00,0.761413,-1,-1,-1
92,26,806.00,143.00,58.00,175.00,0.425217,-1,-1,-1
92,29,559.00,109.00,58.00,176.00,0.391359,-1,-1,-1
92,30,284.00,125.00,60.00,168.00,0.494681,-1,-1,-1
92,38,1560.00,591.00,115.00,233.00,0.820158,-1,-1,-1
92,44,356.00,81.00,64.00,199.00,0.459896,-1,-1,-1
92,47,179.00,242.00,58.00,199.00,0.383596,-1,-1,-1
92,55,442.00,79.00,52.00,168.00,0.398753,-1,-1,-1
93,2,324.00,965.00,86.00,114.00,0.839164,-1,-1,-1
93,3,257.00,1028.00,57.00,51.00,0.688377,-1,-1,-1
93,5,1709.00,452.00,90.00,212.00,0.815850,-1,-1,-1
93,6,569.00,540.00,90.00,238.00,0.793284,-1,-1,-1
93,7,1113.00,909.00,80.00,169.00,0.727222,-1,-1,-1
93,8,353.00,289.00,67.00,203.00,0.818069,-1,-1,-1
93,9,1627.00,209.00,71.00,189.00,0.877288,-1,-1,-1
93,10,1193.00,922.00,78.00,155.00,0.714753,-1,-1,-1
93,11,233.00,250.00,69.00,189.00,0.574560,-1,-1,-1
93,12,980.00,944.00,63.00,134.00,0.844451,-1,-1,-1
93,17,1601.00,0.00,50.00,94.00,0.591802,-1,-1,-1
93,20,678.00,281.00,58.00,128.00,0.489125,-1,-1,-1
93,21,1481.00,4.00,58.00,139.00,0.762132,-1,-1,-1
93,26,806.00,143.00,58.00,175.00,0.417987,-1,-1,-1
93,29,559.00,106.00,57.00,179.00,0.380731,-1,-1,-1
93,30,284.00,125.00,60.00,169.00,0.484148,-1,-1,-1
93,38,1558.00,591.00,115.00,234.00,0.822937,-1,-1,-1
93,44,356.00,81.00,63.00,199.00,0.449971,-1,-1,-1
93,47,179.00,241.00,59.00,200.00,0.295524,-1,-1,-1
93,55,443.00,81.00,52.00,165.00,0.384422,-1,-1,-1
94,2,324.00,968.00,85.00,111.00,0.840093,-1,-1,-1
94,3,256.00,1030.00,57.00,49.00,0.652082,-1,-1,-1
94,5,1710.00,452.00,89.00,212.00,0.812384,-1,-1,-1
94,6,564.00,539.00,90.00,239.00,0.793866,-1,-1,-1
94,7,1117.00,911.00,80.00,167.00,0.753962,-1,-1,-1
94,8,352.00,290.00,67.00,204.00,0.820817,-1,-1,-1
94,9,1625.00,209.00,72.00,189.00,0.878048,-1,-1,-1
94,10,1195.00,924.00,78.00,154.00,0.673085,-1,-1,-1
94,11,235.00,250.00,68.00,188.00,0.626328,-1,-1,-1
94,12,978.00,944.00,63.00,134.00,0.846253,-1,-1,-1
94,15,483.00,28.00,57.00,215.00,0.267043,-1,-1,-1
94,17,1602.00,0.00,49.00,92.00,0.567869,-1,-1,-1
94,20,677.00,281.00,59.00,128.00,0.519321,-1,-1,-1
94,21,1481.00,3.00,58.00,140.00,0.767147,-1,-1,-1
94,26,806.00,143.00,58.00,175.00,0.408736,-1,-1,-1
94,29,559.00,107.00,57.00,178.00,0.390748,-1,-1,-1
94,30,284.00,125.00,59.00,169.00,0.491154,-1,-1,-1
94,33,218.00,105.00,64.00,183.00,0.297651,-1,-1,-1
94,38,1560.00,591.00,114.00,233.00,0.821724,-1,-1,-1
94,44,355.00,80.00,64.00,200.00,0.485328,-1,-1,-1
94,47,181.00,241.00,59.00,200.00,0.440690,-1,-1,-1
94,55,444.00,81.00,51.00,166.00,0.399641,-1,-1,-1
95,2,323.00,971.00,85.00,108.00,0.840327,-1,-1,-1
95,3,258.00,1032.00,55.00,47.00,0.681550,-1,-1,-1
95,5,1710.00,452.00,89.00,213.00,0.816039,-1,-1,-1
95,6,560.00,538.00,87.00,239.00,0.800104,-1,-1,-1
95,7,1114.00,914.00,81.00,165.00,0.746913,-1,-1,-1
95,8,350.00,290.00,68.00,204.00,0.830990,-1,-1,-1
95,9,1624.00,209.00,73.00,189.00,0.865883,-1,-1,-1
95,10,1194.00,924.00,80.00,154.00,0.625352,-1,-1,-1
95,11,237.00,249.00,68.00,188.00,0.662488,-1,-1,-1
95,12,975.00,944.00,63.00,135.00,0.836518,-1,-1,-1
95,17,1602.00,0.00,49.00,91.00,0.658006,-1,-1,-1
95,20,677.00,281.00,59.00,128.00,0.526217,-1,-1,-1
95,21,1481.00,3.00,58.00,140.00,0.761975,-1,-1,-1
95,26,806.00,144.00,58.00,175.00,0.428789,-1,-1,-1
95,29,560.00,106.00,57.00,179.00,0.443221,-1,-1,-1
95,30,283.00,125.00,60.00,169.00,0.517056,-1,-1,-1
95,33,220.00,107.00,63.00,180.00,0.294914,-1,-1,-1
95,38,1560.00,592.00,114.00,232.00,0.810523,-1,-1,-1
95,44,355.00,81.00,63.00,199.00,0.503954,-1,-1,-1
95,47,184.00,239.00,60.00,202.00,0.541293,-1,-1,-1
95,55,444.00,82.00,52.00,166.00,0.458172,-1,-1,-1
95,71,1546.00,1007.00,88.00,73.00,0.533669,-1,-1,-1
96,2,324.00,974.00,84.00,105.00,0.841875,-1,-1,-1
96,3,259.00,1035.00,51.00,44.00,0.637835,-1,-1,-1
96,5,1710.00,452.00,88.00,212.00,0.815732,-1,-1,-1
96,6,556.00,538.00,85.00,237.00,0.790228,-1,-1,-1
96,7,1115.00,915.00,80.00,163.00,0.737801,-1,-1,-1
96,8,349.00,290.00,67.00,205.00,0.829070,-1,-1,-1
96,9,1624.00,210.00,73.00,187.00,0.870684,-1,-1,-1
96,10,1196.00,926.00,79.00,152.00,0.656209,-1,-1,-1
96,11,238.00,248.00,68.00,187.00,0.659025,-1,-1,-1
96,12,972.00,943.00,64.00,135.00,0.838740,-1,-1,-1
96,15,484.00,28.00,56.00,210.00,0.280820,-1,-1,-1
96,17,1601.00,0.00,49.00,90.00,0.643682,-1,-1,-1
96,20,678.00,282.00,58.00,127.00,0.522422,-1,-1,-1
96,21,1481.00,2.00,58.00,141.00,0.764552,-1,-1,-1
96,26,806.00,144.00,58.00,175.00,0.401420,-1,-1,-1
96,29,560.00,107.00,57.00,178.00,0.409050,-1,-1,-1
96,30,283.00,125.00,60.00,168.00,0.546938,-1,-1,-1
96,33,220.00,106.00,63.00,182.00,0.297587,-1,-1,-1
96,38,1559.00,592.00,114.00,232.00,0.808600,-1,-1,-1
96,44,357.00,88.00,61.00,191.00,0.495577,-1,-1,-1
96,47,186.00,238.00,61.00,202.00,0.560625,-1,-1,-1
96,55,446.00,83.00,52.00,167.00,0.407139,-1,-1,-1
96,71,1542.00,1003.00,92.00,77.00,0.579657,-1,-1,-1
96,72,1477.00,1027.00,44.00,52.00,0.392821,-1,-1,-1
97,2,325.00,978.00,83.00,101.00,0.839910,-1,-1,-1
97,3,260.00,1037.00,49.00,42.00,0.603592,-1,-1,-1
97,5,1710.00,452.00,88.00,212.00,0.820871,-1,-1,-1
97,6,551.00,537.00,83.00,241.00,0.776615,-1,-1,-1
97,7,1116.00,917.00,81.00,161.00,0.728951,-1,-1,-1
97,8,348.00,291.00,66.00,204.00,0.837002,-1,-1,-1
97,9,1622.00,210.00,74.00,188.00,0.869013,-1,-1,-1
97,10,1196.00,927.00,80.00,151.00,0.651095,-1,-1,-1
97,11,240.00,249.00,67.00,184.00,0.645416,-1,-1,-1
97,12,969.00,943.00,64.00,135.00,0.838703,-1,-1,-1
97,15,484.00,28.00,55.00,206.00,0.328594,-1,-1,-1
97,17,1600.00,0.00,49.00,89.00,0.646155,-1,-1,-1
97,20,678.00,282.00,58.00,127.00,0.516879,-1,-1,-1
97,21,1481.00,2.00,58.00,141.00,0.764944,-1,-1,-1
97,26,806.00,144.00,58.00,175.00,0.384398,-1,-1,-1
97,29,561.00,110.00,55.00,175.00,0.427897,-1,-1,-1
97,30,283.00,126.00,60.00,168.00,0.503458,-1,-1,-1
97,33,225.00,118.00,58.00,165.00,0.274224,-1,-1,-1
97,38,1560.00,594.00,113.00,230.00,0.805361,-1,-1,-1
97,44,359.00,98.00,57.00,182.00,0.445819,-1,-1,-1
97,47,186.00,236.00,63.00,203.00,0.577997,-1,-1,-1
97,55,447.00,83.00,52.00,169.00,0.366279,-1,-1,-1
97,71,1536.00,999.00,97.00,81.00,0.626242,-1,-1,-1
97,72,1476.00,1026.00,44.00,53.00,0.462598,-1,-1,-1
98,2,327.00,981.00,81.00,98.00,0.834096,-1,-1,-1
98,3,260.00,1040.00,45.00,38.00,0.573058,-1,-1,-1
98,5,1710.00,452.00,88.00,212.00,0.815537,-1,-1,-1
98,6,547.00,536.00,82.00,244.00,0.797061,-1,-1,-1
98,7,1118.00,919.00,82.00,160.00,0.718019,-1,-1,-1
98,8,346.00,292.00,66.00,202.00,0.825132,-1,-1,-1
98,9,1621.00,209.00,75.00,188.00,0.874476,-1,-1,-1
98,10,1197.00,929.00,80.00,149.00,0.576958,-1,-1,-1
98,11,242.00,248.00,66.00,183.00,0.627155,-1,-1,-1
98,12,966.00,942.00,64.00,136.00,0.830601,-1,-1,-1
98,15,485.00,28.00,54.00,204.00,0.333356,-1,-1,-1
98,17,1597.00,0.00,50.00,89.00,0.543639,-1,-1,-1
98,20,678.00,283.00,58.00,126.00,0.538647,-1,-1,-1
98,21,1481.00,2.00,59.00,141.00,0.745652,-1,-1,-1
98,26,805.00,144.00,58.00,176.00,0.416616,-1,-1,-1
98,29,561.00,109.00,54.00,176.00,0.384197,-1,-1,-1
98,30,283.00,126.00,60.00,168.00,0.493838,-1,-1,-1
98,33,226.00,124.00,56.00,158.00,0.318607,-1,-1,-1
98,38,1560.00,594.00,113.00,230.00,0.797572,-1,-1,-1
98,44,360.00,104.00,56.00,176.00,0.453060,-1,-1,-1
98,47,188.00,239.00,62.00,199.00,0.463738,-1,-1,-1
98,55,448.00,83.00,52.00,171.00,0.408027,-1,-1,-1
98,71,1532.00,996.00,98.00,84.00,0.657659,-1,-1,-1
98,72,1473.00,1024.00,46.00,56.00,0.532003,-1,-1,-1
99,2,329.00,985.00,80.00,95.00,0.834182,-1,-1,-1
99,3,261.00,1043.00,43.00,36.00,0.601966,-1,-1,-1
99,5,1710.00,452.00,88.00,213.00,0.808434,-1,-1,-1
99,6,543.00,536.00,81.00,244.00,0.815484,-1,-1,-1
99,7,1119.00,921.00,82.00,158.00,0.768164,-1,-1,-1
99,8,345.00,293.00,66.00,201.00,0.828644,-1,-1,-1
99,9,1620.00,208.00,76.00,190.00,0.867669,-1,-1,-1
99,10,1198.00,931.00,79.00,147.00,0.640927,-1,-1,-1
99,11,243.00,248.00,66.00,183.00,0.664861,-1,-1,-1
99,12,963.00,940.00,65.00,139.00,0.828930,-1,-1,-1
99,15,485.00,27.00,55.00,203.00,0.265687,-1,-1,-1
99,17,1595.00,0.00,50.00,89.00,0.495269,-1,-1,-1
99,20,677.00,281.00,59.00,128.00,0.543503,-1,-1,-1
99,21,1481.00,1.00,59.00,142.00,0.756036,-1,-1,-1
99,26,805.00,144.00,58.00,175.00,0.434535,-1,-1,-1
99,29,560.00,109.00,55.00,175.00,0.365530,-1,-1,-1
99,30,282.00,126.00,61.00,167.00,0.516628,-1,-1,-1
99,33,229.00,126.00,54.00,156.00,0.302469,-1,-1,-1
99,38,1556.00,593.00,114.00,231.00,0.810897,-1,-1,-1
99,44,360.00,107.00,55.00,173.00,0.452511,-1,-1,-1
99,47,188.00,237.00,64.00,202.00,0.622791,-1,-1,-1
99,55,448.00,84.00,52.00,172.00,0.392583,-1,-1,-1
99,71,1527.00,994.00,100.00,86.00,0.659007,-1,-1,-1
99,72,1470.00,1022.00,48.00,58.00,0.577706,-1,-1,-1
100,2,329.00,988.00,80.00,91.00,0.830147,-1,-1,-1
100,3,262.00,1047.00,40.00,32.00,0.553925,-1,-1,-1
100,5,1710.00,452.00,88.00,212.00,0.816067,-1,-1,-1
100,6,540.00,536.00,80.00,244.00,0.834066,-1,-1,-1
100,7,1118.00,922.00,84.00,156.00,0.780537,-1,-1,-1
100,8,344.00,293.00,66.00,201.00,0.827260,-1,-1,-1
100,9,1621.00,206.00,76.00,192.00,0.864761,-1,-1,-1
100,10,1197.00,932.00,79.00,146.00,0.461172,-1,-1,-1
100,11,244.00,248.00,66.00,182.00,0.632414,-1,-1,-1
100,12,959.00,939.00,65.00,139.00,0.837806,-1,-1,-1
100,17,1592.00,0.00,51.00,89.00,0.621713,-1,-1,-1
100,20,677.00,281.00,59.00,128.00,0.542199,-1,-1,-1
100,21,1481.00,1.00,59.00,142.00,0.762111,-1,-1,-1
100,26,806.00,144.00,58.00,175.00,0.445595,-1,-1,-1
100,29,560.00,110.00,54.00,174.00,0.304463,-1,-1,-1
100,30,282.00,126.00,61.00,168.00,0.515096,-1,-1,-1
100,33,229.00,125.00,55.00,156.00,0.304583,-1,-1,-1
100,38,1557.00,593.00,114.00,232.00,0.819403,-1,-1,-1
100,44,359.00,104.00,55.00,176.00,0.406992,-1,-1,-1
100,47,189.00,236.00,64.00,202.00,0.602698,-1,-1,-1
100,55,449.00,85.00,52.00,171.00,0.332651,-1,-1,-1
100,71,1523.00,993.00,101.00,87.00,0.683639,-1,-1,-1
100,72,1467.00,1019.00,51.00,61.00,0.573032,-1,-1,-1
101,2,331.00,990.00,79.00,89.00,0.836366,-1,-1,-1
101,3,264.00,1050.00,37.00,29.00,0.568241,-1,-1,-1
101,5,1710.00,452.00,88.00,212.00,0.810717,-1,-1,-1
101,6,532.00,536.00,81.00,243.00,0.821318,-1,-1,-1
101,7,1118.00,922.00,84.00,156.00,0.776205,-1,-1,-1
101,8,343.00,294.00,66.00,200.00,0.824370,-1,-1,-1
101,9,1622.00,205.00,76.00,191.00,0.876534,-1,-1,-1
101,10,1198.00,934.00,80.00,144.00,0.417252,-1,-1,-1
101,11,245.00,248.00,66.00,181.00,0.655341,-1,-1,-1
101,12,956.00,937.00,66.00,141.00,0.836691,-1,-1,-1
101,17,1588.00,0.00,52.00,90.00,0.593061,-1,-1,-1
101,20,677.00,281.00,58.00,129.00,0.530033,-1,-1,-1
101,21,1481.00,1.00,59.00,142.00,0.773410,-1,-1,-1
101,26,806.00,143.00,57.00,175.00,0.455337,-1,-1,-1
101,29,559.00,109.00,55.00,175.00,0.330372,-1,-1,-1
101,30,282.00,125.00,61.00,168.00,0.472790,-1,-1,-1
101,33,230.00,129.00,53.00,152.00,0.290384,-1,-1,-1
101,38,1556.00,592.00,114.00,233.00,0.810507,-1,-1,-1
101,44,357.00,95.00,59.00,184.00,0.464952,-1,-1,-1
101,47,191.00,239.00,63.00,198.00,0.558166,-1,-1,-1
101,55,450.00,87.00,52.00,170.00,0.352720,-1,-1,-1
101,71,1518.00,991.00,103.00,89.00,0.683491,-1,-1,-1
101,72,1461.00,1016.00,55.00,64.00,0.630553,-1,-1,-1
102,2,331.00,992.00,79.00,88.00,0.849356,-1,-1,-1
102,3,264.00,1052.00,35.00,28.00,0.513708,-1,-1,-1
102,5,1710.00,453.00,88.00,211.00,0.807919,-1,-1,-1
102,6,523.00,537.00,83.00,241.00,0.868458,-1,-1,-1
102,7,1114.00,923.00,84.00,155.00,0.763710,-1,-1,-1
102,8,342.00,295.00,66.00,199.00,0.836484,-1,-1,-1
102,9,1622.00,204.00,77.00,191.00,0.873696,-1,-1,-1
102,10,1192.00,935.00,76.00,142.00,0.437452,-1,-1,-1
102,11,247.00,248.00,65.00,181.00,0.704278,-1,-1,-1
102,12,953.00,935.00,67.00,144.00,0.818230,-1,-1,-1
102,17,1585.00,0.00,53.00,90.00,0.540985,-1,-1,-1
102,20,677.00,281.00,58.00,128.00,0.556023,-1,-1,-1
102,21,1481.00,1.00,59.00,142.00,0.772514,-1,-1,-1
102,26,806.00,144.00,58.00,173.00,0.442729,-1,-1,-1
102,29,558.00,108.00,55.00,176.00,0.322568,-1,-1,-1
102,30,283.00,125.00,60.00,168.00,0.506849,-1,-1,-1
102,33,231.00,130.00,53.00,153.00,0.319688,-1,-1,-1
102,38,1558.00,592.00,114.00,233.00,0.786619,-1,-1,-1
102,44,358.00,93.00,59.00,187.00,0.521721,-1,-1,-1
102,47,193.00,240.00,63.00,196.00,0.603253,-1,-1,-1
102,55,451.00,88.00,52.00,170.00,0.356628,-1,-1,-1
102,71,1516.00,990.00,103.00,90.00,0.649072,-1,-1,-1
102,72,1455.00,1012.00,59.00,68.00,0.590924,-1,-1,-1
103,2,332.00,994.00,79.00,86.00,0.859173,-1,-1,-1
103,5,1711.00,453.00,87.00,211.00,0.815159,-1,-1,-1
103,6,517.00,537.00,85.00,240.00,0.862654,-1,-1,-1
103,7,1115.00,925.00,84.00,153.00,0.774311,-1,-1,-1
103,8,341.00,295.00,66.00,199.00,0.844108,-1,-1,-1
103,9,1622.00,201.00,77.00,193.00,0.870664,-1,-1,-1
103,10,1189.00,938.00,73.00,138.00,0.444545,-1,-1,-1
103,11,247.00,247.00,66.00,182.00,0.721721,-1,-1,-1
103,12,951.00,933.00,66.00,145.00,0.803041,-1,-1,-1
103,17,1584.00,0.00,52.00,89.00,0.493171,-1,-1,-1
103,20,677.00,280.00,58.00,129.00,0.523926,-1,-1,-1
103,21,1481.00,1.00,60.00,142.00,0.782616,-1,-1,-1
103,26,806.00,144.00,58.00,173.00,0.440261,-1,-1,-1
103,29,551.00,108.00,57.00,175.00,0.299951,-1,-1,-1
103,30,283.00,125.00,60.00,168.00,0.527269,-1,-1,-1
103,33,231.00,130.00,53.00,153.00,0.337770,-1,-1,-1
103,38,1559.00,593.00,113.00,232.00,0.787507,-1,-1,-1
103,44,356.00,88.00,61.00,192.00,0.528455,-1,-1,-1
103,47,193.00,236.00,64.00,200.00,0.614905,-1,-1,-1
103,55,453.00,88.00,52.00,170.00,0.340818,-1,-1,-1
103,71,1512.00,988.00,105.00,92.00,0.648293,-1,-1,-1
103,72,1451.00,1009.00,62.00,71.00,0.590152,-1,-1,-1
104,2,333.00,996.00,79.00,84.00,0.855254,-1,-1,-1
104,5,1711.00,453.00,87.00,211.00,0.816780,-1,-1,-1
104,6,512.00,537.00,88.00,240.00,0.878290,-1,-1,-1
104,7,1117.00,927.00,84.00,151.00,0.758385,-1,-1,-1
104,8,340.00,296.00,67.00,199.00,0.832445,-1,-1,-1
104,9,1622.00,199.00,77.00,193.00,0.862172,-1,-1,-1
104,10,1189.00,940.00,73.00,138.00,0.383737,-1,-1,-1
104,11,248.00,246.00,65.00,182.00,0.701434,-1,-1,-1
104,12,948.00,932.00,67.00,146.00,0.798461,-1,-1,-1
104,17,1583.00,0.00,52.00,89.00,0.503567,-1,-1,-1
104,20,677.00,281.00,58.00,128.00,0.579396,-1,-1,-1
104,21,1481.00,1.00,60.00,142.00,0.785564,-1,-1,-1
104,26,806.00,143.00,58.00,174.00,0.444697,-1,-1,-1
104,29,548.00,107.00,58.00,176.00,0.367188,-1,-1,-1
104,30,282.00,126.00,61.00,166.00,0.425548,-1,-1,-1
104,33,231.00,125.00,54.00,157.00,0.332690,-1,-1,-1
104,38,1560.00,593.00,112.00,231.00,0.792844,-1,-1,-1
104,44,355.00,91.00,59.00,189.00,0.503202,-1,-1,-1
104,47,194.00,238.00,64.00,196.00,0.592970,-1,-1,-1
104,55,454.00,87.00,53.00,172.00,0.326516,-1,-1,-1
104,71,1509.00,986.00,106.00,93.00,0.653861,-1,-1,-1
104,72,1447.00,1005.00,66.00,74.00,0.595768,-1,-1,-1
105,2,333.00,998.00,79.00,82.00,0.855341,-1,-1,-1
105,5,1711.00,453.00,87.00,211.00,0.812077,-1,-1,-1
105,6,509.00,538.00,91.00,239.00,0.886444,-1,-1,-1
105,7,1118.00,929.00,84.00,149.00,0.791690,-1,-1,-1
105,8,339.00,297.00,68.00,203.00,0.828948,-1,-1,-1
105,9,1624.00,198.00,73.00,186.00,0.860827,-1,-1,-1
105,10,1192.00,943.00,70.00,135.00,0.424512,-1,-1,-1
105,11,248.00,245.00,65.00,183.00,0.700763,-1,-1,-1
105,12,946.00,931.00,66.00,148.00,0.808746,-1,-1,-1
105,17,1582.00,0.00,52.00,88.00,0.499402,-1,-1,-1
105,20,677.00,280.00,58.00,129.00,0.468531,-1,-1,-1
105,21,1481.00,1.00,60.00,142.00,0.787441,-1,-1,-1
105,26,806.00,143.00,57.00,173.00,0.421903,-1,-1,-1
105,29,553.00,106.00,59.00,178.00,0.365495,-1,-1,-1
105,30,282.00,126.00,61.00,167.00,0.444902,-1,-1,-1
105,33,231.00,123.00,54.00,160.00,0.364007,-1,-1,-1
105,38,1558.00,593.00,112.00,231.00,0.786310,-1,-1,-1
105,44,356.00,92.00,59.00,188.00,0.507574,-1,-1,-1
105,47,195.00,234.00,64.00,200.00,0.598387,-1,-1,-1
105,55,454.00,85.00,53.00,174.00,0.302363,-1,-1,-1
105,71,1506.00,983.00,108.00,96.00,0.647466,-1,-1,-1
105,72,1443.00,1001.00,70.00,78.00,0.583194,-1,-1,-1
106,2,333.00,1000.00,79.00,79.00,0.862512,-1,-1,-1
106,5,1711.00,453.00,88.00,212.00,0.822901,-1,-1,-1
106,6,506.00,538.00,93.00,239.00,0.887583,-1,-1,-1
106,7,1118.00,931.00,85.00,147.00,0.795649,-1,-1,-1
106,8,338.00,298.00,69.00,205.00,0.834461,-1,-1,-1
106,9,1624.00,197.00,72.00,180.00,0.872910,-1,-1,-1
106,10,1200.00,945.00,71.00,133.00,0.473299,-1,-1,-1
106,11,250.00,244.00,66.00,184.00,0.685061,-1,-1,-1
106,12,945.00,930.00,66.00,149.00,0.813027,-1,-1,-1
106,17,1581.00,0.00,51.00,88.00,0.497269,-1,-1,-1
106,20,677.00,281.00,58.00,128.00,0.506955,-1,-1,-1
106,21,1481.00,1.00,60.00,142.00,0.783971,-1,-1,-1
106,26,806.00,143.00,57.00,173.00,0.458809,-1,-1,-1
106,29,553.00,105.00,59.00,178.00,0.342290,-1,-1,-1
106,30,282.00,126.00,61.00,167.00,0.394586,-1,-1,-1
106,33,231.00,116.00,55.00,165.00,0.375085,-1,-1,-1
106,38,1559.00,593.00,112.00,231.00,0.790499,-1,-1,-1
106,44,356.00,88.00,60.00,191.00,0.543307,-1,-1,-1
106,47,197.00,229.00,65.00,204.00,0.649002,-1,-1,-1
106,55,455.00,86.00,53.00,173.00,0.324612,-1,-1,-1
106,71,1503.00,980.00,110.00,99.00,0.644047,-1,-1,-1
106,72,1438.00,996.00,75.00,83.00,0.643405,-1,-1,-1
107,2,335.00,1003.00,78.00,76.00,0.861633,-1,-1,-1
107,5,1711.00,452.00,88.00,214.00,0.820962,-1,-1,-1
107,6,504.00,539.00,95.00,238.00,0.898659,-1,-1,-1
107,7,1118.00,933.00,85.00,146.00,0.822386,-1,-1,-1
107,8,338.00,300.00,68.00,205.00,0.839409,-1,-1,-1
107,9,1624.00,195.00,71.00,180.00,0.879923,-1,-1,-1
107,10,1204.00,948.00,71.00,131.00,0.513079,-1,-1,-1
107,11,250.00,242.00,66.00,187.00,0.696639,-1,-1,-1
107,12,943.00,929.00,65.00,150.00,0.821117,-1,-1,-1
107,17,1580.00,1.00,49.00,85.00,0.453214,-1,-1,-1
107,20,677.00,281.00,58.00,128.00,0.516358,-1,-1,-1
107,21,1481.00,1.00,60.00,142.00,0.800758,-1,-1,-1
107,26,806.00,144.00,57.00,172.00,0.450265,-1,-1,-1
107,29,554.00,107.00,59.00,176.00,0.353412,-1,-1,-1
107,30,282.00,126.00,61.00,167.00,0.349890,-1,-1,-1
107,33,231.00,110.00,55.00,169.00,0.339067,-1,-1,-1
107,38,1560.00,593.00,112.00,231.00,0.814830,-1,-1,-1
107,44,356.00,86.00,61.00,194.00,0.541847,-1,-1,-1
107,47,198.00,227.00,65.00,205.00,0.671741,-1,-1,-1
107,55,456.00,87.00,53.00,172.00,0.342871,-1,-1,-1
107,71,1500.00,977.00,111.00,102.00,0.668960,-1,-1,-1
107,72,1434.00,991.00,79.00,88.00,0.652190,-1,-1,-1
108,2,335.00,1006.00,78.00,73.00,0.858480,-1,-1,-1
108,5,1711.00,452.00,88.00,213.00,0.815586,-1,-1,-1
108,6,503.00,539.00,97.00,237.00,0.892855,-1,-1,-1
108,7,1119.00,936.00,84.00,143.00,0.798572,-1,-1,-1
108,8,337.00,301.00,69.00,205.00,0.836952,-1,-1,-1
108,9,1623.00,194.00,71.00,181.00,0.874394,-1,-1,-1
108,10,1207.00,952.00,70.00,126.00,0.591711,-1,-1,-1
108,11,251.00,242.00,66.00,186.00,0.658227,-1,-1,-1
108,12,941.00,929.00,65.00,150.00,0.807434,-1,-1,-1
108,17,1580.00,1.00,47.00,83.00,0.490149,-1,-1,-1
108,20,677.00,281.00,58.00,128.00,0.485318,-1,-1,-1
108,21,1481.00,2.00,60.00,141.00,0.779657,-1,-1,-1
108,26,806.00,144.00,58.00,173.00,0.415570,-1,-1,-1
108,29,556.00,114.00,57.00,170.00,0.330754,-1,-1,-1
108,30,282.00,126.00,61.00,167.00,0.392882,-1,-1,-1
108,33,231.00,111.00,55.00,167.00,0.329058,-1,-1,-1
108,38,1558.00,593.00,112.00,232.00,0.801577,-1,-1,-1
108,44,356.00,87.00,61.00,193.00,0.509399,-1,-1,-1
108,47,199.00,226.00,65.00,205.00,0.662925,-1,-1,-1
108,55,458.00,90.00,52.00,169.00,0.335321,-1,-1,-1
108,71,1497.00,973.00,112.00,106.00,0.560748,-1,-1,-1
108,72,1431.00,988.00,81.00,92.00,0.564352,-1,-1,-1
109,2,337.00,1009.00,75.00,70.00,0.874673,-1,-1,-1
109,5,1710.00,452.00,89.00,213.00,0.819924,-1,-1,-1
109,6,501.00,539.00,100.00,237.00,0.889493,-1,-1,-1
109,7,1119.00,939.00,84.00,140.00,0.829181,-1,-1,-1
109,8,337.00,303.00,69.00,206.00,0.825147,-1,-1,-1
109,9,1622.00,193.00,71.00,182.00,0.866215,-1,-1,-1
109,10,1208.00,955.00,70.00,123.00,0.571006,-1,-1,-1
109,11,252.00,243.00,66.00,183.00,0.680376,-1,-1,-1
109,12,939.00,927.00,65.00,152.00,0.817442,-1,-1,-1
109,17,1579.00,2.00,45.00,80.00,0.362277,-1,-1,-1
109,20,677.00,281.00,58.00,129.00,0.485458,-1,-1,-1
109,21,1481.00,2.00,60.00,141.00,0.773265,-1,-1,-1
109,26,807.00,144.00,57.00,173.00,0.481452,-1,-1,-1
109,29,558.00,112.00,57.00,172.00,0.311347,-1,-1,-1
109,30,283.00,127.00,60.00,166.00,0.384400,-1,-1,-1
109,33,234.00,123.00,50.00,155.00,0.314808,-1,-1,-1
109,38,1558.00,593.00,112.00,232.00,0.800054,-1,-1,-1
109,44,355.00,88.00,61.00,192.00,0.515786,-1,-1,-1
109,47,200.00,226.00,64.00,203.00,0.578978,-1,-1,-1
109,55,459.00,92.00,52.00,166.00,0.366545,-1,-1,-1
109,71,1493.00,969.00,115.00,110.00,0.624626,-1,-1,-1
109,72,1428.00,987.00,83.00,93.00,0.587813,-1,-1,-1
110,2,337.00,1012.00,74.00,67.00,0.840482,-1,-1,-1
110,5,1710.00,452.00,89.00,213.00,0.831394,-1,-1,-1
110,6,499.00,539.00,102.00,238.00,0.882336,-1,-1,-1
110,7,1119.00,942.00,84.00,137.00,0.809119,-1,-1,-1
110,8,336.00,305.00,69.00,207.00,0.828208,-1,-1,-1
110,9,1621.00,193.00,71.00,181.00,0.867208,-1,-1,-1
110,10,1207.00,957.00,70.00,121.00,0.594828,-1,-1,-1
110,11,255.00,243.00,64.00,182.00,0.658067,-1,-1,-1
110,12,937.00,927.00,64.00,151.00,0.826172,-1,-1,-1
110,17,1577.00,2.00,44.00,78.00,0.343777,-1,-1,-1
110,20,677.00,282.00,58.00,128.00,0.485356,-1,-1,-1
110,21,1481.00,2.00,60.00,141.00,0.788835,-1,-1,-1
110,26,806.00,143.00,58.00,175.00,0.445992,-1,-1,-1
110,29,558.00,112.00,57.00,172.00,0.340045,-1,-1,-1
110,30,283.00,126.00,60.00,167.00,0.372874,-1,-1,-1
110,33,234.00,126.00,49.00,150.00,0.304735,-1,-1,-1
110,38,1559.00,594.00,111.00,231.00,0.797287,-1,-1,-1
110,44,354.00,87.00,61.00,193.00,0.489141,-1,-1,-1
110,47,202.00,225.00,64.00,202.00,0.676941,-1,-1,-1
110,55,461.00,94.00,51.00,164.00,0.329723,-1,-1,-1
110,71,1489.00,965.00,116.00,114.00,0.631881,-1,-1,-1
110,72,1425.00,984.00,85.00,96.00,0.562992,-1,-1,-1
110,76,427.00,116.00,38.00,146.00,0.414722,-1,-1,-1
111,2,337.00,1016.00,72.00,63.00,0.841486,-1,-1,-1
111,5,1710.00,452.00,89.00,213.00,0.823489,-1,-1,-1
111,6,498.00,538.00,103.00,239.00,0.879778,-1,-1,-1
111,7,1120.00,945.00,85.00,134.00,0.795729,-1,-1,-1
111,8,336.00,307.00,69.00,208.00,0.839248,-1,-1,-1
111,9,1620.00,192.00,70.00,183.00,0.865759,-1,-1,-1
111,10,1207.00,959.00,69.00,119.00,0.694261,-1,-1,-1
111,11,258.00,244.00,63.00,180.00,0.634207,-1,-1,-1
111,12,935.00,927.00,64.00,151.00,0.803236,-1,-1,-1
111,17,1575.00,3.00,44.00,76.00,0.326217,-1,-1,-1
111,20,677.00,282.00,58.00,128.00,0.510760,-1,-1,-1
111,21,1480.00,2.00,60.00,141.00,0.788476,-1,-1,-1
111,26,807.00,143.00,57.00,175.00,0.474463,-1,-1,-1
111,29,556.00,114.00,57.00,170.00,0.350639,-1,-1,-1
111,30,283.00,126.00,60.00,166.00,0.384373,-1,-1,-1
111,33,235.00,132.00,47.00,143.00,0.301960,-1,-1,-1
111,38,1559.00,595.00,111.00,230.00,0.806352,-1,-1,-1
111,44,355.00,87.00,61.00,193.00,0.475931,-1,-1,-1
111,47,203.00,225.00,64.00,202.00,0.700615,-1,-1,-1
111,55,461.00,93.00,51.00,166.00,0.349282,-1,-1,-1
111,71,1485.00,960.00,119.00,119.00,0.690573,-1,-1,-1
111,72,1422.00,981.00,86.00,99.00,0.622952,-1,-1,-1
111,76,427.00,117.00,39.00,147.00,0.415515,-1,-1,-1
112,2,337.00,1020.00,70.00,59.00,0.809757,-1,-1,-1
112,5,1710.00,452.00,88.00,213.00,0.828040,-1,-1,-1
112,6,494.00,538.00,104.00,239.00,0.878286,-1,-1,-1
112,7,1121.00,948.00,85.00,131.00,0.794414,-1,-1,-1
112,8,336.00,308.00,69.00,209.00,0.834755,-1,-1,-1
112,9,1619.00,192.00,69.00,182.00,0.867489,-1,-1,-1
112,10,1205.00,961.00,70.00,118.00,0.655192,-1,-1,-1
112,11,259.00,243.00,63.00,181.00,0.640700,-1,-1,-1
112,12,933.00,927.00,63.00,151.00,0.849855,-1,-1,-1
112,17,1574.00,2.00,43.00,77.00,0.255892,-1,-1,-1
112,20,677.00,282.00,58.00,128.00,0.499251,-1,-1,-1
112,21,1480.00,2.00,60.00,142.00,0.786276,-1,-1,-1
112,26,807.00,144.00,57.00,174.00,0.462284,-1,-1,-1
112,29,553.00,116.00,57.00,168.00,0.352353,-1,-1,-1
112,30,282.00,126.00,61.00,166.00,0.350968,-1,-1,-1
112,33,235.00,135.00,47.00,139.00,0.295085,-1,-1,-1
112,38,1558.00,595.00,111.00,230.00,0.782179,-1,-1,-1
112,44,355.00,86.00,62.00,194.00,0.507723,-1,-1,-1
112,47,205.00,226.00,62.00,200.00,0.706183,-1,-1,-1
112,55,460.00,93.00,53.00,168.00,0.369416,-1,-1,-1
112,71,1483.00,956.00,120.00,123.00,0.696260,-1,-1,-1
112,72,1419.00,980.00,87.00,100.00,0.714465,-1,-1,-1
112,76,427.00,118.00,39.00,147.00,0.398535,-1,-1,-1
112,79,748.00,47.00,57.00,171.00,0.391121,-1,-1,-1
113,2,338.00,1023.00,67.00,56.00,0.810660,-1,-1,-1
113,5,1710.00,453.00,88.00,212.00,0.826550,-1,-1,-1
113,6,491.00,538.00,104.00,239.00,0.864811,-1,-1,-1
113,7,1125.00,951.00,86.00,128.00,0.779053,-1,-1,-1
113,8,336.00,308.00,69.00,210.00,0.843764,-1,-1,-1
113,9,1618.00,192.00,70.00,181.00,0.861690,-1,-1,-1
113,10,1204.00,963.00,69.00,115.00,0.704879,-1,-1,-1
113,11,260.00,242.00,63.00,181.00,0.643413,-1,-1,-1
113,12,932.00,928.00,62.00,150.00,0.870274,-1,-1,-1
113,20,676.00,281.00,59.00,130.00,0.543083,-1,-1,-1
113,21,1480.00,2.00,60.00,142.00,0.786156,-1,-1,-1
113,26,807.00,144.00,57.00,174.00,0.493368,-1,-1,-1
113,29,552.00,116.00,58.00,168.00,0.352469,-1,-1,-1
113,30,282.00,126.00,61.00,166.00,0.411825,-1,-1,-1
113,33,236.00,135.00,46.00,139.00,0.327978,-1,-1,-1
113,38,1559.00,595.00,111.00,230.00,0.779766,-1,-1,-1
113,44,355.00,86.00,62.00,194.00,0.509777,-1,-1,-1
113,47,206.00,225.00,63.00,199.00,0.698796,-1,-1,-1
113,55,461.00,93.00,54.00,172.00,0.370825,-1,-1,-1
113,71,1480.00,953.00,121.00,126.00,0.723366,-1,-1,-1
113,72,1416.00,980.00,86.00,100.00,0.701976,-1,-1,-1
113,76,428.00,124.00,38.00,142.00,0.404342,-1,-1,-1
113,79,748.00,47.00,56.00,168.00,0.367218,-1,-1,-1
114,2,339.00,1027.00,64.00,52.00,0.761748,-1,-1,-1
114,5,1710.00,453.00,88.00,212.00,0.824555,-1,-1,-1
114,6,488.00,539.00,103.00,238.00,0.853735,-1,-1,-1
114,7,1125.00,953.00,85.00,126.00,0.780225,-1,-1,-1
114,8,336.00,310.00,69.00,209.00,0.838645,-1,-1,-1
114,9,1618.00,192.00,69.00,182.00,0.859710,-1,-1,-1
114,10,1203.00,964.00,69.00,114.00,0.694098,-1,-1,-1
114,11,261.00,241.00,64.00,182.00,0.637519,-1,-1,-1
114,12,930.00,927.00,62.00,151.00,0.805371,-1,-1,-1
114,17,1569.00,0.00,43.00,81.00,0.350548,-1,-1,-1
114,20,676.00,281.00,59.00,131.00,0.551438,-1,-1,-1
114,21,1480.00,2.00,60.00,142.00,0.769296,-1,-1,-1
114,26,807.00,144.00,57.00,175.00,0.494065,-1,-1,-1
114,29,554.00,115.00,57.00,170.00,0.379023,-1,-1,-1
114,30,282.00,126.00,62.00,166.00,0.419312,-1,-1,-1
114,33,236.00,136.00,46.00,137.00,0.297802,-1,-1,-1
114,38,1558.00,594.00,112.00,232.00,0.806988,-1,-1,-1
114,44,354.00,86.00,63.00,194.00,0.561720,-1,-1,-1
114,47,207.00,225.00,62.00,198.00,0.726570,-1,-1,-1
114,55,460.00,94.00,54.00,174.00,0.318023,-1,-1,-1
114,71,1478.00,950.00,121.00,130.00,0.715889,-1,-1,-1
114,72,1413.00,979.00,86.00,101.00,0.700536,-1,-1,-1
114,76,429.00,125.00,38.00,143.00,0.469711,-1,-1,-1
114,79,747.00,47.00,56.00,168.00,0.366950,-1,-1,-1
115,2,341.00,1031.00,60.00,48.00,0.721937,-1,-1,-1
115,5,1709.00,453.00,89.00,213.00,0.821093,-1,-1,-1
115,6,486.00,538.00,102.00,239.00,0.838589,-1,-1,-1
115,7,1125.00,954.00,85.00,125.00,0.778645,-1,-1,-1
115,8,336.00,311.00,69.00,208.00,0.834679,-1,-1,-1
115,9,1618.00,192.00,69.00,183.00,0.854158,-1,-1,-1
115,10,1202.00,965.00,69.00,113.00,0.700067,-1,-1,-1
115,11,262.00,240.00,63.00,182.00,0.653979,-1,-1,-1
115,12,928.00,926.00,62.00,152.00,0.803738,-1,-1,-1
115,20,676.00,281.00,60.00,131.00,0.521067,-1,-1,-1
115,21,1480.00,1.00,60.00,143.00,0.769738,-1,-1,-1
115,26,806.00,144.00,58.00,174.00,0.499053,-1,-1,-1
115,29,555.00,112.00,58.00,173.00,0.436159,-1,-1,-1
115,30,282.00,126.00,61.00,166.00,0.396744,-1,-1,-1
115,33,234.00,128.00,49.00,146.00,0.263093,-1,-1,-1
115,38,1559.00,594.00,111.00,232.00,0.808972,-1,-1,-1
115,44,355.00,88.00,62.00,192.00,0.582792,-1,-1,-1
115,47,207.00,224.00,62.00,199.00,0.701800,-1,-1,-1
115,55,460.00,96.00,55.00,175.00,0.348629,-1,-1,-1
115,71,1477.00,948.00,119.00,132.00,0.770824,-1,-1,-1
115,72,1409.00,977.00,87.00,102.00,0.772087,-1,-1,-1
115,76,428.00,125.00,38.00,142.00,0.486538,-1,-1,-1
115,79,746.00,47.00,58.00,172.00,0.271523,-1,-1,-1
116,2,342.00,1034.00,58.00,45.00,0.555356,-1,-1,-1
116,5,1710.00,453.00,88.00,213.00,0.821172,-1,-1,-1
116,6,483.00,538.00,100.00,239.00,0.847408,-1,-1,-1
116,7,1126.00,956.00,85.00,123.00,0.797926,-1,-1,-1
116,8,336.00,311.00,69.00,207.00,0.840725,-1,-1,-1
116,9,1619.00,192.00,67.00,181.00,0.856495,-1,-1,-1
116,10,1203.00,966.00,67.00,113.00,0.681250,-1,-1,-1
116,11,262.00,239.00,63.00,182.00,0.684631,-1,-1,-1
116,12,926.00,926.00,63.00,152.00,0.797054,-1,-1,-1
116,20,676.00,280.00,60.00,132.00,0.530485,-1,-1,-1
116,21,1481.00,1.00,60.00,142.00,0.769025,-1,-1,-1
116,26,806.00,144.00,58.00,174.00,0.481339,-1,-1,-1
116,29,556.00,111.00,59.00,173.00,0.456587,-1,-1,-1
116,30,282.00,126.00,61.00,165.00,0.406687,-1,-1,-1
116,38,1560.00,595.00,111.00,231.00,0.804774,-1,-1,-1
116,44,354.00,88.00,63.00,192.00,0.559402,-1,-1,-1
116,47,208.00,224.00,62.00,199.00,0.675090,-1,-1,-1
116,55,462.00,97.00,54.00,176.00,0.320873,-1,-1,-1
116,71,1474.00,946.00,119.00,134.00,0.755930,-1,-1,-1
116,72,1405.00,974.00,88.00,105.00,0.775488,-1,-1,-1
116,76,429.00,126.00,37.00,141.00,0.469889,-1,-1,-1
116,79,747.00,46.00,55.00,169.00,0.294949,-1,-1,-1
117,2,341.00,1037.00,53.00,42.00,0.629149,-1,-1,-1
117,5,1710.00,453.00,89.00,213.00,0.823870,-1,-1,-1
117,6,477.00,537.00,98.00,240.00,0.833777,-1,-1,-1
117,7,1126.00,957.00,85.00,122.00,0.788601,-1,-1,-1
117,8,336.00,313.00,68.00,206.00,0.833371,-1,-1,-1
117,9,1618.00,192.00,68.00,184.00,0.855955,-1,-1,-1
117,10,1203.00,968.00,67.00,111.00,0.684882,-1,-1,-1
117,11,262.00,238.00,63.00,182.00,0.684666,-1,-1,-1
117,12,925.00,926.00,62.00,152.00,0.819016,-1,-1,-1
117,20,676.00,281.00,59.00,131.00,0.537889,-1,-1,-1
117,21,1481.00,1.00,60.00,142.00,0.766591,-1,-1,-1
117,26,806.00,144.00,58.00,175.00,0.447637,-1,-1,-1
117,29,557.00,111.00,59.00,173.00,0.442610,-1,-1,-1
117,30,282.00,126.00,61.00,165.00,0.384039,-1,-1,-1
117,38,1562.00,595.00,109.00,231.00,0.788633,-1,-1,-1
117,44,354.00,87.00,63.00,193.00,0.527069,-1,-1,-1
117,47,210.00,225.00,61.00,196.00,0.618314,-1,-1,-1
117,55,462.00,103.00,53.00,171.00,0.390317,-1,-1,-1
117,71,1471.00,944.00,118.00,136.00,0.792736,-1,-1,-1
117,72,1402.00,971.00,89.00,108.00,0.761643,-1,-1,-1
117,76,429.00,127.00,38.00,139.00,0.461231,-1,-1,-1
117,79,747.00,46.00,56.00,169.00,0.414183,-1,-1,-1
118,2,340.00,1040.00,48.00,39.00,0.696101,-1,-1,-1
118,5,1710.00,453.00,89.00,213.00,0.821456,-1,-1,-1
118,6,471.00,536.00,95.00,241.00,0.851717,-1,-1,-1
118,7,1128.00,958.00,85.00,121.00,0.780480,-1,-1,-1
118,8,336.00,314.00,68.00,205.00,0.831713,-1,-1,-1
118,9,1618.00,191.00,67.00,185.00,0.848975,-1,-1,-1
118,10,1202.00,969.00,67.00,109.00,0.569165,-1,-1,-1
118,11,263.00,238.00,63.00,181.00,0.678902,-1,-1,-1
118,12,923.00,926.00,62.00,152.00,0.793622,-1,-1,-1
118,20,676.00,281.00,59.00,132.00,0.529249,-1,-1,-1
118,21,1481.00,1.00,60.00,143.00,0.766441,-1,-1,-1
118,26,806.00,144.00,58.00,176.00,0.457309,-1,-1,-1
118,29,556.00,111.00,59.00,173.00,0.421091,-1,-1,-1
118,30,282.00,126.00,61.00,166.00,0.417721,-1,-1,-1
118,38,1560.00,595.00,110.00,231.00,0.799211,-1,-1,-1
118,44,354.00,85.00,64.00,195.00,0.513004,-1,-1,-1
118,47,211.00,228.00,60.00,195.00,0.617116,-1,-1,-1
118,55,464.00,104.00,53.00,170.00,0.366992,-1,-1,-1
118,71,1469.00,944.00,116.00,136.00,0.752203,-1,-1,-1
118,72,1398.00,967.00,92.00,112.00,0.694351,-1,-1,-1
118,76,430.00,127.00,38.00,139.00,0.411397,-1,-1,-1
118,79,747.00,46.00,56.00,169.00,0.395801,-1,-1,-1
119,2,340.00,1042.00,44.00,37.00,0.636359,-1,-1,-1
119,5,1710.00,453.00,89.00,212.00,0.825605,-1,-1,-1
119,6,466.00,536.00,93.00,242.00,0.841335,-1,-1,-1
119,7,1128.00,959.00,85.00,120.00,0.762071,-1,-1,-1
119,8,336.00,316.00,67.00,203.00,0.845617,-1,-1,-1
119,9,1618.00,189.00,66.00,187.00,0.845375,-1,-1,-1
119,10,1202.00,971.00,66.00,108.00,0.597936,-1,-1,-1
119,11,263.00,238.00,63.00,181.00,0.660960,-1,-1,-1
119,12,920.00,926.00,63.00,152.00,0.805080,-1,-1,-1
119,20,676.00,281.00,59.00,131.00,0.496477,-1,-1,-1
119,21,1481.00,1.00,60.00,143.00,0.777359,-1,-1,-1
119,26,806.00,144.00,58.00,175.00,0.503871,-1,-1,-1
119,29,555.00,110.00,59.00,174.00,0.386305,-1,-1,-1
119,30,281.00,126.00,62.00,166.00,0.448609,-1,-1,-1
119,38,1559.00,595.00,111.00,231.00,0.788891,-1,-1,-1
119,44,353.00,85.00,65.00,195.00,0.554629,-1,-1,-1
119,47,212.00,227.00,61.00,196.00,0.583070,-1,-1,-1
119,55,464.00,104.00,52.00,171.00,0.427672,-1,-1,-1
119,71,1465.00,943.00,115.00,137.00,0.697741,-1,-1,-1
119,72,1393.00,964.00,94.00,115.00,0.675448,-1,-1,-1
119,76,429.00,126.00,39.00,141.00,0.461583,-1,-1,-1
119,79,748.00,47.00,55.00,168.00,0.378733,-1,-1,-1
120,2,341.00,1044.00,41.00,35.00,0.679001,-1,-1,-1
120,5,1710.00,454.00,89.00,212.00,0.827639,-1,-1,-1
120,6,461.00,536.00,91.00,242.00,0.854847,-1,-1,-1
120,7,1128.00,961.00,84.00,118.00,0.764424,-1,-1,-1
120,8,336.00,316.00,67.00,202.00,0.833560,-1,-1,-1
120,9,1617.00,188.00,66.00,187.00,0.845777,-1,-1,-1
120,10,1201.00,973.00,66.00,106.00,0.531798,-1,-1,-1
120,11,264.00,238.00,62.00,181.00,0.681219,-1,-1,-1
120,12,919.00,927.00,62.00,151.00,0.787101,-1,-1,-1
120,20,676.00,281.00,59.00,131.00,0.507221,-1,-1,-1
120,21,1481.00,1.00,60.00,143.00,0.781300,-1,-1,-1
120,26,806.00,143.00,58.00,175.00,0.467062,-1,-1,-1
120,29,554.00,110.00,59.00,175.00,0.442549,-1,-1,-1
120,30,281.00,126.00,62.00,166.00,0.440862,-1,-1,-1
120,38,1555.00,594.00,112.00,232.00,0.797787,-1,-1,-1
120,44,353.00,86.00,65.00,195.00,0.557126,-1,-1,-1
120,47,213.00,228.00,59.00,195.00,0.527470,-1,-1,-1
120,55,464.00,104.00,52.00,171.00,0.411207,-1,-1,-1
120,71,1462.00,941.00,114.00,139.00,0.616561,-1,-1,-1
120,72,1388.00,960.00,96.00,119.00,0.696439,-1,-1,-1
120,76,429.00,126.00,40.00,141.00,0.439538,-1,-1,-1
120,79,747.00,46.00,55.00,169.00,0.276319,-1,-1,-1
120,81,1202.00,0.00,49.00,81.00,0.362025,-1,-1,-1
121,2,340.00,1046.00,40.00,33.00,0.615585,-1,-1,-1
121,5,1710.00,454.00,89.00,212.00,0.835201,-1,-1,-1
121,6,457.00,535.00,90.00,243.00,0.829445,-1,-1,-1
121,7,1128.00,963.00,82.00,116.00,0.718164,-1,-1,-1
121,8,336.00,318.00,67.00,201.00,0.836267,-1,-1,-1
121,9,1617.00,186.00,65.00,187.00,0.847736,-1,-1,-1
121,10,1197.00,975.00,65.00,104.00,0.419148,-1,-1,-1
121,11,264.00,238.00,62.00,179.00,0.693979,-1,-1,-1
121,12,916.00,928.00,63.00,150.00,0.773149,-1,-1,-1
121,20,677.00,281.00,58.00,131.00,0.517390,-1,-1,-1
121,21,1481.00,1.00,60.00,143.00,0.779006,-1,-1,-1
121,26,806.00,144.00,58.00,174.00,0.489739,-1,-1,-1
121,29,554.00,112.00,58.00,173.00,0.459527,-1,-1,-1
121,30,281.00,126.00,62.00,166.00,0.447189,-1,-1,-1
121,38,1557.00,594.00,112.00,232.00,0.809397,-1,-1,-1
121,44,353.00,85.00,66.00,196.00,0.564737,-1,-1,-1
121,47,213.00,232.00,59.00,191.00,0.352069,-1,-1,-1
121,55,465.00,105.00,52.00,170.00,0.412375,-1,-1,-1
121,71,1459.00,938.00,114.00,142.00,0.631225,-1,-1,-1
121,72,1384.00,956.00,97.00,123.00,0.719662,-1,-1,-1
121,76,428.00,124.00,41.00,144.00,0.487057,-1,-1,-1
121,79,747.00,46.00,56.00,170.00,0.292763,-1,-1,-1
121,81,1199.00,0.00,51.00,85.00,0.375804,-1,-1,-1
122,2,342.00,1048.00,36.00,31.00,0.628683,-1,-1,-1
122,5,1710.00,454.00,89.00,212.00,0.822313,-1,-1,-1
122,6,454.00,536.00,88.00,242.00,0.844289,-1,-1,-1
122,7,1129.00,965.00,81.00,114.00,0.740489,-1,-1,-1
122,8,336.00,319.00,67.00,200.00,0.835299,-1,-1,-1
122,9,1616.00,184.00,65.00,187.00,0.846836,-1,-1,-1
122,10,1202.00,978.00,64.00,101.00,0.569984,-1,-1,-1
122,11,265.00,238.00,62.00,178.00,0.668881,-1,-1,-1
122,12,914.00,929.00,63.00,149.00,0.775714,-1,-1,-1
122,20,677.00,281.00,58.00,131.00,0.525490,-1,-1,-1
122,21,1481.00,1.00,60.00,143.00,0.774361,-1,-1,-1
122,26,806.00,144.00,57.00,174.00,0.479372,-1,-1,-1
122,29,552.00,112.00,59.00,173.00,0.492149,-1,-1,-1
122,30,282.00,127.00,62.00,165.00,0.434072,-1,-1,-1
122,38,1557.00,593.00,112.00,233.00,0.794632,-1,-1,-1
122,44,354.00,85.00,65.00,195.00,0.539066,-1,-1,-1
122,47,214.00,230.00,59.00,193.00,0.567732,-1,-1,-1
122,55,467.00,105.00,51.00,170.00,0.408061,-1,-1,-1
122,71,1456.00,936.00,114.00,144.00,0.587356,-1,-1,-1
122,72,1380.00,953.00,99.00,126.00,0.713935,-1,-1,-1
122,76,428.00,123.00,41.00,144.00,0.439719,-1,-1,-1
122,79,747.00,47.00,56.00,171.00,0.320598,-1,-1,-1
123,2,343.00,1051.00,34.00,28.00,0.682982,-1,-1,-1
123,5,1710.00,454.00,89.00,212.00,0.825607,-1,-1,-1
123,6,451.00,537.00,88.00,241.00,0.841559,-1,-1,-1
123,7,1128.00,967.00,81.00,112.00,0.741489,-1,-1,-1
123,8,336.00,320.00,67.00,202.00,0.829417,-1,-1,-1
123,9,1616.00,181.00,65.00,187.00,0.851892,-1,-1,-1
123,10,1203.00,980.00,64.00,99.00,0.592801,-1,-1,-1
123,11,265.00,236.00,62.00,180.00,0.640995,-1,-1,-1
123,12,912.00,929.00,62.00,149.00,0.778451,-1,-1,-1
123,20,676.00,281.00,59.00,131.00,0.511837,-1,-1,-1
123,21,1481.00,0.00,60.00,144.00,0.786490,-1,-1,-1
123,26,807.00,144.00,57.00,174.00,0.459615,-1,-1,-1
123,29,551.00,113.00,59.00,171.00,0.466418,-1,-1,-1
123,30,282.00,126.00,62.00,166.00,0.393407,-1,-1,-1
123,38,1560.00,594.00,111.00,232.00,0.796792,-1,-1,-1
123,44,355.00,85.00,65.00,195.00,0.512387,-1,-1,-1
123,47,215.00,228.00,60.00,194.00,0.548182,-1,-1,-1
123,55,467.00,105.00,52.00,170.00,0.432770,-1,-1,-1
123,71,1454.00,933.00,113.00,146.00,0.605723,-1,-1,-1
123,72,1377.00,950.00,99.00,129.00,0.726279,-1,-1,-1
123,76,428.00,123.00,42.00,144.00,0.421071,-1,-1,-1
123,81,1183.00,0.00,67.00,112.00,0.365366,-1,-1,-1
124,2,345.00,1053.00,32.00,26.00,0.593390,-1,-1,-1
124,5,1710.00,454.00,90.00,211.00,0.828223,-1,-1,-1
124,6,450.00,537.00,87.00,241.00,0.839213,-1,-1,-1
124,7,1130.00,970.00,80.00,109.00,0.713825,-1,-1,-1
124,8,335.00,321.00,68.00,205.00,0.831726,-1,-1,-1
124,9,1616.00,179.00,64.00,184.00,0.863371,-1,-1,-1
124,10,1204.00,983.00,63.00,97.00,0.552509,-1,-1,-1
124,11,265.00,236.00,62.00,181.00,0.626920,-1,-1,-1
124,12,909.00,930.00,62.00,148.00,0.749286,-1,-1,-1
124,20,676.00,281.00,59.00,131.00,0.550653,-1,-1,-1
124,21,1481.00,0.00,59.00,144.00,0.771667,-1,-1,-1
124,26,806.00,144.00,58.00,174.00,0.466443,-1,-1,-1
124,29,553.00,112.00,59.00,172.00,0.487800,-1,-1,-1
124,30,282.00,125.00,62.00,166.00,0.405775,-1,-1,-1
124,38,1560.00,595.00,111.00,231.00,0.796245,-1,-1,-1
124,44,355.00,85.00,66.00,195.00,0.562702,-1,-1,-1
124,47,216.00,226.00,60.00,196.00,0.474918,-1,-1,-1
124,55,467.00,105.00,52.00,170.00,0.446737,-1,-1,-1
124,71,1450.00,930.00,113.00,149.00,0.621985,-1,-1,-1
124,72,1373.00,947.00,101.00,131.00,0.719661,-1,-1,-1
124,76,428.00,122.00,42.00,145.00,0.437092,-1,-1,-1
124,79,748.00,47.00,55.00,172.00,0.275707,-1,-1,-1
125,2,347.00,1056.00,29.00,23.00,0.479325,-1,-1,-1
125,5,1710.00,453.00,90.00,213.00,0.830274,-1,-1,-1
125,6,449.00,537.00,86.00,241.00,0.828808,-1,-1,-1
125,7,1130.00,973.00,79.00,106.00,0.793171,-1,-1,-1
125,8,334.00,324.00,68.00,204.00,0.829561,-1,-1,-1
125,9,1616.00,177.00,63.00,182.00,0.872708,-1,-1,-1
125,10,1205.00,985.00,62.00,94.00,0.675440,-1,-1,-1
125,11,265.00,237.00,62.00,180.00,0.599350,-1,-1,-1
125,12,905.00,931.00,63.00,147.00,0.767789,-1,-1,-1
125,20,676.00,282.00,59.00,130.00,0.544052,-1,-1,-1
125,21,1480.00,0.00,60.00,144.00,0.793460,-1,-1,-1
125,26,806.00,144.00,58.00,175.00,0.470369,-1,-1,-1
125,29,553.00,113.00,59.00,171.00,0.460439,-1,-1,-1
125,30,282.00,125.00,62.00,166.00,0.411506,-1,-1,-1
125,38,1561.00,595.00,111.00,231.00,0.777747,-1,-1,-1
125,44,355.00,84.00,66.00,197.00,0.562075,-1,-1,-1
125,47,217.00,226.00,59.00,195.00,0.396932,-1,-1,-1
125,55,468.00,106.00,52.00,169.00,0.459204,-1,-1,-1
125,71,1447.00,926.00,113.00,153.00,0.686898,-1,-1,-1
125,72,1368.00,945.00,101.00,133.00,0.769222,-1,-1,-1
125,76,428.00,122.00,43.00,146.00,0.467955,-1,-1,-1
125,79,748.00,47.00,55.00,171.00,0.299366,-1,-1,-1
125,81,1176.00,1.00,69.00,115.00,0.567190,-1,-1,-1
126,2,349.00,1060.00,25.00,20.00,0.423731,-1,-1,-1
126,5,1710.00,453.00,91.00,214.00,0.829498,-1,-1,-1
126,6,448.00,537.00,86.00,240.00,0.834167,-1,-1,-1
126,7,1129.00,976.00,77.00,103.00,0.762007,-1,-1,-1
126,8,334.00,326.00,67.00,204.00,0.827672,-1,-1,-1
126,9,1617.00,176.00,62.00,179.00,0.870945,-1,-1,-1
126,10,1203.00,988.00,61.00,91.00,0.682334,-1,-1,-1
126,11,265.00,236.00,62.00,181.00,0.592181,-1,-1,-1
126,12,901.00,931.00,64.00,147.00,0.797267,-1,-1,-1
126,20,676.00,282.00,59.00,131.00,0.532370,-1,-1,-1
126,21,1480.00,0.00,60.00,144.00,0.796616,-1,-1,-1
126,26,806.00,144.00,58.00,174.00,0.494450,-1,-1,-1
126,29,554.00,111.00,59.00,173.00,0.462674,-1,-1,-1
126,30,282.00,125.00,62.00,165.00,0.372000,-1,-1,-1
126,38,1554.00,594.00,113.00,233.00,0.731037,-1,-1,-1
126,44,355.00,85.00,66.00,196.00,0.579769,-1,-1,-1
126,47,219.00,226.00,59.00,195.00,0.355977,-1,-1,-1
126,55,469.00,105.00,52.00,170.00,0.480346,-1,-1,-1
126,71,1443.00,922.00,114.00,157.00,0.697711,-1,-1,-1
126,72,1364.00,943.00,102.00,136.00,0.659725,-1,-1,-1
126,76,428.00,120.00,44.00,149.00,0.513597,-1,-1,-1
126,81,1174.00,1.00,69.00,115.00,0.478336,-1,-1,-1
127,5,1710.00,452.00,91.00,214.00,0.822228,-1,-1,-1
127,6,448.00,536.00,86.00,241.00,0.837032,-1,-1,-1
127,7,1129.00,979.00,76.00,100.00,0.781377,-1,-1,-1
127,8,333.00,327.00,67.00,205.00,0.831315,-1,-1,-1
127,9,1617.00,174.00,61.00,178.00,0.870696,-1,-1,-1
127,10,1204.00,991.00,59.00,88.00,0.709190,-1,-1,-1
127,11,266.00,237.00,61.00,180.00,0.548458,-1,-1,-1
127,12,899.00,931.00,64.00,147.00,0.791763,-1,-1,-1
127,13,1584.00,592.00,89.00,234.00,0.421241,-1,-1,-1
127,20,676.00,283.00,58.00,129.00,0.502108,-1,-1,-1
127,21,1480.00,0.00,60.00,144.00,0.801190,-1,-1,-1
127,26,806.00,144.00,57.00,175.00,0.488275,-1,-1,-1
127,29,555.00,111.00,59.00,173.00,0.422513,-1,-1,-1
127,30,282.00,125.00,62.00,165.00,0.394690,-1,-1,-1
127,38,1552.00,594.00,114.00,232.00,0.756285,-1,-1,-1
127,44,354.00,86.00,66.00,194.00,0.603684,-1,-1,-1
127,47,219.00,226.00,59.00,195.00,0.389299,-1,-1,-1
127,55,469.00,105.00,52.00,169.00,0.467246,-1,-1,-1
127,71,1440.00,918.00,112.00,161.00,0.641941,-1,-1,-1
127,72,1360.00,942.00,102.00,137.00,0.667923,-1,-1,-1
127,76,428.00,120.00,44.00,150.00,0.541867,-1,-1,-1
127,81,1172.00,1.00,69.00,116.00,0.559403,-1,-1,-1
128,5,1711.00,453.00,90.00,213.00,0.826630,-1,-1,-1
128,6,448.00,536.00,86.00,241.00,0.836363,-1,-1,-1
128,7,1129.00,982.00,75.00,98.00,0.804198,-1,-1,-1
128,8,332.00,329.00,67.00,205.00,0.826541,-1,-1,-1
128,9,1616.00,171.00,62.00,179.00,0.871872,-1,-1,-1
128,10,1203.00,992.00,60.00,87.00,0.722527,-1,-1,-1
128,11,265.00,235.00,63.00,182.00,0.492251,-1,-1,-1
128,12,897.00,932.00,63.00,146.00,0.781881,-1,-1,-1
128,20,677.00,283.00,58.00,128.00,0.502638,-1,-1,-1
128,21,1480.00,0.00,60.00,144.00,0.803765,-1,-1,-1
128,26,805.00,144.00,58.00,174.00,0.491006,-1,-1,-1
128,29,555.00,109.00,60.00,176.00,0.453381,-1,-1,-1
128,30,283.00,125.00,61.00,164.00,0.374777,-1,-1,-1
128,38,1549.00,593.00,116.00,233.00,0.777194,-1,-1,-1
128,44,354.00,88.00,66.00,192.00,0.595359,-1,-1,-1
128,47,220.00,226.00,59.00,195.00,0.398524,-1,-1,-1
128,55,470.00,105.00,52.00,169.00,0.456138,-1,-1,-1
128,71,1436.00,915.00,112.00,164.00,0.702458,-1,-1,-1
128,72,1357.00,941.00,102.00,137.00,0.692869,-1,-1,-1
128,76,428.00,124.00,44.00,148.00,0.543872,-1,-1,-1
128,81,1170.00,1.00,68.00,116.00,0.516140,-1,-1,-1
129,5,1711.00,452.00,90.00,214.00,0.819705,-1,-1,-1
129,6,449.00,535.00,86.00,242.00,0.838754,-1,-1,-1
129,7,1128.00,985.00,75.00,95.00,0.812914,-1,-1,-1
129,8,330.00,330.00,68.00,205.00,0.836712,-1,-1,-1
129,9,1616.00,170.00,63.00,179.00,0.869477,-1,-1,-1
129,10,1203.00,994.00,60.00,85.00,0.743165,-1,-1,-1
129,11,266.00,236.00,62.00,182.00,0.495889,-1,-1,-1
129,12,894.00,932.00,64.00,147.00,0.776103,-1,-1,-1
129,13,1583.00,593.00,88.00,232.00,0.503566,-1,-1,-1
129,20,677.00,283.00,58.00,127.00,0.538338,-1,-1,-1
129,21,1481.00,0.00,59.00,144.00,0.810581,-1,-1,-1
129,26,805.00,144.00,58.00,174.00,0.540499,-1,-1,-1
129,29,555.00,107.00,60.00,178.00,0.459629,-1,-1,-1
129,30,284.00,126.00,61.00,163.00,0.357273,-1,-1,-1
129,38,1548.00,592.00,117.00,234.00,0.764397,-1,-1,-1
129,44,355.00,90.00,64.00,190.00,0.567137,-1,-1,-1
129,47,221.00,229.00,58.00,192.00,0.399907,-1,-1,-1
129,55,470.00,106.00,53.00,170.00,0.464760,-1,-1,-1
129,71,1433.00,911.00,113.00,168.00,0.719056,-1,-1,-1
129,72,1355.00,939.00,102.00,140.00,0.655039,-1,-1,-1
129,76,428.00,124.00,45.00,149.00,0.559809,-1,-1,-1
129,81,1164.00,1.00,68.00,115.00,0.602004,-1,-1,-1
130,5,1711.00,453.00,90.00,213.00,0.814162,-1,-1,-1
130,6,450.00,535.00,85.00,242.00,0.837022,-1,-1,-1
130,7,1127.00,987.00,73.00,92.00,0.798771,-1,-1,-1
130,8,329.00,331.00,68.00,207.00,0.837089,-1,-1,-1
130,9,1615.00,169.00,64.00,180.00,0.871074,-1,-1,-1
130,10,1202.00,996.00,60.00,83.00,0.767712,-1,-1,-1
130,11,265.00,234.00,62.00,183.00,0.452633,-1,-1,-1
130,12,890.00,931.00,65.00,148.00,0.791646,-1,-1,-1
130,13,1582.00,593.00,89.00,232.00,0.528825,-1,-1,-1
130,20,678.00,284.00,57.00,125.00,0.508879,-1,-1,-1
130,21,1480.00,0.00,60.00,144.00,0.801229,-1,-1,-1
130,26,804.00,143.00,58.00,176.00,0.513742,-1,-1,-1
130,29,553.00,105.00,61.00,180.00,0.398620,-1,-1,-1
130,30,284.00,126.00,61.00,161.00,0.347162,-1,-1,-1
130,38,1546.00,592.00,119.00,234.00,0.782372,-1,-1,-1
130,44,354.00,90.00,65.00,190.00,0.576675,-1,-1,-1
130,47,221.00,230.00,58.00,190.00,0.341299,-1,-1,-1
130,55,471.00,107.00,53.00,172.00,0.460683,-1,-1,-1
130,71,1430.00,907.00,113.00,172.00,0.751242,-1,-1,-1
130,72,1351.00,937.00,103.00,142.00,0.650389,-1,-1,-1
130,76,428.00,126.00,45.00,148.00,0.529655,-1,-1,-1
130,81,1160.00,1.00,68.00,115.00,0.540280,-1,-1,-1
131,5,1711.00,452.00,91.00,214.00,0.819002,-1,-1,-1
131,6,450.00,533.00,85.00,244.00,0.838235,-1,-1,-1
131,7,1125.00,989.00,73.00,90.00,0.802451,-1,-1,-1
131,8,327.00,331.00,68.00,208.00,0.851300,-1,-1,-1
131,9,1615.00,168.00,65.00,181.00,0.872870,-1,-1,-1
131,10,1201.00,998.00,61.00,81.00,0.776162,-1,-1,-1
131,11,264.00,233.00,63.00,184.00,0.424929,-1,-1,-1
131,12,887.00,931.00,64.00,147.00,0.800398,-1,-1,-1
131,13,1581.00,591.00,90.00,234.00,0.538501,-1,-1,-1
131,20,678.00,283.00,57.00,127.00,0.546900,-1,-1,-1
131,21,1481.00,0.00,59.00,143.00,0.809946,-1,-1,-1
131,26,804.00,143.00,59.00,176.00,0.501767,-1,-1,-1
131,29,556.00,108.00,59.00,176.00,0.416269,-1,-1,-1
131,30,285.00,125.00,60.00,161.00,0.351885,-1,-1,-1
131,38,1545.00,591.00,121.00,235.00,0.779052,-1,-1,-1
131,44,354.00,91.00,65.00,189.00,0.557645,-1,-1,-1
131,47,222.00,232.00,57.00,187.00,0.313908,-1,-1,-1
131,55,471.00,107.00,54.00,174.00,0.460640,-1,-1,-1
131,71,1428.00,904.00,112.00,174.00,0.768376,-1,-1,-1
131,72,1349.00,934.00,103.00,145.00,0.640079,-1,-1,-1
131,76,429.00,127.00,45.00,150.00,0.520835,-1,-1,-1
131,79,750.00,73.00,47.00,143.00,0.278178,-1,-1,-1
131,81,1154.00,0.00,69.00,115.00,0.616195,-1,-1,-1
132,5,1712.00,452.00,90.00,214.00,0.818118,-1,-1,-1
132,6,450.00,532.00,85.00,245.00,0.826121,-1,-1,-1
132,7,1125.00,991.00,72.00,88.00,0.800588,-1,-1,-1
132,8,325.00,331.00,69.00,209.00,0.841175,-1,-1,-1
132,9,1615.00,168.00,66.00,180.00,0.872616,-1,-1,-1
132,10,1202.00,1000.00,61.00,79.00,0.776427,-1,-1,-1
132,11,263.00,232.00,63.00,185.00,0.394880,-1,-1,-1
132,12,885.00,932.00,64.00,146.00,0.797401,-1,-1,-1
132,13,1584.00,591.00,89.00,234.00,0.467390,-1,-1,-1
132,20,677.00,282.00,58.00,127.00,0.533677,-1,-1,-1
132,21,1480.00,0.00,59.00,142.00,0.812511,-1,-1,-1
132,26,804.00,143.00,59.00,176.00,0.510907,-1,-1,-1
132,29,556.00,109.00,59.00,176.00,0.369403,-1,-1,-1
132,30,285.00,124.00,60.00,162.00,0.332263,-1,-1,-1
132,38,1545.00,591.00,122.00,235.00,0.745185,-1,-1,-1
132,44,354.00,92.00,65.00,188.00,0.522983,-1,-1,-1
132,55,472.00,108.00,54.00,175.00,0.437856,-1,-1,-1
132,71,1425.00,902.00,112.00,177.00,0.767925,-1,-1,-1
132,72,1346.00,931.00,104.00,148.00,0.663229,-1,-1,-1
132,76,429.00,128.00,46.00,151.00,0.521828,-1,-1,-1
132,81,1149.00,0.00,68.00,112.00,0.578982,-1,-1,-1
133,5,1712.00,452.00,90.00,214.00,0.836219,-1,-1,-1
133,6,449.00,531.00,83.00,243.00,0.830624,-1,-1,-1
133,7,1123.00,992.00,72.00,87.00,0.813909,-1,-1,-1
133,8,324.00,331.00,68.00,209.00,0.847478,-1,-1,-1
133,9,1615.00,168.00,66.00,179.00,0.872420,-1,-1,-1
133,10,1201.00,1000.00,63.00,80.00,0.801412,-1,-1,-1
133,11,264.00,230.00,64.00,187.00,0.395707,-1,-1,-1
133,12,883.00,932.00,64.00,146.00,0.784068,-1,-1,-1
133,13,1576.00,593.00,90.00,232.00,0.773030,-1,-1,-1
133,20,677.00,281.00,58.00,128.00,0.584432,-1,-1,-1
133,21,1480.00,0.00,59.00,142.00,0.809340,-1,-1,-1
133,26,804.00,143.00,59.00,176.00,0.545565,-1,-1,-1
133,29,552.00,107.00,60.00,177.00,0.372820,-1,-1,-1
133,30,286.00,124.00,59.00,160.00,0.345943,-1,-1,-1
133,44,353.00,91.00,66.00,189.00,0.578476,-1,-1,-1
133,47,222.00,225.00,58.00,195.00,0.367647,-1,-1,-1
133,55,473.00,109.00,54.00,176.00,0.487306,-1,-1,-1
133,71,1422.00,901.00,111.00,178.00,0.746493,-1,-1,-1
133,72,1343.00,928.00,105.00,150.00,0.631253,-1,-1,-1
133,76,430.00,128.00,46.00,153.00,0.542926,-1,-1,-1
133,81,1146.00,0.00,69.00,111.00,0.568678,-1,-1,-1
134,5,1711.00,452.00,91.00,214.00,0.830097,-1,-1,-1
134,6,446.00,530.00,83.00,243.00,0.841524,-1,-1,-1
134,7,1120.00,994.00,72.00,85.00,0.819069,-1,-1,-1
134,8,323.00,332.00,68.00,207.00,0.850947,-1,-1,-1
134,9,1614.00,168.00,68.00,181.00,0.873368,-1,-1,-1
134,10,1201.00,1002.00,65.00,78.00,0.771575,-1,-1,-1
134,11,264.00,228.00,64.00,189.00,0.329092,-1,-1,-1
134,12,881.00,931.00,64.00,147.00,0.791321,-1,-1,-1
134,20,677.00,281.00,58.00,128.00,0.540743,-1,-1,-1
134,21,1480.00,0.00,59.00,142.00,0.797845,-1,-1,-1
134,26,806.00,143.00,58.00,175.00,0.533986,-1,-1,-1
134,29,550.00,106.00,61.00,178.00,0.301472,-1,-1,-1
134,30,286.00,124.00,59.00,158.00,0.282925,-1,-1,-1
134,38,1550.00,590.00,122.00,235.00,0.758734,-1,-1,-1
134,44,352.00,90.00,66.00,189.00,0.536035,-1,-1,-1
134,55,474.00,110.00,54.00,176.00,0.463151,-1,-1,-1
134,71,1421.00,900.00,110.00,179.00,0.792937,-1,-1,-1
134,72,1341.00,924.00,105.00,154.00,0.721389,-1,-1,-1
134,76,430.00,128.00,46.00,153.00,0.507166,-1,-1,-1
134,79,751.00,74.00,46.00,136.00,0.255448,-1,-1,-1
134,81,1145.00,0.00,69.00,110.00,0.557729,-1,-1,-1
135,5,1711.00,452.00,91.00,214.00,0.839215,-1,-1,-1
135,6,443.00,529.00,81.00,243.00,0.831180,-1,-1,-1
135,7,1118.00,995.00,72.00,84.00,0.819857,-1,-1,-1
135,8,322.00,332.00,67.00,207.00,0.826867,-1,-1,-1
135,9,1614.00,168.00,69.00,182.00,0.881977,-1,-1,-1
135,10,1202.00,1003.00,66.00,77.00,0.574476,-1,-1,-1
135,11,266.00,228.00,64.00,188.00,0.384327,-1,-1,-1
135,12,878.00,931.00,65.00,147.00,0.760608,-1,-1,-1
135,20,677.00,281.00,58.00,128.00,0.464392,-1,-1,-1
135,21,1480.00,0.00,58.00,142.00,0.779240,-1,-1,-1
135,26,806.00,143.00,58.00,175.00,0.472275,-1,-1,-1
135,29,553.00,105.00,61.00,179.00,0.298239,-1,-1,-1
135,30,287.00,123.00,58.00,156.00,0.260519,-1,-1,-1
135,38,1554.00,590.00,120.00,234.00,0.801849,-1,-1,-1
135,44,351.00,88.00,67.00,191.00,0.493203,-1,-1,-1
135,47,222.00,222.00,58.00,196.00,0.357717,-1,-1,-1
135,55,474.00,110.00,55.00,178.00,0.434177,-1,-1,-1
135,71,1420.00,898.00,110.00,181.00,0.826529,-1,-1,-1
135,72,1337.00,921.00,106.00,157.00,0.747322,-1,-1,-1
135,76,430.00,128.00,46.00,153.00,0.501790,-1,-1,-1
135,81,1145.00,0.00,71.00,111.00,0.442398,-1,-1,-1
136,5,1711.00,451.00,91.00,215.00,0.844325,-1,-1,-1
136,6,440.00,530.00,79.00,241.00,0.823798,-1,-1,-1
136,7,1116.00,997.00,72.00,82.00,0.821053,-1,-1,-1
136,8,320.00,333.00,68.00,206.00,0.846109,-1,-1,-1
136,9,1614.00,168.00,70.00,181.00,0.879423,-1,-1,-1
136,10,1203.00,1004.00,67.00,76.00,0.560637,-1,-1,-1
136,11,266.00,227.00,64.00,187.00,0.420679,-1,-1,-1
136,12,875.00,930.00,65.00,148.00,0.776375,-1,-1,-1
136,13,1574.00,589.00,92.00,236.00,0.789027,-1,-1,-1
136,20,677.00,281.00,58.00,128.00,0.485613,-1,-1,-1
136,21,1479.00,0.00,59.00,142.00,0.797760,-1,-1,-1
136,26,806.00,143.00,58.00,174.00,0.508978,-1,-1,-1
136,29,554.00,105.00,61.00,179.00,0.371366,-1,-1,-1
136,30,287.00,123.00,58.00,155.00,0.339607,-1,-1,-1
136,44,351.00,87.00,68.00,192.00,0.540743,-1,-1,-1
136,47,224.00,220.00,57.00,195.00,0.384451,-1,-1,-1
136,55,474.00,110.00,55.00,180.00,0.525013,-1,-1,-1
136,71,1419.00,897.00,110.00,181.00,0.813995,-1,-1,-1
136,72,1334.00,917.00,106.00,162.00,0.755883,-1,-1,-1
136,76,429.00,128.00,46.00,153.00,0.545389,-1,-1,-1
136,81,1135.00,0.00,72.00,113.00,0.583264,-1,-1,-1
137,5,1711.00,451.00,91.00,214.00,0.846159,-1,-1,-1
137,6,435.00,530.00,77.00,239.00,0.845696,-1,-1,-1
137,7,1115.00,998.00,71.00,81.00,0.826266,-1,-1,-1
137,8,319.00,334.00,68.00,205.00,0.844960,-1,-1,-1
137,9,1616.00,166.00,69.00,182.00,0.875235,-1,-1,-1
137,10,1202.00,1006.00,68.00,73.00,0.646684,-1,-1,-1
137,11,266.00,226.00,63.00,185.00,0.327353,-1,-1,-1
137,12,872.00,930.00,65.00,148.00,0.780131,-1,-1,-1
137,20,677.00,280.00,59.00,129.00,0.441479,-1,-1,-1
137,21,1479.00,0.00,59.00,142.00,0.797272,-1,-1,-1
137,26,806.00,143.00,58.00,174.00,0.512745,-1,-1,-1
137,29,555.00,103.00,61.00,181.00,0.304513,-1,-1,-1
137,30,288.00,123.00,57.00,153.00,0.270173,-1,-1,-1
137,38,1555.00,591.00,119.00,233.00,0.769228,-1,-1,-1
137,44,352.00,88.00,67.00,191.00,0.465251,-1,-1,-1
137,55,474.00,110.00,56.00,180.00,0.498462,-1,-1,-1
137,71,1417.00,894.00,111.00,185.00,0.818423,-1,-1,-1
137,72,1332.00,913.00,106.00,165.00,0.740330,-1,-1,-1
137,76,428.00,128.00,47.00,153.00,0.497222,-1,-1,-1
137,81,1132.00,0.00,71.00,113.00,0.602079,-1,-1,-1
138,5,1711.00,451.00,91.00,214.00,0.839925,-1,-1,-1
138,6,429.00,527.00,77.00,242.00,0.816973,-1,-1,-1
138,7,1114.00,1001.00,71.00,79.00,0.825463,-1,-1,-1
138,8,318.00,334.00,68.00,205.00,0.830350,-1,-1,-1
138,9,1616.00,165.00,71.00,184.00,0.888137,-1,-1,-1
138,10,1202.00,1008.00,67.00,71.00,0.629839,-1,-1,-1
138,11,267.00,226.00,63.00,182.00,0.377805,-1,-1,-1
138,12,870.00,930.00,65.00,148.00,0.783659,-1,-1,-1
138,13,1580.00,591.00,92.00,233.00,0.454885,-1,-1,-1
138,20,677.00,280.00,59.00,129.00,0.480159,-1,-1,-1
138,21,1480.00,0.00,58.00,142.00,0.799545,-1,-1,-1
138,26,807.00,143.00,57.00,174.00,0.484466,-1,-1,-1
138,29,553.00,101.00,62.00,183.00,0.325708,-1,-1,-1
138,38,1549.00,591.00,120.00,234.00,0.752187,-1,-1,-1
138,44,351.00,87.00,67.00,193.00,0.453381,-1,-1,-1
138,55,475.00,111.00,56.00,179.00,0.491242,-1,-1,-1
138,71,1414.00,892.00,112.00,187.00,0.753368,-1,-1,-1
138,72,1330.00,909.00,107.00,170.00,0.761782,-1,-1,-1
138,76,428.00,128.00,46.00,153.00,0.455734,-1,-1,-1
138,79,750.00,72.00,49.00,144.00,0.269810,-1,-1,-1
138,81,1129.00,0.00,73.00,112.00,0.577093,-1,-1,-1
139,5,1711.00,451.00,92.00,214.00,0.847593,-1,-1,-1
139,6,425.00,527.00,75.00,241.00,0.828740,-1,-1,-1
139,7,1113.00,1002.00,71.00,78.00,0.825068,-1,-1,-1
139,8,317.00,336.00,68.00,203.00,0.821766,-1,-1,-1
139,9,1617.00,163.00,72.00,186.00,0.878429,-1,-1,-1
139,10,1201.00,1011.00,67.00,68.00,0.683573,-1,-1,-1
139,11,268.00,225.00,62.00,181.00,0.330009,-1,-1,-1
139,12,868.00,930.00,65.00,148.00,0.772935,-1,-1,-1
139,20,678.00,281.00,58.00,128.00,0.529388,-1,-1,-1
139,21,1479.00,0.00,59.00,142.00,0.801075,-1,-1,-1
139,26,806.00,143.00,58.00,174.00,0.527396,-1,-1,-1
139,29,555.00,103.00,61.00,181.00,0.417729,-1,-1,-1
139,38,1551.00,590.00,121.00,234.00,0.755593,-1,-1,-1
139,44,350.00,87.00,68.00,192.00,0.434863,-1,-1,-1
139,47,227.00,216.00,56.00,187.00,0.296806,-1,-1,-1
139,55,475.00,111.00,56.00,179.00,0.519780,-1,-1,-1
139,71,1411.00,889.00,112.00,189.00,0.786921,-1,-1,-1
139,72,1327.00,904.00,107.00,175.00,0.775500,-1,-1,-1
139,76,428.00,128.00,47.00,152.00,0.442051,-1,-1,-1
139,79,750.00,74.00,49.00,143.00,0.262823,-1,-1,-1
139,81,1129.00,0.00,72.00,112.00,0.670652,-1,-1,-1
140,5,1711.00,451.00,92.00,214.00,0.848215,-1,-1,-1
140,6,421.00,526.00,75.00,244.00,0.840403,-1,-1,-1
140,7,1111.00,1004.00,71.00,76.00,0.823419,-1,-1,-1
140,8,315.00,337.00,69.00,203.00,0.831332,-1,-1,-1
140,9,1619.00,161.00,72.00,187.00,0.884338,-1,-1,-1
140,10,1200.00,1014.00,67.00,66.00,0.704011,-1,-1,-1
140,11,268.00,225.00,62.00,179.00,0.281774,-1,-1,-1
140,12,865.00,930.00,65.00,148.00,0.775000,-1,-1,-1
140,13,1580.00,592.00,91.00,232.00,0.503998,-1,-1,-1
140,20,678.00,281.00,57.00,127.00,0.502813,-1,-1,-1
140,21,1480.00,0.00,58.00,142.00,0.819561,-1,-1,-1
140,26,807.00,143.00,57.00,173.00,0.524927,-1,-1,-1
140,29,557.00,105.00,59.00,179.00,0.376212,-1,-1,-1
140,38,1547.00,589.00,122.00,236.00,0.755387,-1,-1,-1
140,44,351.00,86.00,68.00,194.00,0.436079,-1,-1,-1
140,47,226.00,218.00,56.00,185.00,0.360413,-1,-1,-1
140,55,476.00,111.00,56.00,179.00,0.512967,-1,-1,-1
140,71,1407.00,885.00,113.00,194.00,0.795991,-1,-1,-1
140,72,1324.00,902.00,106.00,177.00,0.765809,-1,-1,-1
140,76,430.00,128.00,46.00,152.00,0.402447,-1,-1,-1
140,79,749.00,74.00,50.00,143.00,0.254953,-1,-1,-1
140,81,1126.00,0.00,73.00,111.00,0.685912,-1,-1,-1
141,5,1711.00,451.00,91.00,214.00,0.839231,-1,-1,-1
141,6,419.00,526.00,74.00,245.00,0.844695,-1,-1,-1
141,7,1110.00,1006.00,70.00,74.00,0.819620,-1,-1,-1
141,8,314.00,339.00,69.00,204.00,0.829165,-1,-1,-1
141,9,1620.00,160.00,72.00,186.00,0.886462,-1,-1,-1
141,10,1197.00,1017.00,65.00,63.00,0.702052,-1,-1,-1
141,11,267.00,224.00,63.00,182.00,0.412685,-1,-1,-1
141,12,862.00,930.00,66.00,148.00,0.773523,-1,-1,-1
141,13,1580.00,592.00,91.00,233.00,0.594742,-1,-1,-1
141,20,677.00,279.00,59.00,130.00,0.426671,-1,-1,-1
141,21,1480.00,1.00,58.00,141.00,0.809123,-1,-1,-1
141,26,806.00,143.00,58.00,174.00,0.489793,-1,-1,-1
141,29,557.00,107.00,59.00,177.00,0.311644,-1,-1,-1
141,38,1545.00,589.00,124.00,236.00,0.730845,-1,-1,-1
141,44,351.00,84.00,69.00,196.00,0.434203,-1,-1,-1
141,47,227.00,217.00,57.00,189.00,0.351025,-1,-1,-1
141,55,477.00,111.00,56.00,180.00,0.447267,-1,-1,-1
141,71,1404.00,882.00,113.00,197.00,0.793150,-1,-1,-1
141,72,1322.00,900.00,105.00,179.00,0.756939,-1,-1,-1
141,76,431.00,128.00,45.00,152.00,0.384455,-1,-1,-1
141,79,749.00,74.00,51.00,144.00,0.259928,-1,-1,-1
141,81,1124.00,0.00,72.00,109.00,0.674183,-1,-1,-1
142,5,1711.00,451.00,91.00,214.00,0.838061,-1,-1,-1
142,6,416.00,527.00,73.00,245.00,0.834547,-1,-1,-1
142,7,1110.00,1010.00,68.00,70.00,0.802325,-1,-1,-1
142,8,312.00,341.00,71.00,207.00,0.852399,-1,-1,-1
142,9,1622.00,159.00,71.00,183.00,0.898052,-1,-1,-1
142,10,1196.00,1021.00,62.00,59.00,0.715417,-1,-1,-1
142,11,267.00,223.00,64.00,185.00,0.288373,-1,-1,-1
142,12,861.00,930.00,65.00,148.00,0.812825,-1,-1,-1
142,13,1576.00,591.00,93.00,233.00,0.761328,-1,-1,-1
142,20,677.00,280.00,59.00,129.00,0.524808,-1,-1,-1
142,21,1480.00,1.00,58.00,141.00,0.795819,-1,-1,-1
142,26,806.00,143.00,58.00,173.00,0.496962,-1,-1,-1
142,29,557.00,105.00,59.00,179.00,0.394684,-1,-1,-1
142,44,352.00,86.00,68.00,193.00,0.380576,-1,-1,-1
142,47,226.00,217.00,57.00,190.00,0.357951,-1,-1,-1
142,55,478.00,112.00,56.00,178.00,0.507841,-1,-1,-1
142,71,1401.00,878.00,114.00,201.00,0.734104,-1,-1,-1
142,72,1320.00,899.00,104.00,179.00,0.698280,-1,-1,-1
142,76,431.00,128.00,46.00,153.00,0.401793,-1,-1,-1
142,79,749.00,75.00,51.00,142.00,0.251784,-1,-1,-1
142,81,1121.00,0.00,73.00,111.00,0.619578,-1,-1,-1
143,5,1711.00,451.00,92.00,215.00,0.841805,-1,-1,-1
143,6,411.00,527.00,74.00,246.00,0.827130,-1,-1,-1
143,7,1110.00,1013.00,66.00,67.00,0.763669,-1,-1,-1
143,8,312.00,342.00,71.00,209.00,0.846120,-1,-1,-1
143,9,1623.00,157.00,70.00,183.00,0.898521,-1,-1,-1
143,10,1196.00,1025.00,59.00,55.00,0.675776,-1,-1,-1
143,11,269.00,223.00,63.00,182.00,0.303364,-1,-1,-1
143,12,859.00,930.00,66.00,148.00,0.778901,-1,-1,-1
143,13,1581.00,592.00,92.00,232.00,0.535155,-1,-1,-1
143,20,677.00,281.00,58.00,128.00,0.506281,-1,-1,-1
143,21,1480.00,2.00,58.00,140.00,0.788541,-1,-1,-1
143,26,806.00,143.00,58.00,174.00,0.529871,-1,-1,-1
143,29,557.00,105.00,59.00,179.00,0.354446,-1,-1,-1
143,38,1544.00,591.00,123.00,234.00,0.688467,-1,-1,-1
143,44,352.00,88.00,68.00,191.00,0.324762,-1,-1,-1
143,47,226.00,216.00,58.00,191.00,0.425328,-1,-1,-1
143,55,478.00,112.00,56.00,177.00,0.467327,-1,-1,-1
143,71,1396.00,874.00,115.00,204.00,0.724057,-1,-1,-1
143,72,1317.00,897.00,103.00,181.00,0.728700,-1,-1,-1
143,76,432.00,129.00,45.00,152.00,0.357615,-1,-1,-1
143,81,1119.00,0.00,70.00,108.00,0.635088,-1,-1,-1
144,5,1711.00,451.00,92.00,214.00,0.846940,-1,-1,-1
144,6,407.00,528.00,74.00,246.00,0.846244,-1,-1,-1
144,7,1109.00,1017.00,64.00,63.00,0.764588,-1,-1,-1
144,8,311.00,343.00,72.00,210.00,0.860641,-1,-1,-1
144,9,1624.00,156.00,70.00,182.00,0.894347,-1,-1,-1
144,10,1196.00,1028.00,57.00,52.00,0.641106,-1,-1,-1
144,11,268.00,223.00,63.00,181.00,0.293006,-1,-1,-1
144,12,857.00,930.00,65.00,148.00,0.780254,-1,-1,-1
144,13,1577.00,591.00,92.00,233.00,0.769901,-1,-1,-1
144,20,677.00,281.00,58.00,128.00,0.519699,-1,-1,-1
144,21,1480.00,3.00,58.00,139.00,0.791963,-1,-1,-1
144,26,806.00,143.00,58.00,174.00,0.527061,-1,-1,-1
144,29,557.00,104.00,59.00,180.00,0.350040,-1,-1,-1
144,44,353.00,96.00,66.00,184.00,0.335778,-1,-1,-1
144,47,227.00,214.00,59.00,192.00,0.425986,-1,-1,-1
144,55,479.00,113.00,55.00,176.00,0.502941,-1,-1,-1
144,71,1394.00,871.00,114.00,207.00,0.748950,-1,-1,-1
144,72,1315.00,896.00,101.00,183.00,0.741708,-1,-1,-1
144,76,432.00,129.00,45.00,153.00,0.451654,-1,-1,-1
144,81,1117.00,0.00,68.00,105.00,0.641094,-1,-1,-1
145,5,1711.00,451.00,92.00,215.00,0.834041,-1,-1,-1
145,6,404.00,528.00,74.00,246.00,0.861939,-1,-1,-1
145,7,1107.00,1021.00,62.00,59.00,0.739820,-1,-1,-1
145,8,311.00,345.00,71.00,210.00,0.850388,-1,-1,-1
145,9,1625.00,155.00,70.00,181.00,0.890972,-1,-1,-1
145,10,1196.00,1030.00,55.00,50.00,0.589385,-1,-1,-1
145,11,273.00,222.00,59.00,167.00,0.262058,-1,-1,-1
145,12,855.00,929.00,66.00,149.00,0.752097,-1,-1,-1
145,20,677.00,281.00,58.00,128.00,0.523614,-1,-1,-1
145,21,1480.00,3.00,58.00,139.00,0.781427,-1,-1,-1
145,26,806.00,143.00,58.00,174.00,0.538841,-1,-1,-1
145,29,556.00,105.00,59.00,180.00,0.351989,-1,-1,-1
145,38,1545.00,592.00,124.00,234.00,0.746799,-1,-1,-1
145,44,353.00,97.00,65.00,182.00,0.333138,-1,-1,-1
145,47,228.00,212.00,60.00,194.00,0.481437,-1,-1,-1
145,55,479.00,113.00,56.00,177.00,0.488851,-1,-1,-1
145,71,1390.00,867.00,115.00,211.00,0.747745,-1,-1,-1
145,72,1312.00,895.00,101.00,184.00,0.719030,-1,-1,-1
145,76,432.00,129.00,46.00,155.00,0.422176,-1,-1,-1
145,81,1115.00,0.00,65.00,102.00,0.611672,-1,-1,-1
146,5,1711.00,450.00,93.00,215.00,0.836314,-1,-1,-1
146,6,402.00,529.00,75.00,245.00,0.846455,-1,-1,-1
146,7,1105.00,1025.00,59.00,55.00,0.671480,-1,-1,-1
146,8,311.00,346.00,71.00,211.00,0.862670,-1,-1,-1
146,9,1625.00,154.00,70.00,181.00,0.875147,-1,-1,-1
146,10,1197.00,1033.00,53.00,47.00,0.599174,-1,-1,-1
146,11,274.00,222.00,61.00,175.00,0.336576,-1,-1,-1
146,12,853.00,929.00,65.00,149.00,0.762381,-1,-1,-1
146,13,1578.00,589.00,94.00,235.00,0.581783,-1,-1,-1
146,20,677.00,282.00,58.00,127.00,0.503377,-1,-1,-1
146,21,1481.00,3.00,57.00,139.00,0.787161,-1,-1,-1
146,26,805.00,143.00,58.00,175.00,0.534040,-1,-1,-1
146,29,558.00,108.00,57.00,177.00,0.431864,-1,-1,-1
146,38,1543.00,589.00,126.00,237.00,0.691508,-1,-1,-1
146,44,353.00,98.00,65.00,181.00,0.377443,-1,-1,-1
146,47,229.00,211.00,61.00,195.00,0.588586,-1,-1,-1
146,55,480.00,114.00,55.00,178.00,0.522129,-1,-1,-1
146,71,1390.00,865.00,113.00,213.00,0.705231,-1,-1,-1
146,72,1310.00,894.00,99.00,185.00,0.700344,-1,-1,-1
146,76,431.00,130.00,46.00,158.00,0.508748,-1,-1,-1
146,81,1114.00,0.00,63.00,101.00,0.608148,-1,-1,-1
147,5,1710.00,450.00,93.00,215.00,0.821132,-1,-1,-1
147,6,401.00,530.00,76.00,244.00,0.866153,-1,-1,-1
147,7,1106.00,1028.00,56.00,52.00,0.610824,-1,-1,-1
147,8,311.00,348.00,71.00,212.00,0.869881,-1,-1,-1
147,9,1625.00,154.00,70.00,181.00,0.872374,-1,-1,-1
147,10,1195.00,1035.00,50.00,44.00,0.498495,-1,-1,-1
147,11,274.00,222.00,62.00,178.00,0.298549,-1,-1,-1
147,12,851.00,930.00,66.00,148.00,0.782414,-1,-1,-1
147,20,677.00,282.00,58.00,127.00,0.556860,-1,-1,-1
147,21,1480.00,3.00,58.00,139.00,0.774982,-1,-1,-1
147,26,805.00,143.00,58.00,175.00,0.538085,-1,-1,-1
147,29,559.00,110.00,56.00,175.00,0.349646,-1,-1,-1
147,38,1549.00,590.00,124.00,235.00,0.748035,-1,-1,-1
147,44,353.00,100.00,64.00,180.00,0.395867,-1,-1,-1
147,47,229.00,211.00,62.00,196.00,0.599373,-1,-1,-1
147,55,480.00,115.00,56.00,178.00,0.540407,-1,-1,-1
147,71,1388.00,864.00,112.00,214.00,0.679279,-1,-1,-1
147,72,1307.00,892.00,99.00,187.00,0.657435,-1,-1,-1
147,76,430.00,131.00,46.00,160.00,0.501490,-1,-1,-1
147,81,1112.00,0.00,60.00,100.00,0.527850,-1,-1,-1
148,5,1710.00,451.00,94.00,215.00,0.828670,-1,-1,-1
148,6,400.00,530.00,77.00,244.00,0.860981,-1,-1,-1
148,7,1106.00,1032.00,51.00,48.00,0.615377,-1,-1,-1
148,8,310.00,350.00,72.00,213.00,0.862200,-1,-1,-1
148,9,1625.00,154.00,70.00,181.00,0.866710,-1,-1,-1
148,10,1194.00,1037.00,49.00,42.00,0.457111,-1,-1,-1
148,11,276.00,222.00,61.00,177.00,0.397931,-1,-1,-1
148,12,849.00,930.00,66.00,148.00,0.783615,-1,-1,-1
148,20,677.00,281.00,58.00,128.00,0.515322,-1,-1,-1
148,21,1480.00,3.00,58.00,139.00,0.784171,-1,-1,-1
148,26,805.00,143.00,59.00,175.00,0.523493,-1,-1,-1
148,29,560.00,110.00,56.00,174.00,0.324207,-1,-1,-1
148,38,1553.00,590.00,122.00,235.00,0.767779,-1,-1,-1
148,44,352.00,102.00,65.00,178.00,0.417563,-1,-1,-1
148,47,230.00,211.00,62.00,197.00,0.604378,-1,-1,-1
148,55,480.00,117.00,56.00,179.00,0.558778,-1,-1,-1
148,71,1385.00,862.00,111.00,216.00,0.714366,-1,-1,-1
148,72,1303.00,889.00,99.00,190.00,0.697112,-1,-1,-1
148,76,428.00,132.00,47.00,161.00,0.506974,-1,-1,-1
148,81,1110.00,0.00,58.00,99.00,0.563771,-1,-1,-1
149,5,1710.00,451.00,94.00,215.00,0.821930,-1,-1,-1
149,6,397.00,530.00,78.00,244.00,0.881817,-1,-1,-1
149,7,1106.00,1036.00,47.00,44.00,0.575008,-1,-1,-1
149,8,310.00,351.00,72.00,214.00,0.872794,-1,-1,-1
149,9,1624.00,153.00,71.00,181.00,0.862158,-1,-1,-1
149,10,1197.00,1040.00,46.00,39.00,0.408159,-1,-1,-1
149,11,277.00,221.00,61.00,178.00,0.420175,-1,-1,-1
149,12,848.00,929.00,65.00,150.00,0.784251,-1,-1,-1
149,20,677.00,283.00,58.00,126.00,0.503310,-1,-1,-1
149,21,1480.00,4.00,58.00,139.00,0.785241,-1,-1,-1
149,26,806.00,143.00,58.00,175.00,0.530398,-1,-1,-1
149,29,560.00,112.00,56.00,173.00,0.350425,-1,-1,-1
149,38,1556.00,590.00,121.00,235.00,0.800565,-1,-1,-1
149,44,352.00,102.00,65.00,179.00,0.453406,-1,-1,-1
149,47,232.00,210.00,62.00,199.00,0.615309,-1,-1,-1
149,55,481.00,119.00,56.00,180.00,0.574251,-1,-1,-1
149,71,1382.00,861.00,110.00,217.00,0.722717,-1,-1,-1
149,72,1298.00,885.00,99.00,194.00,0.724341,-1,-1,-1
149,76,428.00,134.00,47.00,161.00,0.512946,-1,-1,-1
149,81,1107.00,0.00,57.00,100.00,0.545826,-1,-1,-1
150,5,1711.00,451.00,93.00,214.00,0.826190,-1,-1,-1
150,6,394.00,531.00,79.00,243.00,0.877406,-1,-1,-1
150,7,1107.00,1039.00,44.00,41.00,0.544073,-1,-1,-1
150,8,311.00,352.00,71.00,214.00,0.859112,-1,-1,-1
150,9,1624.00,153.00,71.00,183.00,0.869361,-1,-1,-1
150,10,1196.00,1042.00,44.00,37.00,0.434192,-1,-1,-1
150,11,278.00,222.00,61.00,176.00,0.436064,-1,-1,-1
150,12,847.00,930.00,64.00,149.00,0.794447,-1,-1,-1
150,20,677.00,283.00,58.00,128.00,0.543464,-1,-1,-1
150,21,1480.00,5.00,59.00,138.00,0.783997,-1,-1,-1
150,26,806.00,143.00,58.00,174.00,0.533809,-1,-1,-1
150,29,560.00,110.00,55.00,174.00,0.352343,-1,-1,-1
150,38,1552.00,591.00,121.00,235.00,0.775262,-1,-1,-1
150,44,352.00,105.00,64.00,176.00,0.439670,-1,-1,-1
150,47,235.00,211.00,63.00,197.00,0.606202,-1,-1,-1
150,55,481.00,121.00,56.00,180.00,0.565633,-1,-1,-1
150,71,1377.00,860.00,110.00,219.00,0.773443,-1,-1,-1
150,72,1294.00,882.00,100.00,197.00,0.704692,-1,-1,-1
150,76,427.00,134.00,47.00,162.00,0.519339,-1,-1,-1
150,81,1103.00,0.00,57.00,100.00,0.458826,-1,-1,-1
151,5,1711.00,451.00,93.00,214.00,0.819902,-1,-1,-1
151,6,391.00,531.00,80.00,244.00,0.872504,-1,-1,-1
151,7,1108.00,1041.00,41.00,39.00,0.503712,-1,-1,-1
151,8,310.00,353.00,72.00,213.00,0.869071,-1,-1,-1
151,9,1623.00,153.00,71.00,184.00,0.871483,-1,-1,-1
151,10,1197.00,1044.00,43.00,35.00,0.463458,-1,-1,-1
151,11,280.00,223.00,60.00,175.00,0.524145,-1,-1,-1
151,12,845.00,930.00,65.00,149.00,0.780066,-1,-1,-1
151,20,676.00,283.00,59.00,128.00,0.574681,-1,-1,-1
151,21,1481.00,5.00,59.00,138.00,0.781563,-1,-1,-1
151,26,805.00,143.00,58.00,174.00,0.523371,-1,-1,-1
151,29,561.00,114.00,55.00,170.00,0.376577,-1,-1,-1
151,38,1555.00,591.00,120.00,235.00,0.794951,-1,-1,-1
151,44,352.00,107.00,64.00,175.00,0.470851,-1,-1,-1
151,47,233.00,212.00,63.00,196.00,0.642444,-1,-1,-1
151,55,481.00,123.00,55.00,179.00,0.588368,-1,-1,-1
151,71,1372.00,859.00,110.00,219.00,0.734929,-1,-1,-1
151,72,1291.00,879.00,99.00,200.00,0.737251,-1,-1,-1
151,76,425.00,136.00,48.00,162.00,0.531148,-1,-1,-1
151,81,1097.00,0.00,58.00,100.00,0.632072,-1,-1,-1
152,5,1711.00,451.00,94.00,215.00,0.820959,-1,-1,-1
152,6,386.00,531.00,83.00,244.00,0.888408,-1,-1,-1
152,7,1108.00,1042.00,40.00,38.00,0.466415,-1,-1,-1
152,8,310.00,354.00,71.00,212.00,0.867523,-1,-1,-1
152,9,1622.00,153.00,72.00,183.00,0.879304,-1,-1,-1
152,10,1198.00,1045.00,42.00,35.00,0.429276,-1,-1,-1
152,11,281.00,223.00,60.00,174.00,0.532103,-1,-1,-1
152,12,844.00,929.00,65.00,150.00,0.794599,-1,-1,-1
152,20,676.00,283.00,58.00,129.00,0.579691,-1,-1,-1
152,21,1481.00,5.00,59.00,138.00,0.780335,-1,-1,-1
152,26,805.00,144.00,58.00,173.00,0.503767,-1,-1,-1
152,29,561.00,114.00,55.00,171.00,0.393894,-1,-1,-1
152,38,1552.00,592.00,121.00,234.00,0.800368,-1,-1,-1
152,44,351.00,105.00,65.00,177.00,0.461455,-1,-1,-1
152,47,234.00,212.00,63.00,197.00,0.604219,-1,-1,-1
152,55,481.00,125.00,55.00,178.00,0.594315,-1,-1,-1
152,71,1369.00,858.00,110.00,220.00,0.658188,-1,-1,-1
152,72,1286.00,876.00,100.00,203.00,0.773577,-1,-1,-1
152,76,426.00,139.00,48.00,160.00,0.538052,-1,-1,-1
152,81,1092.00,0.00,59.00,100.00,0.633807,-1,-1,-1
153,5,1710.00,451.00,95.00,215.00,0.803645,-1,-1,-1
153,6,381.00,531.00,86.00,244.00,0.883603,-1,-1,-1
153,7,1107.00,1044.00,39.00,35.00,0.475996,-1,-1,-1
153,8,310.00,354.00,71.00,213.00,0.860819,-1,-1,-1
153,9,1621.00,153.00,72.00,185.00,0.866509,-1,-1,-1
153,10,1198.00,1046.00,44.00,34.00,0.375515,-1,-1,-1
153,11,283.00,223.00,59.00,174.00,0.603843,-1,-1,-1
153,12,843.00,927.00,65.00,152.00,0.782306,-1,-1,-1
153,13,1580.00,593.00,92.00,233.00,0.543843,-1,-1,-1
153,20,676.00,283.00,58.00,130.00,0.568957,-1,-1,-1
153,21,1482.00,5.00,59.00,138.00,0.777961,-1,-1,-1
153,26,805.00,144.00,58.00,173.00,0.529220,-1,-1,-1
153,29,561.00,113.00,55.00,172.00,0.396040,-1,-1,-1
153,38,1548.00,591.00,122.00,235.00,0.697798,-1,-1,-1
153,44,350.00,104.00,66.00,178.00,0.458020,-1,-1,-1
153,47,235.00,213.00,63.00,195.00,0.612689,-1,-1,-1
153,55,481.00,125.00,56.00,180.00,0.573902,-1,-1,-1
153,71,1367.00,857.00,110.00,222.00,0.654778,-1,-1,-1
153,72,1282.00,872.00,100.00,208.00,0.764442,-1,-1,-1
153,76,427.00,141.00,48.00,159.00,0.530104,-1,-1,-1
153,79,748.00,79.00,52.00,143.00,0.325408,-1,-1,-1
153,81,1088.00,0.00,61.00,99.00,0.655097,-1,-1,-1
154,5,1710.00,451.00,95.00,215.00,0.827050,-1,-1,-1
154,6,377.00,530.00,88.00,245.00,0.884401,-1,-1,-1
154,7,1106.00,1045.00,38.00,34.00,0.454369,-1,-1,-1
154,8,310.00,354.00,71.00,212.00,0.849103,-1,-1,-1
154,9,1621.00,153.00,71.00,184.00,0.872044,-1,-1,-1
154,10,1199.00,1048.00,42.00,32.00,0.296010,-1,-1,-1
154,11,284.00,222.00,60.00,174.00,0.591736,-1,-1,-1
154,12,843.00,925.00,65.00,154.00,0.774165,-1,-1,-1
154,13,1575.00,592.00,95.00,233.00,0.782955,-1,-1,-1
154,20,676.00,283.00,59.00,130.00,0.535290,-1,-1,-1
154,21,1481.00,5.00,61.00,138.00,0.772062,-1,-1,-1
154,26,804.00,144.00,58.00,172.00,0.543673,-1,-1,-1
154,29,561.00,113.00,55.00,172.00,0.358246,-1,-1,-1
154,44,351.00,102.00,66.00,180.00,0.436435,-1,-1,-1
154,47,235.00,211.00,63.00,196.00,0.608959,-1,-1,-1
154,55,482.00,126.00,55.00,180.00,0.553244,-1,-1,-1
154,71,1362.00,856.00,111.00,223.00,0.707833,-1,-1,-1
154,72,1277.00,869.00,101.00,210.00,0.768510,-1,-1,-1
154,76,426.00,144.00,48.00,156.00,0.484720,-1,-1,-1
154,79,748.00,79.00,53.00,143.00,0.316186,-1,-1,-1
154,81,1085.00,0.00,62.00,98.00,0.639297,-1,-1,-1
155,5,1710.00,451.00,95.00,216.00,0.797648,-1,-1,-1
155,6,373.00,530.00,91.00,245.00,0.880581,-1,-1,-1
155,7,1105.00,1045.00,38.00,34.00,0.482539,-1,-1,-1
155,8,310.00,355.00,71.00,212.00,0.830830,-1,-1,-1
155,9,1621.00,154.00,70.00,182.00,0.881648,-1,-1,-1
155,10,1199.00,1050.00,40.00,30.00,0.282760,-1,-1,-1
155,11,286.00,223.00,59.00,173.00,0.607214,-1,-1,-1
155,12,841.00,923.00,66.00,156.00,0.785038,-1,-1,-1
155,20,676.00,283.00,59.00,130.00,0.563611,-1,-1,-1
155,21,1480.00,4.00,60.00,139.00,0.775247,-1,-1,-1
155,26,806.00,144.00,57.00,172.00,0.501021,-1,-1,-1
155,29,561.00,116.00,55.00,169.00,0.282463,-1,-1,-1
155,38,1554.00,591.00,120.00,235.00,0.766894,-1,-1,-1
155,44,350.00,101.00,66.00,181.00,0.419807,-1,-1,-1
155,47,237.00,210.00,63.00,196.00,0.572233,-1,-1,-1
155,55,482.00,127.00,56.00,180.00,0.559723,-1,-1,-1
155,71,1359.00,853.00,110.00,226.00,0.720562,-1,-1,-1
155,72,1273.00,867.00,102.00,212.00,0.780813,-1,-1,-1
155,76,425.00,143.00,48.00,157.00,0.464931,-1,-1,-1
155,79,748.00,79.00,53.00,142.00,0.322165,-1,-1,-1
155,81,1083.00,0.00,64.00,98.00,0.657752,-1,-1,-1
156,5,1710.00,451.00,95.00,216.00,0.824354,-1,-1,-1
156,6,370.00,530.00,93.00,245.00,0.885218,-1,-1,-1
156,7,1104.00,1047.00,37.00,32.00,0.499700,-1,-1,-1
156,8,310.00,356.00,70.00,211.00,0.844313,-1,-1,-1
156,9,1620.00,154.00,70.00,183.00,0.875912,-1,-1,-1
156,11,287.00,221.00,59.00,174.00,0.538925,-1,-1,-1
156,12,838.00,922.00,67.00,157.00,0.806994,-1,-1,-1
156,13,1574.00,593.00,95.00,233.00,0.785598,-1,-1,-1
156,20,676.00,282.00,59.00,131.00,0.606847,-1,-1,-1
156,21,1479.00,4.00,61.00,139.00,0.785006,-1,-1,-1
156,26,806.00,144.00,57.00,172.00,0.543505,-1,-1,-1
156,29,562.00,118.00,54.00,167.00,0.329496,-1,-1,-1
156,44,351.00,106.00,64.00,176.00,0.409024,-1,-1,-1
156,47,237.00,208.00,63.00,197.00,0.617445,-1,-1,-1
156,55,483.00,127.00,55.00,180.00,0.591519,-1,-1,-1
156,71,1355.00,850.00,110.00,229.00,0.777748,-1,-1,-1
156,72,1270.00,865.00,102.00,213.00,0.766184,-1,-1,-1
156,76,422.00,141.00,49.00,159.00,0.529723,-1,-1,-1
156,79,747.00,79.00,54.00,141.00,0.307962,-1,-1,-1
156,81,1080.00,0.00,65.00,98.00,0.698676,-1,-1,-1
157,5,1710.00,452.00,95.00,215.00,0.826089,-1,-1,-1
157,6,366.00,530.00,97.00,246.00,0.890813,-1,-1,-1
157,7,1103.00,1049.00,34.00,31.00,0.469009,-1,-1,-1
157,8,310.00,357.00,70.00,210.00,0.836565,-1,-1,-1
157,9,1619.00,154.00,69.00,182.00,0.863937,-1,-1,-1
157,11,288.00,219.00,60.00,175.00,0.538816,-1,-1,-1
157,12,836.00,921.00,68.00,158.00,0.794837,-1,-1,-1
157,13,1578.00,591.00,95.00,234.00,0.609411,-1,-1,-1
157,20,676.00,282.00,59.00,131.00,0.580288,-1,-1,-1
157,21,1479.00,4.00,60.00,140.00,0.780106,-1,-1,-1
157,26,807.00,144.00,56.00,172.00,0.548067,-1,-1,-1
157,29,561.00,114.00,55.00,170.00,0.309841,-1,-1,-1
157,38,1548.00,591.00,122.00,235.00,0.767529,-1,-1,-1
157,44,351.00,106.00,64.00,176.00,0.419273,-1,-1,-1
157,47,238.00,207.00,64.00,199.00,0.601485,-1,-1,-1
157,55,483.00,128.00,55.00,179.00,0.578755,-1,-1,-1
157,71,1353.00,847.00,111.00,232.00,0.765797,-1,-1,-1
157,72,1267.00,863.00,102.00,215.00,0.757156,-1,-1,-1
157,76,420.00,142.00,50.00,159.00,0.528337,-1,-1,-1
157,79,747.00,79.00,54.00,142.00,0.325001,-1,-1,-1
157,81,1078.00,0.00,67.00,98.00,0.676909,-1,-1,-1
158,5,1710.00,452.00,94.00,215.00,0.818093,-1,-1,-1
158,6,363.00,530.00,99.00,245.00,0.891885,-1,-1,-1
158,7,1102.00,1051.00,33.00,29.00,0.382103,-1,-1,-1
158,8,310.00,360.00,69.00,206.00,0.839581,-1,-1,-1
158,9,1618.00,154.00,69.00,183.00,0.855554,-1,-1,-1
158,11,288.00,218.00,61.00,179.00,0.544391,-1,-1,-1
158,12,835.00,921.00,68.00,158.00,0.817680,-1,-1,-1
158,13,1573.00,592.00,96.00,234.00,0.792693,-1,-1,-1
158,20,676.00,282.00,59.00,130.00,0.633569,-1,-1,-1
158,21,1479.00,4.00,60.00,139.00,0.794040,-1,-1,-1
158,26,806.00,144.00,56.00,172.00,0.558646,-1,-1,-1
158,29,564.00,115.00,56.00,169.00,0.311255,-1,-1,-1
158,44,350.00,104.00,64.00,178.00,0.354267,-1,-1,-1
158,47,239.00,206.00,63.00,200.00,0.599756,-1,-1,-1
158,55,484.00,128.00,55.00,178.00,0.563393,-1,-1,-1
158,71,1351.00,842.00,111.00,237.00,0.786947,-1,-1,-1
158,72,1264.00,862.00,101.00,216.00,0.746506,-1,-1,-1
158,76,420.00,141.00,50.00,159.00,0.565009,-1,-1,-1
158,79,747.00,79.00,54.00,143.00,0.408832,-1,-1,-1
158,81,1076.00,0.00,67.00,98.00,0.639484,-1,-1,-1
159,5,1710.00,452.00,94.00,215.00,0.826996,-1,-1,-1
159,6,360.00,530.00,101.00,246.00,0.888357,-1,-1,-1
159,7,1101.00,1053.00,32.00,27.00,0.297762,-1,-1,-1
159,8,310.00,361.00,68.00,206.00,0.856354,-1,-1,-1
159,9,1617.00,153.00,69.00,184.00,0.848606,-1,-1,-1
159,11,289.00,219.00,61.00,178.00,0.540898,-1,-1,-1
159,12,833.00,921.00,70.00,158.00,0.813438,-1,-1,-1
159,20,676.00,282.00,59.00,130.00,0.569986,-1,-1,-1
159,21,1478.00,3.00,61.00,140.00,0.774040,-1,-1,-1
159,26,805.00,143.00,56.00,172.00,0.534804,-1,-1,-1
159,29,563.00,114.00,56.00,169.00,0.306738,-1,-1,-1
159,38,1550.00,593.00,121.00,233.00,0.774953,-1,-1,-1
159,44,349.00,102.00,65.00,180.00,0.306762,-1,-1,-1
159,47,240.00,205.00,63.00,199.00,0.627400,-1,-1,-1
159,55,485.00,128.00,55.00,178.00,0.547685,-1,-1,-1
159,71,1349.00,838.00,111.00,241.00,0.790103,-1,-1,-1
159,72,1261.00,860.00,101.00,218.00,0.760930,-1,-1,-1
159,76,420.00,139.00,51.00,161.00,0.558835,-1,-1,-1
159,79,747.00,79.00,54.00,143.00,0.370992,-1,-1,-1
159,81,1074.00,0.00,66.00,96.00,0.637593,-1,-1,-1
160,5,1709.00,452.00,95.00,215.00,0.831785,-1,-1,-1
160,6,358.00,530.00,103.00,246.00,0.892192,-1,-1,-1
160,8,309.00,362.00,69.00,209.00,0.857289,-1,-1,-1
160,9,1616.00,153.00,68.00,182.00,0.850673,-1,-1,-1
160,11,291.00,219.00,61.00,180.00,0.540359,-1,-1,-1
160,12,832.00,920.00,70.00,159.00,0.808856,-1,-1,-1
160,13,1570.00,594.00,97.00,232.00,0.794936,-1,-1,-1
160,20,676.00,282.00,59.00,130.00,0.573386,-1,-1,-1
160,21,1479.00,3.00,60.00,139.00,0.787952,-1,-1,-1
160,26,805.00,143.00,56.00,171.00,0.527920,-1,-1,-1
160,29,561.00,109.00,58.00,175.00,0.349628,-1,-1,-1
160,44,349.00,102.00,65.00,179.00,0.368841,-1,-1,-1
160,47,241.00,203.00,64.00,201.00,0.626858,-1,-1,-1
160,55,485.00,128.00,55.00,178.00,0.563147,-1,-1,-1
160,71,1346.00,835.00,110.00,244.00,0.776390,-1,-1,-1
160,72,1258.00,859.00,101.00,220.00,0.762757,-1,-1,-1
160,76,421.00,139.00,51.00,162.00,0.613606,-1,-1,-1
160,79,746.00,79.00,56.00,145.00,0.352733,-1,-1,-1
160,81,1071.00,0.00,65.00,95.00,0.641286,-1,-1,-1
161,5,1709.00,452.00,95.00,215.00,0.842344,-1,-1,-1
161,6,356.00,530.00,104.00,246.00,0.892310,-1,-1,-1
161,8,308.00,364.00,70.00,210.00,0.858914,-1,-1,-1
161,9,1615.00,152.00,68.00,181.00,0.852967,-1,-1,-1
161,11,292.00,218.00,61.00,181.00,0.592921,-1,-1,-1
161,12,830.00,920.00,72.00,158.00,0.812529,-1,-1,-1
161,20,677.00,283.00,58.00,128.00,0.530307,-1,-1,-1
161,21,1479.00,3.00,60.00,139.00,0.766932,-1,-1,-1
161,26,805.00,143.00,56.00,171.00,0.465297,-1,-1,-1
161,29,559.00,107.00,59.00,177.00,0.414528,-1,-1,-1
161,38,1551.00,593.00,121.00,233.00,0.814187,-1,-1,-1
161,44,350.00,105.00,63.00,176.00,0.403370,-1,-1,-1
161,47,242.00,203.00,64.00,200.00,0.654234,-1,-1,-1
161,55,485.00,128.00,55.00,178.00,0.559850,-1,-1,-1
161,71,1343.00,831.00,109.00,249.00,0.763695,-1,-1,-1
161,72,1255.00,858.00,101.00,221.00,0.745244,-1,-1,-1
161,76,423.00,142.00,50.00,158.00,0.624130,-1,-1,-1
161,79,746.00,78.00,56.00,146.00,0.279045,-1,-1,-1
161,81,1067.00,0.00,65.00,94.00,0.523946,-1,-1,-1
162,5,1709.00,452.00,96.00,214.00,0.838826,-1,-1,-1
162,6,355.00,530.00,104.00,247.00,0.893558,-1,-1,-1
162,8,307.00,365.00,71.00,213.00,0.857552,-1,-1,-1
162,9,1615.00,149.00,66.00,181.00,0.847053,-1,-1,-1
162,11,293.00,216.00,61.00,184.00,0.593993,-1,-1,-1
162,12,829.00,921.00,72.00,157.00,0.831307,-1,-1,-1
162,13,1577.00,592.00,97.00,233.00,0.552679,-1,-1,-1
162,20,677.00,283.00,57.00,127.00,0.544680,-1,-1,-1
162,21,1479.00,3.00,60.00,139.00,0.783097,-1,-1,-1
162,26,805.00,143.00,55.00,171.00,0.510436,-1,-1,-1
162,29,559.00,107.00,58.00,178.00,0.466267,-1,-1,-1
162,38,1547.00,592.00,122.00,234.00,0.755674,-1,-1,-1
162,44,350.00,103.00,64.00,177.00,0.375199,-1,-1,-1
162,47,243.00,202.00,63.00,200.00,0.690698,-1,-1,-1
162,55,485.00,129.00,55.00,176.00,0.555277,-1,-1,-1
162,71,1339.00,828.00,109.00,251.00,0.771736,-1,-1,-1
162,72,1253.00,856.00,101.00,223.00,0.746815,-1,-1,-1
162,76,425.00,146.00,49.00,153.00,0.613672,-1,-1,-1
162,81,1061.00,0.00,63.00,93.00,0.446505,-1,-1,-1
163,5,1709.00,452.00,95.00,214.00,0.833339,-1,-1,-1
163,6,356.00,530.00,104.00,248.00,0.891423,-1,-1,-1
163,8,307.00,367.00,69.00,212.00,0.856253,-1,-1,-1
163,9,1614.00,147.00,65.00,180.00,0.848955,-1,-1,-1
163,11,294.00,215.00,61.00,183.00,0.614343,-1,-1,-1
163,12,828.00,922.00,72.00,156.00,0.811155,-1,-1,-1
163,20,678.00,283.00,57.00,126.00,0.534547,-1,-1,-1
163,21,1479.00,3.00,60.00,139.00,0.789742,-1,-1,-1
163,26,806.00,142.00,54.00,172.00,0.426654,-1,-1,-1
163,29,559.00,109.00,57.00,176.00,0.406945,-1,-1,-1
163,38,1551.00,591.00,121.00,235.00,0.663791,-1,-1,-1
163,44,349.00,102.00,65.00,178.00,0.345590,-1,-1,-1
163,47,244.00,202.00,63.00,199.00,0.692412,-1,-1,-1
163,55,485.00,129.00,55.00,176.00,0.549991,-1,-1,-1
163,71,1338.00,825.00,107.00,254.00,0.741638,-1,-1,-1
163,72,1252.00,853.00,101.00,226.00,0.754634,-1,-1,-1
163,76,425.00,148.00,49.00,154.00,0.606344,-1,-1,-1
163,81,1057.00,0.00,61.00,92.00,0.416837,-1,-1,-1
164,5,1710.00,451.00,95.00,215.00,0.820497,-1,-1,-1
164,6,356.00,531.00,104.00,247.00,0.891809,-1,-1,-1
164,8,307.00,369.00,69.00,211.00,0.858774,-1,-1,-1
164,9,1612.00,146.00,66.00,178.00,0.857713,-1,-1,-1
164,11,295.00,213.00,60.00,183.00,0.601227,-1,-1,-1
164,12,827.00,922.00,73.00,156.00,0.832699,-1,-1,-1
164,13,1583.00,592.00,94.00,233.00,0.648073,-1,-1,-1
164,20,678.00,283.00,57.00,126.00,0.526589,-1,-1,-1
164,21,1479.00,3.00,60.00,140.00,0.777974,-1,-1,-1
164,26,807.00,142.00,53.00,171.00,0.426218,-1,-1,-1
164,29,559.00,110.00,57.00,174.00,0.449805,-1,-1,-1
164,44,349.00,101.00,65.00,179.00,0.339960,-1,-1,-1
164,47,245.00,202.00,63.00,198.00,0.720007,-1,-1,-1
164,55,485.00,130.00,55.00,176.00,0.566720,-1,-1,-1
164,71,1333.00,824.00,107.00,254.00,0.766012,-1,-1,-1
164,72,1250.00,850.00,100.00,229.00,0.720559,-1,-1,-1
164,76,425.00,152.00,49.00,152.00,0.634837,-1,-1,-1
164,81,1053.00,0.00,61.00,92.00,0.468211,-1,-1,-1
165,5,1710.00,451.00,95.00,216.00,0.833252,-1,-1,-1
165,6,358.00,531.00,102.00,248.00,0.887730,-1,-1,-1
165,8,306.00,371.00,69.00,211.00,0.850364,-1,-1,-1
165,9,1611.00,143.00,65.00,179.00,0.863799,-1,-1,-1
165,11,296.00,212.00,60.00,183.00,0.651094,-1,-1,-1
165,12,826.00,923.00,74.00,155.00,0.847454,-1,-1,-1
165,20,678.00,283.00,57.00,126.00,0.557564,-1,-1,-1
165,21,1479.00,3.00,60.00,140.00,0.788223,-1,-1,-1
165,26,806.00,141.00,53.00,172.00,0.415560,-1,-1,-1
165,29,560.00,112.00,56.00,173.00,0.429500,-1,-1,-1
165,38,1550.00,591.00,122.00,235.00,0.725921,-1,-1,-1
165,44,349.00,99.00,65.00,181.00,0.421957,-1,-1,-1
165,47,247.00,201.00,62.00,198.00,0.713091,-1,-1,-1
165,55,485.00,130.00,55.00,179.00,0.624490,-1,-1,-1
165,71,1330.00,822.00,106.00,256.00,0.771755,-1,-1,-1
165,72,1247.00,848.00,101.00,231.00,0.704082,-1,-1,-1
165,76,426.00,154.00,49.00,152.00,0.631676,-1,-1,-1
165,81,1054.00,0.00,60.00,93.00,0.398450,-1,-1,-1
166,5,1710.00,451.00,95.00,215.00,0.824634,-1,-1,-1
166,6,360.00,532.00,101.00,250.00,0.888682,-1,-1,-1
166,8,304.00,373.00,70.00,214.00,0.861081,-1,-1,-1
166,9,1610.00,142.00,65.00,178.00,0.876361,-1,-1,-1
166,11,297.00,211.00,59.00,179.00,0.638720,-1,-1,-1
166,12,826.00,925.00,73.00,153.00,0.846022,-1,-1,-1
166,20,679.00,284.00,57.00,125.00,0.551064,-1,-1,-1
166,21,1479.00,2.00,60.00,140.00,0.798933,-1,-1,-1
166,26,804.00,141.00,53.00,171.00,0.529062,-1,-1,-1
166,29,561.00,114.00,55.00,170.00,0.369833,-1,-1,-1
166,38,1558.00,592.00,119.00,234.00,0.802203,-1,-1,-1
166,44,348.00,97.00,66.00,183.00,0.395641,-1,-1,-1
166,47,248.00,200.00,61.00,195.00,0.704354,-1,-1,-1
166,55,485.00,132.00,55.00,180.00,0.661012,-1,-1,-1
166,71,1327.00,821.00,106.00,257.00,0.784024,-1,-1,-1
166,72,1245.00,844.00,100.00,235.00,0.742253,-1,-1,-1
166,76,426.00,155.00,49.00,152.00,0.613551,-1,-1,-1
166,81,1052.00,0.00,58.00,93.00,0.489463,-1,-1,-1
167,5,1710.00,451.00,95.00,215.00,0.829417,-1,-1,-1
167,6,362.00,532.00,100.00,251.00,0.885085,-1,-1,-1
167,8,304.00,373.00,69.00,217.00,0.866030,-1,-1,-1
167,9,1608.00,139.00,66.00,179.00,0.878226,-1,-1,-1
167,11,299.00,210.00,57.00,177.00,0.617245,-1,-1,-1
167,12,826.00,925.00,73.00,153.00,0.845303,-1,-1,-1
167,13,1580.00,593.00,94.00,232.00,0.642614,-1,-1,-1
167,20,678.00,282.00,58.00,127.00,0.526799,-1,-1,-1
167,21,1479.00,2.00,59.00,140.00,0.785802,-1,-1,-1
167,26,803.00,140.00,53.00,172.00,0.510324,-1,-1,-1
167,29,561.00,116.00,54.00,168.00,0.412619,-1,-1,-1
167,38,1550.00,591.00,121.00,235.00,0.752854,-1,-1,-1
167,44,349.00,97.00,66.00,183.00,0.411159,-1,-1,-1
167,47,249.00,198.00,61.00,198.00,0.721843,-1,-1,-1
167,55,485.00,133.00,56.00,182.00,0.665860,-1,-1,-1
167,71,1325.00,819.00,105.00,259.00,0.784016,-1,-1,-1
167,72,1242.00,840.00,101.00,239.00,0.790045,-1,-1,-1
167,76,425.00,155.00,50.00,154.00,0.659082,-1,-1,-1
167,81,1047.00,0.00,58.00,92.00,0.485010,-1,-1,-1
168,5,1710.00,451.00,95.00,215.00,0.843722,-1,-1,-1
168,6,365.00,532.00,98.00,251.00,0.855813,-1,-1,-1
168,8,303.00,374.00,69.00,218.00,0.873040,-1,-1,-1
168,9,1607.00,137.00,66.00,181.00,0.887522,-1,-1,-1
168,11,298.00,209.00,58.00,179.00,0.555960,-1,-1,-1
168,12,826.00,926.00,73.00,152.00,0.831061,-1,-1,-1
168,13,1579.00,590.00,95.00,235.00,0.610884,-1,-1,-1
168,20,678.00,282.00,58.00,127.00,0.551254,-1,-1,-1
168,21,1479.00,3.00,59.00,140.00,0.805031,-1,-1,-1
168,26,802.00,140.00,52.00,172.00,0.515957,-1,-1,-1
168,29,560.00,115.00,55.00,169.00,0.408167,-1,-1,-1
168,38,1547.00,590.00,122.00,236.00,0.744820,-1,-1,-1
168,44,349.00,96.00,66.00,184.00,0.358443,-1,-1,-1
168,47,249.00,198.00,61.00,197.00,0.663676,-1,-1,-1
168,55,485.00,134.00,56.00,182.00,0.669663,-1,-1,-1
168,71,1323.00,818.00,104.00,259.00,0.793590,-1,-1,-1
168,72,1240.00,836.00,100.00,243.00,0.785585,-1,-1,-1
168,76,425.00,154.00,50.00,156.00,0.656816,-1,-1,-1
168,81,1043.00,0.00,59.00,93.00,0.605936,-1,-1,-1
169,5,1710.00,451.00,96.00,215.00,0.840615,-1,-1,-1
169,6,369.00,533.00,95.00,251.00,0.848319,-1,-1,-1
169,8,302.00,374.00,69.00,219.00,0.865186,-1,-1,-1
169,9,1605.00,136.00,67.00,181.00,0.875489,-1,-1,-1
169,11,299.00,209.00,57.00,180.00,0.576818,-1,-1,-1
169,12,826.00,927.00,73.00,151.00,0.822582,-1,-1,-1
169,13,1581.00,589.00,94.00,236.00,0.628843,-1,-1,-1
169,20,677.00,281.00,59.00,128.00,0.528694,-1,-1,-1
169,21,1479.00,3.00,59.00,139.00,0.787648,-1,-1,-1
169,26,801.00,139.00,52.00,173.00,0.576368,-1,-1,-1
169,29,561.00,116.00,54.00,168.00,0.411366,-1,-1,-1
169,44,349.00,95.00,66.00,185.00,0.377219,-1,-1,-1
169,47,249.00,198.00,61.00,196.00,0.669995,-1,-1,-1
169,55,485.00,135.00,56.00,183.00,0.656487,-1,-1,-1
169,71,1320.00,817.00,105.00,262.00,0.771869,-1,-1,-1
169,72,1237.00,831.00,101.00,248.00,0.802576,-1,-1,-1
169,76,425.00,155.00,50.00,155.00,0.625242,-1,-1,-1
169,81,1038.00,0.00,60.00,92.00,0.667677,-1,-1,-1
170,5,1710.00,451.00,96.00,215.00,0.836933,-1,-1,-1
170,6,371.00,535.00,92.00,248.00,0.854878,-1,-1,-1
170,8,301.00,374.00,68.00,219.00,0.868755,-1,-1,-1
170,9,1604.00,135.00,67.00,183.00,0.871586,-1,-1,-1
170,11,299.00,209.00,59.00,181.00,0.616691,-1,-1,-1
170,12,826.00,928.00,74.00,150.00,0.825598,-1,-1,-1
170,20,677.00,280.00,59.00,129.00,0.509277,-1,-1,-1
170,21,1479.00,2.00,59.00,140.00,0.775611,-1,-1,-1
170,26,801.00,139.00,52.00,174.00,0.518398,-1,-1,-1
170,29,561.00,116.00,53.00,168.00,0.406580,-1,-1,-1
170,38,1555.00,590.00,119.00,235.00,0.784840,-1,-1,-1
170,44,347.00,93.00,67.00,186.00,0.429266,-1,-1,-1
170,47,250.00,198.00,60.00,195.00,0.686271,-1,-1,-1
170,55,485.00,137.00,56.00,182.00,0.684533,-1,-1,-1
170,71,1318.00,815.00,104.00,264.00,0.795236,-1,-1,-1
170,72,1236.00,828.00,100.00,251.00,0.809203,-1,-1,-1
170,76,425.00,156.00,50.00,154.00,0.622414,-1,-1,-1
170,81,1036.00,0.00,60.00,92.00,0.648061,-1,-1,-1
171,5,1711.00,451.00,95.00,215.00,0.845968,-1,-1,-1
171,6,372.00,536.00,90.00,247.00,0.853727,-1,-1,-1
171,8,300.00,375.00,68.00,218.00,0.869122,-1,-1,-1
171,9,1602.00,134.00,68.00,184.00,0.868508,-1,-1,-1
171,11,301.00,208.00,58.00,181.00,0.593877,-1,-1,-1
171,12,826.00,930.00,75.00,148.00,0.826815,-1,-1,-1
171,20,677.00,280.00,58.00,129.00,0.499534,-1,-1,-1
171,21,1479.00,3.00,59.00,138.00,0.775895,-1,-1,-1
171,26,801.00,139.00,51.00,174.00,0.556431,-1,-1,-1
171,29,560.00,113.00,54.00,172.00,0.414639,-1,-1,-1
171,38,1549.00,591.00,121.00,234.00,0.747308,-1,-1,-1
171,44,347.00,92.00,67.00,188.00,0.379922,-1,-1,-1
171,47,251.00,198.00,59.00,195.00,0.677650,-1,-1,-1
171,55,485.00,138.00,56.00,183.00,0.667144,-1,-1,-1
171,71,1317.00,812.00,104.00,266.00,0.788164,-1,-1,-1
171,72,1234.00,825.00,99.00,254.00,0.818456,-1,-1,-1
171,76,425.00,155.00,50.00,155.00,0.607571,-1,-1,-1
171,81,1034.00,0.00,60.00,91.00,0.648786,-1,-1,-1
172,5,1711.00,451.00,95.00,215.00,0.844849,-1,-1,-1
172,6,374.00,537.00,87.00,246.00,0.846078,-1,-1,-1
172,8,299.00,376.00,68.00,216.00,0.867101,-1,-1,-1
172,9,1601.00,134.00,69.00,184.00,0.873306,-1,-1,-1
172,11,302.00,208.00,57.00,180.00,0.557026,-1,-1,-1
172,12,828.00,930.00,74.00,148.00,0.834240,-1,-1,-1
172,13,1582.00,589.00,93.00,235.00,0.517787,-1,-1,-1
172,20,677.00,280.00,58.00,129.00,0.553023,-1,-1,-1
172,21,1479.00,3.00,59.00,138.00,0.786538,-1,-1,-1
172,26,800.00,138.00,52.00,175.00,0.578968,-1,-1,-1
172,29,560.00,113.00,54.00,171.00,0.438952,-1,-1,-1
172,38,1546.00,589.00,122.00,236.00,0.698261,-1,-1,-1
172,44,346.00,90.00,68.00,189.00,0.418113,-1,-1,-1
172,47,252.00,197.00,59.00,195.00,0.684262,-1,-1,-1
172,55,485.00,138.00,56.00,183.00,0.649853,-1,-1,-1
172,71,1314.00,810.00,103.00,269.00,0.802671,-1,-1,-1
172,72,1232.00,823.00,99.00,256.00,0.819926,-1,-1,-1
172,76,423.00,153.00,52.00,157.00,0.617306,-1,-1,-1
172,81,1033.00,0.00,60.00,91.00,0.645258,-1,-1,-1
173,5,1711.00,451.00,95.00,214.00,0.840026,-1,-1,-1
173,6,375.00,538.00,85.00,245.00,0.843639,-1,-1,-1
173,8,298.00,376.00,68.00,215.00,0.865997,-1,-1,-1
173,9,1600.00,134.00,70.00,187.00,0.870018,-1,-1,-1
173,11,303.00,208.00,57.00,181.00,0.535371,-1,-1,-1
173,12,829.00,931.00,75.00,147.00,0.830978,-1,-1,-1
173,13,1583.00,589.00,92.00,235.00,0.541988,-1,-1,-1
173,20,677.00,280.00,58.00,129.00,0.543786,-1,-1,-1
173,21,1480.00,3.00,58.00,138.00,0.773188,-1,-1,-1
173,26,800.00,138.00,51.00,175.00,0.573700,-1,-1,-1
173,29,560.00,112.00,54.00,172.00,0.472738,-1,-1,-1
173,38,1544.00,589.00,124.00,236.00,0.740642,-1,-1,-1
173,44,346.00,89.00,68.00,190.00,0.410248,-1,-1,-1
173,47,252.00,196.00,59.00,196.00,0.662649,-1,-1,-1
173,55,485.00,139.00,56.00,182.00,0.664763,-1,-1,-1
173,71,1311.00,807.00,104.00,272.00,0.828472,-1,-1,-1
173,72,1229.00,821.00,99.00,258.00,0.817580,-1,-1,-1
173,76,422.00,151.00,53.00,159.00,0.608356,-1,-1,-1
173,81,1031.00,0.00,61.00,89.00,0.650518,-1,-1,-1
174,5,1711.00,451.00,95.00,214.00,0.847896,-1,-1,-1
174,6,376.00,538.00,82.00,245.00,0.846326,-1,-1,-1
174,8,297.00,376.00,68.00,214.00,0.869071,-1,-1,-1
174,9,1599.00,134.00,70.00,187.00,0.871252,-1,-1,-1
174,11,304.00,207.00,56.00,182.00,0.458572,-1,-1,-1
174,12,830.00,931.00,76.00,148.00,0.822257,-1,-1,-1
174,13,1582.00,589.00,92.00,235.00,0.581591,-1,-1,-1
174,20,677.00,279.00,59.00,130.00,0.470665,-1,-1,-1
174,21,1479.00,2.00,59.00,139.00,0.790023,-1,-1,-1
174,26,799.00,139.00,51.00,174.00,0.543780,-1,-1,-1
174,29,560.00,112.00,54.00,172.00,0.486876,-1,-1,-1
174,38,1546.00,589.00,123.00,236.00,0.746381,-1,-1,-1
174,44,345.00,89.00,68.00,191.00,0.342873,-1,-1,-1
174,47,253.00,196.00,59.00,195.00,0.632213,-1,-1,-1
174,55,485.00,139.00,55.00,182.00,0.639790,-1,-1,-1
174,71,1308.00,802.00,104.00,276.00,0.808959,-1,-1,-1
174,72,1227.00,819.00,98.00,259.00,0.809975,-1,-1,-1
174,76,420.00,151.00,54.00,158.00,0.555633,-1,-1,-1
174,81,1028.00,0.00,61.00,90.00,0.577882,-1,-1,-1
175,5,1711.00,450.00,95.00,216.00,0.844159,-1,-1,-1
175,6,377.00,539.00,80.00,244.00,0.853383,-1,-1,-1
175,8,297.00,377.00,68.00,213.00,0.871444,-1,-1,-1
175,9,1599.00,135.00,70.00,186.00,0.863962,-1,-1,-1
175,11,304.00,208.00,56.00,182.00,0.502348,-1,-1,-1
175,12,832.00,931.00,76.00,148.00,0.830792,-1,-1,-1
175,13,1580.00,591.00,92.00,233.00,0.561335,-1,-1,-1
175,20,677.00,280.00,58.00,129.00,0.542570,-1,-1,-1
175,21,1479.00,2.00,59.00,141.00,0.767101,-1,-1,-1
175,26,799.00,139.00,51.00,174.00,0.538919,-1,-1,-1
175,29,560.00,111.00,54.00,173.00,0.465713,-1,-1,-1
175,38,1544.00,588.00,125.00,237.00,0.744835,-1,-1,-1
175,44,344.00,88.00,69.00,192.00,0.369458,-1,-1,-1
175,47,253.00,196.00,59.00,195.00,0.624874,-1,-1,-1
175,55,485.00,140.00,55.00,181.00,0.628627,-1,-1,-1
175,71,1307.00,799.00,100.00,271.00,0.769264,-1,-1,-1
175,72,1224.00,819.00,98.00,258.00,0.811074,-1,-1,-1
175,76,418.00,152.00,54.00,158.00,0.523983,-1,-1,-1
175,81,1025.00,0.00,60.00,88.00,0.456538,-1,-1,-1
176,5,1711.00,450.00,95.00,215.00,0.836509,-1,-1,-1
176,6,378.00,539.00,78.00,244.00,0.892294,-1,-1,-1
176,8,297.00,377.00,68.00,213.00,0.864734,-1,-1,-1
176,9,1598.00,135.00,70.00,186.00,0.860387,-1,-1,-1
176,11,304.00,208.00,55.00,183.00,0.545285,-1,-1,-1
176,12,833.00,931.00,77.00,148.00,0.840166,-1,-1,-1
176,13,1584.00,590.00,91.00,233.00,0.576541,-1,-1,-1
176,20,677.00,279.00,58.00,130.00,0.556378,-1,-1,-1
176,21,1479.00,2.00,60.00,143.00,0.744766,-1,-1,-1
176,26,798.00,138.00,51.00,174.00,0.538592,-1,-1,-1
176,29,560.00,110.00,54.00,174.00,0.512402,-1,-1,-1
176,38,1549.00,586.00,124.00,237.00,0.361056,-1,-1,-1
176,44,344.00,89.00,68.00,191.00,0.399227,-1,-1,-1
176,47,254.00,195.00,59.00,195.00,0.672674,-1,-1,-1
176,55,484.00,140.00,55.00,181.00,0.649788,-1,-1,-1
176,71,1305.00,795.00,100.00,273.00,0.788068,-1,-1,-1
176,72,1219.00,818.00,97.00,259.00,0.838979,-1,-1,-1
176,76,417.00,152.00,55.00,157.00,0.491221,-1,-1,-1
176,81,1023.00,0.00,58.00,86.00,0.478818,-1,-1,-1
177,5,1711.00,450.00,95.00,216.00,0.841556,-1,-1,-1
177,6,379.00,541.00,75.00,242.00,0.869992,-1,-1,-1
177,8,296.00,377.00,69.00,214.00,0.865359,-1,-1,-1
177,9,1598.00,135.00,70.00,187.00,0.871226,-1,-1,-1
177,11,304.00,206.00,56.00,184.00,0.615442,-1,-1,-1
177,12,835.00,932.00,77.00,147.00,0.834676,-1,-1,-1
177,13,1585.00,591.00,90.00,233.00,0.521129,-1,-1,-1
177,20,677.00,279.00,58.00,130.00,0.572814,-1,-1,-1
177,21,1478.00,2.00,62.00,146.00,0.760320,-1,-1,-1
177,26,798.00,138.00,50.00,173.00,0.512574,-1,-1,-1
177,29,560.00,111.00,54.00,173.00,0.464979,-1,-1,-1
177,38,1546.00,590.00,124.00,234.00,0.726489,-1,-1,-1
177,44,344.00,87.00,69.00,192.00,0.357833,-1,-1,-1
177,47,254.00,195.00,59.00,195.00,0.676322,-1,-1,-1
177,55,484.00,141.00,54.00,180.00,0.636181,-1,-1,-1
177,71,1304.00,791.00,99.00,272.00,0.816804,-1,-1,-1
177,72,1216.00,818.00,97.00,259.00,0.841115,-1,-1,-1
177,76,421.00,152.00,55.00,158.00,0.438800,-1,-1,-1
177,81,1021.00,0.00,55.00,83.00,0.448270,-1,-1,-1
178,5,1711.00,450.00,95.00,216.00,0.844697,-1,-1,-1
178,6,381.00,541.00,73.00,242.00,0.891228,-1,-1,-1
178,8,295.00,378.00,70.00,216.00,0.854754,-1,-1,-1
178,9,1598.00,134.00,70.00,186.00,0.862530,-1,-1,-1
178,11,304.00,206.00,56.00,184.00,0.613879,-1,-1,-1
178,12,838.00,932.00,77.00,147.00,0.834803,-1,-1,-1
178,20,677.00,279.00,58.00,130.00,0.620333,-1,-1,-1
178,21,1479.00,2.00,60.00,145.00,0.756639,-1,-1,-1
178,26,798.00,138.00,50.00,173.00,0.498903,-1,-1,-1
178,29,560.00,109.00,54.00,174.00,0.487500,-1,-1,-1
178,38,1552.00,591.00,122.00,233.00,0.796561,-1,-1,-1
178,44,345.00,88.00,67.00,191.00,0.423306,-1,-1,-1
178,47,254.00,195.00,59.00,195.00,0.680970,-1,-1,-1
178,55,483.00,142.00,55.00,179.00,0.621739,-1,-1,-1
178,71,1304.00,787.00,97.00,268.00,0.813711,-1,-1,-1
178,72,1214.00,816.00,97.00,261.00,0.828794,-1,-1,-1
178,76,423.00,153.00,54.00,158.00,0.494845,-1,-1,-1
178,81,1019.00,0.00,53.00,82.00,0.457692,-1,-1,-1
179,5,1711.00,450.00,95.00,216.00,0.842283,-1,-1,-1
179,6,382.00,541.00,72.00,242.00,0.863978,-1,-1,-1
179,8,293.00,378.00,72.00,221.00,0.855838,-1,-1,-1
179,9,1599.00,132.00,70.00,187.00,0.860520,-1,-1,-1
179,11,305.00,205.00,55.00,181.00,0.626818,-1,-1,-1
179,12,840.00,932.00,78.00,147.00,0.823943,-1,-1,-1
179,13,1583.00,589.00,91.00,235.00,0.568503,-1,-1,-1
179,20,677.00,280.00,58.00,129.00,0.607527,-1,-1,-1
179,21,1479.00,1.00,60.00,145.00,0.766996,-1,-1,-1
179,26,798.00,138.00,51.00,173.00,0.479621,-1,-1,-1
179,29,560.00,110.00,54.00,173.00,0.456641,-1,-1,-1
179,38,1547.00,589.00,124.00,236.00,0.750830,-1,-1,-1
179,44,344.00,87.00,69.00,192.00,0.421747,-1,-1,-1
179,47,255.00,195.00,59.00,195.00,0.666950,-1,-1,-1
179,55,482.00,143.00,55.00,178.00,0.616110,-1,-1,-1
179,71,1303.00,784.00,97.00,268.00,0.786063,-1,-1,-1
179,72,1212.00,813.00,97.00,265.00,0.834642,-1,-1,-1
179,76,418.00,154.00,56.00,161.00,0.544314,-1,-1,-1
179,81,1016.00,0.00,52.00,81.00,0.378034,-1,-1,-1
180,5,1710.00,449.00,96.00,217.00,0.848334,-1,-1,-1
180,6,384.00,541.00,70.00,242.00,0.887405,-1,-1,-1
180,8,293.00,381.00,72.00,221.00,0.849469,-1,-1,-1
180,9,1599.00,131.00,70.00,186.00,0.857137,-1,-1,-1
180,11,305.00,205.00,55.00,181.00,0.625697,-1,-1,-1
180,12,842.00,932.00,78.00,147.00,0.849639,-1,-1,-1
180,13,1581.00,591.00,91.00,233.00,0.555381,-1,-1,-1
180,20,677.00,280.00,58.00,129.00,0.528878,-1,-1,-1
180,21,1479.00,0.00,60.00,146.00,0.757526,-1,-1,-1
180,26,798.00,138.00,51.00,173.00,0.468004,-1,-1,-1
180,29,560.00,110.00,53.00,174.00,0.512744,-1,-1,-1
180,38,1545.00,589.00,125.00,237.00,0.736834,-1,-1,-1
180,44,344.00,87.00,69.00,192.00,0.392780,-1,-1,-1
180,47,255.00,195.00,59.00,195.00,0.667683,-1,-1,-1
180,55,481.00,144.00,55.00,176.00,0.635996,-1,-1,-1
180,71,1301.00,782.00,97.00,271.00,0.799881,-1,-1,-1
180,72,1211.00,810.00,96.00,267.00,0.846021,-1,-1,-1
180,76,415.00,155.00,59.00,164.00,0.604320,-1,-1,-1
180,81,1013.00,0.00,51.00,82.00,0.342636,-1,-1,-1
181,5,1711.00,450.00,95.00,215.00,0.842745,-1,-1,-1
181,6,385.00,542.00,69.00,241.00,0.841122,-1,-1,-1
181,8,293.00,385.00,72.00,219.00,0.857383,-1,-1,-1
181,9,1599.00,129.00,70.00,186.00,0.868155,-1,-1,-1
181,11,305.00,204.00,55.00,182.00,0.614276,-1,-1,-1
181,12,844.00,933.00,77.00,146.00,0.824108,-1,-1,-1
181,13,1581.00,591.00,91.00,233.00,0.633716,-1,-1,-1
181,20,677.00,280.00,58.00,129.00,0.587473,-1,-1,-1
181,21,1479.00,0.00,59.00,145.00,0.776042,-1,-1,-1
181,26,797.00,138.00,51.00,173.00,0.511542,-1,-1,-1
181,29,560.00,109.00,54.00,175.00,0.484219,-1,-1,-1
181,38,1544.00,589.00,126.00,236.00,0.728130,-1,-1,-1
181,44,344.00,88.00,69.00,192.00,0.380692,-1,-1,-1
181,47,255.00,195.00,59.00,194.00,0.654025,-1,-1,-1
181,55,481.00,145.00,55.00,176.00,0.640487,-1,-1,-1
181,71,1299.00,781.00,96.00,270.00,0.803627,-1,-1,-1
181,72,1208.00,807.00,96.00,268.00,0.830760,-1,-1,-1
181,76,414.00,154.00,60.00,168.00,0.516254,-1,-1,-1
181,81,1010.00,0.00,51.00,82.00,0.294980,-1,-1,-1
182,5,1711.00,450.00,94.00,215.00,0.842815,-1,-1,-1
182,6,386.00,542.00,68.00,242.00,0.834372,-1,-1,-1
182,8,293.00,389.00,71.00,216.00,0.859801,-1,-1,-1
182,9,1601.00,128.00,68.00,181.00,0.869846,-1,-1,-1
182,11,305.00,204.00,54.00,180.00,0.628248,-1,-1,-1
182,12,844.00,933.00,79.00,146.00,0.844379,-1,-1,-1
182,13,1582.00,590.00,91.00,233.00,0.588337,-1,-1,-1
182,20,677.00,279.00,58.00,130.00,0.582247,-1,-1,-1
182,21,1479.00,0.00,59.00,143.00,0.765841,-1,-1,-1
182,26,796.00,138.00,51.00,173.00,0.503094,-1,-1,-1
182,29,559.00,107.00,55.00,178.00,0.483037,-1,-1,-1
182,38,1543.00,589.00,127.00,236.00,0.699184,-1,-1,-1
182,44,344.00,88.00,69.00,192.00,0.316714,-1,-1,-1
182,47,256.00,194.00,57.00,194.00,0.665350,-1,-1,-1
182,55,480.00,145.00,56.00,179.00,0.647249,-1,-1,-1
182,71,1295.00,779.00,96.00,272.00,0.808329,-1,-1,-1
182,72,1205.00,804.00,95.00,268.00,0.823582,-1,-1,-1
182,76,413.00,154.00,62.00,171.00,0.548931,-1,-1,-1
183,5,1710.00,449.00,95.00,216.00,0.841882,-1,-1,-1
183,6,387.00,543.00,66.00,240.00,0.854541,-1,-1,-1
183,8,293.00,391.00,71.00,216.00,0.863713,-1,-1,-1
183,9,1602.00,127.00,66.00,177.00,0.856484,-1,-1,-1
183,11,305.00,205.00,54.00,179.00,0.667894,-1,-1,-1
183,12,845.00,933.00,79.00,146.00,0.843132,-1,-1,-1
183,13,1582.00,589.00,91.00,234.00,0.589447,-1,-1,-1
183,20,677.00,280.00,58.00,129.00,0.570303,-1,-1,-1
183,21,1479.00,0.00,58.00,142.00,0.737371,-1,-1,-1
183,26,795.00,138.00,51.00,173.00,0.538358,-1,-1,-1
183,29,560.00,109.00,53.00,175.00,0.434847,-1,-1,-1
183,38,1543.00,589.00,127.00,236.00,0.751423,-1,-1,-1
183,44,343.00,81.00,71.00,199.00,0.297576,-1,-1,-1
183,47,256.00,194.00,57.00,194.00,0.650185,-1,-1,-1
183,55,480.00,145.00,56.00,181.00,0.664735,-1,-1,-1
183,71,1290.00,778.00,96.00,272.00,0.815566,-1,-1,-1
183,72,1202.00,801.00,94.00,264.00,0.806070,-1,-1,-1
183,76,413.00,155.00,62.00,171.00,0.556987,-1,-1,-1
183,81,1002.00,1.00,50.00,81.00,0.284525,-1,-1,-1
184,5,1711.00,450.00,95.00,215.00,0.841670,-1,-1,-1
184,6,388.00,543.00,66.00,240.00,0.834264,-1,-1,-1
184,8,293.00,393.00,72.00,217.00,0.863698,-1,-1,-1
184,9,1602.00,126.00,66.00,176.00,0.834701,-1,-1,-1
184,11,306.00,203.00,53.00,178.00,0.660064,-1,-1,-1
184,12,846.00,933.00,79.00,146.00,0.842966,-1,-1,-1
184,13,1582.00,590.00,92.00,233.00,0.610463,-1,-1,-1
184,20,677.00,280.00,58.00,129.00,0.535824,-1,-1,-1
184,21,1479.00,0.00,58.00,142.00,0.743793,-1,-1,-1
184,26,793.00,138.00,52.00,173.00,0.532381,-1,-1,-1
184,29,559.00,107.00,55.00,179.00,0.484171,-1,-1,-1
184,38,1545.00,589.00,127.00,236.00,0.657030,-1,-1,-1
184,44,341.00,61.00,77.00,219.00,0.326536,-1,-1,-1
184,47,257.00,195.00,57.00,194.00,0.619991,-1,-1,-1
184,55,479.00,146.00,57.00,183.00,0.660540,-1,-1,-1
184,71,1284.00,777.00,97.00,273.00,0.816674,-1,-1,-1
184,72,1200.00,798.00,92.00,260.00,0.817063,-1,-1,-1
184,76,412.00,158.00,63.00,169.00,0.555633,-1,-1,-1
184,81,996.00,0.00,53.00,82.00,0.479823,-1,-1,-1
185,5,1711.00,451.00,94.00,214.00,0.846901,-1,-1,-1
185,6,390.00,544.00,65.00,239.00,0.840209,-1,-1,-1
185,8,293.00,395.00,72.00,218.00,0.861510,-1,-1,-1
185,9,1602.00,124.00,65.00,175.00,0.834438,-1,-1,-1
185,11,306.00,203.00,53.00,174.00,0.638523,-1,-1,-1
185,12,847.00,932.00,80.00,147.00,0.837894,-1,-1,-1
185,20,677.00,280.00,58.00,129.00,0.534038,-1,-1,-1
185,21,1479.00,0.00,57.00,141.00,0.714764,-1,-1,-1
185,26,792.00,138.00,52.00,172.00,0.490090,-1,-1,-1
185,29,559.00,108.00,55.00,178.00,0.452187,-1,-1,-1
185,38,1553.00,591.00,124.00,234.00,0.812374,-1,-1,-1
185,44,339.00,46.00,81.00,234.00,0.296922,-1,-1,-1
185,47,257.00,195.00,57.00,194.00,0.629033,-1,-1,-1
185,55,479.00,148.00,56.00,183.00,0.600155,-1,-1,-1
185,71,1280.00,777.00,97.00,272.00,0.808907,-1,-1,-1
185,72,1198.00,795.00,90.00,258.00,0.811847,-1,-1,-1
185,76,412.00,155.00,63.00,174.00,0.449489,-1,-1,-1
185,81,991.00,0.00,55.00,82.00,0.440074,-1,-1,-1
186,5,1711.00,450.00,95.00,215.00,0.851438,-1,-1,-1
186,6,392.00,544.00,66.00,240.00,0.829357,-1,-1,-1
186,8,293.00,396.00,72.00,219.00,0.857724,-1,-1,-1
186,9,1602.00,124.00,65.00,174.00,0.834391,-1,-1,-1
186,11,306.00,204.00,53.00,172.00,0.643826,-1,-1,-1
186,12,848.00,933.00,80.00,146.00,0.839752,-1,-1,-1
186,20,677.00,280.00,58.00,129.00,0.531682,-1,-1,-1
186,21,1478.00,0.00,58.00,141.00,0.721770,-1,-1,-1
186,26,791.00,139.00,52.00,172.00,0.438939,-1,-1,-1
186,29,558.00,109.00,56.00,177.00,0.409714,-1,-1,-1
186,38,1553.00,591.00,124.00,233.00,0.831427,-1,-1,-1
186,47,257.00,195.00,57.00,194.00,0.638461,-1,-1,-1
186,55,479.00,150.00,57.00,183.00,0.643533,-1,-1,-1
186,71,1276.00,777.00,98.00,270.00,0.799053,-1,-1,-1
186,72,1194.00,792.00,91.00,258.00,0.817098,-1,-1,-1
186,76,410.00,156.00,64.00,173.00,0.419674,-1,-1,-1
186,81,988.00,0.00,57.00,82.00,0.415090,-1,-1,-1
187,5,1711.00,451.00,95.00,214.00,0.851185,-1,-1,-1
187,6,395.00,545.00,67.00,238.00,0.824234,-1,-1,-1
187,8,294.00,397.00,72.00,219.00,0.853073,-1,-1,-1
187,9,1602.00,123.00,64.00,175.00,0.832940,-1,-1,-1
187,11,308.00,204.00,53.00,172.00,0.632724,-1,-1,-1
187,12,848.00,932.00,82.00,148.00,0.842384,-1,-1,-1
187,20,677.00,279.00,58.00,130.00,0.554718,-1,-1,-1
187,21,1478.00,0.00,58.00,141.00,0.722668,-1,-1,-1
187,26,790.00,139.00,52.00,171.00,0.446779,-1,-1,-1
187,29,558.00,108.00,56.00,178.00,0.449349,-1,-1,-1
187,38,1557.00,592.00,122.00,232.00,0.824579,-1,-1,-1
187,44,345.00,75.00,71.00,204.00,0.391064,-1,-1,-1
187,47,257.00,195.00,57.00,195.00,0.661521,-1,-1,-1
187,55,479.00,151.00,57.00,183.00,0.673084,-1,-1,-1
187,71,1274.00,775.00,98.00,269.00,0.806832,-1,-1,-1
187,72,1191.00,789.00,91.00,261.00,0.819546,-1,-1,-1
187,76,410.00,156.00,64.00,173.00,0.455185,-1,-1,-1
187,81,985.00,0.00,59.00,82.00,0.493488,-1,-1,-1
188,5,1711.00,450.00,94.00,215.00,0.850461,-1,-1,-1
188,6,397.00,545.00,68.00,238.00,0.824445,-1,-1,-1
188,8,295.00,398.00,72.00,218.00,0.856430,-1,-1,-1
188,9,1601.00,122.00,65.00,176.00,0.813948,-1,-1,-1
188,11,309.00,203.00,54.00,174.00,0.605787,-1,-1,-1
188,12,850.00,932.00,81.00,148.00,0.842076,-1,-1,-1
188,13,1577.00,590.00,92.00,233.00,0.819174,-1,-1,-1
188,20,677.00,280.00,58.00,129.00,0.569762,-1,-1,-1
188,21,1478.00,0.00,58.00,140.00,0.710737,-1,-1,-1
188,26,790.00,139.00,51.00,171.00,0.449739,-1,-1,-1
188,29,558.00,108.00,56.00,178.00,0.386082,-1,-1,-1
188,44,348.00,86.00,68.00,192.00,0.280480,-1,-1,-1
188,47,257.00,194.00,57.00,195.00,0.651632,-1,-1,-1
188,55,479.00,153.00,56.00,183.00,0.670536,-1,-1,-1
188,71,1272.00,774.00,98.00,268.00,0.803536,-1,-1,-1
188,72,1188.00,787.00,92.00,264.00,0.828463,-1,-1,-1
188,76,411.00,157.00,64.00,173.00,0.435370,-1,-1,-1
188,81,983.00,0.00,61.00,81.00,0.476908,-1,-1,-1
189,5,1711.00,450.00,94.00,215.00,0.852108,-1,-1,-1
189,6,399.00,545.00,69.00,238.00,0.833230,-1,-1,-1
189,8,296.00,399.00,71.00,218.00,0.852422,-1,-1,-1
189,9,1600.00,121.00,65.00,176.00,0.831256,-1,-1,-1
189,11,309.00,201.00,56.00,176.00,0.633812,-1,-1,-1
189,12,850.00,933.00,82.00,147.00,0.858865,-1,-1,-1
189,13,1576.00,591.00,94.00,232.00,0.812493,-1,-1,-1
189,20,677.00,280.00,58.00,129.00,0.516759,-1,-1,-1
189,21,1478.00,0.00,58.00,140.00,0.723252,-1,-1,-1
189,26,789.00,139.00,52.00,171.00,0.475382,-1,-1,-1
189,29,556.00,105.00,58.00,181.00,0.374459,-1,-1,-1
189,44,351.00,95.00,64.00,183.00,0.314157,-1,-1,-1
189,47,258.00,193.00,57.00,196.00,0.624704,-1,-1,-1
189,55,478.00,154.00,57.00,184.00,0.606905,-1,-1,-1
189,71,1270.00,772.00,97.00,268.00,0.817001,-1,-1,-1
189,72,1185.00,784.00,93.00,266.00,0.825800,-1,-1,-1
189,76,410.00,157.00,65.00,173.00,0.513160,-1,-1,-1
189,81,982.00,0.00,62.00,81.00,0.465075,-1,-1,-1
190,5,1711.00,451.00,94.00,214.00,0.858218,-1,-1,-1
190,6,400.00,546.00,70.00,237.00,0.829489,-1,-1,-1
190,8,297.00,399.00,71.00,218.00,0.856502,-1,-1,-1
190,9,1599.00,121.00,65.00,176.00,0.816595,-1,-1,-1
190,11,310.00,201.00,56.00,176.00,0.644773,-1,-1,-1
190,12,852.00,933.00,81.00,146.00,0.855637,-1,-1,-1
190,13,1576.00,592.00,94.00,231.00,0.817667,-1,-1,-1
190,20,677.00,280.00,58.00,129.00,0.525420,-1,-1,-1
190,21,1478.00,0.00,57.00,139.00,0.682511,-1,-1,-1
190,26,789.00,138.00,51.00,172.00,0.431108,-1,-1,-1
190,29,556.00,111.00,57.00,176.00,0.387383,-1,-1,-1
190,44,350.00,92.00,66.00,187.00,0.332698,-1,-1,-1
190,47,258.00,194.00,57.00,196.00,0.631447,-1,-1,-1
190,55,479.00,156.00,56.00,183.00,0.600653,-1,-1,-1
190,71,1268.00,769.00,96.00,265.00,0.819179,-1,-1,-1
190,72,1183.00,784.00,92.00,267.00,0.835863,-1,-1,-1
190,76,412.00,170.00,60.00,161.00,0.611986,-1,-1,-1
190,81,981.00,0.00,63.00,81.00,0.425780,-1,-1,-1
191,5,1711.00,450.00,95.00,216.00,0.853141,-1,-1,-1
191,6,400.00,546.00,74.00,239.00,0.834727,-1,-1,-1
191,8,298.00,400.00,71.00,216.00,0.855095,-1,-1,-1
191,9,1597.00,120.00,66.00,179.00,0.809475,-1,-1,-1
191,11,310.00,201.00,57.00,175.00,0.642633,-1,-1,-1
191,12,853.00,934.00,81.00,145.00,0.856700,-1,-1,-1
191,13,1575.00,592.00,95.00,232.00,0.803846,-1,-1,-1
191,20,677.00,280.00,58.00,129.00,0.542907,-1,-1,-1
191,21,1478.00,0.00,57.00,139.00,0.713569,-1,-1,-1
191,26,789.00,138.00,50.00,172.00,0.495547,-1,-1,-1
191,29,555.00,112.00,57.00,174.00,0.396052,-1,-1,-1
191,47,258.00,193.00,57.00,197.00,0.611774,-1,-1,-1
191,55,479.00,157.00,56.00,182.00,0.605142,-1,-1,-1
191,71,1268.00,765.00,94.00,260.00,0.829419,-1,-1,-1
191,72,1182.00,783.00,91.00,267.00,0.827226,-1,-1,-1
191,76,414.00,176.00,57.00,154.00,0.541332,-1,-1,-1
191,81,979.00,0.00,64.00,81.00,0.436696,-1,-1,-1
192,5,1711.00,449.00,95.00,217.00,0.842844,-1,-1,-1
192,6,400.00,546.00,76.00,241.00,0.853176,-1,-1,-1
192,8,298.00,400.00,71.00,216.00,0.860748,-1,-1,-1
192,9,1597.00,120.00,65.00,179.00,0.818362,-1,-1,-1
192,11,312.00,201.00,57.00,174.00,0.620399,-1,-1,-1
192,12,854.00,934.00,79.00,145.00,0.862802,-1,-1,-1
192,13,1575.00,592.00,96.00,231.00,0.814668,-1,-1,-1
192,20,678.00,281.00,57.00,128.00,0.524696,-1,-1,-1
192,21,1478.00,0.00,57.00,138.00,0.673339,-1,-1,-1
192,26,788.00,137.00,50.00,173.00,0.516814,-1,-1,-1
192,29,555.00,116.00,56.00,170.00,0.434806,-1,-1,-1
192,44,353.00,99.00,63.00,180.00,0.268657,-1,-1,-1
192,47,258.00,193.00,57.00,198.00,0.626298,-1,-1,-1
192,55,479.00,158.00,56.00,182.00,0.625734,-1,-1,-1
192,71,1266.00,761.00,94.00,263.00,0.830665,-1,-1,-1
192,72,1180.00,782.00,91.00,268.00,0.826676,-1,-1,-1
192,76,413.00,174.00,58.00,156.00,0.537352,-1,-1,-1
192,81,976.00,0.00,63.00,80.00,0.398815,-1,-1,-1
193,5,1711.00,449.00,95.00,217.00,0.843456,-1,-1,-1
193,6,400.00,546.00,79.00,243.00,0.867073,-1,-1,-1
193,8,299.00,401.00,71.00,215.00,0.851835,-1,-1,-1
193,9,1597.00,120.00,65.00,180.00,0.802023,-1,-1,-1
193,11,313.00,201.00,59.00,174.00,0.549903,-1,-1,-1
193,12,854.00,935.00,79.00,144.00,0.864543,-1,-1,-1
193,13,1574.00,592.00,97.00,231.00,0.792531,-1,-1,-1
193,20,679.00,282.00,56.00,127.00,0.483762,-1,-1,-1
193,21,1478.00,0.00,56.00,135.00,0.675018,-1,-1,-1
193,26,787.00,137.00,50.00,173.00,0.433336,-1,-1,-1
193,29,554.00,115.00,57.00,172.00,0.422055,-1,-1,-1
193,44,354.00,101.00,62.00,179.00,0.283196,-1,-1,-1
193,47,258.00,192.00,57.00,198.00,0.566870,-1,-1,-1
193,55,479.00,160.00,56.00,180.00,0.620531,-1,-1,-1
193,71,1264.00,757.00,91.00,260.00,0.832078,-1,-1,-1
193,72,1178.00,781.00,90.00,267.00,0.819002,-1,-1,-1
193,76,413.00,174.00,58.00,156.00,0.582457,-1,-1,-1
193,81,972.00,0.00,64.00,80.00,0.349476,-1,-1,-1
194,5,1711.00,450.00,95.00,216.00,0.844373,-1,-1,-1
194,6,400.00,547.00,80.00,243.00,0.865932,-1,-1,-1
194,8,299.00,402.00,71.00,214.00,0.860552,-1,-1,-1
194,9,1596.00,120.00,66.00,180.00,0.817696,-1,-1,-1
194,11,313.00,200.00,60.00,174.00,0.593085,-1,-1,-1
194,12,853.00,936.00,79.00,143.00,0.864406,-1,-1,-1
194,13,1574.00,592.00,97.00,231.00,0.797193,-1,-1,-1
194,20,678.00,281.00,58.00,128.00,0.474969,-1,-1,-1
194,21,1478.00,0.00,56.00,135.00,0.660705,-1,-1,-1
194,26,785.00,138.00,51.00,173.00,0.466355,-1,-1,-1
194,29,554.00,119.00,56.00,167.00,0.444686,-1,-1,-1
194,44,351.00,91.00,65.00,189.00,0.309250,-1,-1,-1
194,47,258.00,191.00,58.00,200.00,0.608646,-1,-1,-1
194,55,478.00,161.00,56.00,179.00,0.631857,-1,-1,-1
194,71,1260.00,753.00,92.00,262.00,0.824499,-1,-1,-1
194,72,1175.00,779.00,90.00,267.00,0.812608,-1,-1,-1
194,76,413.00,174.00,58.00,156.00,0.601016,-1,-1,-1
194,81,969.00,0.00,63.00,79.00,0.317815,-1,-1,-1
195,5,1711.00,450.00,95.00,215.00,0.848926,-1,-1,-1
195,6,400.00,548.00,83.00,243.00,0.872784,-1,-1,-1
195,8,299.00,403.00,72.00,216.00,0.868604,-1,-1,-1
195,9,1597.00,121.00,65.00,178.00,0.828951,-1,-1,-1
195,11,313.00,200.00,60.00,174.00,0.641211,-1,-1,-1
195,12,853.00,937.00,79.00,142.00,0.862439,-1,-1,-1
195,13,1572.00,592.00,98.00,231.00,0.788026,-1,-1,-1
195,20,679.00,282.00,57.00,127.00,0.500022,-1,-1,-1
195,21,1478.00,0.00,56.00,135.00,0.624374,-1,-1,-1
195,26,785.00,137.00,50.00,173.00,0.467360,-1,-1,-1
195,29,552.00,115.00,58.00,173.00,0.421029,-1,-1,-1
195,47,258.00,192.00,57.00,199.00,0.621157,-1,-1,-1
195,55,478.00,162.00,56.00,178.00,0.653276,-1,-1,-1
195,71,1257.00,749.00,92.00,266.00,0.826634,-1,-1,-1
195,72,1173.00,778.00,89.00,269.00,0.814009,-1,-1,-1
195,76,414.00,178.00,56.00,151.00,0.614345,-1,-1,-1
195,81,967.00,0.00,61.00,79.00,0.321485,-1,-1,-1
196,5,1711.00,450.00,95.00,215.00,0.844721,-1,-1,-1
196,6,401.00,550.00,85.00,242.00,0.876147,-1,-1,-1
196,8,299.00,405.00,72.00,217.00,0.866959,-1,-1,-1
196,9,1598.00,121.00,63.00,178.00,0.814704,-1,-1,-1
196,11,312.00,200.00,62.00,174.00,0.581314,-1,-1,-1
196,12,852.00,937.00,79.00,142.00,0.855752,-1,-1,-1
196,13,1571.00,591.00,99.00,232.00,0.830006,-1,-1,-1
196,20,678.00,282.00,57.00,127.00,0.494673,-1,-1,-1
196,21,1477.00,0.00,57.00,134.00,0.658325,-1,-1,-1
196,26,784.00,137.00,51.00,173.00,0.467269,-1,-1,-1
196,29,552.00,117.00,57.00,171.00,0.426385,-1,-1,-1
196,47,259.00,192.00,56.00,199.00,0.577171,-1,-1,-1
196,55,477.00,162.00,56.00,178.00,0.576058,-1,-1,-1
196,71,1252.00,747.00,92.00,266.00,0.812976,-1,-1,-1
196,72,1170.00,775.00,89.00,271.00,0.801645,-1,-1,-1
196,76,415.00,177.00,56.00,153.00,0.582329,-1,-1,-1
197,5,1712.00,450.00,94.00,215.00,0.831316,-1,-1,-1
197,6,402.00,551.00,86.00,242.00,0.868735,-1,-1,-1
197,8,299.00,406.00,73.00,219.00,0.869766,-1,-1,-1
197,9,1598.00,120.00,62.00,178.00,0.801584,-1,-1,-1
197,11,312.00,200.00,62.00,174.00,0.615894,-1,-1,-1
197,12,852.00,938.00,78.00,141.00,0.858040,-1,-1,-1
197,13,1570.00,591.00,100.00,231.00,0.819173,-1,-1,-1
197,20,679.00,283.00,56.00,126.00,0.532430,-1,-1,-1
197,21,1477.00,0.00,56.00,134.00,0.607697,-1,-1,-1
197,26,784.00,137.00,51.00,174.00,0.439697,-1,-1,-1
197,29,550.00,110.00,60.00,178.00,0.415211,-1,-1,-1
197,47,259.00,192.00,56.00,199.00,0.606192,-1,-1,-1
197,55,477.00,162.00,56.00,177.00,0.632734,-1,-1,-1
197,71,1248.00,745.00,92.00,267.00,0.823240,-1,-1,-1
197,72,1170.00,772.00,84.00,257.00,0.802253,-1,-1,-1
197,76,415.00,179.00,56.00,153.00,0.667550,-1,-1,-1
198,5,1712.00,450.00,94.00,215.00,0.845698,-1,-1,-1
198,6,402.00,551.00,88.00,243.00,0.874874,-1,-1,-1
198,8,299.00,410.00,73.00,219.00,0.877236,-1,-1,-1
198,9,1598.00,119.00,62.00,178.00,0.806300,-1,-1,-1
198,11,313.00,201.00,62.00,173.00,0.651794,-1,-1,-1
198,12,850.00,939.00,79.00,140.00,0.857508,-1,-1,-1
198,13,1570.00,591.00,100.00,231.00,0.865472,-1,-1,-1
198,20,678.00,283.00,58.00,126.00,0.530979,-1,-1,-1
198,21,1477.00,0.00,56.00,134.00,0.606232,-1,-1,-1
198,26,784.00,137.00,51.00,174.00,0.408659,-1,-1,-1
198,29,549.00,107.00,62.00,181.00,0.388377,-1,-1,-1
198,47,259.00,192.00,56.00,199.00,0.619008,-1,-1,-1
198,55,477.00,163.00,56.00,175.00,0.614275,-1,-1,-1
198,71,1246.00,744.00,91.00,268.00,0.829743,-1,-1,-1
198,72,1170.00,769.00,81.00,249.00,0.809660,-1,-1,-1
198,76,414.00,180.00,58.00,157.00,0.675898,-1,-1,-1
199,5,1712.00,450.00,94.00,215.00,0.848354,-1,-1,-1
199,6,403.00,552.00,89.00,243.00,0.877696,-1,-1,-1
199,8,299.00,412.00,73.00,219.00,0.872336,-1,-1,-1
199,9,1597.00,118.00,62.00,179.00,0.802121,-1,-1,-1
199,11,315.00,201.00,62.00,173.00,0.598127,-1,-1,-1
199,12,850.00,941.00,78.00,138.00,0.865155,-1,-1,-1
199,13,1570.00,591.00,100.00,231.00,0.861813,-1,-1,-1
199,20,678.00,282.00,57.00,127.00,0.541317,-1,-1,-1
199,21,1476.00,0.00,57.00,133.00,0.607969,-1,-1,-1
199,26,785.00,137.00,51.00,174.00,0.387635,-1,-1,-1
199,29,548.00,105.00,62.00,183.00,0.399464,-1,-1,-1
199,47,259.00,192.00,56.00,198.00,0.615143,-1,-1,-1
199,55,476.00,164.00,56.00,175.00,0.621888,-1,-1,-1
199,71,1243.00,743.00,92.00,270.00,0.819343,-1,-1,-1
199,72,1167.00,765.00,83.00,253.00,0.814646,-1,-1,-1
199,76,414.00,181.00,58.00,158.00,0.684143,-1,-1,-1
199,81,951.00,0.00,59.00,79.00,0.290127,-1,-1,-1
200,5,1711.00,451.00,94.00,214.00,0.837012,-1,-1,-1
200,6,403.00,553.00,89.00,243.00,0.852979,-1,-1,-1
200,8,299.00,414.00,73.00,219.00,0.875896,-1,-1,-1
200,9,1597.00,117.00,60.00,178.00,0.804146,-1,-1,-1
200,11,315.00,201.00,62.00,173.00,0.643314,-1,-1,-1
200,12,849.00,942.00,78.00,137.00,0.864180,-1,-1,-1
200,13,1569.00,590.00,101.00,232.00,0.836278,-1,-1,-1
200,20,677.00,281.00,58.00,128.00,0.549518,-1,-1,-1
200,21,1475.00,0.00,57.00,132.00,0.603041,-1,-1,-1
200,26,784.00,137.00,52.00,174.00,0.415164,-1,-1,-1
200,29,548.00,106.00,62.00,182.00,0.434247,-1,-1,-1
200,47,259.00,190.00,57.00,200.00,0.634462,-1,-1,-1
200,55,476.00,164.00,57.00,178.00,0.649890,-1,-1,-1
200,71,1241.00,742.00,91.00,270.00,0.829361,-1,-1,-1
200,72,1166.00,763.00,81.00,250.00,0.827861,-1,-1,-1
200,76,414.00,183.00,57.00,159.00,0.702325,-1,-1,-1
200,81,946.00,0.00,58.00,79.00,0.307564,-1,-1,-1
201,5,1712.00,451.00,93.00,214.00,0.841206,-1,-1,-1
201,6,405.00,554.00,89.00,243.00,0.861365,-1,-1,-1
201,8,299.00,416.00,73.00,218.00,0.882589,-1,-1,-1
201,9,1597.00,116.00,60.00,178.00,0.804791,-1,-1,-1
201,11,316.00,201.00,62.00,174.00,0.647942,-1,-1,-1
201,12,847.00,942.00,78.00,137.00,0.863253,-1,-1,-1
201,13,1569.00,590.00,101.00,233.00,0.854554,-1,-1,-1
201,20,677.00,281.00,59.00,128.00,0.542370,-1,-1,-1
201,21,1472.00,0.00,59.00,132.00,0.574129,-1,-1,-1
201,26,784.00,136.00,52.00,175.00,0.397980,-1,-1,-1
201,29,549.00,113.00,59.00,174.00,0.352362,-1,-1,-1
201,47,259.00,190.00,57.00,200.00,0.607629,-1,-1,-1
201,55,476.00,165.00,57.00,180.00,0.664165,-1,-1,-1
201,71,1239.00,741.00,91.00,270.00,0.823171,-1,-1,-1
201,72,1164.00,760.00,81.00,250.00,0.795657,-1,-1,-1
201,76,413.00,182.00,59.00,161.00,0.707870,-1,-1,-1
201,81,941.00,0.00,59.00,80.00,0.423097,-1,-1,-1
202,5,1712.00,451.00,94.00,214.00,0.843145,-1,-1,-1
202,6,405.00,554.00,91.00,244.00,0.873627,-1,-1,-1
202,8,299.00,418.00,73.00,220.00,0.879935,-1,-1,-1
202,9,1597.00,115.00,59.00,177.00,0.811397,-1,-1,-1
202,11,317.00,201.00,62.00,175.00,0.636024,-1,-1,-1
202,12,845.00,943.00,78.00,136.00,0.865251,-1,-1,-1
202,13,1569.00,591.00,101.00,232.00,0.839027,-1,-1,-1
202,20,678.00,282.00,58.00,127.00,0.504162,-1,-1,-1
202,21,1475.00,0.00,59.00,131.00,0.621574,-1,-1,-1
202,26,784.00,135.00,52.00,176.00,0.383939,-1,-1,-1
202,29,548.00,108.00,61.00,180.00,0.381697,-1,-1,-1
202,47,260.00,192.00,57.00,197.00,0.528121,-1,-1,-1
202,55,475.00,166.00,58.00,182.00,0.660818,-1,-1,-1
202,71,1237.00,740.00,91.00,269.00,0.821820,-1,-1,-1
202,72,1161.00,757.00,83.00,254.00,0.808860,-1,-1,-1
202,76,413.00,181.00,59.00,163.00,0.676537,-1,-1,-1
202,81,937.00,0.00,60.00,79.00,0.433612,-1,-1,-1
203,5,1711.00,451.00,94.00,214.00,0.839012,-1,-1,-1
203,6,405.00,554.00,91.00,244.00,0.868575,-1,-1,-1
203,8,298.00,419.00,73.00,222.00,0.876021,-1,-1,-1
203,9,1597.00,113.00,59.00,176.00,0.820045,-1,-1,-1
203,11,318.00,200.00,62.00,176.00,0.629944,-1,-1,-1
203,12,843.00,944.00,79.00,136.00,0.850777,-1,-1,-1
203,13,1569.00,592.00,102.00,231.00,0.816542,-1,-1,-1
203,20,678.00,281.00,58.00,128.00,0.446499,-1,-1,-1
203,21,1477.00,0.00,58.00,132.00,0.649859,-1,-1,-1
203,26,784.00,135.00,52.00,176.00,0.366030,-1,-1,-1
203,29,548.00,106.00,62.00,182.00,0.375678,-1,-1,-1
203,47,260.00,191.00,57.00,198.00,0.503269,-1,-1,-1
203,55,476.00,168.00,57.00,182.00,0.655664,-1,-1,-1
203,71,1236.00,740.00,91.00,268.00,0.810817,-1,-1,-1
203,72,1158.00,753.00,84.00,258.00,0.778935,-1,-1,-1
203,76,414.00,184.00,57.00,160.00,0.621521,-1,-1,-1
203,81,934.00,0.00,61.00,79.00,0.480934,-1,-1,-1
204,5,1711.00,450.00,95.00,216.00,0.845455,-1,-1,-1
204,6,406.00,554.00,91.00,244.00,0.866564,-1,-1,-1
204,8,297.00,420.00,74.00,223.00,0.880120,-1,-1,-1
204,9,1597.00,111.00,58.00,175.00,0.818549,-1,-1,-1
204,11,318.00,199.00,63.00,177.00,0.633607,-1,-1,-1
204,12,842.00,944.00,79.00,135.00,0.864732,-1,-1,-1
204,13,1569.00,592.00,102.00,231.00,0.827438,-1,-1,-1
204,20,678.00,281.00,58.00,128.00,0.444914,-1,-1,-1
204,21,1477.00,0.00,59.00,133.00,0.658687,-1,-1,-1
204,26,784.00,134.00,53.00,176.00,0.377334,-1,-1,-1
204,29,548.00,106.00,62.00,182.00,0.373939,-1,-1,-1
204,47,259.00,189.00,58.00,200.00,0.486494,-1,-1,-1
204,55,475.00,170.00,57.00,181.00,0.645835,-1,-1,-1
204,71,1233.00,739.00,91.00,268.00,0.798094,-1,-1,-1
204,72,1155.00,751.00,84.00,259.00,0.809412,-1,-1,-1
204,76,413.00,187.00,56.00,158.00,0.596009,-1,-1,-1
204,81,932.00,1.00,62.00,78.00,0.423970,-1,-1,-1
205,5,1712.00,451.00,93.00,214.00,0.850991,-1,-1,-1
205,6,406.00,554.00,91.00,244.00,0.857867,-1,-1,-1
205,8,297.00,422.00,73.00,221.00,0.872791,-1,-1,-1
205,9,1597.00,110.00,58.00,173.00,0.812228,-1,-1,-1
205,11,319.00,199.00,62.00,177.00,0.629976,-1,-1,-1
205,12,841.00,944.00,79.00,135.00,0.858288,-1,-1,-1
205,13,1570.00,593.00,101.00,230.00,0.813687,-1,-1,-1
205,20,678.00,281.00,58.00,128.00,0.447395,-1,-1,-1
205,21,1477.00,0.00,59.00,134.00,0.649938,-1,-1,-1
205,26,782.00,133.00,54.00,178.00,0.375770,-1,-1,-1
205,29,548.00,109.00,62.00,179.00,0.388681,-1,-1,-1
205,47,259.00,189.00,58.00,200.00,0.435445,-1,-1,-1
205,55,474.00,171.00,57.00,182.00,0.634808,-1,-1,-1
205,71,1230.00,736.00,91.00,270.00,0.784350,-1,-1,-1
205,72,1152.00,749.00,84.00,261.00,0.826041,-1,-1,-1
205,76,413.00,188.00,56.00,156.00,0.540332,-1,-1,-1
205,81,931.00,1.00,63.00,78.00,0.389320,-1,-1,-1
206,5,1712.00,451.00,93.00,213.00,0.852076,-1,-1,-1
206,6,408.00,554.00,92.00,244.00,0.868563,-1,-1,-1
206,8,297.00,422.00,73.00,222.00,0.866328,-1,-1,-1
206,9,1598.00,108.00,57.00,172.00,0.803001,-1,-1,-1
206,11,319.00,199.00,62.00,177.00,0.632966,-1,-1,-1
206,12,841.00,944.00,79.00,135.00,0.861531,-1,-1,-1
206,13,1569.00,594.00,101.00,229.00,0.803173,-1,-1,-1
206,20,678.00,281.00,58.00,128.00,0.470376,-1,-1,-1
206,21,1477.00,1.00,59.00,134.00,0.629960,-1,-1,-1
206,26,782.00,133.00,54.00,178.00,0.377704,-1,-1,-1
206,29,547.00,107.00,63.00,181.00,0.354079,-1,-1,-1
206,47,259.00,187.00,58.00,201.00,0.372702,-1,-1,-1
206,55,473.00,172.00,58.00,183.00,0.650345,-1,-1,-1
206,71,1226.00,732.00,91.00,271.00,0.768222,-1,-1,-1
206,72,1149.00,748.00,84.00,261.00,0.833780,-1,-1,-1
206,76,413.00,188.00,55.00,157.00,0.524980,-1,-1,-1
206,81,929.00,0.00,64.00,78.00,0.426760,-1,-1,-1
207,5,1711.00,450.00,94.00,215.00,0.851100,-1,-1,-1
207,6,411.00,554.00,91.00,244.00,0.872038,-1,-1,-1
207,8,296.00,422.00,73.00,221.00,0.867519,-1,-1,-1
207,9,1598.00,106.00,57.00,172.00,0.806216,-1,-1,-1
207,11,321.00,199.00,61.00,176.00,0.592904,-1,-1,-1
207,12,840.00,944.00,79.00,135.00,0.849672,-1,-1,-1
207,13,1568.00,593.00,102.00,230.00,0.843315,-1,-1,-1
207,20,678.00,280.00,58.00,129.00,0.527971,-1,-1,-1
207,21,1477.00,1.00,59.00,135.00,0.574471,-1,-1,-1
207,26,782.00,133.00,54.00,178.00,0.371803,-1,-1,-1
207,29,549.00,115.00,60.00,173.00,0.389683,-1,-1,-1
207,47,258.00,188.00,57.00,199.00,0.452303,-1,-1,-1
207,55,472.00,172.00,58.00,183.00,0.666493,-1,-1,-1
207,71,1224.00,728.00,91.00,273.00,0.777711,-1,-1,-1
207,72,1147.00,747.00,84.00,262.00,0.833597,-1,-1,-1
207,76,411.00,187.00,55.00,158.00,0.560208,-1,-1,-1
207,81,928.00,0.00,63.00,78.00,0.445447,-1,-1,-1
208,5,1711.00,450.00,94.00,215.00,0.849764,-1,-1,-1
208,6,414.00,554.00,90.00,244.00,0.864461,-1,-1,-1
208,8,296.00,422.00,73.00,221.00,0.866110,-1,-1,-1
208,9,1599.00,105.00,57.00,173.00,0.813624,-1,-1,-1
208,11,322.00,199.00,60.00,176.00,0.629309,-1,-1,-1
208,12,838.00,944.00,80.00,135.00,0.844429,-1,-1,-1
208,13,1567.00,592.00,103.00,231.00,0.833011,-1,-1,-1
208,20,677.00,280.00,59.00,129.00,0.479247,-1,-1,-1
208,21,1475.00,1.00,61.00,136.00,0.585202,-1,-1,-1
208,26,781.00,133.00,55.00,179.00,0.345757,-1,-1,-1
208,29,549.00,117.00,60.00,172.00,0.384422,-1,-1,-1
208,47,257.00,188.00,57.00,196.00,0.408433,-1,-1,-1
208,55,472.00,173.00,58.00,183.00,0.661658,-1,-1,-1
208,71,1222.00,724.00,90.00,271.00,0.788200,-1,-1,-1
208,72,1146.00,746.00,83.00,262.00,0.830078,-1,-1,-1
208,76,408.00,186.00,57.00,159.00,0.544640,-1,-1,-1
208,81,926.00,0.00,62.00,76.00,0.356993,-1,-1,-1
209,5,1712.00,451.00,92.00,213.00,0.845659,-1,-1,-1
209,6,418.00,554.00,88.00,243.00,0.851694,-1,-1,-1
209,8,295.00,423.00,73.00,220.00,0.866964,-1,-1,-1
209,9,1599.00,104.00,57.00,173.00,0.806790,-1,-1,-1
209,11,323.00,199.00,60.00,177.00,0.656709,-1,-1,-1
209,12,837.00,944.00,81.00,135.00,0.839372,-1,-1,-1
209,13,1567.00,592.00,104.00,231.00,0.818927,-1,-1,-1
209,20,678.00,281.00,58.00,128.00,0.512874,-1,-1,-1
209,21,1473.00,1.00,63.00,137.00,0.565937,-1,-1,-1
209,26,781.00,133.00,54.00,179.00,0.390062,-1,-1,-1
209,29,549.00,119.00,59.00,168.00,0.394659,-1,-1,-1
209,47,258.00,186.00,57.00,197.00,0.407153,-1,-1,-1
209,55,471.00,173.00,59.00,183.00,0.676031,-1,-1,-1
209,71,1222.00,722.00,85.00,258.00,0.819663,-1,-1,-1
209,72,1143.00,744.00,84.00,263.00,0.838765,-1,-1,-1
209,76,408.00,186.00,56.00,159.00,0.520596,-1,-1,-1
209,81,923.00,0.00,62.00,77.00,0.308063,-1,-1,-1
210,5,1712.00,450.00,93.00,215.00,0.830149,-1,-1,-1
210,6,422.00,555.00,87.00,243.00,0.839751,-1,-1,-1
210,8,295.00,423.00,73.00,220.00,0.877322,-1,-1,-1
210,9,1599.00,104.00,57.00,173.00,0.798005,-1,-1,-1
210,11,324.00,198.00,60.00,179.00,0.606527,-1,-1,-1
210,12,837.00,945.00,80.00,134.00,0.842959,-1,-1,-1
210,13,1569.00,594.00,103.00,229.00,0.791418,-1,-1,-1
210,20,678.00,283.00,58.00,126.00,0.533336,-1,-1,-1
210,21,1474.00,1.00,63.00,138.00,0.559722,-1,-1,-1
210,26,779.00,132.00,55.00,179.00,0.388473,-1,-1,-1
210,29,549.00,120.00,60.00,167.00,0.356532,-1,-1,-1
210,47,258.00,191.00,56.00,191.00,0.432436,-1,-1,-1
210,55,472.00,174.00,58.00,182.00,0.691884,-1,-1,-1
210,71,1221.00,718.00,84.00,254.00,0.810557,-1,-1,-1
210,72,1140.00,743.00,84.00,263.00,0.821975,-1,-1,-1
210,76,406.00,187.00,57.00,157.00,0.612792,-1,-1,-1
210,81,919.00,0.00,61.00,77.00,0.269547,-1,-1,-1
211,5,1712.00,450.00,93.00,215.00,0.834873,-1,-1,-1
211,6,427.00,555.00,86.00,244.00,0.827595,-1,-1,-1
211,8,296.00,425.00,72.00,218.00,0.878579,-1,-1,-1
211,9,1599.00,104.00,57.00,172.00,0.758969,-1,-1,-1
211,11,325.00,198.00,60.00,179.00,0.647737,-1,-1,-1
211,12,837.00,945.00,80.00,134.00,0.834355,-1,-1,-1
211,13,1569.00,595.00,103.00,228.00,0.821668,-1,-1,-1
211,20,677.00,281.00,59.00,128.00,0.494623,-1,-1,-1
211,21,1472.00,0.00,64.00,137.00,0.612913,-1,-1,-1
211,26,780.00,132.00,54.00,178.00,0.439850,-1,-1,-1
211,47,257.00,193.00,56.00,188.00,0.495334,-1,-1,-1
211,55,471.00,175.00,58.00,181.00,0.677114,-1,-1,-1
211,71,1220.00,714.00,84.00,255.00,0.837827,-1,-1,-1
211,72,1139.00,742.00,84.00,262.00,0.805751,-1,-1,-1
211,76,405.00,187.00,58.00,157.00,0.621691,-1,-1,-1
212,5,1712.00,450.00,93.00,215.00,0.835120,-1,-1,-1
212,6,431.00,555.00,85.00,246.00,0.829411,-1,-1,-1
212,8,296.00,425.00,72.00,217.00,0.858627,-1,-1,-1
212,9,1599.00,104.00,56.00,171.00,0.765691,-1,-1,-1
212,11,326.00,198.00,59.00,178.00,0.665292,-1,-1,-1
212,12,837.00,946.00,80.00,133.00,0.838880,-1,-1,-1
212,13,1573.00,597.00,101.00,226.00,0.784851,-1,-1,-1
212,20,678.00,282.00,58.00,127.00,0.490121,-1,-1,-1
212,21,1474.00,1.00,64.00,135.00,0.568023,-1,-1,-1
212,26,779.00,132.00,54.00,178.00,0.430415,-1,-1,-1
212,29,549.00,116.00,62.00,172.00,0.253911,-1,-1,-1
212,47,257.00,190.00,56.00,191.00,0.432261,-1,-1,-1
212,55,471.00,175.00,58.00,181.00,0.644183,-1,-1,-1
212,71,1220.00,711.00,83.00,256.00,0.841176,-1,-1,-1
212,72,1136.00,739.00,84.00,262.00,0.836837,-1,-1,-1
212,76,409.00,185.00,58.00,160.00,0.520893,-1,-1,-1
213,5,1712.00,450.00,93.00,215.00,0.837691,-1,-1,-1
213,6,435.00,555.00,84.00,247.00,0.828288,-1,-1,-1
213,8,295.00,426.00,73.00,217.00,0.856484,-1,-1,-1
213,9,1599.00,104.00,56.00,171.00,0.732583,-1,-1,-1
213,11,327.00,198.00,59.00,178.00,0.618217,-1,-1,-1
213,12,837.00,946.00,80.00,133.00,0.850840,-1,-1,-1
213,13,1572.00,595.00,102.00,229.00,0.822321,-1,-1,-1
213,20,677.00,281.00,59.00,128.00,0.496571,-1,-1,-1
213,21,1476.00,2.00,63.00,132.00,0.661474,-1,-1,-1
213,26,780.00,132.00,54.00,177.00,0.403109,-1,-1,-1
213,29,549.00,118.00,62.00,170.00,0.264470,-1,-1,-1
213,47,257.00,190.00,57.00,191.00,0.486758,-1,-1,-1
213,55,470.00,175.00,59.00,181.00,0.615671,-1,-1,-1
213,71,1218.00,709.00,84.00,258.00,0.823697,-1,-1,-1
213,72,1133.00,737.00,84.00,262.00,0.831242,-1,-1,-1
213,76,410.00,187.00,57.00,159.00,0.583458,-1,-1,-1
214,5,1712.00,451.00,93.00,214.00,0.834892,-1,-1,-1
214,6,437.00,555.00,84.00,250.00,0.837435,-1,-1,-1
214,8,295.00,428.00,73.00,219.00,0.845405,-1,-1,-1
214,9,1599.00,104.00,56.00,170.00,0.726982,-1,-1,-1
214,11,328.00,197.00,59.00,178.00,0.625253,-1,-1,-1
214,12,837.00,946.00,81.00,133.00,0.856989,-1,-1,-1
214,13,1572.00,596.00,101.00,227.00,0.838988,-1,-1,-1
214,20,677.00,281.00,59.00,128.00,0.508235,-1,-1,-1
214,21,1479.00,4.00,62.00,129.00,0.681429,-1,-1,-1
214,26,780.00,132.00,54.00,176.00,0.364567,-1,-1,-1
214,29,549.00,113.00,63.00,176.00,0.342235,-1,-1,-1
214,47,257.00,190.00,57.00,191.00,0.508750,-1,-1,-1
214,55,470.00,175.00,58.00,180.00,0.619868,-1,-1,-1
214,71,1214.00,707.00,85.00,261.00,0.829461,-1,-1,-1
214,72,1130.00,734.00,83.00,261.00,0.845535,-1,-1,-1
214,76,407.00,188.00,59.00,161.00,0.659236,-1,-1,-1
215,5,1712.00,450.00,93.00,216.00,0.841678,-1,-1,-1
215,6,440.00,556.00,82.00,251.00,0.828482,-1,-1,-1
215,8,294.00,431.00,74.00,220.00,0.836510,-1,-1,-1
215,9,1599.00,104.00,56.00,171.00,0.733925,-1,-1,-1
215,11,329.00,198.00,58.00,174.00,0.625295,-1,-1,-1
215,12,837.00,946.00,81.00,133.00,0.847729,-1,-1,-1
215,13,1573.00,596.00,101.00,227.00,0.838412,-1,-1,-1
215,20,677.00,281.00,59.00,128.00,0.504835,-1,-1,-1
215,21,1481.00,5.00,60.00,127.00,0.587448,-1,-1,-1
215,26,780.00,132.00,53.00,175.00,0.349358,-1,-1,-1
215,29,549.00,113.00,63.00,176.00,0.389748,-1,-1,-1
215,47,257.00,186.00,58.00,194.00,0.555206,-1,-1,-1
215,55,469.00,176.00,59.00,179.00,0.570888,-1,-1,-1
215,71,1211.00,705.00,85.00,262.00,0.810498,-1,-1,-1
215,72,1128.00,731.00,83.00,256.00,0.837170,-1,-1,-1
215,76,406.00,188.00,60.00,165.00,0.634763,-1,-1,-1
216,5,1712.00,450.00,93.00,215.00,0.831351,-1,-1,-1
216,6,443.00,557.00,81.00,251.00,0.838052,-1,-1,-1
216,8,294.00,435.00,74.00,220.00,0.840671,-1,-1,-1
216,9,1599.00,104.00,56.00,171.00,0.753583,-1,-1,-1
216,11,330.00,199.00,57.00,172.00,0.634387,-1,-1,-1
216,12,838.00,946.00,81.00,133.00,0.847120,-1,-1,-1
216,13,1573.00,596.00,101.00,228.00,0.823250,-1,-1,-1
216,20,677.00,281.00,59.00,128.00,0.513241,-1,-1,-1
216,21,1482.00,4.00,61.00,128.00,0.583265,-1,-1,-1
216,26,780.00,132.00,54.00,175.00,0.354730,-1,-1,-1
216,47,257.00,189.00,58.00,191.00,0.566135,-1,-1,-1
216,55,469.00,176.00,58.00,179.00,0.524579,-1,-1,-1
216,71,1207.00,705.00,86.00,264.00,0.820469,-1,-1,-1
216,72,1126.00,728.00,81.00,251.00,0.835114,-1,-1,-1
216,76,407.00,190.00,61.00,166.00,0.592785,-1,-1,-1
217,5,1712.00,451.00,93.00,214.00,0.837755,-1,-1,-1
217,6,448.00,557.00,80.00,252.00,0.807291,-1,-1,-1
217,8,294.00,437.00,74.00,220.00,0.842727,-1,-1,-1
217,9,1599.00,103.00,56.00,171.00,0.734211,-1,-1,-1
217,11,331.00,199.00,56.00,169.00,0.594626,-1,-1,-1
217,12,838.00,946.00,82.00,133.00,0.851855,-1,-1,-1
217,13,1572.00,596.00,101.00,228.00,0.839001,-1,-1,-1
217,20,678.00,281.00,58.00,128.00,0.488878,-1,-1,-1
217,21,1484.00,3.00,60.00,129.00,0.616709,-1,-1,-1
217,26,780.00,132.00,54.00,175.00,0.377209,-1,-1,-1
217,29,549.00,107.00,66.00,181.00,0.251227,-1,-1,-1
217,47,259.00,191.00,57.00,188.00,0.479198,-1,-1,-1
217,55,468.00,176.00,59.00,181.00,0.523090,-1,-1,-1
217,71,1202.00,704.00,86.00,264.00,0.822485,-1,-1,-1
217,72,1123.00,725.00,81.00,249.00,0.832855,-1,-1,-1
217,76,408.00,190.00,61.00,167.00,0.569851,-1,-1,-1
217,81,892.00,0.00,60.00,76.00,0.317931,-1,-1,-1
218,5,1712.00,451.00,92.00,215.00,0.842391,-1,-1,-1
218,6,454.00,559.00,81.00,251.00,0.839123,-1,-1,-1
218,8,295.00,439.00,73.00,220.00,0.831636,-1,-1,-1
218,9,1599.00,102.00,56.00,172.00,0.776592,-1,-1,-1
218,11,332.00,199.00,56.00,169.00,0.628513,-1,-1,-1
218,12,839.00,946.00,82.00,133.00,0.845777,-1,-1,-1
218,13,1572.00,595.00,101.00,229.00,0.832549,-1,-1,-1
218,20,677.00,280.00,59.00,129.00,0.483760,-1,-1,-1
218,21,1485.00,4.00,59.00,127.00,0.616263,-1,-1,-1
218,26,780.00,132.00,54.00,175.00,0.364653,-1,-1,-1
218,47,258.00,188.00,58.00,191.00,0.583411,-1,-1,-1
218,55,467.00,178.00,60.00,181.00,0.525706,-1,-1,-1
218,71,1196.00,703.00,87.00,264.00,0.833769,-1,-1,-1
218,72,1121.00,722.00,80.00,249.00,0.828745,-1,-1,-1
218,76,408.00,192.00,60.00,168.00,0.616198,-1,-1,-1
218,81,889.00,0.00,60.00,75.00,0.329697,-1,-1,-1
219,5,1711.00,451.00,93.00,215.00,0.846499,-1,-1,-1
219,6,460.00,560.00,81.00,248.00,0.857158,-1,-1,-1
219,8,295.00,441.00,73.00,220.00,0.843810,-1,-1,-1
219,9,1599.00,101.00,56.00,173.00,0.768391,-1,-1,-1
219,11,331.00,199.00,56.00,168.00,0.631780,-1,-1,-1
219,12,840.00,947.00,82.00,132.00,0.848342,-1,-1,-1
219,13,1572.00,595.00,101.00,229.00,0.819370,-1,-1,-1
219,20,678.00,281.00,59.00,128.00,0.448435,-1,-1,-1
219,21,1486.00,5.00,58.00,125.00,0.616688,-1,-1,-1
219,26,780.00,132.00,54.00,175.00,0.338815,-1,-1,-1
219,47,259.00,188.00,58.00,191.00,0.504184,-1,-1,-1
219,55,466.00,177.00,61.00,186.00,0.555720,-1,-1,-1
219,71,1193.00,703.00,87.00,263.00,0.856808,-1,-1,-1
219,72,1119.00,719.00,81.00,252.00,0.825389,-1,-1,-1
219,76,407.00,195.00,60.00,167.00,0.625117,-1,-1,-1
219,81,888.00,0.00,60.00,75.00,0.306989,-1,-1,-1
220,5,1712.00,451.00,93.00,215.00,0.844105,-1,-1,-1
220,6,463.00,561.00,82.00,245.00,0.871599,-1,-1,-1
220,8,295.00,443.00,74.00,223.00,0.827830,-1,-1,-1
220,9,1598.00,99.00,56.00,174.00,0.746733,-1,-1,-1
220,11,331.00,198.00,56.00,168.00,0.632918,-1,-1,-1
220,12,841.00,947.00,82.00,132.00,0.851077,-1,-1,-1
220,13,1573.00,595.00,101.00,228.00,0.827991,-1,-1,-1
220,20,677.00,280.00,59.00,129.00,0.500267,-1,-1,-1
220,21,1487.00,4.00,58.00,126.00,0.644661,-1,-1,-1
220,26,780.00,132.00,55.00,176.00,0.436621,-1,-1,-1
220,47,259.00,186.00,58.00,193.00,0.547443,-1,-1,-1
220,55,465.00,178.00,62.00,188.00,0.536645,-1,-1,-1
220,71,1190.00,702.00,88.00,263.00,0.865039,-1,-1,-1
220,72,1116.00,717.00,82.00,254.00,0.838223,-1,-1,-1
220,76,407.00,196.00,59.00,167.00,0.653118,-1,-1,-1
220,81,886.00,0.00,61.00,74.00,0.296973,-1,-1,-1
221,5,1712.00,451.00,93.00,214.00,0.853207,-1,-1,-1
221,6,464.00,562.00,84.00,244.00,0.866345,-1,-1,-1
221,8,296.00,444.00,73.00,225.00,0.840708,-1,-1,-1
221,9,1597.00,98.00,57.00,175.00,0.783372,-1,-1,-1
221,11,332.00,197.00,55.00,168.00,0.620990,-1,-1,-1
221,12,843.00,948.00,81.00,131.00,0.865508,-1,-1,-1
221,13,1573.00,595.00,100.00,228.00,0.822709,-1,-1,-1
221,20,677.00,281.00,59.00,128.00,0.490716,-1,-1,-1
221,21,1488.00,5.00,58.00,126.00,0.632856,-1,-1,-1
221,26,781.00,132.00,54.00,175.00,0.419039,-1,-1,-1
221,47,260.00,185.00,58.00,193.00,0.534555,-1,-1,-1
221,55,465.00,180.00,62.00,188.00,0.604158,-1,-1,-1
221,71,1188.00,701.00,88.00,262.00,0.865982,-1,-1,-1
221,72,1114.00,715.00,82.00,255.00,0.819097,-1,-1,-1
221,76,408.00,196.00,59.00,167.00,0.673833,-1,-1,-1
221,81,885.00,0.00,62.00,74.00,0.331017,-1,-1,-1
222,5,1711.00,451.00,93.00,214.00,0.844107,-1,-1,-1
222,6,464.00,563.00,86.00,245.00,0.854510,-1,-1,-1
222,8,297.00,445.00,73.00,225.00,0.843632,-1,-1,-1
222,9,1597.00,96.00,56.00,174.00,0.785652,-1,-1,-1
222,11,332.00,197.00,56.00,168.00,0.647611,-1,-1,-1
222,12,845.00,949.00,81.00,130.00,0.872825,-1,-1,-1
222,13,1573.00,595.00,100.00,228.00,0.831969,-1,-1,-1
222,20,678.00,281.00,58.00,128.00,0.493652,-1,-1,-1
222,21,1490.00,7.00,57.00,124.00,0.615299,-1,-1,-1
222,26,781.00,132.00,55.00,175.00,0.445492,-1,-1,-1
222,47,260.00,183.00,59.00,194.00,0.587308,-1,-1,-1
222,55,465.00,181.00,62.00,188.00,0.632576,-1,-1,-1
222,71,1187.00,699.00,88.00,263.00,0.859367,-1,-1,-1
222,72,1112.00,714.00,82.00,257.00,0.819921,-1,-1,-1
222,76,408.00,197.00,58.00,167.00,0.683607,-1,-1,-1
222,81,884.00,0.00,62.00,74.00,0.299197,-1,-1,-1
223,5,1711.00,451.00,93.00,215.00,0.846113,-1,-1,-1
223,6,465.00,564.00,88.00,246.00,0.860791,-1,-1,-1
223,8,298.00,446.00,73.00,224.00,0.856222,-1,-1,-1
223,9,1596.00,95.00,56.00,172.00,0.801115,-1,-1,-1
223,11,331.00,196.00,57.00,171.00,0.654501,-1,-1,-1
223,12,847.00,950.00,81.00,129.00,0.866276,-1,-1,-1
223,13,1572.00,594.00,101.00,229.00,0.841165,-1,-1,-1
223,20,677.00,280.00,59.00,129.00,0.488207,-1,-1,-1
223,21,1492.00,9.00,55.00,119.00,0.590322,-1,-1,-1
223,26,780.00,132.00,54.00,174.00,0.351579,-1,-1,-1
223,47,260.00,184.00,60.00,192.00,0.626894,-1,-1,-1
223,55,463.00,182.00,63.00,189.00,0.627740,-1,-1,-1
223,71,1185.00,696.00,87.00,261.00,0.826651,-1,-1,-1
223,72,1110.00,713.00,82.00,258.00,0.819255,-1,-1,-1
223,76,405.00,198.00,58.00,166.00,0.665211,-1,-1,-1
224,5,1712.00,451.00,92.00,215.00,0.862889,-1,-1,-1
224,6,465.00,565.00,91.00,248.00,0.862017,-1,-1,-1
224,8,299.00,446.00,73.00,224.00,0.848138,-1,-1,-1
224,9,1595.00,93.00,56.00,171.00,0.802935,-1,-1,-1
224,11,332.00,196.00,56.00,171.00,0.655965,-1,-1,-1
224,12,849.00,950.00,80.00,129.00,0.866897,-1,-1,-1
224,13,1571.00,593.00,101.00,230.00,0.837594,-1,-1,-1
224,20,678.00,281.00,58.00,128.00,0.462021,-1,-1,-1
224,21,1493.00,10.00,55.00,120.00,0.594275,-1,-1,-1
224,26,781.00,132.00,54.00,174.00,0.360406,-1,-1,-1
224,47,261.00,184.00,60.00,193.00,0.599521,-1,-1,-1
224,55,462.00,185.00,63.00,188.00,0.605355,-1,-1,-1
224,71,1183.00,693.00,88.00,265.00,0.809705,-1,-1,-1
224,72,1108.00,712.00,81.00,259.00,0.842141,-1,-1,-1
224,76,403.00,198.00,59.00,167.00,0.668758,-1,-1,-1
225,5,1711.00,452.00,92.00,213.00,0.855233,-1,-1,-1
225,6,465.00,565.00,93.00,249.00,0.864616,-1,-1,-1
225,8,300.00,447.00,73.00,224.00,0.864246,-1,-1,-1
225,9,1595.00,92.00,56.00,171.00,0.802542,-1,-1,-1
225,11,331.00,196.00,57.00,169.00,0.618306,-1,-1,-1
225,12,851.00,951.00,79.00,127.00,0.874717,-1,-1,-1
225,13,1571.00,592.00,102.00,232.00,0.840515,-1,-1,-1
225,20,678.00,281.00,58.00,128.00,0.490351,-1,-1,-1
225,21,1491.00,6.00,58.00,124.00,0.645866,-1,-1,-1
225,26,782.00,132.00,54.00,174.00,0.429424,-1,-1,-1
225,47,263.00,187.00,59.00,189.00,0.615003,-1,-1,-1
225,55,463.00,188.00,62.00,186.00,0.556542,-1,-1,-1
225,71,1181.00,689.00,86.00,260.00,0.814069,-1,-1,-1
225,72,1106.00,712.00,81.00,259.00,0.863348,-1,-1,-1
225,76,403.00,199.00,58.00,165.00,0.635276,-1,-1,-1
226,5,1711.00,451.00,92.00,214.00,0.848062,-1,-1,-1
226,6,467.00,564.00,94.00,250.00,0.893717,-1,-1,-1
226,8,301.00,448.00,73.00,223.00,0.876668,-1,-1,-1
226,9,1595.00,91.00,56.00,171.00,0.802153,-1,-1,-1
226,11,331.00,195.00,57.00,170.00,0.609427,-1,-1,-1
226,12,853.00,951.00,80.00,127.00,0.861946,-1,-1,-1
226,13,1570.00,592.00,103.00,231.00,0.834559,-1,-1,-1
226,20,678.00,280.00,59.00,129.00,0.458704,-1,-1,-1
226,21,1492.00,4.00,58.00,126.00,0.627208,-1,-1,-1
226,26,782.00,132.00,54.00,174.00,0.422713,-1,-1,-1
226,47,264.00,189.00,58.00,186.00,0.612003,-1,-1,-1
226,55,463.00,188.00,62.00,187.00,0.581677,-1,-1,-1
226,71,1179.00,684.00,83.00,253.00,0.819728,-1,-1,-1
226,72,1103.00,710.00,81.00,259.00,0.843571,-1,-1,-1
226,76,404.00,200.00,56.00,164.00,0.648721,-1,-1,-1
227,5,1711.00,451.00,91.00,213.00,0.853263,-1,-1,-1
227,6,469.00,565.00,94.00,249.00,0.881003,-1,-1,-1
227,8,302.00,448.00,73.00,222.00,0.876636,-1,-1,-1
227,9,1594.00,90.00,56.00,171.00,0.793354,-1,-1,-1
227,11,331.00,195.00,57.00,170.00,0.577707,-1,-1,-1
227,12,855.00,951.00,80.00,128.00,0.864104,-1,-1,-1
227,13,1572.00,592.00,101.00,231.00,0.835602,-1,-1,-1
227,20,677.00,280.00,59.00,129.00,0.479739,-1,-1,-1
227,21,1492.00,4.00,58.00,125.00,0.665679,-1,-1,-1
227,26,782.00,133.00,55.00,173.00,0.442397,-1,-1,-1
227,47,263.00,190.00,59.00,185.00,0.564542,-1,-1,-1
227,55,462.00,189.00,61.00,186.00,0.577331,-1,-1,-1
227,71,1176.00,680.00,83.00,253.00,0.816116,-1,-1,-1
227,72,1102.00,708.00,80.00,259.00,0.815017,-1,-1,-1
227,76,404.00,200.00,56.00,163.00,0.617373,-1,-1,-1
228,5,1711.00,451.00,91.00,213.00,0.857648,-1,-1,-1
228,6,472.00,565.00,94.00,249.00,0.862012,-1,-1,-1
228,8,302.00,450.00,73.00,220.00,0.877321,-1,-1,-1
228,9,1594.00,89.00,56.00,172.00,0.781947,-1,-1,-1
228,11,331.00,195.00,57.00,170.00,0.614707,-1,-1,-1
228,12,857.00,952.00,80.00,127.00,0.874295,-1,-1,-1
228,13,1571.00,592.00,102.00,232.00,0.843835,-1,-1,-1
228,20,678.00,280.00,59.00,129.00,0.534693,-1,-1,-1
228,21,1493.00,7.00,57.00,122.00,0.682536,-1,-1,-1
228,26,783.00,133.00,55.00,173.00,0.462639,-1,-1,-1
228,47,263.00,187.00,59.00,189.00,0.602589,-1,-1,-1
228,55,461.00,189.00,62.00,186.00,0.591994,-1,-1,-1
228,71,1173.00,677.00,83.00,254.00,0.826931,-1,-1,-1
228,72,1099.00,704.00,81.00,262.00,0.807049,-1,-1,-1
228,76,404.00,201.00,55.00,162.00,0.640388,-1,-1,-1
229,5,1711.00,451.00,91.00,213.00,0.854226,-1,-1,-1
229,6,476.00,565.00,93.00,249.00,0.851507,-1,-1,-1
229,8,303.00,450.00,73.00,220.00,0.873895,-1,-1,-1
229,9,1593.00,88.00,56.00,173.00,0.743779,-1,-1,-1
229,11,331.00,196.00,57.00,169.00,0.590522,-1,-1,-1
229,12,859.00,952.00,80.00,127.00,0.856781,-1,-1,-1
229,13,1570.00,592.00,102.00,232.00,0.827294,-1,-1,-1
229,20,677.00,280.00,59.00,129.00,0.528622,-1,-1,-1
229,21,1493.00,3.00,58.00,127.00,0.668573,-1,-1,-1
229,26,783.00,133.00,55.00,173.00,0.426055,-1,-1,-1
229,47,263.00,186.00,60.00,190.00,0.569591,-1,-1,-1
229,55,459.00,185.00,63.00,190.00,0.592235,-1,-1,-1
229,71,1170.00,674.00,84.00,257.00,0.820443,-1,-1,-1
229,72,1097.00,701.00,81.00,263.00,0.799090,-1,-1,-1
229,76,402.00,201.00,55.00,162.00,0.628662,-1,-1,-1
230,5,1711.00,451.00,90.00,214.00,0.856453,-1,-1,-1
230,6,482.00,566.00,90.00,248.00,0.845739,-1,-1,-1
230,8,303.00,451.00,73.00,220.00,0.880726,-1,-1,-1
230,9,1590.00,88.00,57.00,174.00,0.729964,-1,-1,-1
230,11,331.00,196.00,57.00,169.00,0.597767,-1,-1,-1
230,12,861.00,952.00,81.00,127.00,0.867830,-1,-1,-1
230,13,1569.00,590.00,103.00,234.00,0.831030,-1,-1,-1
230,20,677.00,280.00,59.00,129.00,0.538442,-1,-1,-1
230,21,1493.00,2.00,60.00,130.00,0.626064,-1,-1,-1
230,26,783.00,134.00,55.00,172.00,0.386592,-1,-1,-1
230,47,265.00,192.00,58.00,182.00,0.541069,-1,-1,-1
230,55,459.00,188.00,62.00,187.00,0.581014,-1,-1,-1
230,71,1168.00,672.00,84.00,259.00,0.815188,-1,-1,-1
230,72,1096.00,697.00,80.00,264.00,0.761881,-1,-1,-1
230,76,402.00,202.00,54.00,161.00,0.655475,-1,-1,-1
230,110,1449.00,90.00,66.00,164.00,0.447824,-1,-1,-1
231,5,1711.00,451.00,90.00,214.00,0.847640,-1,-1,-1
231,6,488.00,567.00,88.00,246.00,0.828434,-1,-1,-1
231,8,303.00,453.00,74.00,220.00,0.887361,-1,-1,-1
231,9,1588.00,88.00,57.00,174.00,0.733740,-1,-1,-1
231,11,331.00,196.00,57.00,169.00,0.581043,-1,-1,-1
231,12,863.00,953.00,80.00,126.00,0.862627,-1,-1,-1
231,13,1570.00,592.00,103.00,231.00,0.821852,-1,-1,-1
231,20,677.00,280.00,59.00,129.00,0.540835,-1,-1,-1
231,21,1494.00,4.00,60.00,130.00,0.596445,-1,-1,-1
231,26,784.00,134.00,54.00,172.00,0.337253,-1,-1,-1
231,47,266.00,192.00,58.00,181.00,0.561034,-1,-1,-1
231,55,457.00,186.00,63.00,189.00,0.641572,-1,-1,-1
231,71,1166.00,671.00,84.00,260.00,0.817749,-1,-1,-1
231,72,1096.00,695.00,77.00,253.00,0.783983,-1,-1,-1
231,76,402.00,205.00,54.00,159.00,0.652216,-1,-1,-1
231,110,1448.00,90.00,67.00,164.00,0.575987,-1,-1,-1
232,5,1711.00,452.00,90.00,213.00,0.848436,-1,-1,-1
232,6,494.00,566.00,86.00,247.00,0.829274,-1,-1,-1
232,8,303.00,455.00,75.00,223.00,0.889778,-1,-1,-1
232,9,1586.00,87.00,58.00,174.00,0.756543,-1,-1,-1
232,11,330.00,196.00,57.00,169.00,0.557203,-1,-1,-1
232,12,864.00,953.00,81.00,126.00,0.869613,-1,-1,-1
232,13,1569.00,591.00,103.00,232.00,0.838578,-1,-1,-1
232,20,677.00,280.00,59.00,129.00,0.529406,-1,-1,-1
232,21,1495.00,6.00,59.00,130.00,0.614591,-1,-1,-1
232,26,784.00,133.00,55.00,172.00,0.421691,-1,-1,-1
232,47,266.00,190.00,58.00,183.00,0.520668,-1,-1,-1
232,55,456.00,185.00,63.00,191.00,0.660668,-1,-1,-1
232,71,1164.00,670.00,83.00,261.00,0.823255,-1,-1,-1
232,72,1095.00,693.00,75.00,244.00,0.797236,-1,-1,-1
232,76,402.00,206.00,54.00,159.00,0.655403,-1,-1,-1
232,110,1447.00,88.00,67.00,165.00,0.565340,-1,-1,-1
233,5,1711.00,452.00,89.00,213.00,0.842810,-1,-1,-1
233,6,499.00,567.00,85.00,247.00,0.838977,-1,-1,-1
233,8,303.00,458.00,75.00,224.00,0.888991,-1,-1,-1
233,9,1585.00,87.00,57.00,174.00,0.764035,-1,-1,-1
233,11,330.00,196.00,57.00,169.00,0.580360,-1,-1,-1
233,12,866.00,953.00,80.00,126.00,0.869686,-1,-1,-1
233,13,1570.00,593.00,103.00,230.00,0.827331,-1,-1,-1
233,20,677.00,281.00,59.00,128.00,0.527013,-1,-1,-1
233,21,1495.00,5.00,59.00,131.00,0.597049,-1,-1,-1
233,26,785.00,133.00,55.00,173.00,0.440716,-1,-1,-1
233,29,545.00,110.00,67.00,182.00,0.291536,-1,-1,-1
233,47,266.00,187.00,59.00,185.00,0.523889,-1,-1,-1
233,55,456.00,185.00,63.00,190.00,0.648160,-1,-1,-1
233,71,1162.00,670.00,84.00,261.00,0.822628,-1,-1,-1
233,72,1092.00,690.00,75.00,244.00,0.818225,-1,-1,-1
233,76,402.00,206.00,54.00,162.00,0.672444,-1,-1,-1
233,110,1450.00,86.00,66.00,165.00,0.614029,-1,-1,-1
234,5,1712.00,452.00,88.00,212.00,0.840635,-1,-1,-1
234,6,504.00,566.00,83.00,248.00,0.834176,-1,-1,-1
234,8,302.00,460.00,77.00,226.00,0.888476,-1,-1,-1
234,9,1583.00,87.00,58.00,174.00,0.761253,-1,-1,-1
234,11,330.00,195.00,56.00,170.00,0.623371,-1,-1,-1
234,12,867.00,953.00,81.00,126.00,0.865862,-1,-1,-1
234,13,1571.00,593.00,102.00,230.00,0.835052,-1,-1,-1
234,20,677.00,280.00,59.00,129.00,0.518259,-1,-1,-1
234,21,1494.00,4.00,59.00,131.00,0.620956,-1,-1,-1
234,26,785.00,133.00,56.00,173.00,0.400617,-1,-1,-1
234,47,266.00,186.00,59.00,186.00,0.540938,-1,-1,-1
234,55,455.00,185.00,63.00,190.00,0.628456,-1,-1,-1
234,71,1161.00,669.00,84.00,260.00,0.826932,-1,-1,-1
234,72,1089.00,688.00,76.00,244.00,0.786569,-1,-1,-1
234,76,401.00,206.00,55.00,164.00,0.673625,-1,-1,-1
234,110,1452.00,85.00,66.00,164.00,0.599945,-1,-1,-1
235,5,1713.00,452.00,87.00,212.00,0.839949,-1,-1,-1
235,6,508.00,567.00,82.00,247.00,0.851943,-1,-1,-1
235,8,302.00,462.00,77.00,227.00,0.882234,-1,-1,-1
235,9,1582.00,87.00,58.00,174.00,0.694597,-1,-1,-1
235,11,329.00,194.00,57.00,171.00,0.584388,-1,-1,-1
235,12,868.00,953.00,81.00,126.00,0.870008,-1,-1,-1
235,13,1572.00,594.00,102.00,229.00,0.757070,-1,-1,-1
235,20,677.00,280.00,59.00,129.00,0.508364,-1,-1,-1
235,21,1493.00,4.00,58.00,130.00,0.603282,-1,-1,-1
235,26,785.00,133.00,56.00,173.00,0.365793,-1,-1,-1
235,47,267.00,186.00,59.00,186.00,0.501953,-1,-1,-1
235,55,456.00,188.00,61.00,186.00,0.640316,-1,-1,-1
235,71,1160.00,669.00,84.00,258.00,0.825311,-1,-1,-1
235,72,1086.00,685.00,76.00,247.00,0.802912,-1,-1,-1
235,76,401.00,208.00,55.00,164.00,0.672022,-1,-1,-1
235,110,1455.00,84.00,64.00,161.00,0.427711,-1,-1,-1
236,5,1714.00,452.00,86.00,212.00,0.833769,-1,-1,-1
236,6,513.00,567.00,82.00,247.00,0.849984,-1,-1,-1
236,8,302.00,464.00,77.00,227.00,0.887840,-1,-1,-1
236,9,1581.00,87.00,59.00,175.00,0.688972,-1,-1,-1
236,11,329.00,193.00,57.00,172.00,0.540935,-1,-1,-1
236,12,869.00,953.00,81.00,126.00,0.871126,-1,-1,-1
236,13,1571.00,592.00,103.00,232.00,0.798601,-1,-1,-1
236,20,677.00,280.00,59.00,129.00,0.513548,-1,-1,-1
236,21,1493.00,3.00,56.00,127.00,0.519694,-1,-1,-1
236,26,785.00,133.00,56.00,174.00,0.411875,-1,-1,-1
236,47,267.00,181.00,60.00,191.00,0.546651,-1,-1,-1
236,55,456.00,190.00,62.00,187.00,0.593286,-1,-1,-1
236,71,1158.00,667.00,85.00,258.00,0.827843,-1,-1,-1
236,72,1083.00,683.00,77.00,248.00,0.811469,-1,-1,-1
236,76,401.00,209.00,55.00,166.00,0.631054,-1,-1,-1
236,110,1454.00,83.00,63.00,159.00,0.605110,-1,-1,-1
237,5,1715.00,453.00,85.00,211.00,0.836882,-1,-1,-1
237,6,519.00,568.00,81.00,246.00,0.842608,-1,-1,-1
237,8,301.00,466.00,77.00,227.00,0.887390,-1,-1,-1
237,9,1579.00,87.00,59.00,174.00,0.691432,-1,-1,-1
237,11,328.00,193.00,57.00,172.00,0.543581,-1,-1,-1
237,12,869.00,954.00,81.00,125.00,0.871518,-1,-1,-1
237,13,1570.00,592.00,103.00,231.00,0.797487,-1,-1,-1
237,20,678.00,281.00,58.00,128.00,0.477212,-1,-1,-1
237,21,1493.00,3.00,55.00,125.00,0.529306,-1,-1,-1
237,26,785.00,133.00,57.00,173.00,0.378770,-1,-1,-1
237,29,541.00,110.00,67.00,182.00,0.272002,-1,-1,-1
237,47,267.00,176.00,61.00,196.00,0.571569,-1,-1,-1
237,55,456.00,192.00,61.00,188.00,0.583335,-1,-1,-1
237,71,1156.00,666.00,85.00,260.00,0.829879,-1,-1,-1
237,72,1081.00,682.00,78.00,249.00,0.824922,-1,-1,-1
237,76,401.00,211.00,56.00,165.00,0.628317,-1,-1,-1
237,81,845.00,0.00,60.00,71.00,0.254277,-1,-1,-1
237,110,1453.00,82.00,63.00,159.00,0.579152,-1,-1,-1
238,5,1715.00,453.00,85.00,211.00,0.844487,-1,-1,-1
238,6,525.00,569.00,82.00,245.00,0.854557,-1,-1,-1
238,8,300.00,467.00,77.00,228.00,0.890315,-1,-1,-1
238,9,1578.00,87.00,59.00,172.00,0.686648,-1,-1,-1
238,11,328.00,192.00,57.00,171.00,0.514857,-1,-1,-1
238,12,870.00,955.00,81.00,124.00,0.871891,-1,-1,-1
238,13,1571.00,593.00,102.00,230.00,0.835026,-1,-1,-1
238,20,678.00,281.00,58.00,128.00,0.489609,-1,-1,-1
238,21,1493.00,4.00,56.00,125.00,0.364835,-1,-1,-1
238,26,785.00,132.00,57.00,174.00,0.357010,-1,-1,-1
238,47,268.00,176.00,60.00,194.00,0.536220,-1,-1,-1
238,55,456.00,195.00,61.00,188.00,0.587242,-1,-1,-1
238,71,1154.00,662.00,85.00,262.00,0.829720,-1,-1,-1
238,72,1079.00,681.00,78.00,249.00,0.813577,-1,-1,-1
238,76,400.00,210.00,56.00,166.00,0.612817,-1,-1,-1
238,110,1453.00,81.00,63.00,160.00,0.546210,-1,-1,-1
239,5,1716.00,452.00,84.00,212.00,0.837326,-1,-1,-1
239,6,528.00,570.00,84.00,244.00,0.867702,-1,-1,-1
239,8,299.00,469.00,77.00,229.00,0.885012,-1,-1,-1
239,9,1577.00,85.00,59.00,175.00,0.636874,-1,-1,-1
239,11,328.00,192.00,56.00,173.00,0.522153,-1,-1,-1
239,12,871.00,955.00,80.00,124.00,0.872465,-1,-1,-1
239,13,1570.00,592.00,103.00,230.00,0.831150,-1,-1,-1
239,20,678.00,281.00,58.00,128.00,0.496129,-1,-1,-1
239,21,1494.00,8.00,57.00,125.00,0.339314,-1,-1,-1
239,26,785.00,132.00,57.00,174.00,0.394562,-1,-1,-1
239,29,542.00,113.00,67.00,177.00,0.283452,-1,-1,-1
239,47,269.00,175.00,59.00,196.00,0.551197,-1,-1,-1
239,55,456.00,198.00,60.00,187.00,0.597448,-1,-1,-1
239,71,1151.00,660.00,87.00,263.00,0.842340,-1,-1,-1
239,72,1077.00,679.00,79.00,251.00,0.811127,-1,-1,-1
239,76,400.00,211.00,55.00,166.00,0.634139,-1,-1,-1
239,110,1452.00,80.00,61.00,159.00,0.507483,-1,-1,-1
240,5,1716.00,453.00,84.00,212.00,0.838955,-1,-1,-1
240,6,530.00,571.00,84.00,243.00,0.878557,-1,-1,-1
240,8,297.00,470.00,78.00,229.00,0.869327,-1,-1,-1
240,9,1576.00,84.00,59.00,175.00,0.693590,-1,-1,-1
240,11,327.00,191.00,57.00,173.00,0.576512,-1,-1,-1
240,12,871.00,956.00,81.00,123.00,0.871741,-1,-1,-1
240,13,1569.00,590.00,104.00,233.00,0.823755,-1,-1,-1
240,20,678.00,282.00,58.00,127.00,0.494249,-1,-1,-1
240,21,1493.00,9.00,57.00,124.00,0.257731,-1,-1,-1
240,26,784.00,132.00,57.00,174.00,0.346657,-1,-1,-1
240,29,541.00,112.00,68.00,178.00,0.366532,-1,-1,-1
240,47,269.00,174.00,60.00,196.00,0.570260,-1,-1,-1
240,55,455.00,195.00,62.00,193.00,0.573697,-1,-1,-1
240,71,1149.00,657.00,87.00,263.00,0.837511,-1,-1,-1
240,72,1075.00,679.00,79.00,251.00,0.823187,-1,-1,-1
240,76,399.00,210.00,56.00,168.00,0.662119,-1,-1,-1
240,110,1453.00,80.00,62.00,159.00,0.551601,-1,-1,-1
241,5,1717.00,453.00,83.00,213.00,0.835223,-1,-1,-1
241,6,530.00,571.00,85.00,244.00,0.855091,-1,-1,-1
241,8,296.00,470.00,77.00,229.00,0.869819,-1,-1,-1
241,9,1575.00,82.00,59.00,175.00,0.678276,-1,-1,-1
241,11,328.00,192.00,55.00,170.00,0.553030,-1,-1,-1
241,12,872.00,956.00,81.00,123.00,0.870466,-1,-1,-1
241,13,1569.00,588.00,105.00,236.00,0.816730,-1,-1,-1
241,20,677.00,281.00,59.00,128.00,0.505607,-1,-1,-1
241,26,784.00,132.00,57.00,174.00,0.391188,-1,-1,-1
241,29,541.00,113.00,68.00,177.00,0.322939,-1,-1,-1
241,47,271.00,174.00,58.00,194.00,0.579463,-1,-1,-1
241,55,455.00,199.00,60.00,191.00,0.585849,-1,-1,-1
241,71,1146.00,653.00,86.00,262.00,0.840043,-1,-1,-1
241,72,1072.00,677.00,79.00,253.00,0.822620,-1,-1,-1
241,76,398.00,212.00,56.00,166.00,0.630571,-1,-1,-1
241,110,1454.00,79.00,61.00,160.00,0.575002,-1,-1,-1
242,5,1718.00,452.00,83.00,213.00,0.834797,-1,-1,-1
242,6,531.00,571.00,86.00,244.00,0.831619,-1,-1,-1
242,8,295.00,471.00,76.00,228.00,0.883047,-1,-1,-1
242,9,1575.00,80.00,58.00,173.00,0.659586,-1,-1,-1
242,11,328.00,192.00,56.00,170.00,0.541700,-1,-1,-1
242,12,872.00,956.00,81.00,123.00,0.868218,-1,-1,-1
242,13,1569.00,587.00,105.00,237.00,0.856299,-1,-1,-1
242,20,677.00,281.00,59.00,128.00,0.521800,-1,-1,-1
242,26,784.00,133.00,57.00,172.00,0.372694,-1,-1,-1
242,29,543.00,112.00,67.00,178.00,0.355158,-1,-1,-1
242,47,271.00,173.00,59.00,194.00,0.607824,-1,-1,-1
242,55,453.00,199.00,61.00,193.00,0.602837,-1,-1,-1
242,71,1144.00,651.00,84.00,256.00,0.853019,-1,-1,-1
242,72,1070.00,676.00,80.00,252.00,0.824484,-1,-1,-1
242,76,397.00,210.00,57.00,168.00,0.618576,-1,-1,-1
242,110,1453.00,79.00,60.00,158.00,0.368703,-1,-1,-1
243,5,1719.00,452.00,81.00,213.00,0.835044,-1,-1,-1
243,6,531.00,571.00,86.00,244.00,0.836462,-1,-1,-1
243,8,294.00,472.00,77.00,228.00,0.872336,-1,-1,-1
243,9,1575.00,79.00,58.00,170.00,0.707494,-1,-1,-1
243,11,328.00,192.00,56.00,168.00,0.562513,-1,-1,-1
243,12,872.00,956.00,81.00,122.00,0.865648,-1,-1,-1
243,13,1570.00,591.00,103.00,233.00,0.836061,-1,-1,-1
243,20,677.00,280.00,59.00,129.00,0.542251,-1,-1,-1
243,21,1491.00,17.00,55.00,120.00,0.297850,-1,-1,-1
243,26,784.00,132.00,57.00,173.00,0.340575,-1,-1,-1
243,47,272.00,173.00,58.00,193.00,0.610554,-1,-1,-1
243,51,408.00,70.00,57.00,159.00,0.360522,-1,-1,-1
243,55,454.00,202.00,59.00,191.00,0.614614,-1,-1,-1
243,71,1141.00,647.00,83.00,250.00,0.843464,-1,-1,-1
243,72,1068.00,674.00,79.00,251.00,0.816014,-1,-1,-1
243,76,395.00,209.00,58.00,169.00,0.571095,-1,-1,-1
243,110,1452.00,79.00,59.00,158.00,0.480054,-1,-1,-1
244,5,1719.00,452.00,81.00,213.00,0.831836,-1,-1,-1
244,6,531.00,571.00,87.00,244.00,0.839679,-1,-1,-1
244,8,294.00,472.00,76.00,228.00,0.846174,-1,-1,-1
244,9,1574.00,77.00,58.00,170.00,0.695711,-1,-1,-1
244,11,328.00,191.00,56.00,168.00,0.585715,-1,-1,-1
244,12,872.00,956.00,82.00,122.00,0.869266,-1,-1,-1
244,13,1570.00,589.00,104.00,234.00,0.836932,-1,-1,-1
244,20,677.00,280.00,59.00,129.00,0.501887,-1,-1,-1
244,21,1490.00,17.00,55.00,120.00,0.455627,-1,-1,-1
244,26,784.00,133.00,57.00,172.00,0.332757,-1,-1,-1
244,29,542.00,113.00,67.00,179.00,0.337460,-1,-1,-1
244,47,273.00,174.00,57.00,192.00,0.600498,-1,-1,-1
244,51,407.00,71.00,60.00,164.00,0.370060,-1,-1,-1
244,55,453.00,204.00,59.00,189.00,0.634169,-1,-1,-1
244,71,1139.00,644.00,82.00,247.00,0.833272,-1,-1,-1
244,72,1065.00,671.00,81.00,252.00,0.807023,-1,-1,-1
244,76,398.00,209.00,58.00,168.00,0.473614,-1,-1,-1
244,110,1451.00,79.00,59.00,160.00,0.406127,-1,-1,-1
245,5,1719.00,452.00,80.00,213.00,0.834472,-1,-1,-1
245,6,530.00,570.00,88.00,246.00,0.835136,-1,-1,-1
245,8,293.00,473.00,76.00,227.00,0.859857,-1,-1,-1
245,9,1574.00,75.00,57.00,170.00,0.688995,-1,-1,-1
245,11,329.00,191.00,56.00,168.00,0.556781,-1,-1,-1
245,12,873.00,956.00,81.00,123.00,0.881150,-1,-1,-1
245,13,1570.00,591.00,103.00,232.00,0.834886,-1,-1,-1
245,20,677.00,280.00,59.00,129.00,0.547968,-1,-1,-1
245,21,1489.00,17.00,56.00,122.00,0.556921,-1,-1,-1
245,26,785.00,133.00,57.00,172.00,0.322488,-1,-1,-1
245,29,543.00,113.00,66.00,178.00,0.377183,-1,-1,-1
245,47,274.00,174.00,57.00,192.00,0.583095,-1,-1,-1
245,51,408.00,73.00,59.00,163.00,0.384458,-1,-1,-1
245,55,453.00,205.00,59.00,188.00,0.681905,-1,-1,-1
245,71,1138.00,641.00,81.00,247.00,0.828813,-1,-1,-1
245,72,1064.00,668.00,82.00,252.00,0.816758,-1,-1,-1
245,76,394.00,209.00,59.00,169.00,0.620030,-1,-1,-1
245,110,1448.00,79.00,59.00,158.00,0.365060,-1,-1,-1
246,5,1720.00,452.00,79.00,213.00,0.830913,-1,-1,-1
246,6,530.00,571.00,88.00,245.00,0.834560,-1,-1,-1
246,8,292.00,474.00,76.00,226.00,0.860601,-1,-1,-1
246,9,1574.00,74.00,57.00,170.00,0.703831,-1,-1,-1
246,11,329.00,190.00,56.00,169.00,0.548149,-1,-1,-1
246,12,873.00,957.00,82.00,122.00,0.866627,-1,-1,-1
246,13,1571.00,593.00,102.00,230.00,0.827719,-1,-1,-1
246,20,676.00,279.00,59.00,130.00,0.508310,-1,-1,-1
246,21,1488.00,16.00,57.00,125.00,0.541643,-1,-1,-1
246,26,785.00,132.00,57.00,173.00,0.341688,-1,-1,-1
246,29,543.00,111.00,65.00,180.00,0.302657,-1,-1,-1
246,47,275.00,175.00,57.00,190.00,0.552586,-1,-1,-1
246,51,409.00,74.00,58.00,163.00,0.371471,-1,-1,-1
246,55,453.00,205.00,58.00,187.00,0.648990,-1,-1,-1
246,71,1136.00,640.00,81.00,247.00,0.817874,-1,-1,-1
246,72,1061.00,665.00,79.00,244.00,0.834833,-1,-1,-1
246,76,396.00,210.00,58.00,167.00,0.551010,-1,-1,-1
246,110,1449.00,79.00,57.00,155.00,0.349227,-1,-1,-1
247,5,1719.00,452.00,80.00,212.00,0.835163,-1,-1,-1
247,6,532.00,570.00,87.00,245.00,0.824960,-1,-1,-1
247,8,292.00,474.00,75.00,226.00,0.858753,-1,-1,-1
247,9,1574.00,74.00,57.00,169.00,0.636704,-1,-1,-1
247,11,329.00,190.00,57.00,169.00,0.482038,-1,-1,-1
247,12,873.00,957.00,83.00,122.00,0.871608,-1,-1,-1
247,13,1572.00,595.00,101.00,229.00,0.771368,-1,-1,-1
247,20,677.00,280.00,58.00,128.00,0.475201,-1,-1,-1
247,21,1487.00,15.00,58.00,127.00,0.620285,-1,-1,-1
247,26,786.00,132.00,57.00,173.00,0.328084,-1,-1,-1
247,47,276.00,174.00,56.00,191.00,0.525784,-1,-1,-1
247,51,408.00,75.00,60.00,165.00,0.361237,-1,-1,-1
247,55,452.00,205.00,58.00,187.00,0.612690,-1,-1,-1
247,71,1134.00,638.00,81.00,250.00,0.819646,-1,-1,-1
247,72,1059.00,663.00,78.00,241.00,0.838459,-1,-1,-1
247,76,394.00,211.00,59.00,169.00,0.540657,-1,-1,-1
247,110,1446.00,80.00,57.00,151.00,0.343699,-1,-1,-1
248,5,1720.00,452.00,79.00,213.00,0.830420,-1,-1,-1
248,6,534.00,570.00,87.00,245.00,0.820699,-1,-1,-1
248,8,292.00,476.00,75.00,223.00,0.848024,-1,-1,-1
248,9,1574.00,73.00,57.00,169.00,0.500738,-1,-1,-1
248,11,330.00,189.00,58.00,169.00,0.451091,-1,-1,-1
248,12,874.00,956.00,82.00,123.00,0.881121,-1,-1,-1
248,13,1572.00,595.00,102.00,229.00,0.817382,-1,-1,-1
248,20,677.00,280.00,58.00,129.00,0.483899,-1,-1,-1
248,21,1487.00,15.00,57.00,128.00,0.616645,-1,-1,-1
248,26,786.00,132.00,57.00,173.00,0.324051,-1,-1,-1
248,47,277.00,174.00,56.00,190.00,0.527838,-1,-1,-1
248,51,410.00,75.00,58.00,161.00,0.326631,-1,-1,-1
248,55,452.00,203.00,58.00,189.00,0.596310,-1,-1,-1
248,71,1131.00,637.00,81.00,251.00,0.835794,-1,-1,-1
248,72,1056.00,659.00,79.00,241.00,0.839035,-1,-1,-1
248,76,393.00,212.00,60.00,171.00,0.526746,-1,-1,-1
248,110,1444.00,79.00,56.00,151.00,0.407645,-1,-1,-1
249,5,1720.00,452.00,79.00,213.00,0.830516,-1,-1,-1
249,6,537.00,570.00,87.00,246.00,0.805695,-1,-1,-1
249,8,292.00,479.00,74.00,221.00,0.841828,-1,-1,-1
249,9,1574.00,73.00,56.00,168.00,0.576285,-1,-1,-1
249,11,330.00,189.00,59.00,169.00,0.421328,-1,-1,-1
249,12,874.00,956.00,83.00,123.00,0.879931,-1,-1,-1
249,13,1571.00,594.00,102.00,229.00,0.825933,-1,-1,-1
249,20,676.00,279.00,59.00,130.00,0.466518,-1,-1,-1
249,21,1486.00,15.00,59.00,129.00,0.623313,-1,-1,-1
249,26,786.00,130.00,57.00,174.00,0.336983,-1,-1,-1
249,29,545.00,114.00,63.00,176.00,0.332241,-1,-1,-1
249,47,277.00,173.00,57.00,191.00,0.463916,-1,-1,-1
249,51,410.00,76.00,58.00,160.00,0.302343,-1,-1,-1
249,55,451.00,203.00,58.00,189.00,0.589615,-1,-1,-1
249,71,1128.00,637.00,82.00,252.00,0.833328,-1,-1,-1
249,72,1054.00,656.00,79.00,242.00,0.824241,-1,-1,-1
249,76,391.00,212.00,62.00,176.00,0.544559,-1,-1,-1
249,110,1445.00,79.00,56.00,150.00,0.430101,-1,-1,-1
250,5,1720.00,452.00,79.00,212.00,0.830826,-1,-1,-1
250,6,542.00,572.00,84.00,243.00,0.801296,-1,-1,-1
250,8,291.00,480.00,75.00,223.00,0.838687,-1,-1,-1
250,9,1573.00,73.00,57.00,167.00,0.310146,-1,-1,-1
250,11,331.00,189.00,58.00,169.00,0.448396,-1,-1,-1
250,12,874.00,957.00,84.00,122.00,0.877131,-1,-1,-1
250,13,1571.00,594.00,102.00,229.00,0.819406,-1,-1,-1
250,20,677.00,279.00,58.00,130.00,0.443079,-1,-1,-1
250,21,1486.00,16.00,58.00,130.00,0.615559,-1,-1,-1
250,26,786.00,130.00,57.00,174.00,0.308949,-1,-1,-1
250,29,545.00,113.00,63.00,177.00,0.296333,-1,-1,-1
250,47,278.00,173.00,57.00,190.00,0.486195,-1,-1,-1
250,51,410.00,76.00,58.00,161.00,0.327557,-1,-1,-1
250,55,450.00,205.00,57.00,188.00,0.637843,-1,-1,-1
250,71,1124.00,636.00,83.00,253.00,0.824859,-1,-1,-1
250,72,1051.00,652.00,80.00,245.00,0.830871,-1,-1,-1
250,76,391.00,217.00,61.00,174.00,0.584338,-1,-1,-1
250,110,1443.00,78.00,57.00,156.00,0.465273,-1,-1,-1
251,5,1721.00,452.00,77.00,212.00,0.839168,-1,-1,-1
251,6,545.00,572.00,84.00,243.00,0.790864,-1,-1,-1
251,8,290.00,482.00,76.00,226.00,0.843703,-1,-1,-1
251,11,331.00,188.00,59.00,170.00,0.417232,-1,-1,-1
251,12,875.00,957.00,83.00,122.00,0.871424,-1,-1,-1
251,13,1570.00,594.00,102.00,230.00,0.808054,-1,-1,-1
251,20,677.00,280.00,58.00,129.00,0.438403,-1,-1,-1
251,21,1486.00,15.00,58.00,132.00,0.605171,-1,-1,-1
251,26,785.00,129.00,57.00,175.00,0.358620,-1,-1,-1
251,47,279.00,172.00,56.00,190.00,0.537397,-1,-1,-1
251,51,411.00,75.00,58.00,163.00,0.333269,-1,-1,-1
251,55,450.00,205.00,57.00,187.00,0.645208,-1,-1,-1
251,71,1120.00,634.00,83.00,254.00,0.813996,-1,-1,-1
251,72,1050.00,652.00,79.00,245.00,0.830836,-1,-1,-1
251,76,390.00,221.00,61.00,170.00,0.627680,-1,-1,-1
251,110,1441.00,77.00,58.00,158.00,0.458976,-1,-1,-1
252,5,1721.00,452.00,77.00,212.00,0.833418,-1,-1,-1
252,6,551.00,573.00,81.00,242.00,0.826549,-1,-1,-1
252,8,290.00,484.00,76.00,228.00,0.858590,-1,-1,-1
252,11,330.00,188.00,59.00,169.00,0.441359,-1,-1,-1
252,12,875.00,957.00,83.00,122.00,0.879239,-1,-1,-1
252,13,1570.00,595.00,102.00,229.00,0.821122,-1,-1,-1
252,20,676.00,280.00,59.00,129.00,0.509386,-1,-1,-1
252,21,1486.00,16.00,58.00,132.00,0.599315,-1,-1,-1
252,26,785.00,130.00,56.00,174.00,0.351625,-1,-1,-1
252,29,544.00,116.00,62.00,175.00,0.312293,-1,-1,-1
252,47,278.00,173.00,56.00,189.00,0.548634,-1,-1,-1
252,51,412.00,75.00,59.00,164.00,0.338516,-1,-1,-1
252,55,449.00,206.00,57.00,186.00,0.651446,-1,-1,-1
252,71,1117.00,633.00,84.00,253.00,0.812514,-1,-1,-1
252,72,1048.00,651.00,79.00,245.00,0.817807,-1,-1,-1
252,76,390.00,221.00,61.00,170.00,0.602363,-1,-1,-1
252,81,1576.00,0.00,47.00,93.00,0.534744,-1,-1,-1
252,110,1438.00,76.00,59.00,159.00,0.517358,-1,-1,-1
253,5,1721.00,452.00,77.00,212.00,0.833280,-1,-1,-1
253,6,556.00,573.00,81.00,245.00,0.793627,-1,-1,-1
253,8,289.00,486.00,76.00,228.00,0.862151,-1,-1,-1
253,11,330.00,187.00,59.00,170.00,0.419016,-1,-1,-1
253,12,875.00,958.00,84.00,121.00,0.876313,-1,-1,-1
253,13,1570.00,593.00,102.00,230.00,0.829079,-1,-1,-1
253,20,676.00,280.00,59.00,129.00,0.498607,-1,-1,-1
253,21,1486.00,16.00,58.00,132.00,0.596864,-1,-1,-1
253,26,784.00,130.00,56.00,174.00,0.313729,-1,-1,-1
253,29,545.00,118.00,60.00,172.00,0.289902,-1,-1,-1
253,47,278.00,172.00,56.00,190.00,0.588488,-1,-1,-1
253,51,414.00,76.00,58.00,164.00,0.361768,-1,-1,-1
253,55,450.00,207.00,57.00,187.00,0.661165,-1,-1,-1
253,71,1115.00,631.00,84.00,254.00,0.828918,-1,-1,-1
253,72,1047.00,650.00,79.00,246.00,0.838374,-1,-1,-1
253,76,389.00,216.00,64.00,178.00,0.634181,-1,-1,-1
253,81,1577.00,0.00,48.00,94.00,0.515963,-1,-1,-1
253,110,1439.00,74.00,58.00,160.00,0.554346,-1,-1,-1
254,5,1721.00,452.00,77.00,212.00,0.841663,-1,-1,-1
254,6,560.00,573.00,79.00,246.00,0.757578,-1,-1,-1
254,8,289.00,488.00,76.00,229.00,0.858608,-1,-1,-1
254,11,329.00,186.00,59.00,171.00,0.343506,-1,-1,-1
254,12,875.00,958.00,84.00,121.00,0.871703,-1,-1,-1
254,13,1570.00,594.00,102.00,229.00,0.832831,-1,-1,-1
254,20,677.00,280.00,59.00,129.00,0.462506,-1,-1,-1
254,21,1485.00,14.00,58.00,135.00,0.644164,-1,-1,-1
254,26,784.00,130.00,56.00,174.00,0.317077,-1,-1,-1
254,29,544.00,118.00,61.00,172.00,0.309447,-1,-1,-1
254,47,278.00,172.00,55.00,189.00,0.513041,-1,-1,-1
254,51,416.00,77.00,56.00,160.00,0.327638,-1,-1,-1
254,55,449.00,209.00,57.00,186.00,0.602582,-1,-1,-1
254,71,1113.00,629.00,84.00,254.00,0.823120,-1,-1,-1
254,72,1045.00,649.00,79.00,247.00,0.845044,-1,-1,-1
254,76,389.00,218.00,64.00,177.00,0.596836,-1,-1,-1
254,81,1578.00,0.00,48.00,96.00,0.664136,-1,-1,-1
254,110,1438.00,72.00,58.00,161.00,0.570002,-1,-1,-1
255,5,1721.00,451.00,77.00,212.00,0.834744,-1,-1,-1
255,6,562.00,572.00,80.00,253.00,0.751202,-1,-1,-1
255,8,289.00,490.00,76.00,230.00,0.863910,-1,-1,-1
255,11,329.00,186.00,59.00,171.00,0.339384,-1,-1,-1
255,12,874.00,957.00,85.00,122.00,0.879429,-1,-1,-1
255,13,1569.00,592.00,103.00,232.00,0.841732,-1,-1,-1
255,20,677.00,280.00,59.00,129.00,0.484504,-1,-1,-1
255,21,1485.00,13.00,59.00,137.00,0.683063,-1,-1,-1
255,26,784.00,130.00,56.00,175.00,0.368592,-1,-1,-1
255,29,545.00,121.00,59.00,168.00,0.293183,-1,-1,-1
255,47,278.00,172.00,56.00,189.00,0.526300,-1,-1,-1
255,51,417.00,77.00,55.00,157.00,0.326756,-1,-1,-1
255,55,448.00,210.00,58.00,188.00,0.629296,-1,-1,-1
255,71,1112.00,628.00,84.00,253.00,0.827233,-1,-1,-1
255,72,1044.00,649.00,78.00,247.00,0.819803,-1,-1,-1
255,76,389.00,223.00,63.00,173.00,0.629055,-1,-1,-1
255,81,1578.00,0.00,49.00,96.00,0.642964,-1,-1,-1
255,110,1437.00,70.00,57.00,161.00,0.593548,-1,-1,-1
256,5,1721.00,450.00,77.00,213.00,0.836719,-1,-1,-1
256,6,564.00,573.00,79.00,255.00,0.760663,-1,-1,-1
256,8,289.00,493.00,76.00,231.00,0.884757,-1,-1,-1
256,11,329.00,186.00,59.00,171.00,0.407586,-1,-1,-1
256,12,874.00,957.00,85.00,122.00,0.866130,-1,-1,-1
256,13,1569.00,593.00,103.00,231.00,0.830973,-1,-1,-1
256,20,678.00,280.00,58.00,129.00,0.484521,-1,-1,-1
256,21,1486.00,14.00,58.00,136.00,0.705411,-1,-1,-1
256,26,782.00,128.00,56.00,176.00,0.340273,-1,-1,-1
256,29,544.00,123.00,59.00,167.00,0.259963,-1,-1,-1
256,47,278.00,172.00,56.00,189.00,0.516677,-1,-1,-1
256,51,419.00,77.00,53.00,152.00,0.336118,-1,-1,-1
256,55,447.00,211.00,58.00,190.00,0.630176,-1,-1,-1
256,71,1109.00,625.00,84.00,251.00,0.822054,-1,-1,-1
256,72,1042.00,647.00,78.00,248.00,0.846030,-1,-1,-1
256,76,389.00,225.00,63.00,171.00,0.596546,-1,-1,-1
256,81,1580.00,0.00,48.00,94.00,0.656280,-1,-1,-1
256,110,1438.00,69.00,56.00,159.00,0.640047,-1,-1,-1
257,5,1721.00,450.00,77.00,213.00,0.833656,-1,-1,-1
257,6,567.00,574.00,78.00,255.00,0.765685,-1,-1,-1
257,8,289.00,495.00,76.00,232.00,0.892078,-1,-1,-1
257,11,329.00,186.00,58.00,172.00,0.439139,-1,-1,-1
257,12,874.00,957.00,85.00,122.00,0.866868,-1,-1,-1
257,13,1569.00,592.00,103.00,232.00,0.845256,-1,-1,-1
257,20,677.00,280.00,59.00,129.00,0.498711,-1,-1,-1
257,21,1487.00,18.00,56.00,132.00,0.691424,-1,-1,-1
257,26,781.00,128.00,56.00,176.00,0.336167,-1,-1,-1
257,29,545.00,124.00,59.00,166.00,0.368667,-1,-1,-1
257,47,279.00,172.00,55.00,189.00,0.554209,-1,-1,-1
257,51,420.00,78.00,52.00,151.00,0.373594,-1,-1,-1
257,55,446.00,214.00,58.00,189.00,0.623667,-1,-1,-1
257,71,1109.00,622.00,81.00,246.00,0.818633,-1,-1,-1
257,72,1040.00,646.00,77.00,249.00,0.854706,-1,-1,-1
257,76,389.00,225.00,63.00,171.00,0.602407,-1,-1,-1
257,81,1583.00,0.00,46.00,92.00,0.609577,-1,-1,-1
257,110,1437.00,68.00,55.00,158.00,0.674467,-1,-1,-1
258,5,1721.00,450.00,77.00,213.00,0.834760,-1,-1,-1
258,6,571.00,575.00,75.00,247.00,0.708776,-1,-1,-1
258,8,290.00,496.00,75.00,233.00,0.884862,-1,-1,-1
258,11,329.00,187.00,58.00,172.00,0.432330,-1,-1,-1
258,12,874.00,956.00,85.00,123.00,0.866488,-1,-1,-1
258,13,1569.00,593.00,103.00,231.00,0.830706,-1,-1,-1
258,20,677.00,280.00,59.00,129.00,0.499872,-1,-1,-1
258,21,1487.00,20.00,56.00,131.00,0.679737,-1,-1,-1
258,26,781.00,129.00,55.00,176.00,0.347670,-1,-1,-1
258,29,546.00,124.00,58.00,165.00,0.303778,-1,-1,-1
258,47,279.00,172.00,55.00,189.00,0.552426,-1,-1,-1
258,51,421.00,80.00,52.00,150.00,0.367904,-1,-1,-1
258,55,445.00,216.00,58.00,188.00,0.611443,-1,-1,-1
258,71,1108.00,619.00,80.00,242.00,0.824974,-1,-1,-1
258,72,1038.00,644.00,77.00,249.00,0.854369,-1,-1,-1
258,76,388.00,226.00,62.00,170.00,0.615957,-1,-1,-1
258,81,1583.00,0.00,46.00,91.00,0.551026,-1,-1,-1
258,110,1438.00,67.00,54.00,157.00,0.708598,-1,-1,-1
259,5,1721.00,450.00,77.00,213.00,0.839197,-1,-1,-1
259,6,575.00,575.00,72.00,242.00,0.711054,-1,-1,-1
259,8,289.00,497.00,76.00,233.00,0.849356,-1,-1,-1
259,11,329.00,187.00,58.00,172.00,0.489544,-1,-1,-1
259,12,873.00,956.00,86.00,122.00,0.872732,-1,-1,-1
259,13,1570.00,595.00,102.00,229.00,0.834203,-1,-1,-1
259,20,678.00,281.00,58.00,127.00,0.477920,-1,-1,-1
259,21,1487.00,23.00,55.00,128.00,0.686653,-1,-1,-1
259,26,780.00,128.00,56.00,176.00,0.295135,-1,-1,-1
259,29,544.00,120.00,61.00,170.00,0.310750,-1,-1,-1
259,47,278.00,173.00,55.00,189.00,0.538358,-1,-1,-1
259,51,422.00,81.00,51.00,149.00,0.284276,-1,-1,-1
259,55,444.00,218.00,59.00,189.00,0.571483,-1,-1,-1
259,71,1106.00,616.00,79.00,241.00,0.825161,-1,-1,-1
259,72,1036.00,642.00,78.00,252.00,0.825255,-1,-1,-1
259,76,387.00,226.00,62.00,170.00,0.592602,-1,-1,-1
259,81,1585.00,0.00,46.00,90.00,0.607075,-1,-1,-1
259,110,1438.00,67.00,53.00,155.00,0.745091,-1,-1,-1
260,5,1721.00,450.00,77.00,214.00,0.837872,-1,-1,-1
260,6,579.00,576.00,71.00,240.00,0.734340,-1,-1,-1
260,8,290.00,498.00,75.00,232.00,0.864305,-1,-1,-1
260,11,329.00,187.00,58.00,172.00,0.493484,-1,-1,-1
260,12,874.00,955.00,85.00,123.00,0.871539,-1,-1,-1
260,13,1570.00,593.00,103.00,230.00,0.842816,-1,-1,-1
260,20,678.00,281.00,58.00,128.00,0.508532,-1,-1,-1
260,21,1487.00,25.00,54.00,126.00,0.660177,-1,-1,-1
260,26,781.00,128.00,54.00,176.00,0.285441,-1,-1,-1
260,29,543.00,117.00,62.00,174.00,0.286983,-1,-1,-1
260,47,278.00,173.00,55.00,189.00,0.563946,-1,-1,-1
260,51,422.00,82.00,52.00,149.00,0.314820,-1,-1,-1
260,55,443.00,218.00,60.00,189.00,0.598827,-1,-1,-1
260,71,1103.00,613.00,80.00,242.00,0.832642,-1,-1,-1
260,72,1034.00,638.00,78.00,253.00,0.820606,-1,-1,-1
260,76,386.00,226.00,63.00,170.00,0.621318,-1,-1,-1
260,81,1587.00,0.00,47.00,92.00,0.620755,-1,-1,-1
260,110,1436.00,66.00,53.00,155.00,0.742121,-1,-1,-1
261,5,1721.00,451.00,77.00,213.00,0.838692,-1,-1,-1
261,6,584.00,577.00,70.00,238.00,0.729882,-1,-1,-1
261,8,290.00,499.00,75.00,231.00,0.863394,-1,-1,-1
261,11,330.00,186.00,58.00,173.00,0.393127,-1,-1,-1
261,12,874.00,955.00,85.00,124.00,0.865694,-1,-1,-1
261,13,1569.00,591.00,103.00,232.00,0.859813,-1,-1,-1
261,20,678.00,281.00,58.00,127.00,0.452814,-1,-1,-1
261,21,1488.00,26.00,54.00,126.00,0.666804,-1,-1,-1
261,26,781.00,128.00,55.00,176.00,0.301185,-1,-1,-1
261,29,543.00,114.00,62.00,177.00,0.287587,-1,-1,-1
261,47,278.00,174.00,55.00,188.00,0.547888,-1,-1,-1
261,51,424.00,83.00,50.00,145.00,0.330624,-1,-1,-1
261,55,443.00,219.00,59.00,188.00,0.556086,-1,-1,-1
261,71,1100.00,610.00,80.00,245.00,0.835259,-1,-1,-1
261,72,1033.00,636.00,76.00,250.00,0.810484,-1,-1,-1
261,76,387.00,227.00,61.00,169.00,0.614293,-1,-1,-1
261,81,1588.00,0.00,50.00,99.00,0.609516,-1,-1,-1
261,110,1436.00,65.00,53.00,156.00,0.751642,-1,-1,-1
262,5,1721.00,451.00,76.00,213.00,0.832933,-1,-1,-1
262,6,586.00,578.00,69.00,237.00,0.720871,-1,-1,-1
262,8,290.00,500.00,75.00,230.00,0.852357,-1,-1,-1
262,11,331.00,187.00,58.00,173.00,0.402690,-1,-1,-1
262,12,874.00,955.00,84.00,123.00,0.871445,-1,-1,-1
262,13,1568.00,592.00,104.00,231.00,0.854541,-1,-1,-1
262,20,677.00,280.00,58.00,128.00,0.458488,-1,-1,-1
262,21,1487.00,27.00,54.00,126.00,0.613954,-1,-1,-1
262,26,781.00,128.00,54.00,176.00,0.274464,-1,-1,-1
262,29,544.00,115.00,62.00,176.00,0.270368,-1,-1,-1
262,47,279.00,174.00,55.00,188.00,0.550296,-1,-1,-1
262,51,425.00,85.00,49.00,142.00,0.291090,-1,-1,-1
262,55,442.00,219.00,60.00,189.00,0.564316,-1,-1,-1
262,71,1099.00,610.00,79.00,245.00,0.839064,-1,-1,-1
262,72,1031.00,634.00,75.00,248.00,0.806281,-1,-1,-1
262,76,387.00,228.00,61.00,168.00,0.626750,-1,-1,-1
262,81,1587.00,0.00,54.00,107.00,0.563730,-1,-1,-1
262,110,1436.00,65.00,52.00,157.00,0.727120,-1,-1,-1
263,5,1721.00,452.00,76.00,213.00,0.827872,-1,-1,-1
263,6,588.00,580.00,69.00,235.00,0.738845,-1,-1,-1
263,8,290.00,500.00,75.00,230.00,0.844459,-1,-1,-1
263,9,1572.00,65.00,54.00,162.00,0.311562,-1,-1,-1
263,11,332.00,186.00,57.00,173.00,0.482277,-1,-1,-1
263,12,874.00,954.00,84.00,124.00,0.863808,-1,-1,-1
263,13,1569.00,591.00,103.00,232.00,0.845849,-1,-1,-1
263,20,677.00,280.00,59.00,128.00,0.461627,-1,-1,-1
263,21,1487.00,27.00,54.00,126.00,0.588540,-1,-1,-1
263,26,782.00,128.00,53.00,176.00,0.251448,-1,-1,-1
263,29,544.00,118.00,61.00,173.00,0.263568,-1,-1,-1
263,47,279.00,173.00,55.00,190.00,0.556730,-1,-1,-1
263,51,425.00,86.00,49.00,141.00,0.292255,-1,-1,-1
263,55,441.00,221.00,60.00,187.00,0.528458,-1,-1,-1
263,71,1095.00,607.00,81.00,251.00,0.838897,-1,-1,-1
263,72,1030.00,632.00,75.00,245.00,0.771025,-1,-1,-1
263,76,388.00,228.00,61.00,169.00,0.616608,-1,-1,-1
263,81,1587.00,0.00,56.00,114.00,0.577666,-1,-1,-1
263,110,1436.00,65.00,52.00,156.00,0.694366,-1,-1,-1
264,5,1721.00,452.00,76.00,213.00,0.828906,-1,-1,-1
264,6,591.00,580.00,68.00,235.00,0.700064,-1,-1,-1
264,8,290.00,500.00,75.00,230.00,0.840647,-1,-1,-1
264,11,334.00,186.00,56.00,173.00,0.455367,-1,-1,-1
264,12,874.00,953.00,84.00,125.00,0.846273,-1,-1,-1
264,13,1568.00,591.00,104.00,232.00,0.853574,-1,-1,-1
264,20,678.00,281.00,58.00,127.00,0.462789,-1,-1,-1
264,21,1486.00,26.00,56.00,128.00,0.540361,-1,-1,-1
264,26,781.00,127.00,54.00,178.00,0.255907,-1,-1,-1
264,47,279.00,173.00,56.00,190.00,0.562368,-1,-1,-1
264,51,425.00,87.00,49.00,141.00,0.338980,-1,-1,-1
264,55,440.00,220.00,61.00,188.00,0.584490,-1,-1,-1
264,71,1095.00,606.00,80.00,251.00,0.826804,-1,-1,-1
264,72,1030.00,629.00,73.00,238.00,0.772113,-1,-1,-1
264,76,389.00,232.00,60.00,167.00,0.635214,-1,-1,-1
264,81,1588.00,0.00,57.00,118.00,0.522103,-1,-1,-1
264,110,1436.00,66.00,52.00,156.00,0.674502,-1,-1,-1
265,5,1721.00,452.00,76.00,213.00,0.824485,-1,-1,-1
265,6,593.00,581.00,69.00,234.00,0.676921,-1,-1,-1
265,8,290.00,501.00,76.00,229.00,0.845807,-1,-1,-1
265,11,336.00,186.00,56.00,172.00,0.477271,-1,-1,-1
265,12,875.00,952.00,83.00,127.00,0.841082,-1,-1,-1
265,13,1568.00,593.00,103.00,230.00,0.860622,-1,-1,-1
265,20,678.00,281.00,58.00,127.00,0.453297,-1,-1,-1
265,21,1485.00,26.00,56.00,129.00,0.539073,-1,-1,-1
265,26,781.00,127.00,53.00,180.00,0.281410,-1,-1,-1
265,29,544.00,113.00,62.00,180.00,0.250864,-1,-1,-1
265,47,279.00,173.00,56.00,190.00,0.545791,-1,-1,-1
265,51,425.00,88.00,49.00,141.00,0.334507,-1,-1,-1
265,55,440.00,221.00,61.00,187.00,0.561439,-1,-1,-1
265,71,1093.00,606.00,81.00,251.00,0.834387,-1,-1,-1
265,72,1028.00,627.00,73.00,236.00,0.783614,-1,-1,-1
265,76,390.00,231.00,60.00,169.00,0.628783,-1,-1,-1
265,81,1589.00,0.00,58.00,121.00,0.500042,-1,-1,-1
265,110,1435.00,66.00,52.00,157.00,0.654474,-1,-1,-1
266,5,1721.00,452.00,76.00,213.00,0.834111,-1,-1,-1
266,6,596.00,583.00,68.00,231.00,0.656279,-1,-1,-1
266,8,290.00,503.00,75.00,227.00,0.850735,-1,-1,-1
266,11,337.00,186.00,54.00,171.00,0.520566,-1,-1,-1
266,12,875.00,952.00,82.00,127.00,0.842806,-1,-1,-1
266,13,1568.00,592.00,104.00,231.00,0.867919,-1,-1,-1
266,20,678.00,282.00,58.00,126.00,0.471409,-1,-1,-1
266,21,1484.00,26.00,57.00,129.00,0.562642,-1,-1,-1
266,26,782.00,126.00,52.00,181.00,0.299130,-1,-1,-1
266,47,279.00,173.00,56.00,190.00,0.559885,-1,-1,-1
266,51,425.00,89.00,49.00,142.00,0.361233,-1,-1,-1
266,55,439.00,222.00,62.00,186.00,0.567123,-1,-1,-1
266,71,1094.00,606.00,80.00,251.00,0.835560,-1,-1,-1
266,72,1026.00,624.00,74.00,240.00,0.806604,-1,-1,-1
266,76,391.00,233.00,59.00,170.00,0.659947,-1,-1,-1
266,81,1592.00,0.00,57.00,122.00,0.528252,-1,-1,-1
266,110,1435.00,66.00,52.00,157.00,0.625011,-1,-1,-1
267,5,1721.00,452.00,76.00,213.00,0.831033,-1,-1,-1
267,6,598.00,584.00,68.00,228.00,0.576763,-1,-1,-1
267,8,290.00,505.00,76.00,228.00,0.849323,-1,-1,-1
267,9,1570.00,58.00,56.00,169.00,0.402328,-1,-1,-1
267,11,337.00,186.00,55.00,172.00,0.505605,-1,-1,-1
267,12,875.00,951.00,82.00,128.00,0.840857,-1,-1,-1
267,13,1567.00,592.00,105.00,231.00,0.856050,-1,-1,-1
267,20,678.00,282.00,58.00,127.00,0.401269,-1,-1,-1
267,21,1483.00,25.00,58.00,132.00,0.539475,-1,-1,-1
267,47,279.00,174.00,56.00,190.00,0.531568,-1,-1,-1
267,51,423.00,89.00,52.00,148.00,0.330252,-1,-1,-1
267,55,440.00,224.00,60.00,184.00,0.551063,-1,-1,-1
267,71,1093.00,606.00,81.00,250.00,0.842778,-1,-1,-1
267,72,1024.00,621.00,75.00,243.00,0.811417,-1,-1,-1
267,76,391.00,234.00,59.00,171.00,0.664771,-1,-1,-1
267,81,1595.00,0.00,56.00,122.00,0.602511,-1,-1,-1
267,110,1436.00,66.00,52.00,156.00,0.649089,-1,-1,-1
268,5,1721.00,452.00,76.00,213.00,0.832456,-1,-1,-1
268,6,601.00,585.00,67.00,226.00,0.628344,-1,-1,-1
268,8,289.00,508.00,77.00,230.00,0.855047,-1,-1,-1
268,11,339.00,187.00,53.00,171.00,0.468764,-1,-1,-1
268,12,875.00,950.00,80.00,129.00,0.835480,-1,-1,-1
268,13,1568.00,592.00,104.00,231.00,0.827546,-1,-1,-1
268,20,678.00,282.00,58.00,127.00,0.454444,-1,-1,-1
268,21,1482.00,25.00,60.00,135.00,0.593897,-1,-1,-1
268,26,782.00,128.00,51.00,179.00,0.282982,-1,-1,-1
268,47,279.00,174.00,56.00,189.00,0.562148,-1,-1,-1
268,51,422.00,90.00,54.00,154.00,0.349497,-1,-1,-1
268,55,439.00,225.00,61.00,183.00,0.588367,-1,-1,-1
268,71,1092.00,605.00,81.00,251.00,0.832757,-1,-1,-1
268,72,1021.00,619.00,76.00,244.00,0.810750,-1,-1,-1
268,76,392.00,236.00,58.00,171.00,0.671880,-1,-1,-1
268,81,1597.00,0.00,55.00,121.00,0.648953,-1,-1,-1
268,110,1437.00,65.00,51.00,154.00,0.632755,-1,-1,-1
269,5,1721.00,453.00,76.00,212.00,0.833816,-1,-1,-1
269,6,602.00,586.00,67.00,222.00,0.594283,-1,-1,-1
269,8,289.00,511.00,77.00,230.00,0.853952,-1,-1,-1
269,11,340.00,187.00,53.00,172.00,0.477361,-1,-1,-1
269,12,875.00,949.00,79.00,129.00,0.846182,-1,-1,-1
269,13,1568.00,593.00,104.00,230.00,0.840520,-1,-1,-1
269,20,678.00,282.00,58.00,127.00,0.446578,-1,-1,-1
269,21,1481.00,25.00,62.00,140.00,0.615358,-1,-1,-1
269,26,782.00,131.00,50.00,176.00,0.258773,-1,-1,-1
269,47,279.00,174.00,55.00,189.00,0.563035,-1,-1,-1
269,51,422.00,90.00,54.00,157.00,0.386305,-1,-1,-1
269,55,439.00,226.00,60.00,182.00,0.568530,-1,-1,-1
269,71,1091.00,604.00,82.00,251.00,0.832900,-1,-1,-1
269,72,1019.00,619.00,76.00,245.00,0.834741,-1,-1,-1
269,76,392.00,237.00,58.00,172.00,0.628846,-1,-1,-1
269,81,1600.00,0.00,54.00,122.00,0.636986,-1,-1,-1
269,110,1439.00,64.00,50.00,152.00,0.638870,-1,-1,-1
270,5,1722.00,452.00,75.00,212.00,0.832336,-1,-1,-1
270,6,606.00,586.00,66.00,219.00,0.541171,-1,-1,-1
270,8,288.00,513.00,78.00,233.00,0.870451,-1,-1,-1
270,11,341.00,187.00,53.00,173.00,0.517252,-1,-1,-1
270,12,874.00,948.00,79.00,131.00,0.847095,-1,-1,-1
270,13,1568.00,596.00,103.00,227.00,0.836810,-1,-1,-1
270,20,677.00,281.00,59.00,128.00,0.399241,-1,-1,-1
270,21,1480.00,26.00,62.00,140.00,0.632662,-1,-1,-1
270,26,782.00,131.00,49.00,176.00,0.264125,-1,-1,-1
270,29,547.00,115.00,61.00,175.00,0.279338,-1,-1,-1
270,47,279.00,174.00,55.00,189.00,0.535533,-1,-1,-1
270,51,422.00,90.00,54.00,157.00,0.376168,-1,-1,-1
270,55,438.00,226.00,62.00,183.00,0.611228,-1,-1,-1
270,71,1090.00,601.00,82.00,254.00,0.829947,-1,-1,-1
270,72,1015.00,618.00,77.00,247.00,0.825618,-1,-1,-1
270,76,392.00,240.00,58.00,172.00,0.639922,-1,-1,-1
270,81,1602.00,0.00,54.00,123.00,0.641263,-1,-1,-1
270,110,1437.00,64.00,50.00,150.00,0.531261,-1,-1,-1
271,5,1722.00,452.00,76.00,213.00,0.834253,-1,-1,-1
271,6,608.00,585.00,67.00,223.00,0.496900,-1,-1,-1
271,8,287.00,516.00,78.00,234.00,0.872042,-1,-1,-1
271,11,341.00,187.00,53.00,172.00,0.509972,-1,-1,-1
271,12,874.00,947.00,78.00,131.00,0.841270,-1,-1,-1
271,13,1568.00,594.00,104.00,229.00,0.819968,-1,-1,-1
271,20,677.00,282.00,58.00,126.00,0.435628,-1,-1,-1
271,21,1478.00,26.00,63.00,141.00,0.613897,-1,-1,-1
271,26,782.00,132.00,48.00,175.00,0.299733,-1,-1,-1
271,29,548.00,118.00,61.00,172.00,0.355264,-1,-1,-1
271,47,279.00,174.00,55.00,189.00,0.593547,-1,-1,-1
271,51,422.00,91.00,54.00,157.00,0.375649,-1,-1,-1
271,55,438.00,225.00,63.00,188.00,0.668993,-1,-1,-1
271,71,1087.00,599.00,83.00,254.00,0.834111,-1,-1,-1
271,72,1014.00,617.00,77.00,245.00,0.822894,-1,-1,-1
271,76,392.00,243.00,57.00,170.00,0.664391,-1,-1,-1
271,81,1605.00,0.00,54.00,124.00,0.678031,-1,-1,-1
271,110,1435.00,62.00,52.00,151.00,0.546964,-1,-1,-1
272,5,1722.00,452.00,75.00,212.00,0.837624,-1,-1,-1
272,6,610.00,584.00,67.00,224.00,0.467904,-1,-1,-1
272,8,287.00,517.00,78.00,236.00,0.849972,-1,-1,-1
272,11,342.00,187.00,52.00,172.00,0.441784,-1,-1,-1
272,12,874.00,945.00,77.00,133.00,0.837495,-1,-1,-1
272,13,1569.00,596.00,103.00,227.00,0.810418,-1,-1,-1
272,20,677.00,281.00,58.00,128.00,0.429748,-1,-1,-1
272,21,1477.00,26.00,64.00,144.00,0.645786,-1,-1,-1
272,26,782.00,132.00,47.00,175.00,0.326715,-1,-1,-1
272,29,548.00,115.00,61.00,175.00,0.365720,-1,-1,-1
272,47,279.00,174.00,55.00,189.00,0.593726,-1,-1,-1
272,51,422.00,91.00,54.00,158.00,0.374687,-1,-1,-1
272,55,437.00,226.00,64.00,192.00,0.669293,-1,-1,-1
272,71,1083.00,596.00,84.00,256.00,0.814841,-1,-1,-1
272,72,1013.00,615.00,76.00,247.00,0.822610,-1,-1,-1
272,76,391.00,243.00,58.00,172.00,0.650024,-1,-1,-1
272,81,1607.00,0.00,53.00,123.00,0.692144,-1,-1,-1
272,110,1436.00,62.00,51.00,150.00,0.485886,-1,-1,-1
273,5,1722.00,452.00,75.00,212.00,0.828450,-1,-1,-1
273,6,612.00,585.00,66.00,220.00,0.324943,-1,-1,-1
273,8,286.00,519.00,78.00,235.00,0.845100,-1,-1,-1
273,11,342.00,186.00,53.00,174.00,0.467968,-1,-1,-1
273,12,873.00,944.00,77.00,134.00,0.841385,-1,-1,-1
273,13,1569.00,596.00,103.00,228.00,0.813858,-1,-1,-1
273,20,677.00,280.00,59.00,129.00,0.429109,-1,-1,-1
273,21,1476.00,26.00,64.00,145.00,0.617488,-1,-1,-1
273,26,782.00,133.00,47.00,173.00,0.274258,-1,-1,-1
273,47,279.00,174.00,55.00,189.00,0.585739,-1,-1,-1
273,51,422.00,92.00,54.00,159.00,0.361277,-1,-1,-1
273,55,436.00,225.00,65.00,197.00,0.689874,-1,-1,-1
273,71,1081.00,593.00,84.00,256.00,0.825899,-1,-1,-1
273,72,1012.00,614.00,76.00,247.00,0.824665,-1,-1,-1
273,76,391.00,243.00,57.00,172.00,0.590289,-1,-1,-1
273,81,1608.00,0.00,53.00,123.00,0.692897,-1,-1,-1
273,110,1439.00,62.00,51.00,148.00,0.521156,-1,-1,-1
274,5,1722.00,452.00,75.00,212.00,0.830317,-1,-1,-1
274,6,613.00,584.00,64.00,219.00,0.257924,-1,-1,-1
274,8,285.00,521.00,78.00,238.00,0.862708,-1,-1,-1
274,11,344.00,184.00,53.00,176.00,0.519124,-1,-1,-1
274,12,873.00,943.00,76.00,136.00,0.830336,-1,-1,-1
274,13,1571.00,598.00,102.00,226.00,0.806656,-1,-1,-1
274,20,677.00,282.00,58.00,127.00,0.425386,-1,-1,-1
274,21,1476.00,26.00,64.00,148.00,0.613092,-1,-1,-1
274,26,781.00,130.00,47.00,177.00,0.265893,-1,-1,-1
274,47,279.00,174.00,55.00,189.00,0.634780,-1,-1,-1
274,51,421.00,92.00,54.00,159.00,0.395000,-1,-1,-1
274,55,435.00,227.00,66.00,198.00,0.699156,-1,-1,-1
274,71,1079.00,590.00,84.00,259.00,0.829098,-1,-1,-1
274,72,1010.00,613.00,77.00,247.00,0.827859,-1,-1,-1
274,76,390.00,245.00,57.00,170.00,0.596443,-1,-1,-1
274,81,1609.00,0.00,53.00,124.00,0.715194,-1,-1,-1
274,110,1440.00,60.00,51.00,150.00,0.492549,-1,-1,-1
275,5,1722.00,453.00,75.00,211.00,0.835277,-1,-1,-1
275,8,283.00,523.00,79.00,238.00,0.864193,-1,-1,-1
275,11,345.00,183.00,53.00,177.00,0.532268,-1,-1,-1
275,12,874.00,943.00,75.00,136.00,0.827462,-1,-1,-1
275,13,1571.00,598.00,102.00,226.00,0.800524,-1,-1,-1
275,20,677.00,283.00,58.00,126.00,0.445367,-1,-1,-1
275,21,1475.00,26.00,64.00,150.00,0.580248,-1,-1,-1
275,26,781.00,130.00,48.00,177.00,0.287273,-1,-1,-1
275,47,279.00,173.00,55.00,190.00,0.598192,-1,-1,-1
275,51,421.00,93.00,54.00,159.00,0.400606,-1,-1,-1
275,55,436.00,230.00,65.00,196.00,0.669706,-1,-1,-1
275,71,1078.00,588.00,81.00,247.00,0.840352,-1,-1,-1
275,72,1009.00,612.00,77.00,249.00,0.816769,-1,-1,-1
275,76,388.00,245.00,58.00,171.00,0.610496,-1,-1,-1
275,81,1611.00,0.00,54.00,127.00,0.691052,-1,-1,-1
275,110,1440.00,58.00,51.00,152.00,0.550801,-1,-1,-1
276,5,1722.00,452.00,75.00,212.00,0.833019,-1,-1,-1
276,8,282.00,523.00,78.00,239.00,0.864821,-1,-1,-1
276,11,345.00,183.00,53.00,176.00,0.513378,-1,-1,-1
276,12,874.00,942.00,74.00,137.00,0.826133,-1,-1,-1
276,13,1570.00,596.00,103.00,228.00,0.820476,-1,-1,-1
276,20,677.00,282.00,59.00,127.00,0.424207,-1,-1,-1
276,21,1475.00,27.00,63.00,150.00,0.583137,-1,-1,-1
276,26,782.00,132.00,46.00,174.00,0.272761,-1,-1,-1
276,47,279.00,172.00,55.00,191.00,0.621141,-1,-1,-1
276,51,420.00,94.00,55.00,161.00,0.394672,-1,-1,-1
276,55,436.00,231.00,65.00,196.00,0.705787,-1,-1,-1
276,71,1077.00,584.00,79.00,241.00,0.838780,-1,-1,-1
276,72,1007.00,609.00,77.00,249.00,0.793349,-1,-1,-1
276,76,386.00,246.00,58.00,169.00,0.622259,-1,-1,-1
276,81,1612.00,0.00,56.00,131.00,0.707401,-1,-1,-1
276,110,1440.00,56.00,51.00,153.00,0.525493,-1,-1,-1
277,5,1722.00,452.00,75.00,212.00,0.830413,-1,-1,-1
277,8,281.00,525.00,78.00,238.00,0.871505,-1,-1,-1
277,11,346.00,184.00,52.00,174.00,0.504001,-1,-1,-1
277,12,875.00,942.00,71.00,137.00,0.826307,-1,-1,-1
277,13,1569.00,596.00,103.00,228.00,0.809528,-1,-1,-1
277,20,678.00,283.00,58.00,126.00,0.451544,-1,-1,-1
277,21,1474.00,29.00,63.00,151.00,0.615458,-1,-1,-1
277,26,782.00,131.00,47.00,176.00,0.265315,-1,-1,-1
277,47,278.00,171.00,57.00,192.00,0.616878,-1,-1,-1
277,51,420.00,96.00,55.00,161.00,0.424733,-1,-1,-1
277,55,436.00,232.00,65.00,196.00,0.701649,-1,-1,-1
277,71,1076.00,582.00,77.00,238.00,0.825939,-1,-1,-1
277,72,1006.00,606.00,76.00,247.00,0.788128,-1,-1,-1
277,76,385.00,246.00,58.00,169.00,0.587844,-1,-1,-1
277,81,1613.00,0.00,56.00,133.00,0.713432,-1,-1,-1
277,110,1439.00,56.00,52.00,153.00,0.514735,-1,-1,-1
278,5,1722.00,452.00,75.00,213.00,0.829175,-1,-1,-1
278,8,280.00,526.00,77.00,237.00,0.882602,-1,-1,-1
278,11,346.00,183.00,52.00,174.00,0.467928,-1,-1,-1
278,12,874.00,941.00,71.00,137.00,0.827887,-1,-1,-1
278,13,1569.00,595.00,104.00,229.00,0.822896,-1,-1,-1
278,20,677.00,283.00,58.00,126.00,0.420325,-1,-1,-1
278,21,1474.00,31.00,63.00,151.00,0.604087,-1,-1,-1
278,29,550.00,112.00,63.00,180.00,0.305439,-1,-1,-1
278,47,279.00,171.00,56.00,192.00,0.609152,-1,-1,-1
278,51,419.00,97.00,57.00,166.00,0.404981,-1,-1,-1
278,55,436.00,234.00,65.00,194.00,0.716402,-1,-1,-1
278,71,1075.00,580.00,77.00,238.00,0.831396,-1,-1,-1
278,72,1004.00,605.00,73.00,236.00,0.774045,-1,-1,-1
278,76,383.00,246.00,59.00,168.00,0.593168,-1,-1,-1
278,81,1613.00,0.00,58.00,136.00,0.724371,-1,-1,-1
278,110,1437.00,56.00,53.00,153.00,0.537332,-1,-1,-1
278,123,473.00,81.00,62.00,191.00,0.371713,-1,-1,-1
279,5,1722.00,453.00,75.00,211.00,0.827667,-1,-1,-1
279,8,279.00,526.00,77.00,237.00,0.889054,-1,-1,-1
279,11,346.00,183.00,51.00,173.00,0.446022,-1,-1,-1
279,12,874.00,939.00,71.00,139.00,0.834632,-1,-1,-1
279,13,1569.00,593.00,104.00,231.00,0.823937,-1,-1,-1
279,20,677.00,282.00,59.00,126.00,0.449512,-1,-1,-1
279,21,1473.00,31.00,62.00,152.00,0.653288,-1,-1,-1
279,47,279.00,171.00,56.00,192.00,0.566111,-1,-1,-1
279,51,418.00,98.00,57.00,166.00,0.363597,-1,-1,-1
279,55,436.00,233.00,64.00,195.00,0.702343,-1,-1,-1
279,71,1074.00,578.00,77.00,242.00,0.834491,-1,-1,-1
279,72,1002.00,605.00,72.00,232.00,0.809036,-1,-1,-1
279,76,383.00,246.00,59.00,169.00,0.600686,-1,-1,-1
279,81,1615.00,0.00,58.00,136.00,0.755036,-1,-1,-1
279,110,1438.00,55.00,53.00,155.00,0.615850,-1,-1,-1
279,123,473.00,82.00,62.00,191.00,0.340572,-1,-1,-1
280,5,1722.00,453.00,75.00,211.00,0.825907,-1,-1,-1
280,8,278.00,528.00,76.00,235.00,0.886559,-1,-1,-1
280,11,346.00,183.00,52.00,172.00,0.419256,-1,-1,-1
280,12,874.00,938.00,70.00,140.00,0.830268,-1,-1,-1
280,13,1568.00,591.00,106.00,233.00,0.830443,-1,-1,-1
280,20,677.00,282.00,59.00,127.00,0.440895,-1,-1,-1
280,21,1472.00,32.00,61.00,151.00,0.686665,-1,-1,-1
280,26,784.00,131.00,46.00,176.00,0.303076,-1,-1,-1
280,29,550.00,107.00,65.00,185.00,0.269407,-1,-1,-1
280,47,279.00,171.00,56.00,192.00,0.575779,-1,-1,-1
280,51,418.00,100.00,57.00,168.00,0.391014,-1,-1,-1
280,55,436.00,234.00,64.00,194.00,0.696851,-1,-1,-1
280,71,1072.00,577.00,78.00,243.00,0.821926,-1,-1,-1
280,72,1000.00,603.00,72.00,231.00,0.822993,-1,-1,-1
280,76,381.00,245.00,61.00,170.00,0.619463,-1,-1,-1
280,81,1615.00,0.00,59.00,138.00,0.767469,-1,-1,-1
280,110,1438.00,55.00,53.00,155.00,0.620303,-1,-1,-1
280,123,475.00,93.00,58.00,182.00,0.299095,-1,-1,-1
281,5,1721.00,453.00,75.00,211.00,0.830342,-1,-1,-1
281,8,277.00,529.00,76.00,234.00,0.873352,-1,-1,-1
281,11,347.00,183.00,51.00,170.00,0.371487,-1,-1,-1
281,12,875.00,937.00,69.00,141.00,0.831393,-1,-1,-1
281,13,1569.00,593.00,104.00,231.00,0.823813,-1,-1,-1
281,20,677.00,280.00,59.00,128.00,0.441214,-1,-1,-1
281,21,1472.00,32.00,61.00,151.00,0.666215,-1,-1,-1
281,26,784.00,131.00,47.00,176.00,0.309568,-1,-1,-1
281,29,550.00,105.00,66.00,188.00,0.276918,-1,-1,-1
281,47,279.00,171.00,56.00,191.00,0.526324,-1,-1,-1
281,51,418.00,102.00,57.00,168.00,0.343797,-1,-1,-1
281,55,436.00,235.00,63.00,193.00,0.668025,-1,-1,-1
281,71,1071.00,576.00,77.00,244.00,0.826372,-1,-1,-1
281,72,998.00,599.00,72.00,232.00,0.831074,-1,-1,-1
281,76,380.00,242.00,62.00,175.00,0.598302,-1,-1,-1
281,81,1615.00,0.00,60.00,139.00,0.779350,-1,-1,-1
281,110,1438.00,54.00,52.00,156.00,0.613233,-1,-1,-1
282,5,1722.00,453.00,75.00,211.00,0.827887,-1,-1,-1
282,8,276.00,530.00,76.00,232.00,0.868980,-1,-1,-1
282,11,347.00,182.00,51.00,170.00,0.382949,-1,-1,-1
282,12,875.00,937.00,68.00,141.00,0.825776,-1,-1,-1
282,13,1568.00,593.00,105.00,231.00,0.851425,-1,-1,-1
282,20,677.00,281.00,59.00,127.00,0.474604,-1,-1,-1
282,21,1472.00,32.00,60.00,151.00,0.689454,-1,-1,-1
282,26,785.00,132.00,46.00,174.00,0.277033,-1,-1,-1
282,29,550.00,99.00,68.00,193.00,0.256221,-1,-1,-1
282,47,279.00,171.00,56.00,191.00,0.514504,-1,-1,-1
282,51,417.00,104.00,58.00,169.00,0.319260,-1,-1,-1
282,55,436.00,236.00,63.00,192.00,0.672554,-1,-1,-1
282,71,1068.00,575.00,78.00,246.00,0.833784,-1,-1,-1
282,72,996.00,597.00,72.00,232.00,0.836021,-1,-1,-1
282,76,380.00,243.00,63.00,176.00,0.600139,-1,-1,-1
282,81,1616.00,0.00,60.00,141.00,0.759145,-1,-1,-1
282,110,1436.00,53.00,53.00,158.00,0.542508,-1,-1,-1
282,123,472.00,87.00,62.00,194.00,0.269276,-1,-1,-1
283,5,1722.00,453.00,75.00,211.00,0.827664,-1,-1,-1
283,8,276.00,531.00,75.00,230.00,0.873599,-1,-1,-1
283,11,347.00,181.00,52.00,170.00,0.450718,-1,-1,-1
283,12,875.00,937.00,67.00,141.00,0.841722,-1,-1,-1
283,13,1568.00,594.00,104.00,230.00,0.846553,-1,-1,-1
283,20,677.00,280.00,59.00,129.00,0.497406,-1,-1,-1
283,21,1472.00,33.00,59.00,150.00,0.697882,-1,-1,-1
283,26,786.00,134.00,45.00,172.00,0.296106,-1,-1,-1
283,47,279.00,170.00,56.00,192.00,0.580024,-1,-1,-1
283,51,415.00,106.00,59.00,170.00,0.349874,-1,-1,-1
283,55,435.00,236.00,64.00,192.00,0.698190,-1,-1,-1
283,71,1066.00,575.00,78.00,246.00,0.823045,-1,-1,-1
283,72,994.00,595.00,72.00,235.00,0.845541,-1,-1,-1
283,76,379.00,246.00,64.00,177.00,0.633024,-1,-1,-1
283,81,1617.00,0.00,61.00,140.00,0.755048,-1,-1,-1
283,110,1434.00,53.00,53.00,155.00,0.603507,-1,-1,-1
283,123,470.00,84.00,64.00,199.00,0.265820,-1,-1,-1
284,5,1722.00,453.00,75.00,211.00,0.827551,-1,-1,-1
284,8,275.00,532.00,76.00,230.00,0.869121,-1,-1,-1
284,11,347.00,181.00,52.00,170.00,0.464296,-1,-1,-1
284,12,875.00,936.00,67.00,142.00,0.859716,-1,-1,-1
284,13,1568.00,592.00,105.00,232.00,0.857495,-1,-1,-1
284,20,676.00,280.00,59.00,129.00,0.466701,-1,-1,-1
284,21,1472.00,33.00,58.00,150.00,0.705405,-1,-1,-1
284,47,279.00,170.00,56.00,192.00,0.565815,-1,-1,-1
284,51,417.00,107.00,57.00,167.00,0.315673,-1,-1,-1
284,55,435.00,238.00,63.00,190.00,0.707572,-1,-1,-1
284,71,1064.00,574.00,78.00,246.00,0.823091,-1,-1,-1
284,72,992.00,592.00,73.00,238.00,0.837214,-1,-1,-1
284,76,379.00,247.00,65.00,179.00,0.663771,-1,-1,-1
284,81,1618.00,0.00,60.00,140.00,0.737597,-1,-1,-1
284,110,1431.00,53.00,52.00,152.00,0.608573,-1,-1,-1
285,5,1722.00,452.00,75.00,212.00,0.827321,-1,-1,-1
285,8,275.00,533.00,76.00,231.00,0.866951,-1,-1,-1
285,11,348.00,181.00,51.00,168.00,0.414340,-1,-1,-1
285,12,875.00,936.00,67.00,142.00,0.848625,-1,-1,-1
285,13,1568.00,594.00,105.00,229.00,0.852425,-1,-1,-1
285,20,677.00,281.00,58.00,128.00,0.468065,-1,-1,-1
285,21,1472.00,34.00,57.00,149.00,0.679899,-1,-1,-1
285,26,789.00,135.00,46.00,172.00,0.269793,-1,-1,-1
285,47,279.00,170.00,57.00,190.00,0.521664,-1,-1,-1
285,51,417.00,108.00,57.00,164.00,0.289916,-1,-1,-1
285,55,435.00,238.00,63.00,190.00,0.695457,-1,-1,-1
285,71,1063.00,573.00,78.00,245.00,0.822724,-1,-1,-1
285,72,990.00,592.00,73.00,238.00,0.845985,-1,-1,-1
285,76,379.00,250.00,65.00,177.00,0.636882,-1,-1,-1
285,81,1619.00,0.00,59.00,140.00,0.732518,-1,-1,-1
285,110,1431.00,53.00,52.00,152.00,0.629036,-1,-1,-1
285,123,468.00,83.00,66.00,201.00,0.291653,-1,-1,-1
286,5,1722.00,452.00,75.00,213.00,0.827974,-1,-1,-1
286,8,274.00,536.00,77.00,233.00,0.866028,-1,-1,-1
286,11,347.00,180.00,52.00,169.00,0.449134,-1,-1,-1
286,12,876.00,935.00,66.00,143.00,0.837250,-1,-1,-1
286,13,1569.00,592.00,104.00,231.00,0.832461,-1,-1,-1
286,20,677.00,281.00,58.00,128.00,0.478278,-1,-1,-1
286,21,1471.00,34.00,57.00,149.00,0.708599,-1,-1,-1
286,26,791.00,137.00,46.00,171.00,0.336620,-1,-1,-1
286,47,279.00,169.00,56.00,190.00,0.558985,-1,-1,-1
286,51,418.00,108.00,56.00,164.00,0.295433,-1,-1,-1
286,55,435.00,238.00,63.00,190.00,0.698769,-1,-1,-1
286,71,1062.00,571.00,78.00,246.00,0.820752,-1,-1,-1
286,72,989.00,591.00,73.00,239.00,0.842013,-1,-1,-1
286,76,379.00,253.00,63.00,175.00,0.653912,-1,-1,-1
286,81,1620.00,0.00,59.00,137.00,0.737853,-1,-1,-1
286,110,1430.00,52.00,51.00,151.00,0.609892,-1,-1,-1
286,123,469.00,84.00,66.00,199.00,0.355818,-1,-1,-1
287,5,1722.00,452.00,76.00,213.00,0.832744,-1,-1,-1
287,8,272.00,538.00,79.00,236.00,0.866082,-1,-1,-1
287,11,347.00,180.00,51.00,167.00,0.421932,-1,-1,-1
287,12,875.00,934.00,66.00,144.00,0.813518,-1,-1,-1
287,13,1570.00,594.00,103.00,229.00,0.841134,-1,-1,-1
287,20,677.00,282.00,58.00,126.00,0.492167,-1,-1,-1
287,21,1471.00,34.00,57.00,149.00,0.705175,-1,-1,-1
287,26,793.00,139.00,47.00,170.00,0.312355,-1,-1,-1
287,47,279.00,169.00,56.00,188.00,0.546755,-1,-1,-1
287,51,419.00,109.00,55.00,157.00,0.321572,-1,-1,-1
287,55,435.00,238.00,63.00,190.00,0.696563,-1,-1,-1
287,71,1061.00,569.00,78.00,249.00,0.829873,-1,-1,-1
287,72,987.00,589.00,73.00,240.00,0.820085,-1,-1,-1
287,76,378.00,254.00,64.00,177.00,0.640678,-1,-1,-1
287,81,1621.00,0.00,58.00,137.00,0.759535,-1,-1,-1
287,110,1429.00,52.00,51.00,150.00,0.633453,-1,-1,-1
287,123,470.00,89.00,64.00,194.00,0.340514,-1,-1,-1
288,5,1723.00,452.00,75.00,213.00,0.830079,-1,-1,-1
288,8,272.00,540.00,78.00,237.00,0.860979,-1,-1,-1
288,11,347.00,181.00,51.00,165.00,0.414390,-1,-1,-1
288,12,876.00,934.00,65.00,144.00,0.780876,-1,-1,-1
288,13,1569.00,595.00,104.00,228.00,0.835805,-1,-1,-1
288,20,677.00,282.00,58.00,127.00,0.448003,-1,-1,-1
288,21,1471.00,34.00,57.00,150.00,0.694751,-1,-1,-1
288,26,794.00,139.00,48.00,170.00,0.318155,-1,-1,-1
288,47,280.00,169.00,56.00,187.00,0.563893,-1,-1,-1
288,51,421.00,109.00,53.00,153.00,0.280649,-1,-1,-1
288,55,435.00,238.00,63.00,191.00,0.698656,-1,-1,-1
288,71,1061.00,567.00,77.00,247.00,0.820633,-1,-1,-1
288,72,985.00,588.00,72.00,240.00,0.799637,-1,-1,-1
288,76,377.00,255.00,64.00,179.00,0.686015,-1,-1,-1
288,81,1622.00,0.00,57.00,138.00,0.759379,-1,-1,-1
288,110,1429.00,51.00,51.00,150.00,0.598953,-1,-1,-1
288,123,470.00,91.00,65.00,192.00,0.306587,-1,-1,-1
289,5,1723.00,453.00,75.00,211.00,0.832369,-1,-1,-1
289,8,271.00,543.00,78.00,237.00,0.865152,-1,-1,-1
289,11,347.00,181.00,50.00,164.00,0.419792,-1,-1,-1
289,12,875.00,934.00,66.00,144.00,0.808037,-1,-1,-1
289,13,1569.00,594.00,104.00,229.00,0.839269,-1,-1,-1
289,20,677.00,281.00,58.00,127.00,0.466831,-1,-1,-1
289,21,1471.00,35.00,56.00,149.00,0.688863,-1,-1,-1
289,26,795.00,140.00,49.00,169.00,0.343755,-1,-1,-1
289,47,280.00,168.00,56.00,188.00,0.599248,-1,-1,-1
289,51,422.00,109.00,54.00,153.00,0.288499,-1,-1,-1
289,55,435.00,241.00,63.00,190.00,0.661500,-1,-1,-1
289,71,1060.00,565.00,76.00,246.00,0.828323,-1,-1,-1
289,72,984.00,589.00,71.00,238.00,0.770459,-1,-1,-1
289,76,377.00,257.00,64.00,179.00,0.700802,-1,-1,-1
289,81,1623.00,0.00,56.00,138.00,0.731490,-1,-1,-1
289,110,1430.00,50.00,51.00,152.00,0.651775,-1,-1,-1
289,123,470.00,91.00,64.00,193.00,0.372056,-1,-1,-1
290,5,1722.00,453.00,75.00,212.00,0.833474,-1,-1,-1
290,8,271.00,546.00,78.00,237.00,0.871811,-1,-1,-1
290,11,346.00,181.00,51.00,164.00,0.445042,-1,-1,-1
290,12,875.00,934.00,66.00,144.00,0.800047,-1,-1,-1
290,13,1569.00,595.00,103.00,228.00,0.816582,-1,-1,-1
290,20,678.00,282.00,57.00,127.00,0.443959,-1,-1,-1
290,21,1472.00,35.00,56.00,150.00,0.689650,-1,-1,-1
290,26,797.00,140.00,50.00,169.00,0.326369,-1,-1,-1
290,47,280.00,167.00,57.00,189.00,0.612938,-1,-1,-1
290,51,424.00,109.00,53.00,151.00,0.282249,-1,-1,-1
290,55,434.00,243.00,64.00,191.00,0.673340,-1,-1,-1
290,71,1058.00,563.00,74.00,238.00,0.812021,-1,-1,-1
290,72,982.00,587.00,71.00,239.00,0.793646,-1,-1,-1
290,76,377.00,259.00,64.00,178.00,0.701402,-1,-1,-1
290,81,1624.00,0.00,55.00,136.00,0.730709,-1,-1,-1
290,110,1430.00,49.00,51.00,153.00,0.599261,-1,-1,-1
290,123,470.00,94.00,64.00,190.00,0.349902,-1,-1,-1
291,5,1722.00,453.00,75.00,211.00,0.829169,-1,-1,-1
291,8,271.00,548.00,78.00,238.00,0.869184,-1,-1,-1
291,11,346.00,180.00,50.00,166.00,0.405874,-1,-1,-1
291,12,874.00,934.00,66.00,145.00,0.813035,-1,-1,-1
291,13,1569.00,595.00,103.00,228.00,0.835678,-1,-1,-1
291,20,678.00,282.00,58.00,126.00,0.407767,-1,-1,-1
291,21,1472.00,36.00,55.00,149.00,0.732036,-1,-1,-1
291,26,797.00,139.00,52.00,171.00,0.305722,-1,-1,-1
291,47,281.00,167.00,57.00,189.00,0.618890,-1,-1,-1
291,51,424.00,109.00,53.00,151.00,0.261561,-1,-1,-1
291,55,434.00,245.00,64.00,192.00,0.649176,-1,-1,-1
291,71,1056.00,560.00,73.00,239.00,0.803584,-1,-1,-1
291,72,980.00,586.00,71.00,237.00,0.787349,-1,-1,-1
291,76,377.00,260.00,62.00,177.00,0.671991,-1,-1,-1
291,81,1625.00,0.00,54.00,137.00,0.706521,-1,-1,-1
291,110,1427.00,47.00,52.00,157.00,0.681245,-1,-1,-1
291,123,469.00,94.00,64.00,189.00,0.356283,-1,-1,-1
292,5,1722.00,453.00,75.00,211.00,0.829110,-1,-1,-1
292,8,271.00,550.00,78.00,239.00,0.871075,-1,-1,-1
292,11,345.00,179.00,52.00,167.00,0.342906,-1,-1,-1
292,12,874.00,933.00,65.00,145.00,0.795633,-1,-1,-1
292,13,1568.00,593.00,105.00,231.00,0.838216,-1,-1,-1
292,20,678.00,282.00,58.00,127.00,0.387134,-1,-1,-1
292,21,1473.00,38.00,54.00,147.00,0.700375,-1,-1,-1
292,26,796.00,137.00,54.00,173.00,0.329601,-1,-1,-1
292,47,282.00,166.00,57.00,191.00,0.615915,-1,-1,-1
292,51,424.00,110.00,53.00,151.00,0.309882,-1,-1,-1
292,55,435.00,247.00,63.00,192.00,0.627638,-1,-1,-1
292,71,1054.00,558.00,72.00,235.00,0.804818,-1,-1,-1
292,72,979.00,584.00,68.00,228.00,0.814174,-1,-1,-1
292,76,377.00,261.00,63.00,176.00,0.723610,-1,-1,-1
292,81,1624.00,0.00,57.00,144.00,0.674262,-1,-1,-1
292,110,1427.00,45.00,53.00,161.00,0.704294,-1,-1,-1
292,123,470.00,95.00,64.00,190.00,0.303853,-1,-1,-1
292,125,1526.00,0.00,69.00,129.00,0.379716,-1,-1,-1
293,5,1722.00,453.00,75.00,211.00,0.830138,-1,-1,-1
293,8,271.00,552.00,78.00,240.00,0.871627,-1,-1,-1
293,11,346.00,178.00,52.00,170.00,0.332587,-1,-1,-1
293,12,873.00,934.00,66.00,144.00,0.788957,-1,-1,-1
293,13,1568.00,593.00,105.00,231.00,0.837027,-1,-1,-1
293,20,678.00,281.00,57.00,127.00,0.394635,-1,-1,-1
293,21,1473.00,39.00,53.00,146.00,0.741217,-1,-1,-1
293,26,796.00,137.00,55.00,173.00,0.337484,-1,-1,-1
293,47,285.00,166.00,58.00,191.00,0.575549,-1,-1,-1
293,51,423.00,110.00,55.00,156.00,0.294608,-1,-1,-1
293,55,435.00,249.00,64.00,194.00,0.664367,-1,-1,-1
293,71,1052.00,555.00,72.00,236.00,0.790472,-1,-1,-1
293,72,978.00,583.00,66.00,223.00,0.830621,-1,-1,-1
293,76,376.00,263.00,63.00,174.00,0.714317,-1,-1,-1
293,81,1625.00,0.00,57.00,149.00,0.668446,-1,-1,-1
293,110,1426.00,45.00,53.00,159.00,0.702376,-1,-1,-1
293,123,469.00,98.00,64.00,187.00,0.298815,-1,-1,-1
293,125,1526.00,0.00,71.00,132.00,0.418568,-1,-1,-1
294,5,1722.00,453.00,75.00,212.00,0.829588,-1,-1,-1
294,8,272.00,554.00,77.00,238.00,0.875004,-1,-1,-1
294,11,345.00,177.00,53.00,173.00,0.278823,-1,-1,-1
294,12,873.00,934.00,65.00,144.00,0.802203,-1,-1,-1
294,13,1568.00,593.00,105.00,231.00,0.847142,-1,-1,-1
294,20,677.00,282.00,58.00,126.00,0.395621,-1,-1,-1
294,21,1473.00,40.00,53.00,145.00,0.706435,-1,-1,-1
294,26,794.00,137.00,57.00,174.00,0.326123,-1,-1,-1
294,29,555.00,108.00,64.00,182.00,0.269252,-1,-1,-1
294,47,286.00,166.00,59.00,191.00,0.505366,-1,-1,-1
294,51,423.00,111.00,56.00,159.00,0.329445,-1,-1,-1
294,55,435.00,251.00,64.00,195.00,0.684576,-1,-1,-1
294,71,1049.00,553.00,73.00,237.00,0.822009,-1,-1,-1
294,72,975.00,581.00,67.00,221.00,0.825498,-1,-1,-1
294,76,376.00,263.00,62.00,175.00,0.705876,-1,-1,-1
294,81,1626.00,0.00,57.00,152.00,0.652623,-1,-1,-1
294,110,1427.00,43.00,52.00,158.00,0.712638,-1,-1,-1
294,123,470.00,101.00,63.00,187.00,0.357509,-1,-1,-1
294,125,1525.00,0.00,72.00,134.00,0.378564,-1,-1,-1
295,5,1722.00,453.00,75.00,212.00,0.830358,-1,-1,-1
295,8,272.00,554.00,77.00,238.00,0.864951,-1,-1,-1
295,11,344.00,177.00,53.00,173.00,0.255994,-1,-1,-1
295,12,873.00,935.00,65.00,143.00,0.807503,-1,-1,-1
295,13,1567.00,593.00,106.00,231.00,0.841784,-1,-1,-1
295,20,677.00,282.00,58.00,126.00,0.384202,-1,-1,-1
295,21,1474.00,41.00,53.00,145.00,0.729254,-1,-1,-1
295,26,794.00,135.00,58.00,176.00,0.332087,-1,-1,-1
295,29,555.00,111.00,63.00,178.00,0.255822,-1,-1,-1
295,47,287.00,166.00,60.00,192.00,0.479940,-1,-1,-1
295,51,422.00,112.00,56.00,160.00,0.325812,-1,-1,-1
295,55,435.00,253.00,64.00,195.00,0.705928,-1,-1,-1
295,71,1047.00,550.00,73.00,241.00,0.830944,-1,-1,-1
295,72,974.00,578.00,66.00,222.00,0.844052,-1,-1,-1
295,76,376.00,263.00,62.00,174.00,0.714860,-1,-1,-1
295,81,1627.00,0.00,56.00,153.00,0.632668,-1,-1,-1
295,110,1427.00,43.00,52.00,155.00,0.711859,-1,-1,-1
295,123,470.00,108.00,62.00,183.00,0.384206,-1,-1,-1
295,125,1526.00,0.00,71.00,135.00,0.371689,-1,-1,-1
296,5,1722.00,453.00,74.00,212.00,0.831470,-1,-1,-1
296,8,272.00,554.00,78.00,238.00,0.866826,-1,-1,-1
296,11,344.00,176.00,53.00,175.00,0.274766,-1,-1,-1
296,12,873.00,935.00,65.00,144.00,0.815001,-1,-1,-1
296,13,1568.00,592.00,105.00,232.00,0.850023,-1,-1,-1
296,20,677.00,282.00,58.00,126.00,0.434420,-1,-1,-1
296,21,1474.00,42.00,53.00,145.00,0.725994,-1,-1,-1
296,26,793.00,135.00,59.00,175.00,0.365538,-1,-1,-1
296,47,286.00,165.00,61.00,193.00,0.469504,-1,-1,-1
296,51,422.00,113.00,56.00,163.00,0.349051,-1,-1,-1
296,55,434.00,254.00,65.00,195.00,0.707140,-1,-1,-1
296,71,1045.00,548.00,75.00,242.00,0.829385,-1,-1,-1
296,72,972.00,575.00,67.00,220.00,0.823432,-1,-1,-1
296,76,375.00,263.00,63.00,174.00,0.710063,-1,-1,-1
296,81,1629.00,1.00,55.00,153.00,0.648504,-1,-1,-1
296,110,1427.00,42.00,51.00,155.00,0.712095,-1,-1,-1
296,123,469.00,108.00,63.00,184.00,0.388928,-1,-1,-1
296,125,1525.00,0.00,73.00,137.00,0.320838,-1,-1,-1
297,5,1722.00,454.00,75.00,211.00,0.825818,-1,-1,-1
297,8,273.00,555.00,77.00,237.00,0.864006,-1,-1,-1
297,11,343.00,175.00,55.00,179.00,0.317059,-1,-1,-1
297,12,872.00,936.00,65.00,142.00,0.821875,-1,-1,-1
297,13,1568.00,591.00,106.00,233.00,0.850557,-1,-1,-1
297,20,677.00,281.00,58.00,127.00,0.404290,-1,-1,-1
297,21,1474.00,43.00,54.00,145.00,0.733223,-1,-1,-1
297,26,793.00,135.00,60.00,176.00,0.361975,-1,-1,-1
297,47,287.00,165.00,62.00,193.00,0.494676,-1,-1,-1
297,51,420.00,114.00,57.00,164.00,0.327261,-1,-1,-1
297,55,435.00,256.00,64.00,193.00,0.688102,-1,-1,-1
297,71,1044.00,546.00,76.00,244.00,0.828610,-1,-1,-1
297,72,970.00,572.00,69.00,227.00,0.854247,-1,-1,-1
297,76,375.00,264.00,62.00,173.00,0.660049,-1,-1,-1
297,81,1631.00,2.00,54.00,151.00,0.650046,-1,-1,-1
297,110,1426.00,41.00,50.00,153.00,0.734701,-1,-1,-1
297,123,467.00,107.00,64.00,186.00,0.357908,-1,-1,-1
297,125,1526.00,0.00,73.00,139.00,0.287123,-1,-1,-1
298,5,1722.00,454.00,75.00,210.00,0.827825,-1,-1,-1
298,8,273.00,555.00,78.00,237.00,0.866825,-1,-1,-1
298,11,344.00,175.00,54.00,178.00,0.329466,-1,-1,-1
298,12,872.00,937.00,64.00,141.00,0.810844,-1,-1,-1
298,13,1569.00,591.00,105.00,233.00,0.847107,-1,-1,-1
298,20,677.00,281.00,58.00,127.00,0.407394,-1,-1,-1
298,21,1475.00,44.00,54.00,145.00,0.744509,-1,-1,-1
298,26,794.00,137.00,59.00,173.00,0.379240,-1,-1,-1
298,29,556.00,111.00,63.00,177.00,0.267115,-1,-1,-1
298,47,288.00,164.00,62.00,194.00,0.472495,-1,-1,-1
298,51,420.00,115.00,57.00,164.00,0.385850,-1,-1,-1
298,55,434.00,257.00,64.00,192.00,0.697414,-1,-1,-1
298,71,1042.00,546.00,78.00,245.00,0.830119,-1,-1,-1
298,72,968.00,568.00,70.00,233.00,0.843726,-1,-1,-1
298,76,377.00,265.00,61.00,172.00,0.666762,-1,-1,-1
298,81,1633.00,2.00,53.00,151.00,0.702135,-1,-1,-1
298,110,1425.00,41.00,49.00,153.00,0.780392,-1,-1,-1
298,123,467.00,110.00,64.00,184.00,0.408440,-1,-1,-1
298,125,1527.00,0.00,73.00,140.00,0.468107,-1,-1,-1
299,5,1722.00,453.00,75.00,212.00,0.826805,-1,-1,-1
299,8,273.00,556.00,78.00,236.00,0.869871,-1,-1,-1
299,11,344.00,176.00,54.00,175.00,0.331989,-1,-1,-1
299,12,871.00,938.00,64.00,140.00,0.803043,-1,-1,-1
299,13,1569.00,593.00,105.00,231.00,0.843956,-1,-1,-1
299,20,677.00,280.00,58.00,128.00,0.452554,-1,-1,-1
299,21,1475.00,44.00,54.00,144.00,0.729339,-1,-1,-1
299,26,795.00,138.00,59.00,173.00,0.405608,-1,-1,-1
299,47,290.00,165.00,62.00,193.00,0.497561,-1,-1,-1
299,51,420.00,117.00,56.00,163.00,0.410058,-1,-1,-1
299,55,435.00,258.00,63.00,191.00,0.698139,-1,-1,-1
299,71,1040.00,546.00,80.00,245.00,0.844289,-1,-1,-1
299,72,966.00,566.00,70.00,234.00,0.811464,-1,-1,-1
299,76,377.00,267.00,60.00,170.00,0.672447,-1,-1,-1
299,81,1634.00,2.00,53.00,154.00,0.709594,-1,-1,-1
299,110,1424.00,40.00,49.00,154.00,0.763850,-1,-1,-1
299,123,467.00,114.00,63.00,183.00,0.405499,-1,-1,-1
299,125,1529.00,0.00,73.00,141.00,0.495489,-1,-1,-1
300,5,1722.00,453.00,75.00,211.00,0.827293,-1,-1,-1
300,8,273.00,558.00,78.00,234.00,0.875860,-1,-1,-1
300,11,343.00,175.00,54.00,177.00,0.338248,-1,-1,-1
300,12,871.00,938.00,64.00,140.00,0.796324,-1,-1,-1
300,13,1569.00,593.00,105.00,231.00,0.816028,-1,-1,-1
300,20,677.00,280.00,58.00,129.00,0.447747,-1,-1,-1
300,21,1476.00,45.00,53.00,143.00,0.721329,-1,-1,-1
300,26,793.00,137.00,60.00,174.00,0.393353,-1,-1,-1
300,29,555.00,109.00,64.00,179.00,0.305910,-1,-1,-1
300,47,290.00,165.00,62.00,193.00,0.552943,-1,-1,-1
300,51,419.00,118.00,57.00,164.00,0.409018,-1,-1,-1
300,55,435.00,257.00,63.00,193.00,0.717057,-1,-1,-1
300,71,1040.00,545.00,81.00,244.00,0.866246,-1,-1,-1
300,72,963.00,565.00,71.00,234.00,0.807393,-1,-1,-1
300,76,377.00,268.00,59.00,168.00,0.662388,-1,-1,-1
300,81,1636.00,3.00,52.00,153.00,0.710280,-1,-1,-1
300,110,1423.00,40.00,50.00,154.00,0.743845,-1,-1,-1
300,123,467.00,107.00,66.00,191.00,0.391374,-1,-1,-1
300,125,1529.00,0.00,74.00,144.00,0.289320,-1,-1,-1
301,5,1722.00,452.00,75.00,213.00,0.829789,-1,-1,-1
301,8,274.00,559.00,77.00,233.00,0.878809,-1,-1,-1
301,11,343.00,176.00,53.00,174.00,0.291498,-1,-1,-1
301,12,870.00,939.00,65.00,140.00,0.786335,-1,-1,-1
301,13,1569.00,593.00,105.00,231.00,0.814665,-1,-1,-1
301,20,677.00,280.00,58.00,129.00,0.451352,-1,-1,-1
301,21,1477.00,45.00,53.00,143.00,0.729970,-1,-1,-1
301,26,792.00,135.00,62.00,176.00,0.365365,-1,-1,-1
301,29,555.00,109.00,64.00,179.00,0.298583,-1,-1,-1
301,47,292.00,165.00,62.00,193.00,0.521193,-1,-1,-1
301,51,418.00,118.00,57.00,167.00,0.409547,-1,-1,-1
301,55,435.00,259.00,63.00,191.00,0.702760,-1,-1,-1
301,71,1039.00,545.00,84.00,243.00,0.874548,-1,-1,-1
301,72,962.00,564.00,70.00,235.00,0.798056,-1,-1,-1
301,76,376.00,270.00,59.00,169.00,0.685804,-1,-1,-1
301,81,1638.00,4.00,50.00,149.00,0.738653,-1,-1,-1
301,110,1423.00,39.00,49.00,155.00,0.746994,-1,-1,-1
301,123,468.00,107.00,65.00,191.00,0.391353,-1,-1,-1
302,5,1722.00,453.00,75.00,213.00,0.826640,-1,-1,-1
302,8,274.00,561.00,77.00,232.00,0.878259,-1,-1,-1
302,11,342.00,176.00,53.00,174.00,0.288407,-1,-1,-1
302,12,870.00,940.00,64.00,139.00,0.784255,-1,-1,-1
302,13,1569.00,593.00,105.00,231.00,0.829943,-1,-1,-1
302,20,677.00,282.00,58.00,127.00,0.417901,-1,-1,-1
302,21,1477.00,45.00,53.00,142.00,0.743113,-1,-1,-1
302,26,791.00,135.00,62.00,176.00,0.375227,-1,-1,-1
302,29,555.00,111.00,64.00,177.00,0.306488,-1,-1,-1
302,47,292.00,165.00,63.00,192.00,0.521263,-1,-1,-1
302,51,418.00,120.00,57.00,168.00,0.415173,-1,-1,-1
302,55,436.00,258.00,63.00,192.00,0.720447,-1,-1,-1
302,71,1038.00,543.00,86.00,244.00,0.867940,-1,-1,-1
302,72,960.00,562.00,71.00,236.00,0.805278,-1,-1,-1
302,76,375.00,271.00,60.00,172.00,0.667771,-1,-1,-1
302,81,1639.00,5.00,50.00,148.00,0.725801,-1,-1,-1
302,110,1422.00,39.00,49.00,155.00,0.720174,-1,-1,-1
302,123,467.00,102.00,66.00,196.00,0.418431,-1,-1,-1
302,125,1531.00,0.00,72.00,143.00,0.378802,-1,-1,-1
303,5,1722.00,453.00,75.00,212.00,0.825318,-1,-1,-1
303,8,273.00,563.00,79.00,234.00,0.876959,-1,-1,-1
303,11,343.00,176.00,52.00,174.00,0.257688,-1,-1,-1
303,12,869.00,940.00,65.00,139.00,0.793090,-1,-1,-1
303,13,1570.00,593.00,105.00,231.00,0.818930,-1,-1,-1
303,20,677.00,281.00,58.00,128.00,0.454464,-1,-1,-1
303,21,1478.00,45.00,53.00,142.00,0.759015,-1,-1,-1
303,26,791.00,135.00,62.00,177.00,0.392268,-1,-1,-1
303,29,555.00,112.00,63.00,176.00,0.283830,-1,-1,-1
303,47,292.00,165.00,63.00,192.00,0.493881,-1,-1,-1
303,51,418.00,120.00,57.00,169.00,0.404498,-1,-1,-1
303,55,437.00,258.00,62.00,192.00,0.707266,-1,-1,-1
303,71,1037.00,541.00,88.00,245.00,0.857379,-1,-1,-1
303,72,960.00,562.00,71.00,237.00,0.782825,-1,-1,-1
303,76,373.00,271.00,62.00,176.00,0.649406,-1,-1,-1
303,81,1639.00,5.00,50.00,149.00,0.752748,-1,-1,-1
303,110,1422.00,39.00,49.00,154.00,0.713832,-1,-1,-1
303,123,467.00,101.00,66.00,198.00,0.400234,-1,-1,-1
304,5,1722.00,453.00,75.00,212.00,0.825955,-1,-1,-1
304,8,272.00,564.00,80.00,239.00,0.871012,-1,-1,-1
304,11,342.00,175.00,53.00,177.00,0.257073,-1,-1,-1
304,12,869.00,941.00,65.00,138.00,0.792039,-1,-1,-1
304,13,1569.00,591.00,105.00,232.00,0.838472,-1,-1,-1
304,20,677.00,280.00,59.00,130.00,0.387205,-1,-1,-1
304,21,1478.00,45.00,53.00,143.00,0.763376,-1,-1,-1
304,26,791.00,136.00,62.00,176.00,0.348782,-1,-1,-1
304,29,555.00,111.00,64.00,177.00,0.313969,-1,-1,-1
304,47,293.00,166.00,62.00,191.00,0.556068,-1,-1,-1
304,51,419.00,122.00,56.00,167.00,0.394636,-1,-1,-1
304,55,437.00,258.00,61.00,191.00,0.685134,-1,-1,-1
304,71,1036.00,539.00,89.00,246.00,0.864748,-1,-1,-1
304,72,958.00,562.00,71.00,236.00,0.803049,-1,-1,-1
304,76,372.00,272.00,62.00,177.00,0.629398,-1,-1,-1
304,81,1640.00,4.00,50.00,151.00,0.755239,-1,-1,-1
304,110,1422.00,39.00,48.00,154.00,0.725467,-1,-1,-1
304,123,467.00,102.00,66.00,197.00,0.371260,-1,-1,-1
305,5,1722.00,453.00,75.00,212.00,0.827992,-1,-1,-1
305,8,272.00,567.00,81.00,242.00,0.864254,-1,-1,-1
305,11,342.00,173.00,54.00,182.00,0.287605,-1,-1,-1
305,12,869.00,942.00,65.00,137.00,0.789227,-1,-1,-1
305,13,1568.00,591.00,106.00,232.00,0.834456,-1,-1,-1
305,20,678.00,282.00,57.00,127.00,0.396264,-1,-1,-1
305,21,1477.00,45.00,54.00,144.00,0.749776,-1,-1,-1
305,26,791.00,135.00,63.00,178.00,0.337272,-1,-1,-1
305,29,555.00,111.00,63.00,178.00,0.309993,-1,-1,-1
305,47,294.00,165.00,62.00,193.00,0.545344,-1,-1,-1
305,51,420.00,122.00,55.00,166.00,0.367355,-1,-1,-1
305,55,436.00,256.00,62.00,193.00,0.665501,-1,-1,-1
305,71,1034.00,537.00,91.00,247.00,0.858921,-1,-1,-1
305,72,957.00,561.00,70.00,236.00,0.800114,-1,-1,-1
305,76,368.00,273.00,63.00,179.00,0.648417,-1,-1,-1
305,81,1640.00,5.00,52.00,155.00,0.739797,-1,-1,-1
305,110,1423.00,40.00,46.00,149.00,0.707856,-1,-1,-1
305,123,468.00,103.00,65.00,197.00,0.383139,-1,-1,-1
306,5,1722.00,453.00,75.00,212.00,0.832685,-1,-1,-1
306,8,271.00,570.00,82.00,243.00,0.866156,-1,-1,-1
306,12,869.00,943.00,65.00,136.00,0.785780,-1,-1,-1
306,13,1569.00,591.00,106.00,233.00,0.846293,-1,-1,-1
306,20,678.00,282.00,57.00,127.00,0.425220,-1,-1,-1
306,21,1477.00,46.00,55.00,144.00,0.752553,-1,-1,-1
306,26,791.00,135.00,63.00,178.00,0.311941,-1,-1,-1
306,29,555.00,111.00,63.00,178.00,0.317059,-1,-1,-1
306,47,294.00,165.00,63.00,193.00,0.541945,-1,-1,-1
306,51,420.00,122.00,55.00,166.00,0.405286,-1,-1,-1
306,55,436.00,257.00,62.00,194.00,0.713894,-1,-1,-1
306,71,1030.00,534.00,91.00,247.00,0.839512,-1,-1,-1
306,72,955.00,560.00,70.00,236.00,0.814523,-1,-1,-1
306,76,366.00,274.00,63.00,179.00,0.640904,-1,-1,-1
306,81,1641.00,5.00,52.00,158.00,0.749595,-1,-1,-1
306,110,1423.00,40.00,45.00,146.00,0.698560,-1,-1,-1
306,123,469.00,105.00,65.00,196.00,0.397737,-1,-1,-1
307,5,1722.00,453.00,75.00,212.00,0.830756,-1,-1,-1
307,8,271.00,572.00,81.00,243.00,0.864770,-1,-1,-1
307,12,870.00,943.00,64.00,136.00,0.794294,-1,-1,-1
307,13,1569.00,590.00,106.00,233.00,0.832410,-1,-1,-1
307,20,677.00,281.00,58.00,128.00,0.397695,-1,-1,-1
307,21,1476.00,47.00,55.00,146.00,0.731854,-1,-1,-1
307,26,792.00,136.00,63.00,176.00,0.358064,-1,-1,-1
307,29,553.00,107.00,66.00,182.00,0.351111,-1,-1,-1
307,47,294.00,164.00,63.00,194.00,0.551541,-1,-1,-1
307,51,420.00,122.00,55.00,167.00,0.444091,-1,-1,-1
307,55,436.00,259.00,62.00,194.00,0.740176,-1,-1,-1
307,71,1029.00,531.00,91.00,248.00,0.844672,-1,-1,-1
307,72,954.00,559.00,69.00,236.00,0.827243,-1,-1,-1
307,76,364.00,275.00,64.00,179.00,0.660889,-1,-1,-1
307,81,1641.00,6.00,54.00,160.00,0.774104,-1,-1,-1
307,110,1423.00,39.00,45.00,148.00,0.717101,-1,-1,-1
307,123,471.00,107.00,63.00,193.00,0.413814,-1,-1,-1
308,5,1722.00,453.00,75.00,212.00,0.833837,-1,-1,-1
308,8,270.00,575.00,82.00,243.00,0.864680,-1,-1,-1
308,12,869.00,944.00,65.00,135.00,0.778506,-1,-1,-1
308,13,1569.00,591.00,105.00,233.00,0.828051,-1,-1,-1
308,20,677.00,282.00,58.00,127.00,0.452019,-1,-1,-1
308,21,1475.00,47.00,56.00,148.00,0.731029,-1,-1,-1
308,26,792.00,136.00,63.00,176.00,0.383134,-1,-1,-1
308,29,553.00,106.00,66.00,184.00,0.325533,-1,-1,-1
308,47,295.00,164.00,64.00,193.00,0.523961,-1,-1,-1
308,51,419.00,122.00,55.00,167.00,0.447627,-1,-1,-1
308,55,435.00,260.00,63.00,196.00,0.707006,-1,-1,-1
308,71,1029.00,529.00,87.00,237.00,0.844211,-1,-1,-1
308,72,951.00,557.00,70.00,236.00,0.820648,-1,-1,-1
308,76,362.00,277.00,65.00,177.00,0.642375,-1,-1,-1
308,81,1641.00,6.00,55.00,163.00,0.759643,-1,-1,-1
308,110,1422.00,38.00,46.00,151.00,0.702284,-1,-1,-1
308,123,472.00,108.00,64.00,193.00,0.401733,-1,-1,-1
309,5,1721.00,453.00,76.00,212.00,0.837376,-1,-1,-1
309,8,270.00,577.00,81.00,243.00,0.863865,-1,-1,-1
309,12,869.00,944.00,66.00,135.00,0.793145,-1,-1,-1
309,13,1569.00,591.00,105.00,232.00,0.838154,-1,-1,-1
309,20,678.00,281.00,57.00,128.00,0.459530,-1,-1,-1
309,21,1475.00,49.00,55.00,148.00,0.740673,-1,-1,-1
309,26,793.00,137.00,63.00,174.00,0.407456,-1,-1,-1
309,29,553.00,107.00,65.00,183.00,0.337118,-1,-1,-1
309,47,296.00,166.00,63.00,190.00,0.539848,-1,-1,-1
309,51,418.00,122.00,55.00,168.00,0.476228,-1,-1,-1
309,55,435.00,261.00,63.00,198.00,0.713212,-1,-1,-1
309,71,1028.00,526.00,86.00,233.00,0.848351,-1,-1,-1
309,72,950.00,554.00,68.00,233.00,0.815509,-1,-1,-1
309,76,360.00,277.00,67.00,176.00,0.694352,-1,-1,-1
309,81,1642.00,7.00,55.00,164.00,0.747319,-1,-1,-1
309,110,1422.00,37.00,47.00,153.00,0.713665,-1,-1,-1
309,123,475.00,108.00,66.00,195.00,0.370491,-1,-1,-1
310,5,1721.00,453.00,76.00,212.00,0.831570,-1,-1,-1
310,8,269.00,579.00,81.00,244.00,0.866434,-1,-1,-1
310,12,869.00,944.00,67.00,135.00,0.784526,-1,-1,-1
310,13,1569.00,590.00,105.00,234.00,0.823651,-1,-1,-1
310,20,677.00,281.00,58.00,128.00,0.473682,-1,-1,-1
310,21,1474.00,50.00,56.00,148.00,0.746319,-1,-1,-1
310,26,793.00,137.00,64.00,174.00,0.421636,-1,-1,-1
310,29,553.00,106.00,66.00,184.00,0.320452,-1,-1,-1
310,47,296.00,165.00,63.00,191.00,0.561383,-1,-1,-1
310,51,417.00,122.00,55.00,169.00,0.508978,-1,-1,-1
310,55,435.00,262.00,63.00,199.00,0.736758,-1,-1,-1
310,71,1028.00,524.00,84.00,232.00,0.840602,-1,-1,-1
310,72,949.00,551.00,67.00,228.00,0.824026,-1,-1,-1
310,76,359.00,277.00,69.00,176.00,0.746185,-1,-1,-1
310,81,1642.00,9.00,55.00,163.00,0.731390,-1,-1,-1
310,110,1420.00,36.00,47.00,157.00,0.629393,-1,-1,-1
310,123,472.00,108.00,65.00,196.00,0.326215,-1,-1,-1
311,5,1720.00,453.00,76.00,213.00,0.830204,-1,-1,-1
311,8,268.00,580.00,81.00,244.00,0.873529,-1,-1,-1
311,12,868.00,944.00,68.00,134.00,0.800655,-1,-1,-1
311,13,1569.00,592.00,105.00,232.00,0.852050,-1,-1,-1
311,20,678.00,281.00,57.00,127.00,0.470868,-1,-1,-1
311,21,1473.00,51.00,56.00,148.00,0.741365,-1,-1,-1
311,26,793.00,137.00,65.00,174.00,0.500481,-1,-1,-1
311,29,553.00,106.00,66.00,184.00,0.349303,-1,-1,-1
311,47,296.00,165.00,63.00,190.00,0.569442,-1,-1,-1
311,51,416.00,123.00,55.00,169.00,0.541127,-1,-1,-1
311,55,437.00,266.00,62.00,198.00,0.732396,-1,-1,-1
311,71,1027.00,521.00,84.00,234.00,0.841618,-1,-1,-1
311,72,947.00,548.00,67.00,226.00,0.825960,-1,-1,-1
311,76,356.00,277.00,71.00,178.00,0.738570,-1,-1,-1
311,81,1641.00,10.00,56.00,165.00,0.722693,-1,-1,-1
311,110,1418.00,35.00,49.00,159.00,0.617162,-1,-1,-1
311,123,470.00,108.00,66.00,197.00,0.414264,-1,-1,-1
312,5,1720.00,453.00,76.00,212.00,0.833763,-1,-1,-1
312,8,268.00,581.00,80.00,244.00,0.870407,-1,-1,-1
312,12,868.00,944.00,69.00,134.00,0.805443,-1,-1,-1
312,13,1570.00,591.00,105.00,233.00,0.801056,-1,-1,-1
312,20,678.00,281.00,57.00,127.00,0.500910,-1,-1,-1
312,21,1473.00,52.00,57.00,149.00,0.743350,-1,-1,-1
312,26,793.00,137.00,66.00,174.00,0.466164,-1,-1,-1
312,29,553.00,106.00,66.00,183.00,0.296607,-1,-1,-1
312,47,297.00,166.00,64.00,188.00,0.551308,-1,-1,-1
312,51,415.00,124.00,55.00,168.00,0.498174,-1,-1,-1
312,55,437.00,269.00,62.00,197.00,0.730832,-1,-1,-1
312,71,1027.00,520.00,83.00,235.00,0.835441,-1,-1,-1
312,72,945.00,546.00,67.00,225.00,0.826492,-1,-1,-1
312,76,354.00,277.00,73.00,178.00,0.717291,-1,-1,-1
312,81,1642.00,12.00,55.00,162.00,0.720608,-1,-1,-1
312,110,1420.00,34.00,48.00,158.00,0.670214,-1,-1,-1
312,123,469.00,108.00,66.00,199.00,0.447644,-1,-1,-1
312,130,1572.00,11.00,32.00,117.00,0.414858,-1,-1,-1
313,5,1720.00,453.00,76.00,212.00,0.834879,-1,-1,-1
313,8,267.00,583.00,80.00,242.00,0.871397,-1,-1,-1
313,12,868.00,944.00,69.00,135.00,0.799437,-1,-1,-1
313,13,1570.00,592.00,104.00,232.00,0.826225,-1,-1,-1
313,20,678.00,281.00,57.00,127.00,0.491636,-1,-1,-1
313,21,1472.00,55.00,56.00,147.00,0.719606,-1,-1,-1
313,26,794.00,137.00,66.00,175.00,0.416289,-1,-1,-1
313,29,554.00,108.00,65.00,179.00,0.323316,-1,-1,-1
313,47,298.00,169.00,64.00,184.00,0.511458,-1,-1,-1
313,51,415.00,125.00,56.00,171.00,0.456828,-1,-1,-1
313,55,437.00,270.00,62.00,198.00,0.735398,-1,-1,-1
313,71,1027.00,520.00,82.00,236.00,0.815417,-1,-1,-1
313,72,944.00,544.00,67.00,226.00,0.830326,-1,-1,-1
313,76,353.00,276.00,73.00,178.00,0.715371,-1,-1,-1
313,81,1643.00,13.00,55.00,162.00,0.731017,-1,-1,-1
313,110,1420.00,31.00,48.00,156.00,0.659335,-1,-1,-1
313,123,468.00,107.00,67.00,204.00,0.419862,-1,-1,-1
313,130,1573.00,11.00,32.00,117.00,0.461824,-1,-1,-1
314,5,1720.00,453.00,76.00,212.00,0.833634,-1,-1,-1
314,8,266.00,584.00,80.00,241.00,0.865481,-1,-1,-1
314,12,868.00,944.00,70.00,135.00,0.794586,-1,-1,-1
314,13,1570.00,592.00,104.00,232.00,0.831140,-1,-1,-1
314,20,677.00,280.00,58.00,129.00,0.430278,-1,-1,-1
314,21,1471.00,57.00,56.00,147.00,0.697076,-1,-1,-1
314,26,794.00,137.00,67.00,174.00,0.418794,-1,-1,-1
314,29,554.00,108.00,65.00,178.00,0.250301,-1,-1,-1
314,47,299.00,167.00,64.00,186.00,0.489245,-1,-1,-1
314,51,414.00,127.00,56.00,172.00,0.397824,-1,-1,-1
314,55,436.00,271.00,62.00,197.00,0.732892,-1,-1,-1
314,71,1026.00,519.00,81.00,237.00,0.817837,-1,-1,-1
314,72,942.00,541.00,68.00,229.00,0.835840,-1,-1,-1
314,76,352.00,277.00,74.00,177.00,0.781137,-1,-1,-1
314,81,1644.00,15.00,55.00,161.00,0.729944,-1,-1,-1
314,110,1420.00,30.00,48.00,154.00,0.638592,-1,-1,-1
314,123,468.00,108.00,67.00,205.00,0.457462,-1,-1,-1
314,130,1573.00,12.00,32.00,116.00,0.470642,-1,-1,-1
315,5,1719.00,452.00,76.00,212.00,0.833543,-1,-1,-1
315,8,265.00,585.00,79.00,240.00,0.863037,-1,-1,-1
315,12,868.00,944.00,71.00,135.00,0.799809,-1,-1,-1
315,13,1569.00,593.00,104.00,231.00,0.854666,-1,-1,-1
315,20,677.00,280.00,58.00,129.00,0.470427,-1,-1,-1
315,21,1471.00,59.00,55.00,146.00,0.676622,-1,-1,-1
315,26,795.00,137.00,67.00,174.00,0.419673,-1,-1,-1
315,29,555.00,112.00,63.00,175.00,0.364293,-1,-1,-1
315,47,298.00,166.00,65.00,187.00,0.569883,-1,-1,-1
315,51,414.00,128.00,56.00,170.00,0.479694,-1,-1,-1
315,55,436.00,270.00,61.00,198.00,0.735993,-1,-1,-1
315,71,1024.00,518.00,81.00,238.00,0.818499,-1,-1,-1
315,72,941.00,539.00,68.00,233.00,0.841489,-1,-1,-1
315,76,352.00,278.00,75.00,176.00,0.770369,-1,-1,-1
315,81,1645.00,15.00,55.00,160.00,0.722337,-1,-1,-1
315,110,1421.00,29.00,47.00,153.00,0.616145,-1,-1,-1
315,123,468.00,108.00,67.00,206.00,0.437154,-1,-1,-1
315,130,1572.00,8.00,34.00,122.00,0.318949,-1,-1,-1
315,131,1071.00,0.00,51.00,98.00,0.361789,-1,-1,-1
316,5,1720.00,452.00,76.00,212.00,0.830511,-1,-1,-1
316,8,265.00,586.00,79.00,239.00,0.860528,-1,-1,-1
316,12,868.00,943.00,72.00,135.00,0.800876,-1,-1,-1
316,13,1570.00,593.00,104.00,230.00,0.840023,-1,-1,-1
316,20,677.00,280.00,58.00,129.00,0.457458,-1,-1,-1
316,21,1470.00,60.00,56.00,145.00,0.685074,-1,-1,-1
316,26,795.00,137.00,68.00,175.00,0.463095,-1,-1,-1
316,29,554.00,112.00,63.00,175.00,0.344364,-1,-1,-1
316,47,299.00,166.00,65.00,187.00,0.533086,-1,-1,-1
316,51,413.00,129.00,57.00,171.00,0.392904,-1,-1,-1
316,55,436.00,270.00,61.00,198.00,0.728669,-1,-1,-1
316,71,1022.00,517.00,81.00,239.00,0.825382,-1,-1,-1
316,72,939.00,537.00,68.00,235.00,0.836520,-1,-1,-1
316,76,352.00,280.00,74.00,175.00,0.741328,-1,-1,-1
316,81,1647.00,15.00,54.00,158.00,0.711946,-1,-1,-1
316,110,1421.00,28.00,46.00,152.00,0.610219,-1,-1,-1
316,123,468.00,109.00,66.00,207.00,0.401470,-1,-1,-1
316,130,1573.00,6.00,34.00,124.00,0.327078,-1,-1,-1
316,131,1070.00,0.00,52.00,98.00,0.507586,-1,-1,-1
317,5,1721.00,453.00,75.00,211.00,0.837237,-1,-1,-1
317,8,264.00,587.00,79.00,238.00,0.865414,-1,-1,-1
317,12,869.00,943.00,72.00,135.00,0.790874,-1,-1,-1
317,13,1570.00,594.00,104.00,229.00,0.852295,-1,-1,-1
317,20,677.00,280.00,58.00,129.00,0.448693,-1,-1,-1
317,21,1470.00,61.00,56.00,145.00,0.657059,-1,-1,-1
317,26,795.00,138.00,69.00,175.00,0.450189,-1,-1,-1
317,29,554.00,112.00,63.00,175.00,0.326993,-1,-1,-1
317,47,300.00,165.00,66.00,188.00,0.563696,-1,-1,-1
317,51,414.00,132.00,56.00,168.00,0.426957,-1,-1,-1
317,55,436.00,270.00,61.00,198.00,0.751812,-1,-1,-1
317,71,1020.00,517.00,81.00,238.00,0.833002,-1,-1,-1
317,72,938.00,536.00,68.00,236.00,0.829515,-1,-1,-1
317,76,351.00,279.00,77.00,179.00,0.757591,-1,-1,-1
317,81,1649.00,14.00,53.00,159.00,0.721052,-1,-1,-1
317,110,1421.00,27.00,47.00,152.00,0.619941,-1,-1,-1
317,123,468.00,112.00,66.00,205.00,0.431116,-1,-1,-1
317,131,1070.00,0.00,52.00,99.00,0.607828,-1,-1,-1
318,5,1720.00,452.00,75.00,212.00,0.832371,-1,-1,-1
318,8,264.00,588.00,79.00,237.00,0.867929,-1,-1,-1
318,12,869.00,943.00,73.00,135.00,0.811855,-1,-1,-1
318,13,1571.00,593.00,103.00,230.00,0.849959,-1,-1,-1
318,20,677.00,280.00,58.00,129.00,0.455324,-1,-1,-1
318,21,1469.00,61.00,57.00,145.00,0.653137,-1,-1,-1
318,26,795.00,138.00,70.00,174.00,0.445194,-1,-1,-1
318,29,554.00,112.00,63.00,176.00,0.355914,-1,-1,-1
318,47,300.00,164.00,66.00,189.00,0.568646,-1,-1,-1
318,51,415.00,134.00,55.00,165.00,0.463268,-1,-1,-1
318,55,437.00,271.00,60.00,197.00,0.734829,-1,-1,-1
318,71,1018.00,516.00,80.00,237.00,0.825954,-1,-1,-1
318,72,936.00,534.00,69.00,238.00,0.821133,-1,-1,-1
318,76,351.00,280.00,78.00,182.00,0.739882,-1,-1,-1
318,81,1650.00,16.00,53.00,156.00,0.710534,-1,-1,-1
318,110,1420.00,27.00,47.00,152.00,0.614879,-1,-1,-1
318,123,469.00,118.00,63.00,199.00,0.339259,-1,-1,-1
318,131,1069.00,0.00,54.00,102.00,0.489896,-1,-1,-1
319,5,1720.00,452.00,75.00,212.00,0.832357,-1,-1,-1
319,8,264.00,589.00,79.00,236.00,0.866411,-1,-1,-1
319,12,869.00,943.00,74.00,135.00,0.806841,-1,-1,-1
319,13,1570.00,593.00,103.00,230.00,0.852548,-1,-1,-1
319,20,677.00,280.00,58.00,129.00,0.499960,-1,-1,-1
319,21,1469.00,61.00,57.00,145.00,0.649016,-1,-1,-1
319,26,796.00,138.00,70.00,174.00,0.477121,-1,-1,-1
319,29,554.00,113.00,63.00,175.00,0.313915,-1,-1,-1
319,47,301.00,164.00,66.00,189.00,0.533157,-1,-1,-1
319,51,415.00,134.00,55.00,165.00,0.466913,-1,-1,-1
319,55,436.00,272.00,60.00,196.00,0.730569,-1,-1,-1
319,71,1017.00,515.00,79.00,237.00,0.825786,-1,-1,-1
319,72,936.00,533.00,69.00,239.00,0.816845,-1,-1,-1
319,76,352.00,284.00,77.00,182.00,0.728317,-1,-1,-1
319,81,1652.00,17.00,52.00,156.00,0.691726,-1,-1,-1
319,110,1420.00,26.00,47.00,154.00,0.616401,-1,-1,-1
319,123,468.00,120.00,63.00,198.00,0.373992,-1,-1,-1
319,130,1567.00,1.00,39.00,136.00,0.310497,-1,-1,-1
319,131,1069.00,0.00,54.00,103.00,0.498212,-1,-1,-1
320,5,1721.00,453.00,75.00,211.00,0.828788,-1,-1,-1
320,8,263.00,591.00,80.00,236.00,0.871746,-1,-1,-1
320,12,869.00,943.00,75.00,135.00,0.797779,-1,-1,-1
320,13,1569.00,594.00,104.00,230.00,0.833213,-1,-1,-1
320,20,677.00,280.00,57.00,129.00,0.448457,-1,-1,-1
320,21,1468.00,60.00,58.00,146.00,0.657330,-1,-1,-1
320,26,796.00,138.00,71.00,174.00,0.484570,-1,-1,-1
320,29,554.00,114.00,63.00,175.00,0.374943,-1,-1,-1
320,47,301.00,165.00,66.00,188.00,0.516479,-1,-1,-1
320,51,416.00,135.00,54.00,165.00,0.414082,-1,-1,-1
320,55,437.00,273.00,59.00,196.00,0.731422,-1,-1,-1
320,71,1015.00,514.00,79.00,237.00,0.819585,-1,-1,-1
320,72,935.00,533.00,68.00,239.00,0.808111,-1,-1,-1
320,76,353.00,289.00,76.00,179.00,0.733169,-1,-1,-1
320,81,1653.00,18.00,53.00,158.00,0.647486,-1,-1,-1
320,110,1419.00,27.00,48.00,154.00,0.606754,-1,-1,-1
320,123,467.00,124.00,62.00,193.00,0.379019,-1,-1,-1
320,130,1569.00,1.00,38.00,136.00,0.260914,-1,-1,-1
320,131,1069.00,0.00,55.00,105.00,0.536267,-1,-1,-1
321,5,1721.00,453.00,76.00,211.00,0.828126,-1,-1,-1
321,8,264.00,592.00,80.00,238.00,0.872301,-1,-1,-1
321,12,869.00,944.00,76.00,134.00,0.789453,-1,-1,-1
321,13,1568.00,592.00,105.00,232.00,0.858010,-1,-1,-1
321,20,677.00,281.00,58.00,128.00,0.448718,-1,-1,-1
321,21,1468.00,60.00,57.00,146.00,0.646802,-1,-1,-1
321,26,798.00,138.00,70.00,174.00,0.473052,-1,-1,-1
321,29,554.00,113.00,63.00,175.00,0.325686,-1,-1,-1
321,47,301.00,165.00,66.00,188.00,0.509228,-1,-1,-1
321,51,417.00,136.00,53.00,163.00,0.450419,-1,-1,-1
321,55,436.00,274.00,59.00,194.00,0.724369,-1,-1,-1
321,71,1014.00,512.00,79.00,238.00,0.817850,-1,-1,-1
321,72,933.00,533.00,68.00,237.00,0.811484,-1,-1,-1
321,76,353.00,289.00,76.00,181.00,0.734687,-1,-1,-1
321,81,1655.00,19.00,52.00,161.00,0.672966,-1,-1,-1
321,110,1418.00,26.00,48.00,154.00,0.599374,-1,-1,-1
321,123,467.00,122.00,63.00,195.00,0.404425,-1,-1,-1
321,130,1572.00,4.00,37.00,131.00,0.258403,-1,-1,-1
321,131,1069.00,0.00,57.00,107.00,0.549747,-1,-1,-1
322,5,1721.00,453.00,75.00,211.00,0.830197,-1,-1,-1
322,8,264.00,595.00,80.00,239.00,0.876087,-1,-1,-1
322,12,869.00,944.00,76.00,134.00,0.793306,-1,-1,-1
322,13,1568.00,592.00,105.00,231.00,0.866404,-1,-1,-1
322,20,677.00,281.00,58.00,128.00,0.524014,-1,-1,-1
322,21,1468.00,60.00,58.00,147.00,0.638777,-1,-1,-1
322,26,798.00,138.00,71.00,174.00,0.512162,-1,-1,-1
322,29,554.00,114.00,63.00,175.00,0.431006,-1,-1,-1
322,47,301.00,165.00,67.00,188.00,0.547942,-1,-1,-1
322,51,416.00,135.00,54.00,166.00,0.460526,-1,-1,-1
322,55,435.00,273.00,60.00,194.00,0.745536,-1,-1,-1
322,71,1014.00,511.00,77.00,236.00,0.816528,-1,-1,-1
322,72,932.00,533.00,67.00,234.00,0.807469,-1,-1,-1
322,76,351.00,288.00,76.00,183.00,0.760115,-1,-1,-1
322,81,1656.00,18.00,52.00,163.00,0.576593,-1,-1,-1
322,110,1416.00,26.00,48.00,154.00,0.583308,-1,-1,-1
322,123,468.00,122.00,62.00,195.00,0.468078,-1,-1,-1
322,130,1574.00,6.00,37.00,128.00,0.276659,-1,-1,-1
322,131,1068.00,0.00,59.00,110.00,0.654893,-1,-1,-1
323,5,1720.00,453.00,76.00,210.00,0.828939,-1,-1,-1
323,8,263.00,597.00,82.00,243.00,0.869537,-1,-1,-1
323,12,869.00,944.00,77.00,134.00,0.807463,-1,-1,-1
323,13,1568.00,591.00,105.00,233.00,0.855741,-1,-1,-1
323,20,677.00,281.00,57.00,128.00,0.502453,-1,-1,-1
323,21,1468.00,61.00,58.00,147.00,0.659244,-1,-1,-1
323,26,799.00,138.00,70.00,173.00,0.519316,-1,-1,-1
323,29,554.00,112.00,64.00,177.00,0.348849,-1,-1,-1
323,47,301.00,164.00,67.00,189.00,0.528098,-1,-1,-1
323,51,417.00,137.00,54.00,163.00,0.450077,-1,-1,-1
323,55,436.00,274.00,59.00,194.00,0.725645,-1,-1,-1
323,71,1012.00,508.00,77.00,237.00,0.821023,-1,-1,-1
323,72,931.00,532.00,66.00,234.00,0.805582,-1,-1,-1
323,76,350.00,290.00,76.00,183.00,0.768501,-1,-1,-1
323,81,1658.00,21.00,52.00,163.00,0.613681,-1,-1,-1
323,110,1415.00,26.00,48.00,154.00,0.620974,-1,-1,-1
323,123,468.00,122.00,63.00,194.00,0.415829,-1,-1,-1
323,130,1574.00,7.00,37.00,126.00,0.331499,-1,-1,-1
323,131,1068.00,0.00,59.00,112.00,0.622948,-1,-1,-1
324,5,1720.00,452.00,77.00,211.00,0.829874,-1,-1,-1
324,8,264.00,599.00,81.00,241.00,0.862740,-1,-1,-1
324,12,869.00,944.00,77.00,134.00,0.792376,-1,-1,-1
324,13,1568.00,590.00,106.00,234.00,0.851043,-1,-1,-1
324,20,677.00,281.00,57.00,128.00,0.490187,-1,-1,-1
324,21,1467.00,61.00,59.00,147.00,0.635980,-1,-1,-1
324,26,799.00,138.00,71.00,173.00,0.509917,-1,-1,-1
324,29,554.00,111.00,64.00,178.00,0.365666,-1,-1,-1
324,47,301.00,163.00,68.00,190.00,0.541318,-1,-1,-1
324,51,419.00,137.00,54.00,164.00,0.441825,-1,-1,-1
324,55,435.00,273.00,61.00,198.00,0.738386,-1,-1,-1
324,71,1011.00,506.00,74.00,231.00,0.819920,-1,-1,-1
324,72,930.00,530.00,66.00,234.00,0.808864,-1,-1,-1
324,76,350.00,293.00,75.00,181.00,0.744072,-1,-1,-1
324,81,1660.00,25.00,51.00,161.00,0.642388,-1,-1,-1
324,110,1414.00,26.00,49.00,153.00,0.613056,-1,-1,-1
324,123,469.00,126.00,62.00,191.00,0.448959,-1,-1,-1
324,130,1575.00,7.00,37.00,124.00,0.387825,-1,-1,-1
324,131,1068.00,0.00,60.00,114.00,0.560730,-1,-1,-1
324,133,1505.00,14.00,55.00,115.00,0.387473,-1,-1,-1
325,5,1720.00,452.00,77.00,212.00,0.829791,-1,-1,-1
325,8,264.00,601.00,81.00,241.00,0.870834,-1,-1,-1
325,12,870.00,944.00,77.00,134.00,0.811739,-1,-1,-1
325,13,1568.00,590.00,106.00,234.00,0.850659,-1,-1,-1
325,20,677.00,280.00,58.00,129.00,0.499026,-1,-1,-1
325,21,1467.00,62.00,58.00,147.00,0.657582,-1,-1,-1
325,26,799.00,138.00,71.00,173.00,0.527875,-1,-1,-1
325,29,555.00,114.00,62.00,175.00,0.442612,-1,-1,-1
325,47,301.00,163.00,68.00,190.00,0.549005,-1,-1,-1
325,51,420.00,137.00,53.00,163.00,0.454402,-1,-1,-1
325,55,435.00,274.00,61.00,200.00,0.739139,-1,-1,-1
325,71,1009.00,503.00,73.00,228.00,0.793891,-1,-1,-1
325,72,929.00,527.00,64.00,226.00,0.807074,-1,-1,-1
325,76,348.00,292.00,76.00,182.00,0.732980,-1,-1,-1
325,81,1662.00,27.00,50.00,160.00,0.669350,-1,-1,-1
325,110,1415.00,26.00,48.00,153.00,0.640640,-1,-1,-1
325,123,469.00,129.00,62.00,190.00,0.458223,-1,-1,-1
325,130,1575.00,8.00,37.00,123.00,0.478045,-1,-1,-1
325,131,1068.00,0.00,61.00,115.00,0.560221,-1,-1,-1
325,133,1504.00,14.00,56.00,117.00,0.440825,-1,-1,-1
326,5,1720.00,452.00,77.00,213.00,0.821527,-1,-1,-1
326,8,265.00,604.00,82.00,242.00,0.867758,-1,-1,-1
326,12,870.00,944.00,78.00,134.00,0.813234,-1,-1,-1
326,13,1569.00,591.00,105.00,232.00,0.856768,-1,-1,-1
326,20,677.00,280.00,58.00,129.00,0.467363,-1,-1,-1
326,21,1467.00,62.00,58.00,148.00,0.593158,-1,-1,-1
326,26,799.00,138.00,71.00,173.00,0.496801,-1,-1,-1
326,29,554.00,115.00,62.00,174.00,0.383648,-1,-1,-1
326,47,300.00,163.00,68.00,190.00,0.558466,-1,-1,-1
326,51,421.00,138.00,53.00,162.00,0.433704,-1,-1,-1
326,55,434.00,276.00,61.00,201.00,0.727380,-1,-1,-1
326,71,1006.00,500.00,73.00,228.00,0.789394,-1,-1,-1
326,72,929.00,525.00,62.00,213.00,0.827739,-1,-1,-1
326,76,347.00,293.00,76.00,181.00,0.739742,-1,-1,-1
326,81,1663.00,30.00,50.00,159.00,0.660484,-1,-1,-1
326,110,1414.00,26.00,49.00,154.00,0.593832,-1,-1,-1
326,123,470.00,133.00,61.00,186.00,0.453197,-1,-1,-1
326,130,1576.00,9.00,37.00,122.00,0.435416,-1,-1,-1
326,131,1068.00,0.00,62.00,116.00,0.556086,-1,-1,-1
326,133,1503.00,14.00,56.00,118.00,0.435379,-1,-1,-1
327,5,1720.00,452.00,77.00,212.00,0.830649,-1,-1,-1
327,8,265.00,606.00,83.00,245.00,0.869129,-1,-1,-1
327,12,870.00,944.00,79.00,134.00,0.815055,-1,-1,-1
327,13,1568.00,591.00,106.00,232.00,0.855588,-1,-1,-1
327,20,677.00,280.00,57.00,129.00,0.433194,-1,-1,-1
327,21,1467.00,63.00,59.00,148.00,0.629273,-1,-1,-1
327,26,799.00,138.00,72.00,173.00,0.521442,-1,-1,-1
327,29,554.00,114.00,62.00,175.00,0.406750,-1,-1,-1
327,47,300.00,163.00,68.00,190.00,0.583301,-1,-1,-1
327,51,419.00,137.00,54.00,167.00,0.395848,-1,-1,-1
327,55,435.00,281.00,60.00,199.00,0.726374,-1,-1,-1
327,71,1004.00,498.00,72.00,229.00,0.802200,-1,-1,-1
327,72,928.00,521.00,61.00,209.00,0.850213,-1,-1,-1
327,76,345.00,292.00,76.00,182.00,0.753056,-1,-1,-1
327,81,1664.00,31.00,50.00,159.00,0.619763,-1,-1,-1
327,110,1414.00,25.00,49.00,154.00,0.597549,-1,-1,-1
327,123,468.00,132.00,63.00,190.00,0.488447,-1,-1,-1
327,130,1576.00,9.00,37.00,122.00,0.464271,-1,-1,-1
327,131,1069.00,0.00,61.00,116.00,0.554737,-1,-1,-1
327,133,1501.00,15.00,57.00,119.00,0.463374,-1,-1,-1
328,5,1719.00,452.00,77.00,213.00,0.826642,-1,-1,-1
328,8,266.00,607.00,83.00,247.00,0.871188,-1,-1,-1
328,12,870.00,944.00,80.00,134.00,0.785768,-1,-1,-1
328,13,1569.00,593.00,104.00,230.00,0.849965,-1,-1,-1
328,20,677.00,280.00,57.00,129.00,0.380203,-1,-1,-1
328,21,1467.00,65.00,59.00,148.00,0.571585,-1,-1,-1
328,26,798.00,138.00,72.00,173.00,0.507347,-1,-1,-1
328,29,554.00,113.00,62.00,177.00,0.338903,-1,-1,-1
328,47,300.00,162.00,68.00,191.00,0.536190,-1,-1,-1
328,51,418.00,138.00,54.00,169.00,0.334827,-1,-1,-1
328,55,434.00,282.00,61.00,201.00,0.725698,-1,-1,-1
328,71,1001.00,497.00,74.00,231.00,0.814213,-1,-1,-1
328,72,926.00,518.00,64.00,217.00,0.845192,-1,-1,-1
328,76,344.00,292.00,76.00,182.00,0.696242,-1,-1,-1
328,81,1666.00,31.00,49.00,156.00,0.724395,-1,-1,-1
328,110,1413.00,24.00,49.00,155.00,0.594460,-1,-1,-1
328,123,467.00,132.00,63.00,192.00,0.445309,-1,-1,-1
328,130,1575.00,9.00,38.00,123.00,0.442834,-1,-1,-1
328,131,1070.00,0.00,61.00,117.00,0.543089,-1,-1,-1
328,133,1499.00,15.00,58.00,121.00,0.434126,-1,-1,-1
329,5,1719.00,452.00,77.00,213.00,0.828670,-1,-1,-1
329,8,267.00,608.00,83.00,248.00,0.869888,-1,-1,-1
329,12,871.00,944.00,79.00,134.00,0.796182,-1,-1,-1
329,13,1569.00,592.00,105.00,232.00,0.852987,-1,-1,-1
329,20,677.00,280.00,57.00,129.00,0.421032,-1,-1,-1
329,21,1468.00,66.00,58.00,148.00,0.562149,-1,-1,-1
329,26,798.00,138.00,72.00,174.00,0.518219,-1,-1,-1
329,29,554.00,113.00,62.00,177.00,0.419607,-1,-1,-1
329,47,300.00,162.00,68.00,191.00,0.545215,-1,-1,-1
329,51,417.00,138.00,55.00,171.00,0.380823,-1,-1,-1
329,55,434.00,283.00,60.00,202.00,0.725186,-1,-1,-1
329,71,999.00,495.00,75.00,233.00,0.809984,-1,-1,-1
329,72,925.00,515.00,64.00,222.00,0.843592,-1,-1,-1
329,76,342.00,295.00,76.00,179.00,0.726829,-1,-1,-1
329,81,1666.00,31.00,50.00,156.00,0.711339,-1,-1,-1
329,110,1415.00,23.00,48.00,154.00,0.589110,-1,-1,-1
329,123,467.00,131.00,64.00,194.00,0.495882,-1,-1,-1
329,130,1575.00,8.00,40.00,125.00,0.412878,-1,-1,-1
329,131,1071.00,0.00,61.00,117.00,0.464778,-1,-1,-1
329,133,1498.00,14.00,59.00,122.00,0.431168,-1,-1,-1
330,5,1720.00,453.00,77.00,212.00,0.825849,-1,-1,-1
330,8,268.00,609.00,83.00,249.00,0.866195,-1,-1,-1
330,12,872.00,944.00,80.00,134.00,0.823838,-1,-1,-1
330,13,1569.00,591.00,105.00,233.00,0.849206,-1,-1,-1
330,20,677.00,279.00,58.00,130.00,0.454564,-1,-1,-1
330,21,1468.00,67.00,58.00,149.00,0.552962,-1,-1,-1
330,26,798.00,138.00,73.00,173.00,0.478034,-1,-1,-1
330,29,554.00,112.00,63.00,177.00,0.405623,-1,-1,-1
330,47,300.00,162.00,68.00,191.00,0.559049,-1,-1,-1
330,51,416.00,139.00,55.00,170.00,0.393678,-1,-1,-1
330,55,433.00,286.00,61.00,201.00,0.748786,-1,-1,-1
330,71,998.00,494.00,75.00,233.00,0.822075,-1,-1,-1
330,72,923.00,513.00,66.00,226.00,0.850564,-1,-1,-1
330,76,341.00,295.00,75.00,179.00,0.749118,-1,-1,-1
330,81,1668.00,31.00,49.00,156.00,0.724700,-1,-1,-1
330,110,1415.00,22.00,47.00,153.00,0.571266,-1,-1,-1
330,123,467.00,133.00,64.00,194.00,0.480180,-1,-1,-1
330,130,1575.00,9.00,41.00,126.00,0.454945,-1,-1,-1
330,131,1072.00,0.00,61.00,116.00,0.419833,-1,-1,-1
330,133,1497.00,13.00,60.00,124.00,0.492669,-1,-1,-1
330,135,1409.00,1026.00,59.00,53.00,0.454996,-1,-1,-1
331,5,1720.00,453.00,77.00,212.00,0.824603,-1,-1,-1
331,8,269.00,610.00,83.00,248.00,0.870064,-1,-1,-1
331,12,873.00,944.00,80.00,134.00,0.819610,-1,-1,-1
331,13,1569.00,590.00,106.00,234.00,0.856658,-1,-1,-1
331,20,677.00,279.00,58.00,130.00,0.476858,-1,-1,-1
331,21,1469.00,69.00,57.00,147.00,0.530485,-1,-1,-1
331,26,799.00,138.00,72.00,173.00,0.491257,-1,-1,-1
331,47,300.00,162.00,69.00,190.00,0.598160,-1,-1,-1
331,51,414.00,141.00,56.00,170.00,0.488771,-1,-1,-1
331,55,432.00,286.00,61.00,203.00,0.739548,-1,-1,-1
331,71,996.00,493.00,76.00,233.00,0.834615,-1,-1,-1
331,72,921.00,511.00,67.00,227.00,0.829440,-1,-1,-1
331,76,340.00,297.00,75.00,177.00,0.751118,-1,-1,-1
331,81,1670.00,31.00,50.00,158.00,0.761478,-1,-1,-1
331,110,1414.00,21.00,48.00,153.00,0.634410,-1,-1,-1
331,123,470.00,143.00,61.00,185.00,0.529469,-1,-1,-1
331,130,1575.00,9.00,41.00,127.00,0.536881,-1,-1,-1
331,131,1074.00,0.00,60.00,116.00,0.432119,-1,-1,-1
331,133,1497.00,12.00,60.00,124.00,0.543074,-1,-1,-1
331,135,1410.00,1024.00,60.00,55.00,0.655371,-1,-1,-1
332,5,1720.00,454.00,77.00,211.00,0.832292,-1,-1,-1
332,8,270.00,611.00,83.00,247.00,0.866209,-1,-1,-1
332,12,874.00,944.00,80.00,134.00,0.833482,-1,-1,-1
332,13,1569.00,590.00,106.00,234.00,0.857722,-1,-1,-1
332,20,678.00,280.00,57.00,129.00,0.473549,-1,-1,-1
332,21,1469.00,70.00,56.00,147.00,0.540244,-1,-1,-1
332,26,798.00,138.00,73.00,173.00,0.483880,-1,-1,-1
332,29,554.00,110.00,64.00,179.00,0.361724,-1,-1,-1
332,47,300.00,163.00,69.00,189.00,0.537035,-1,-1,-1
332,51,416.00,142.00,57.00,171.00,0.374879,-1,-1,-1
332,55,431.00,289.00,61.00,200.00,0.730612,-1,-1,-1
332,71,994.00,492.00,78.00,235.00,0.848653,-1,-1,-1
332,72,920.00,511.00,67.00,226.00,0.838517,-1,-1,-1
332,76,341.00,300.00,74.00,174.00,0.733143,-1,-1,-1
332,81,1671.00,31.00,50.00,159.00,0.762067,-1,-1,-1
332,110,1414.00,20.00,47.00,153.00,0.637722,-1,-1,-1
332,123,471.00,146.00,60.00,183.00,0.509388,-1,-1,-1
332,130,1576.00,9.00,42.00,126.00,0.578811,-1,-1,-1
332,131,1076.00,0.00,60.00,116.00,0.431723,-1,-1,-1
332,133,1498.00,11.00,60.00,123.00,0.563771,-1,-1,-1
332,135,1410.00,1022.00,63.00,57.00,0.771315,-1,-1,-1
333,5,1719.00,454.00,78.00,210.00,0.827594,-1,-1,-1
333,8,270.00,611.00,83.00,248.00,0.870502,-1,-1,-1
333,12,875.00,943.00,80.00,135.00,0.822275,-1,-1,-1
333,13,1569.00,590.00,105.00,234.00,0.842637,-1,-1,-1
333,20,678.00,279.00,57.00,130.00,0.447313,-1,-1,-1
333,21,1469.00,70.00,56.00,147.00,0.486341,-1,-1,-1
333,26,798.00,138.00,73.00,173.00,0.489935,-1,-1,-1
333,29,555.00,114.00,62.00,175.00,0.297995,-1,-1,-1
333,47,300.00,163.00,69.00,189.00,0.577218,-1,-1,-1
333,51,420.00,144.00,55.00,168.00,0.405957,-1,-1,-1
333,55,431.00,292.00,60.00,197.00,0.740684,-1,-1,-1
333,71,992.00,492.00,80.00,235.00,0.842664,-1,-1,-1
333,72,918.00,510.00,67.00,227.00,0.833267,-1,-1,-1
333,76,343.00,302.00,73.00,171.00,0.795691,-1,-1,-1
333,81,1673.00,28.00,50.00,162.00,0.685293,-1,-1,-1
333,110,1415.00,19.00,46.00,152.00,0.630776,-1,-1,-1
333,123,472.00,149.00,60.00,182.00,0.488991,-1,-1,-1
333,130,1577.00,11.00,41.00,125.00,0.650179,-1,-1,-1
333,131,1078.00,0.00,60.00,118.00,0.430556,-1,-1,-1
333,133,1497.00,10.00,61.00,123.00,0.573834,-1,-1,-1
333,135,1408.00,1019.00,66.00,60.00,0.770326,-1,-1,-1
334,5,1719.00,453.00,77.00,211.00,0.832919,-1,-1,-1
334,8,271.00,611.00,83.00,247.00,0.873042,-1,-1,-1
334,12,875.00,943.00,81.00,135.00,0.821055,-1,-1,-1
334,13,1569.00,590.00,105.00,234.00,0.843295,-1,-1,-1
334,20,677.00,279.00,58.00,130.00,0.449627,-1,-1,-1
334,21,1470.00,71.00,56.00,146.00,0.539374,-1,-1,-1
334,26,798.00,138.00,73.00,173.00,0.456418,-1,-1,-1
334,47,300.00,164.00,69.00,188.00,0.553948,-1,-1,-1
334,51,420.00,146.00,55.00,169.00,0.386071,-1,-1,-1
334,55,431.00,294.00,60.00,195.00,0.760523,-1,-1,-1
334,71,992.00,492.00,82.00,235.00,0.831811,-1,-1,-1
334,72,917.00,509.00,67.00,228.00,0.834764,-1,-1,-1
334,76,343.00,303.00,74.00,172.00,0.789915,-1,-1,-1
334,81,1674.00,27.00,51.00,164.00,0.727948,-1,-1,-1
334,110,1415.00,18.00,46.00,151.00,0.628718,-1,-1,-1
334,123,473.00,150.00,59.00,179.00,0.491631,-1,-1,-1
334,130,1577.00,11.00,43.00,129.00,0.652613,-1,-1,-1
334,131,1079.00,0.00,61.00,120.00,0.548568,-1,-1,-1
334,133,1498.00,10.00,61.00,124.00,0.522048,-1,-1,-1
334,135,1405.00,1018.00,68.00,61.00,0.798884,-1,-1,-1
335,5,1718.00,452.00,77.00,212.00,0.835147,-1,-1,-1
335,8,272.00,612.00,82.00,246.00,0.876011,-1,-1,-1
335,12,876.00,943.00,80.00,135.00,0.818758,-1,-1,-1
335,13,1569.00,592.00,105.00,232.00,0.842047,-1,-1,-1
335,20,678.00,281.00,57.00,128.00,0.428018,-1,-1,-1
335,21,1471.00,71.00,55.00,147.00,0.535846,-1,-1,-1
335,26,799.00,139.00,72.00,172.00,0.465281,-1,-1,-1
335,47,300.00,163.00,70.00,189.00,0.524017,-1,-1,-1
335,51,420.00,148.00,56.00,170.00,0.355661,-1,-1,-1
335,55,430.00,295.00,60.00,194.00,0.759903,-1,-1,-1
335,71,993.00,491.00,82.00,236.00,0.836181,-1,-1,-1
335,72,916.00,508.00,67.00,229.00,0.829149,-1,-1,-1
335,76,344.00,303.00,75.00,175.00,0.759713,-1,-1,-1
335,81,1674.00,28.00,52.00,167.00,0.709010,-1,-1,-1
335,110,1414.00,17.00,46.00,152.00,0.593336,-1,-1,-1
335,123,473.00,150.00,59.00,179.00,0.466767,-1,-1,-1
335,130,1578.00,12.00,43.00,129.00,0.674691,-1,-1,-1
335,131,1080.00,0.00,61.00,122.00,0.525946,-1,-1,-1
335,133,1497.00,9.00,63.00,128.00,0.511939,-1,-1,-1
335,135,1402.00,1016.00,71.00,63.00,0.785657,-1,-1,-1
336,5,1718.00,453.00,77.00,211.00,0.839678,-1,-1,-1
336,8,272.00,612.00,83.00,246.00,0.867188,-1,-1,-1
336,12,877.00,943.00,80.00,136.00,0.831879,-1,-1,-1
336,13,1569.00,592.00,105.00,231.00,0.843694,-1,-1,-1
336,20,679.00,281.00,56.00,127.00,0.438207,-1,-1,-1
336,21,1472.00,71.00,56.00,147.00,0.596681,-1,-1,-1
336,26,798.00,139.00,73.00,172.00,0.445244,-1,-1,-1
336,47,300.00,162.00,70.00,190.00,0.544825,-1,-1,-1
336,51,419.00,148.00,55.00,170.00,0.366896,-1,-1,-1
336,55,429.00,295.00,60.00,194.00,0.752908,-1,-1,-1
336,71,993.00,490.00,83.00,235.00,0.817257,-1,-1,-1
336,72,914.00,507.00,68.00,230.00,0.817890,-1,-1,-1
336,76,344.00,305.00,76.00,179.00,0.781504,-1,-1,-1
336,81,1675.00,29.00,52.00,170.00,0.717046,-1,-1,-1
336,110,1414.00,16.00,46.00,151.00,0.580597,-1,-1,-1
336,123,473.00,149.00,60.00,180.00,0.470489,-1,-1,-1
336,130,1578.00,13.00,44.00,130.00,0.648542,-1,-1,-1
336,131,1081.00,0.00,61.00,122.00,0.557185,-1,-1,-1
336,133,1499.00,7.00,63.00,128.00,0.470623,-1,-1,-1
336,135,1398.00,1013.00,74.00,66.00,0.812101,-1,-1,-1
337,5,1719.00,453.00,77.00,212.00,0.829625,-1,-1,-1
337,8,272.00,613.00,83.00,244.00,0.874340,-1,-1,-1
337,12,879.00,942.00,79.00,137.00,0.835441,-1,-1,-1
337,13,1569.00,590.00,105.00,233.00,0.859797,-1,-1,-1
337,20,678.00,281.00,57.00,128.00,0.481731,-1,-1,-1
337,21,1472.00,70.00,56.00,148.00,0.571082,-1,-1,-1
337,26,797.00,138.00,73.00,173.00,0.466803,-1,-1,-1
337,29,556.00,118.00,60.00,170.00,0.312664,-1,-1,-1
337,47,300.00,162.00,70.00,191.00,0.571803,-1,-1,-1
337,51,418.00,150.00,55.00,169.00,0.379314,-1,-1,-1
337,55,429.00,295.00,60.00,194.00,0.754777,-1,-1,-1
337,71,990.00,488.00,84.00,235.00,0.829389,-1,-1,-1
337,72,913.00,506.00,67.00,230.00,0.823092,-1,-1,-1
337,76,344.00,308.00,76.00,179.00,0.796124,-1,-1,-1
337,81,1675.00,31.00,52.00,171.00,0.709718,-1,-1,-1
337,110,1415.00,16.00,44.00,147.00,0.640864,-1,-1,-1
337,123,474.00,149.00,59.00,178.00,0.450566,-1,-1,-1
337,130,1578.00,15.00,44.00,129.00,0.703979,-1,-1,-1
337,131,1082.00,0.00,61.00,125.00,0.518675,-1,-1,-1
337,133,1498.00,5.00,64.00,131.00,0.475421,-1,-1,-1
337,135,1394.00,1010.00,79.00,69.00,0.767219,-1,-1,-1
338,5,1718.00,453.00,78.00,212.00,0.840053,-1,-1,-1
338,8,272.00,614.00,83.00,244.00,0.873297,-1,-1,-1
338,12,880.00,943.00,80.00,136.00,0.838604,-1,-1,-1
338,13,1569.00,590.00,106.00,233.00,0.853337,-1,-1,-1
338,20,678.00,282.00,57.00,127.00,0.480009,-1,-1,-1
338,21,1473.00,70.00,55.00,148.00,0.620102,-1,-1,-1
338,26,798.00,138.00,72.00,173.00,0.494848,-1,-1,-1
338,29,556.00,118.00,60.00,170.00,0.296233,-1,-1,-1
338,47,300.00,161.00,70.00,191.00,0.576497,-1,-1,-1
338,51,418.00,151.00,55.00,169.00,0.396908,-1,-1,-1
338,55,429.00,295.00,59.00,194.00,0.754543,-1,-1,-1
338,71,986.00,485.00,84.00,237.00,0.831447,-1,-1,-1
338,72,912.00,505.00,67.00,230.00,0.822609,-1,-1,-1
338,76,344.00,309.00,76.00,180.00,0.806250,-1,-1,-1
338,81,1676.00,34.00,52.00,169.00,0.731562,-1,-1,-1
338,110,1415.00,15.00,45.00,149.00,0.675546,-1,-1,-1
338,123,473.00,146.00,60.00,180.00,0.460616,-1,-1,-1
338,130,1579.00,16.00,44.00,129.00,0.685488,-1,-1,-1
338,131,1083.00,0.00,61.00,125.00,0.429855,-1,-1,-1
338,133,1500.00,3.00,64.00,132.00,0.466938,-1,-1,-1
338,135,1390.00,1005.00,84.00,74.00,0.770560,-1,-1,-1
339,5,1718.00,453.00,77.00,212.00,0.843521,-1,-1,-1
339,8,272.00,616.00,84.00,245.00,0.865700,-1,-1,-1
339,12,882.00,942.00,79.00,137.00,0.846991,-1,-1,-1
339,13,1569.00,591.00,105.00,232.00,0.845690,-1,-1,-1
339,20,678.00,282.00,57.00,127.00,0.476801,-1,-1,-1
339,21,1473.00,70.00,56.00,149.00,0.633704,-1,-1,-1
339,26,797.00,138.00,73.00,174.00,0.492703,-1,-1,-1
339,29,557.00,120.00,60.00,168.00,0.251584,-1,-1,-1
339,47,300.00,160.00,70.00,192.00,0.570799,-1,-1,-1
339,51,415.00,152.00,55.00,168.00,0.469907,-1,-1,-1
339,55,428.00,295.00,60.00,194.00,0.746603,-1,-1,-1
339,71,984.00,483.00,84.00,239.00,0.830633,-1,-1,-1
339,72,910.00,502.00,67.00,232.00,0.804042,-1,-1,-1
339,76,344.00,310.00,76.00,180.00,0.812220,-1,-1,-1
339,81,1677.00,35.00,51.00,169.00,0.706692,-1,-1,-1
339,110,1414.00,15.00,46.00,149.00,0.660981,-1,-1,-1
339,123,473.00,144.00,60.00,181.00,0.457714,-1,-1,-1
339,130,1579.00,16.00,44.00,128.00,0.687048,-1,-1,-1
339,131,1084.00,0.00,60.00,124.00,0.414238,-1,-1,-1
339,133,1501.00,2.00,64.00,132.00,0.526812,-1,-1,-1
339,135,1386.00,1002.00,88.00,77.00,0.802662,-1,-1,-1
340,5,1718.00,453.00,78.00,212.00,0.835844,-1,-1,-1
340,8,272.00,618.00,85.00,248.00,0.867405,-1,-1,-1
340,12,884.00,942.00,79.00,137.00,0.840285,-1,-1,-1
340,13,1569.00,591.00,105.00,233.00,0.832975,-1,-1,-1
340,20,678.00,282.00,57.00,127.00,0.481733,-1,-1,-1
340,21,1474.00,71.00,55.00,148.00,0.648018,-1,-1,-1
340,26,798.00,139.00,73.00,172.00,0.494406,-1,-1,-1
340,29,556.00,117.00,61.00,171.00,0.293851,-1,-1,-1
340,47,300.00,160.00,70.00,192.00,0.629444,-1,-1,-1
340,51,415.00,153.00,54.00,167.00,0.481062,-1,-1,-1
340,55,429.00,296.00,60.00,192.00,0.739614,-1,-1,-1
340,71,984.00,481.00,85.00,238.00,0.839078,-1,-1,-1
340,72,909.00,501.00,67.00,230.00,0.798352,-1,-1,-1
340,76,343.00,311.00,77.00,181.00,0.840296,-1,-1,-1
340,81,1678.00,36.00,51.00,169.00,0.690840,-1,-1,-1
340,110,1415.00,15.00,45.00,148.00,0.637411,-1,-1,-1
340,123,472.00,142.00,60.00,183.00,0.496301,-1,-1,-1
340,130,1579.00,17.00,45.00,128.00,0.653140,-1,-1,-1
340,131,1084.00,0.00,61.00,124.00,0.463788,-1,-1,-1
340,133,1502.00,1.00,63.00,134.00,0.446598,-1,-1,-1
340,135,1383.00,998.00,91.00,81.00,0.816742,-1,-1,-1
341,5,1719.00,453.00,78.00,212.00,0.828158,-1,-1,-1
341,8,272.00,619.00,86.00,253.00,0.866970,-1,-1,-1
341,12,886.00,942.00,79.00,137.00,0.825597,-1,-1,-1
341,13,1569.00,589.00,106.00,235.00,0.850086,-1,-1,-1
341,20,678.00,282.00,57.00,127.00,0.444618,-1,-1,-1
341,21,1475.00,71.00,54.00,148.00,0.634763,-1,-1,-1
341,26,798.00,139.00,72.00,172.00,0.490733,-1,-1,-1
341,29,556.00,117.00,61.00,171.00,0.279093,-1,-1,-1
341,47,300.00,160.00,70.00,192.00,0.599175,-1,-1,-1
341,51,414.00,153.00,55.00,169.00,0.442385,-1,-1,-1
341,55,430.00,296.00,60.00,195.00,0.728500,-1,-1,-1
341,71,983.00,478.00,84.00,235.00,0.822415,-1,-1,-1
341,72,908.00,499.00,65.00,224.00,0.795928,-1,-1,-1
341,76,343.00,312.00,76.00,181.00,0.804340,-1,-1,-1
341,81,1680.00,38.00,50.00,166.00,0.637236,-1,-1,-1
341,110,1415.00,15.00,46.00,148.00,0.617287,-1,-1,-1
341,123,472.00,141.00,61.00,185.00,0.516959,-1,-1,-1
341,130,1580.00,18.00,45.00,128.00,0.621160,-1,-1,-1
341,131,1085.00,0.00,60.00,125.00,0.494015,-1,-1,-1
341,133,1503.00,0.00,62.00,133.00,0.411505,-1,-1,-1
341,135,1380.00,994.00,95.00,84.00,0.848725,-1,-1,-1
342,5,1719.00,453.00,77.00,211.00,0.829431,-1,-1,-1
342,8,272.00,622.00,86.00,254.00,0.868972,-1,-1,-1
342,12,888.00,942.00,78.00,137.00,0.811151,-1,-1,-1
342,13,1569.00,589.00,106.00,235.00,0.850431,-1,-1,-1
342,20,678.00,282.00,57.00,127.00,0.467006,-1,-1,-1
342,21,1475.00,72.00,54.00,147.00,0.572402,-1,-1,-1
342,26,797.00,139.00,73.00,173.00,0.444210,-1,-1,-1
342,47,300.00,160.00,70.00,192.00,0.600934,-1,-1,-1
342,51,413.00,153.00,56.00,169.00,0.453128,-1,-1,-1
342,55,429.00,298.00,61.00,196.00,0.741600,-1,-1,-1
342,71,984.00,475.00,81.00,227.00,0.823809,-1,-1,-1
342,72,906.00,496.00,66.00,221.00,0.804309,-1,-1,-1
342,76,341.00,313.00,77.00,180.00,0.769529,-1,-1,-1
342,81,1681.00,39.00,49.00,167.00,0.638463,-1,-1,-1
342,110,1415.00,15.00,46.00,147.00,0.592536,-1,-1,-1
342,123,472.00,142.00,62.00,188.00,0.495184,-1,-1,-1
342,130,1581.00,18.00,46.00,128.00,0.651447,-1,-1,-1
342,131,1085.00,0.00,60.00,127.00,0.445577,-1,-1,-1
342,133,1504.00,0.00,61.00,134.00,0.446353,-1,-1,-1
342,135,1377.00,990.00,100.00,88.00,0.794297,-1,-1,-1
343,5,1719.00,453.00,77.00,211.00,0.830846,-1,-1,-1
343,8,273.00,625.00,86.00,251.00,0.869229,-1,-1,-1
343,12,890.00,941.00,79.00,138.00,0.800635,-1,-1,-1
343,13,1569.00,589.00,105.00,235.00,0.857831,-1,-1,-1
343,20,678.00,282.00,57.00,127.00,0.496338,-1,-1,-1
343,21,1475.00,72.00,55.00,149.00,0.580392,-1,-1,-1
343,26,797.00,138.00,74.00,174.00,0.435750,-1,-1,-1
343,47,300.00,160.00,70.00,192.00,0.607201,-1,-1,-1
343,51,412.00,154.00,55.00,168.00,0.489659,-1,-1,-1
343,55,430.00,298.00,61.00,201.00,0.730267,-1,-1,-1
343,71,984.00,473.00,81.00,226.00,0.830934,-1,-1,-1
343,72,905.00,493.00,65.00,218.00,0.801132,-1,-1,-1
343,76,339.00,313.00,77.00,179.00,0.748580,-1,-1,-1
343,81,1683.00,41.00,49.00,164.00,0.602073,-1,-1,-1
343,110,1415.00,15.00,46.00,147.00,0.578347,-1,-1,-1
343,123,473.00,142.00,60.00,181.00,0.407636,-1,-1,-1
343,130,1582.00,18.00,46.00,128.00,0.656217,-1,-1,-1
343,131,1084.00,0.00,62.00,130.00,0.506447,-1,-1,-1
343,133,1504.00,0.00,60.00,133.00,0.328490,-1,-1,-1
343,135,1375.00,986.00,103.00,92.00,0.802793,-1,-1,-1
344,5,1719.00,453.00,77.00,211.00,0.835812,-1,-1,-1
344,8,274.00,628.00,85.00,252.00,0.867762,-1,-1,-1
344,12,893.00,941.00,78.00,138.00,0.803249,-1,-1,-1
344,13,1569.00,590.00,105.00,233.00,0.863783,-1,-1,-1
344,20,678.00,282.00,57.00,127.00,0.484104,-1,-1,-1
344,21,1475.00,72.00,54.00,150.00,0.475529,-1,-1,-1
344,26,798.00,138.00,73.00,174.00,0.400999,-1,-1,-1
344,47,300.00,160.00,70.00,193.00,0.586996,-1,-1,-1
344,51,411.00,154.00,56.00,168.00,0.475547,-1,-1,-1
344,55,429.00,300.00,62.00,203.00,0.723098,-1,-1,-1
344,71,985.00,471.00,78.00,225.00,0.827435,-1,-1,-1
344,72,904.00,491.00,65.00,218.00,0.815868,-1,-1,-1
344,76,337.00,313.00,77.00,179.00,0.687343,-1,-1,-1
344,81,1684.00,42.00,48.00,163.00,0.643574,-1,-1,-1
344,110,1415.00,15.00,46.00,147.00,0.604330,-1,-1,-1
344,123,472.00,144.00,62.00,185.00,0.418103,-1,-1,-1
344,130,1583.00,18.00,46.00,128.00,0.639468,-1,-1,-1
344,131,1084.00,0.00,61.00,132.00,0.577344,-1,-1,-1
344,133,1503.00,0.00,60.00,134.00,0.381918,-1,-1,-1
344,135,1373.00,981.00,107.00,97.00,0.847658,-1,-1,-1
345,5,1719.00,452.00,77.00,212.00,0.828723,-1,-1,-1
345,8,274.00,631.00,86.00,252.00,0.869294,-1,-1,-1
345,12,894.00,941.00,79.00,138.00,0.811422,-1,-1,-1
345,13,1568.00,590.00,106.00,233.00,0.862430,-1,-1,-1
345,20,677.00,281.00,58.00,128.00,0.441420,-1,-1,-1
345,26,797.00,138.00,73.00,175.00,0.381905,-1,-1,-1
345,29,556.00,119.00,60.00,168.00,0.376223,-1,-1,-1
345,47,300.00,159.00,71.00,194.00,0.597953,-1,-1,-1
345,51,411.00,155.00,56.00,168.00,0.477734,-1,-1,-1
345,55,429.00,302.00,61.00,203.00,0.747935,-1,-1,-1
345,71,985.00,469.00,77.00,225.00,0.849583,-1,-1,-1
345,72,902.00,488.00,66.00,219.00,0.806568,-1,-1,-1
345,76,334.00,313.00,79.00,179.00,0.724436,-1,-1,-1
345,81,1686.00,47.00,46.00,158.00,0.608889,-1,-1,-1
345,110,1416.00,15.00,46.00,146.00,0.574577,-1,-1,-1
345,123,471.00,145.00,65.00,193.00,0.487671,-1,-1,-1
345,130,1583.00,19.00,47.00,128.00,0.637387,-1,-1,-1
345,131,1083.00,0.00,62.00,134.00,0.634085,-1,-1,-1
345,133,1501.00,0.00,59.00,133.00,0.279340,-1,-1,-1
345,135,1371.00,979.00,108.00,99.00,0.862174,-1,-1,-1
346,5,1719.00,453.00,77.00,212.00,0.822251,-1,-1,-1
346,8,275.00,633.00,86.00,251.00,0.871851,-1,-1,-1
346,12,896.00,941.00,78.00,138.00,0.826180,-1,-1,-1
346,13,1569.00,591.00,105.00,232.00,0.861612,-1,-1,-1
346,20,677.00,280.00,58.00,129.00,0.463777,-1,-1,-1
346,26,797.00,138.00,73.00,175.00,0.394581,-1,-1,-1
346,29,557.00,122.00,59.00,165.00,0.351374,-1,-1,-1
346,47,300.00,158.00,71.00,195.00,0.579089,-1,-1,-1
346,51,412.00,155.00,54.00,167.00,0.484239,-1,-1,-1
346,55,429.00,304.00,61.00,203.00,0.757960,-1,-1,-1
346,71,984.00,468.00,77.00,226.00,0.828701,-1,-1,-1
346,72,900.00,487.00,67.00,220.00,0.805905,-1,-1,-1
346,76,332.00,311.00,80.00,181.00,0.549945,-1,-1,-1
346,81,1686.00,44.00,48.00,162.00,0.610566,-1,-1,-1
346,110,1417.00,14.00,46.00,147.00,0.607569,-1,-1,-1
346,123,471.00,146.00,65.00,195.00,0.487813,-1,-1,-1
346,130,1582.00,19.00,48.00,128.00,0.684159,-1,-1,-1
346,131,1083.00,0.00,61.00,135.00,0.642485,-1,-1,-1
346,133,1499.00,0.00,60.00,134.00,0.303531,-1,-1,-1
346,135,1369.00,976.00,110.00,102.00,0.884199,-1,-1,-1
346,139,1757.00,682.00,75.00,226.00,0.546411,-1,-1,-1
347,5,1719.00,453.00,77.00,212.00,0.814366,-1,-1,-1
347,8,275.00,635.00,86.00,252.00,0.869133,-1,-1,-1
347,12,898.00,941.00,78.00,138.00,0.792993,-1,-1,-1
347,13,1568.00,590.00,106.00,233.00,0.861741,-1,-1,-1
347,20,677.00,280.00,58.00,129.00,0.516555,-1,-1,-1
347,26,797.00,138.00,72.00,174.00,0.457730,-1,-1,-1
347,29,557.00,123.00,59.00,164.00,0.367446,-1,-1,-1
347,47,300.00,158.00,71.00,195.00,0.574427,-1,-1,-1
347,51,411.00,156.00,54.00,166.00,0.476225,-1,-1,-1
347,55,429.00,306.00,61.00,202.00,0.778488,-1,-1,-1
347,71,984.00,467.00,76.00,227.00,0.813000,-1,-1,-1
347,72,899.00,485.00,67.00,222.00,0.800457,-1,-1,-1
347,76,342.00,312.00,77.00,180.00,0.636420,-1,-1,-1
347,81,1687.00,43.00,48.00,164.00,0.664572,-1,-1,-1
347,110,1417.00,13.00,47.00,148.00,0.649965,-1,-1,-1
347,123,470.00,146.00,66.00,196.00,0.501014,-1,-1,-1
347,130,1582.00,21.00,48.00,126.00,0.723451,-1,-1,-1
347,131,1084.00,0.00,61.00,138.00,0.586337,-1,-1,-1
347,133,1499.00,0.00,57.00,131.00,0.456174,-1,-1,-1
347,135,1367.00,973.00,111.00,105.00,0.856461,-1,-1,-1
347,139,1756.00,679.00,76.00,230.00,0.554905,-1,-1,-1
347,140,343.00,310.00,62.00,181.00,0.458898,-1,-1,-1
348,5,1719.00,453.00,77.00,211.00,0.824771,-1,-1,-1
348,8,276.00,636.00,86.00,252.00,0.873302,-1,-1,-1
348,12,899.00,940.00,78.00,139.00,0.786923,-1,-1,-1
348,13,1568.00,590.00,106.00,233.00,0.857761,-1,-1,-1
348,20,677.00,280.00,58.00,129.00,0.488560,-1,-1,-1
348,26,796.00,138.00,73.00,173.00,0.478848,-1,-1,-1
348,29,557.00,122.00,59.00,165.00,0.271464,-1,-1,-1
348,47,300.00,158.00,71.00,195.00,0.589396,-1,-1,-1
348,51,410.00,157.00,54.00,168.00,0.514554,-1,-1,-1
348,55,428.00,306.00,62.00,202.00,0.780342,-1,-1,-1
348,71,984.00,466.00,75.00,229.00,0.799419,-1,-1,-1
348,72,897.00,484.00,68.00,224.00,0.800046,-1,-1,-1
348,76,336.00,314.00,78.00,177.00,0.639512,-1,-1,-1
348,81,1687.00,44.00,48.00,163.00,0.696243,-1,-1,-1
348,110,1417.00,11.00,48.00,150.00,0.656251,-1,-1,-1
348,123,471.00,153.00,65.00,192.00,0.509069,-1,-1,-1
348,130,1582.00,22.00,48.00,124.00,0.739892,-1,-1,-1
348,131,1084.00,0.00,61.00,139.00,0.560757,-1,-1,-1
348,133,1498.00,0.00,58.00,131.00,0.346881,-1,-1,-1
348,135,1365.00,972.00,111.00,106.00,0.866985,-1,-1,-1
348,139,1757.00,679.00,76.00,229.00,0.623027,-1,-1,-1
349,5,1719.00,453.00,77.00,211.00,0.823507,-1,-1,-1
349,8,277.00,637.00,86.00,251.00,0.873168,-1,-1,-1
349,12,901.00,940.00,78.00,139.00,0.805338,-1,-1,-1
349,13,1567.00,591.00,106.00,232.00,0.868191,-1,-1,-1
349,20,677.00,280.00,58.00,129.00,0.498753,-1,-1,-1
349,26,796.00,139.00,72.00,173.00,0.470961,-1,-1,-1
349,29,557.00,121.00,59.00,166.00,0.277658,-1,-1,-1
349,47,300.00,157.00,72.00,196.00,0.598387,-1,-1,-1
349,51,409.00,157.00,55.00,168.00,0.546041,-1,-1,-1
349,55,428.00,306.00,62.00,202.00,0.780818,-1,-1,-1
349,71,983.00,466.00,75.00,229.00,0.802205,-1,-1,-1
349,72,896.00,483.00,68.00,226.00,0.808421,-1,-1,-1
349,76,335.00,316.00,77.00,176.00,0.638947,-1,-1,-1
349,81,1688.00,45.00,48.00,163.00,0.684244,-1,-1,-1
349,110,1419.00,10.00,48.00,150.00,0.689690,-1,-1,-1
349,123,471.00,156.00,65.00,192.00,0.515304,-1,-1,-1
349,130,1581.00,24.00,49.00,122.00,0.740340,-1,-1,-1
349,131,1084.00,0.00,62.00,141.00,0.599208,-1,-1,-1
349,133,1498.00,1.00,56.00,128.00,0.472442,-1,-1,-1
349,135,1364.00,970.00,111.00,108.00,0.874325,-1,-1,-1
349,139,1757.00,680.00,77.00,230.00,0.658718,-1,-1,-1
350,5,1719.00,453.00,77.00,211.00,0.823579,-1,-1,-1
350,8,278.00,638.00,86.00,251.00,0.878162,-1,-1,-1
350,12,902.00,940.00,78.00,139.00,0.818870,-1,-1,-1
350,13,1567.00,592.00,106.00,231.00,0.859578,-1,-1,-1
350,20,677.00,281.00,58.00,128.00,0.481636,-1,-1,-1
350,26,796.00,139.00,72.00,172.00,0.448635,-1,-1,-1
350,29,557.00,124.00,59.00,163.00,0.283337,-1,-1,-1
350,47,300.00,156.00,71.00,197.00,0.569298,-1,-1,-1
350,51,409.00,158.00,54.00,168.00,0.552935,-1,-1,-1
350,55,428.00,306.00,62.00,202.00,0.777387,-1,-1,-1
350,71,983.00,465.00,74.00,230.00,0.775604,-1,-1,-1
350,72,895.00,483.00,69.00,226.00,0.802386,-1,-1,-1
350,76,338.00,317.00,77.00,177.00,0.640157,-1,-1,-1
350,81,1689.00,45.00,49.00,165.00,0.703585,-1,-1,-1
350,110,1420.00,9.00,47.00,149.00,0.695651,-1,-1,-1
350,123,473.00,162.00,63.00,187.00,0.532504,-1,-1,-1
350,130,1581.00,26.00,48.00,119.00,0.717979,-1,-1,-1
350,131,1083.00,0.00,62.00,144.00,0.615060,-1,-1,-1
350,133,1498.00,1.00,55.00,123.00,0.545852,-1,-1,-1
350,135,1361.00,969.00,112.00,110.00,0.861044,-1,-1,-1
350,139,1757.00,681.00,77.00,230.00,0.624084,-1,-1,-1
351,5,1720.00,454.00,77.00,210.00,0.823710,-1,-1,-1
351,8,279.00,638.00,85.00,251.00,0.875101,-1,-1,-1
351,12,904.00,939.00,77.00,139.00,0.814772,-1,-1,-1
351,13,1567.00,591.00,107.00,232.00,0.867821,-1,-1,-1
351,20,677.00,281.00,57.00,128.00,0.517887,-1,-1,-1
351,26,796.00,138.00,72.00,173.00,0.470284,-1,-1,-1
351,29,557.00,124.00,59.00,163.00,0.339511,-1,-1,-1
351,47,300.00,156.00,72.00,197.00,0.595757,-1,-1,-1
351,51,409.00,160.00,54.00,166.00,0.549405,-1,-1,-1
351,55,428.00,307.00,62.00,200.00,0.795317,-1,-1,-1
351,71,982.00,465.00,73.00,230.00,0.793158,-1,-1,-1
351,72,894.00,482.00,69.00,227.00,0.808509,-1,-1,-1
351,76,334.00,318.00,78.00,178.00,0.703441,-1,-1,-1
351,81,1690.00,45.00,50.00,169.00,0.718609,-1,-1,-1
351,110,1421.00,8.00,47.00,147.00,0.714913,-1,-1,-1
351,123,471.00,160.00,65.00,191.00,0.458999,-1,-1,-1
351,130,1581.00,28.00,49.00,117.00,0.727997,-1,-1,-1
351,131,1083.00,0.00,63.00,145.00,0.624280,-1,-1,-1
351,133,1498.00,1.00,55.00,122.00,0.507024,-1,-1,-1
351,135,1360.00,967.00,112.00,112.00,0.871715,-1,-1,-1
351,139,1756.00,681.00,79.00,235.00,0.608591,-1,-1,-1
352,5,1720.00,453.00,76.00,211.00,0.821446,-1,-1,-1
352,8,281.00,639.00,85.00,250.00,0.876809,-1,-1,-1
352,12,905.00,940.00,77.00,139.00,0.797285,-1,-1,-1
352,13,1567.00,591.00,107.00,232.00,0.859096,-1,-1,-1
352,20,677.00,281.00,58.00,128.00,0.483192,-1,-1,-1
352,26,796.00,138.00,72.00,174.00,0.468548,-1,-1,-1
352,29,557.00,124.00,59.00,164.00,0.373310,-1,-1,-1
352,47,300.00,156.00,71.00,197.00,0.580892,-1,-1,-1
352,51,408.00,161.00,54.00,167.00,0.563849,-1,-1,-1
352,55,427.00,307.00,63.00,201.00,0.797853,-1,-1,-1
352,71,982.00,464.00,72.00,231.00,0.799789,-1,-1,-1
352,72,894.00,481.00,68.00,227.00,0.805636,-1,-1,-1
352,76,332.00,320.00,80.00,182.00,0.673714,-1,-1,-1
352,81,1691.00,44.00,51.00,174.00,0.694686,-1,-1,-1
352,110,1420.00,7.00,48.00,148.00,0.709989,-1,-1,-1
352,123,470.00,157.00,66.00,195.00,0.496864,-1,-1,-1
352,130,1581.00,29.00,49.00,116.00,0.727657,-1,-1,-1
352,131,1083.00,0.00,64.00,147.00,0.676104,-1,-1,-1
352,133,1498.00,0.00,54.00,124.00,0.411930,-1,-1,-1
352,135,1358.00,965.00,113.00,114.00,0.867031,-1,-1,-1
352,139,1757.00,682.00,77.00,232.00,0.625865,-1,-1,-1
353,5,1720.00,453.00,77.00,211.00,0.813668,-1,-1,-1
353,8,283.00,641.00,84.00,249.00,0.875279,-1,-1,-1
353,12,906.00,939.00,77.00,139.00,0.797416,-1,-1,-1
353,13,1567.00,592.00,107.00,232.00,0.853672,-1,-1,-1
353,20,677.00,280.00,58.00,129.00,0.488715,-1,-1,-1
353,26,796.00,138.00,72.00,173.00,0.461091,-1,-1,-1
353,29,556.00,122.00,60.00,166.00,0.355638,-1,-1,-1
353,47,300.00,157.00,71.00,196.00,0.615442,-1,-1,-1
353,51,408.00,164.00,53.00,165.00,0.536791,-1,-1,-1
353,55,427.00,307.00,62.00,201.00,0.793783,-1,-1,-1
353,71,981.00,463.00,71.00,231.00,0.799101,-1,-1,-1
353,72,893.00,481.00,68.00,225.00,0.816872,-1,-1,-1
353,76,332.00,322.00,80.00,183.00,0.710568,-1,-1,-1
353,81,1691.00,43.00,52.00,177.00,0.680264,-1,-1,-1
353,110,1419.00,7.00,49.00,148.00,0.686305,-1,-1,-1
353,123,468.00,155.00,67.00,196.00,0.455784,-1,-1,-1
353,130,1580.00,31.00,50.00,114.00,0.704318,-1,-1,-1
353,131,1083.00,0.00,64.00,148.00,0.639143,-1,-1,-1
353,133,1497.00,0.00,55.00,125.00,0.407679,-1,-1,-1
353,135,1357.00,963.00,113.00,116.00,0.888363,-1,-1,-1
353,139,1756.00,681.00,78.00,233.00,0.664667,-1,-1,-1
354,5,1720.00,453.00,78.00,212.00,0.819065,-1,-1,-1
354,8,285.00,641.00,84.00,249.00,0.872926,-1,-1,-1
354,12,906.00,939.00,78.00,140.00,0.796088,-1,-1,-1
354,13,1568.00,591.00,106.00,233.00,0.854344,-1,-1,-1
354,20,677.00,280.00,58.00,129.00,0.502956,-1,-1,-1
354,21,1474.00,76.00,55.00,156.00,0.292243,-1,-1,-1
354,26,796.00,138.00,71.00,174.00,0.431756,-1,-1,-1
354,47,300.00,157.00,71.00,196.00,0.607706,-1,-1,-1
354,51,408.00,166.00,52.00,164.00,0.489858,-1,-1,-1
354,55,426.00,307.00,63.00,201.00,0.790759,-1,-1,-1
354,71,981.00,462.00,71.00,230.00,0.811051,-1,-1,-1
354,72,892.00,478.00,68.00,227.00,0.805245,-1,-1,-1
354,76,332.00,324.00,81.00,185.00,0.757336,-1,-1,-1
354,81,1692.00,42.00,53.00,180.00,0.652704,-1,-1,-1
354,110,1420.00,7.00,49.00,148.00,0.676997,-1,-1,-1
354,123,467.00,153.00,68.00,198.00,0.490129,-1,-1,-1
354,130,1580.00,32.00,51.00,114.00,0.682011,-1,-1,-1
354,131,1083.00,0.00,64.00,151.00,0.628888,-1,-1,-1
354,133,1496.00,0.00,56.00,126.00,0.329752,-1,-1,-1
354,135,1355.00,959.00,115.00,120.00,0.885355,-1,-1,-1
354,139,1755.00,679.00,79.00,235.00,0.684960,-1,-1,-1
355,5,1720.00,453.00,78.00,212.00,0.815001,-1,-1,-1
355,8,286.00,643.00,84.00,247.00,0.871768,-1,-1,-1
355,12,907.00,938.00,78.00,141.00,0.811456,-1,-1,-1
355,13,1567.00,591.00,107.00,232.00,0.850814,-1,-1,-1
355,20,677.00,280.00,58.00,129.00,0.491297,-1,-1,-1
355,21,1475.00,77.00,54.00,155.00,0.348871,-1,-1,-1
355,26,796.00,138.00,71.00,173.00,0.452389,-1,-1,-1
355,47,301.00,158.00,70.00,195.00,0.590192,-1,-1,-1
355,51,408.00,167.00,52.00,165.00,0.491335,-1,-1,-1
355,55,426.00,309.00,62.00,199.00,0.788954,-1,-1,-1
355,71,980.00,460.00,69.00,231.00,0.800195,-1,-1,-1
355,72,892.00,477.00,68.00,227.00,0.801489,-1,-1,-1
355,76,331.00,327.00,81.00,185.00,0.772243,-1,-1,-1
355,81,1693.00,42.00,54.00,181.00,0.623636,-1,-1,-1
355,110,1421.00,6.00,49.00,150.00,0.668593,-1,-1,-1
355,123,466.00,153.00,68.00,198.00,0.489562,-1,-1,-1
355,130,1580.00,32.00,52.00,115.00,0.670224,-1,-1,-1
355,131,1084.00,0.00,65.00,153.00,0.602577,-1,-1,-1
355,133,1496.00,0.00,55.00,125.00,0.378835,-1,-1,-1
355,135,1353.00,956.00,117.00,123.00,0.883587,-1,-1,-1
355,139,1755.00,680.00,78.00,232.00,0.713404,-1,-1,-1
356,5,1721.00,454.00,77.00,211.00,0.808751,-1,-1,-1
356,8,287.00,643.00,84.00,248.00,0.867887,-1,-1,-1
356,12,907.00,937.00,79.00,142.00,0.763460,-1,-1,-1
356,13,1568.00,592.00,107.00,232.00,0.849808,-1,-1,-1
356,20,677.00,280.00,58.00,128.00,0.447383,-1,-1,-1
356,21,1476.00,80.00,53.00,152.00,0.256867,-1,-1,-1
356,26,796.00,139.00,70.00,173.00,0.462203,-1,-1,-1
356,29,555.00,112.00,63.00,177.00,0.260070,-1,-1,-1
356,47,301.00,159.00,70.00,194.00,0.577797,-1,-1,-1
356,51,408.00,170.00,51.00,164.00,0.486759,-1,-1,-1
356,55,426.00,312.00,61.00,196.00,0.760495,-1,-1,-1
356,71,978.00,457.00,70.00,231.00,0.806296,-1,-1,-1
356,72,891.00,475.00,68.00,228.00,0.794948,-1,-1,-1
356,76,329.00,327.00,81.00,186.00,0.757699,-1,-1,-1
356,81,1695.00,44.00,53.00,180.00,0.648834,-1,-1,-1
356,110,1420.00,5.00,50.00,151.00,0.671786,-1,-1,-1
356,123,468.00,154.00,68.00,197.00,0.571584,-1,-1,-1
356,130,1580.00,32.00,53.00,117.00,0.725553,-1,-1,-1
356,131,1085.00,0.00,65.00,153.00,0.630687,-1,-1,-1
356,133,1495.00,0.00,56.00,127.00,0.439143,-1,-1,-1
356,135,1351.00,953.00,119.00,126.00,0.892123,-1,-1,-1
356,139,1754.00,678.00,79.00,235.00,0.655514,-1,-1,-1
357,5,1721.00,455.00,77.00,210.00,0.811610,-1,-1,-1
357,8,288.00,645.00,84.00,245.00,0.875093,-1,-1,-1
357,12,908.00,937.00,79.00,142.00,0.761008,-1,-1,-1
357,13,1568.00,591.00,107.00,233.00,0.861149,-1,-1,-1
357,20,677.00,280.00,58.00,129.00,0.457534,-1,-1,-1
357,21,1477.00,81.00,52.00,151.00,0.349061,-1,-1,-1
357,26,795.00,139.00,70.00,172.00,0.441684,-1,-1,-1
357,47,300.00,159.00,71.00,194.00,0.597392,-1,-1,-1
357,51,406.00,172.00,52.00,166.00,0.458169,-1,-1,-1
357,55,426.00,313.00,61.00,194.00,0.750890,-1,-1,-1
357,71,978.00,454.00,67.00,223.00,0.811965,-1,-1,-1
357,72,891.00,472.00,67.00,222.00,0.774889,-1,-1,-1
357,76,329.00,330.00,80.00,184.00,0.769300,-1,-1,-1
357,81,1696.00,45.00,53.00,177.00,0.572731,-1,-1,-1
357,110,1420.00,4.00,50.00,152.00,0.655941,-1,-1,-1
357,123,468.00,155.00,68.00,195.00,0.593381,-1,-1,-1
357,130,1580.00,33.00,54.00,117.00,0.670607,-1,-1,-1
357,131,1087.00,0.00,65.00,154.00,0.625438,-1,-1,-1
357,133,1494.00,0.00,55.00,123.00,0.351538,-1,-1,-1
357,135,1350.00,948.00,120.00,131.00,0.898068,-1,-1,-1
357,139,1755.00,679.00,78.00,233.00,0.716413,-1,-1,-1
358,5,1721.00,455.00,77.00,211.00,0.811532,-1,-1,-1
358,8,289.00,647.00,83.00,244.00,0.877295,-1,-1,-1
358,12,908.00,937.00,80.00,142.00,0.764226,-1,-1,-1
358,13,1567.00,590.00,107.00,233.00,0.865721,-1,-1,-1
358,20,677.00,280.00,58.00,129.00,0.480385,-1,-1,-1
358,21,1479.00,82.00,51.00,150.00,0.373665,-1,-1,-1
358,26,795.00,139.00,70.00,173.00,0.470604,-1,-1,-1
358,47,301.00,160.00,71.00,193.00,0.572946,-1,-1,-1
358,51,404.00,173.00,52.00,166.00,0.481805,-1,-1,-1
358,55,425.00,314.00,61.00,195.00,0.767745,-1,-1,-1
358,71,977.00,451.00,66.00,221.00,0.813047,-1,-1,-1
358,72,891.00,470.00,66.00,220.00,0.786205,-1,-1,-1
358,76,330.00,333.00,79.00,182.00,0.796344,-1,-1,-1
358,81,1697.00,49.00,53.00,174.00,0.567697,-1,-1,-1
358,110,1420.00,3.00,51.00,153.00,0.643409,-1,-1,-1
358,123,467.00,156.00,69.00,194.00,0.601355,-1,-1,-1
358,130,1580.00,33.00,55.00,118.00,0.636850,-1,-1,-1
358,131,1088.00,0.00,66.00,156.00,0.643693,-1,-1,-1
358,133,1494.00,0.00,55.00,121.00,0.406662,-1,-1,-1
358,135,1347.00,944.00,120.00,135.00,0.898727,-1,-1,-1
358,139,1755.00,681.00,78.00,231.00,0.750861,-1,-1,-1
359,5,1722.00,455.00,76.00,210.00,0.811058,-1,-1,-1
359,8,289.00,648.00,84.00,245.00,0.874870,-1,-1,-1
359,12,909.00,937.00,79.00,142.00,0.777826,-1,-1,-1
359,13,1568.00,591.00,107.00,232.00,0.852056,-1,-1,-1
359,20,677.00,281.00,58.00,128.00,0.463592,-1,-1,-1
359,21,1480.00,84.00,50.00,149.00,0.424510,-1,-1,-1
359,26,796.00,139.00,69.00,173.00,0.419152,-1,-1,-1
359,47,301.00,159.00,71.00,194.00,0.555016,-1,-1,-1
359,51,402.00,173.00,52.00,168.00,0.447963,-1,-1,-1
359,55,424.00,314.00,63.00,200.00,0.749426,-1,-1,-1
359,71,976.00,449.00,66.00,220.00,0.799279,-1,-1,-1
359,72,891.00,467.00,65.00,217.00,0.789712,-1,-1,-1
359,76,330.00,333.00,79.00,182.00,0.817570,-1,-1,-1
359,81,1698.00,46.00,54.00,177.00,0.591399,-1,-1,-1
359,110,1421.00,3.00,51.00,153.00,0.621387,-1,-1,-1
359,123,466.00,157.00,70.00,195.00,0.591690,-1,-1,-1
359,130,1580.00,34.00,55.00,119.00,0.631483,-1,-1,-1
359,131,1089.00,0.00,66.00,157.00,0.605982,-1,-1,-1
359,133,1493.00,0.00,55.00,119.00,0.299626,-1,-1,-1
359,135,1344.00,939.00,122.00,140.00,0.856642,-1,-1,-1
359,139,1755.00,681.00,77.00,230.00,0.733329,-1,-1,-1
360,5,1722.00,453.00,77.00,212.00,0.802171,-1,-1,-1
360,8,288.00,651.00,85.00,246.00,0.867921,-1,-1,-1
360,12,909.00,936.00,79.00,143.00,0.756822,-1,-1,-1
360,13,1568.00,591.00,108.00,233.00,0.864183,-1,-1,-1
360,20,677.00,281.00,58.00,128.00,0.424524,-1,-1,-1
360,21,1480.00,84.00,50.00,149.00,0.425637,-1,-1,-1
360,26,796.00,139.00,69.00,173.00,0.417313,-1,-1,-1
360,47,301.00,158.00,71.00,195.00,0.549823,-1,-1,-1
360,51,401.00,172.00,53.00,172.00,0.472625,-1,-1,-1
360,55,424.00,317.00,62.00,200.00,0.749829,-1,-1,-1
360,71,974.00,447.00,66.00,221.00,0.797635,-1,-1,-1
360,72,889.00,465.00,66.00,220.00,0.781805,-1,-1,-1
360,76,330.00,335.00,79.00,180.00,0.832080,-1,-1,-1
360,81,1699.00,50.00,53.00,174.00,0.611165,-1,-1,-1
360,110,1421.00,3.00,51.00,153.00,0.625021,-1,-1,-1
360,123,467.00,161.00,69.00,192.00,0.533539,-1,-1,-1
360,130,1581.00,33.00,57.00,123.00,0.603575,-1,-1,-1
360,131,1091.00,0.00,64.00,157.00,0.599082,-1,-1,-1
360,133,1494.00,0.00,54.00,118.00,0.304397,-1,-1,-1
360,135,1341.00,934.00,123.00,145.00,0.848596,-1,-1,-1
360,139,1755.00,680.00,77.00,231.00,0.723220,-1,-1,-1
361,5,1722.00,453.00,77.00,212.00,0.800846,-1,-1,-1
361,8,288.00,652.00,85.00,251.00,0.852419,-1,-1,-1
361,12,910.00,936.00,79.00,143.00,0.756761,-1,-1,-1
361,13,1568.00,592.00,107.00,232.00,0.857769,-1,-1,-1
361,20,677.00,281.00,58.00,128.00,0.435796,-1,-1,-1
361,21,1480.00,85.00,50.00,149.00,0.388287,-1,-1,-1
361,26,797.00,139.00,68.00,173.00,0.362156,-1,-1,-1
361,47,302.00,159.00,70.00,194.00,0.555888,-1,-1,-1
361,51,401.00,173.00,53.00,173.00,0.467496,-1,-1,-1
361,55,424.00,320.00,63.00,201.00,0.774497,-1,-1,-1
361,71,972.00,446.00,67.00,222.00,0.794643,-1,-1,-1
361,72,889.00,463.00,66.00,219.00,0.784569,-1,-1,-1
361,76,330.00,336.00,79.00,179.00,0.814124,-1,-1,-1
361,81,1700.00,50.00,53.00,174.00,0.659738,-1,-1,-1
361,110,1423.00,3.00,51.00,153.00,0.620350,-1,-1,-1
361,123,468.00,168.00,68.00,188.00,0.486319,-1,-1,-1
361,130,1582.00,34.00,57.00,127.00,0.584547,-1,-1,-1
361,131,1093.00,1.00,64.00,155.00,0.497365,-1,-1,-1
361,133,1493.00,0.00,56.00,120.00,0.254146,-1,-1,-1
361,135,1340.00,931.00,122.00,148.00,0.866175,-1,-1,-1
361,139,1754.00,680.00,77.00,231.00,0.717262,-1,-1,-1
362,5,1722.00,454.00,76.00,210.00,0.809732,-1,-1,-1
362,8,288.00,655.00,85.00,250.00,0.855633,-1,-1,-1
362,12,910.00,936.00,79.00,143.00,0.758293,-1,-1,-1
362,13,1568.00,592.00,107.00,232.00,0.860438,-1,-1,-1
362,20,677.00,281.00,57.00,128.00,0.461143,-1,-1,-1
362,21,1480.00,84.00,51.00,151.00,0.378397,-1,-1,-1
362,26,797.00,139.00,68.00,173.00,0.408248,-1,-1,-1
362,29,555.00,112.00,63.00,177.00,0.308907,-1,-1,-1
362,47,301.00,159.00,71.00,194.00,0.554093,-1,-1,-1
362,51,400.00,174.00,53.00,172.00,0.461424,-1,-1,-1
362,55,424.00,321.00,63.00,203.00,0.784472,-1,-1,-1
362,71,971.00,444.00,69.00,224.00,0.779409,-1,-1,-1
362,72,888.00,461.00,66.00,219.00,0.786030,-1,-1,-1
362,76,330.00,337.00,79.00,178.00,0.823406,-1,-1,-1
362,81,1700.00,51.00,53.00,173.00,0.661777,-1,-1,-1
362,110,1425.00,4.00,50.00,152.00,0.644861,-1,-1,-1
362,123,470.00,172.00,68.00,187.00,0.543022,-1,-1,-1
362,130,1582.00,35.00,59.00,130.00,0.598691,-1,-1,-1
362,131,1096.00,1.00,62.00,156.00,0.531396,-1,-1,-1
362,133,1492.00,0.00,58.00,123.00,0.316509,-1,-1,-1
362,135,1339.00,929.00,122.00,150.00,0.872322,-1,-1,-1
362,139,1754.00,680.00,77.00,231.00,0.755970,-1,-1,-1
363,5,1722.00,453.00,76.00,212.00,0.808032,-1,-1,-1
363,8,289.00,657.00,84.00,249.00,0.856240,-1,-1,-1
363,12,910.00,936.00,79.00,143.00,0.742805,-1,-1,-1
363,13,1568.00,591.00,107.00,233.00,0.858079,-1,-1,-1
363,20,677.00,281.00,58.00,128.00,0.430462,-1,-1,-1
363,21,1481.00,85.00,51.00,151.00,0.378177,-1,-1,-1
363,26,797.00,138.00,68.00,173.00,0.422422,-1,-1,-1
363,47,301.00,158.00,70.00,195.00,0.522146,-1,-1,-1
363,51,401.00,174.00,51.00,169.00,0.393718,-1,-1,-1
363,55,423.00,322.00,64.00,204.00,0.764244,-1,-1,-1
363,71,971.00,442.00,70.00,227.00,0.792687,-1,-1,-1
363,72,888.00,460.00,66.00,218.00,0.789267,-1,-1,-1
363,76,330.00,337.00,79.00,178.00,0.799932,-1,-1,-1
363,81,1700.00,56.00,53.00,169.00,0.677016,-1,-1,-1
363,110,1425.00,4.00,50.00,152.00,0.633781,-1,-1,-1
363,123,470.00,175.00,67.00,185.00,0.490153,-1,-1,-1
363,130,1582.00,36.00,61.00,139.00,0.678806,-1,-1,-1
363,131,1098.00,2.00,62.00,157.00,0.580403,-1,-1,-1
363,133,1492.00,0.00,60.00,126.00,0.336266,-1,-1,-1
363,135,1337.00,926.00,122.00,153.00,0.860224,-1,-1,-1
363,139,1754.00,680.00,77.00,231.00,0.740993,-1,-1,-1
364,5,1722.00,453.00,76.00,212.00,0.804572,-1,-1,-1
364,8,290.00,659.00,83.00,250.00,0.847318,-1,-1,-1
364,12,911.00,936.00,79.00,143.00,0.749978,-1,-1,-1
364,13,1567.00,592.00,108.00,232.00,0.868176,-1,-1,-1
364,20,677.00,281.00,58.00,128.00,0.370458,-1,-1,-1
364,21,1482.00,86.00,51.00,151.00,0.390468,-1,-1,-1
364,26,796.00,138.00,68.00,173.00,0.373148,-1,-1,-1
364,47,302.00,159.00,70.00,194.00,0.542025,-1,-1,-1
364,51,402.00,174.00,49.00,165.00,0.368017,-1,-1,-1
364,55,422.00,324.00,64.00,205.00,0.769894,-1,-1,-1
364,71,970.00,441.00,71.00,228.00,0.779530,-1,-1,-1
364,72,887.00,459.00,66.00,218.00,0.782054,-1,-1,-1
364,76,331.00,337.00,79.00,177.00,0.786873,-1,-1,-1
364,81,1702.00,57.00,52.00,170.00,0.561538,-1,-1,-1
364,110,1425.00,3.00,50.00,154.00,0.613261,-1,-1,-1
364,123,471.00,177.00,67.00,184.00,0.545739,-1,-1,-1
364,130,1582.00,38.00,62.00,143.00,0.654420,-1,-1,-1
364,131,1100.00,4.00,62.00,157.00,0.641385,-1,-1,-1
364,133,1492.00,0.00,60.00,125.00,0.356048,-1,-1,-1
364,135,1336.00,925.00,120.00,154.00,0.864007,-1,-1,-1
364,139,1753.00,680.00,77.00,231.00,0.727940,-1,-1,-1
365,5,1722.00,453.00,76.00,211.00,0.807203,-1,-1,-1
365,8,291.00,662.00,84.00,253.00,0.850251,-1,-1,-1
365,12,912.00,937.00,78.00,142.00,0.742412,-1,-1,-1
365,13,1568.00,592.00,107.00,232.00,0.859043,-1,-1,-1
365,20,678.00,282.00,57.00,127.00,0.464744,-1,-1,-1
365,21,1482.00,87.00,51.00,151.00,0.320408,-1,-1,-1
365,26,797.00,138.00,67.00,173.00,0.382837,-1,-1,-1
365,29,557.00,118.00,60.00,170.00,0.289482,-1,-1,-1
365,47,303.00,159.00,70.00,194.00,0.557987,-1,-1,-1
365,51,401.00,175.00,49.00,161.00,0.349142,-1,-1,-1
365,55,421.00,325.00,64.00,204.00,0.770307,-1,-1,-1
365,71,968.00,440.00,73.00,229.00,0.786001,-1,-1,-1
365,72,887.00,458.00,65.00,217.00,0.785270,-1,-1,-1
365,76,331.00,337.00,78.00,177.00,0.724550,-1,-1,-1
365,81,1703.00,63.00,52.00,166.00,0.549819,-1,-1,-1
365,110,1426.00,3.00,49.00,153.00,0.655944,-1,-1,-1
365,123,472.00,179.00,67.00,184.00,0.541253,-1,-1,-1
365,130,1582.00,40.00,64.00,150.00,0.686889,-1,-1,-1
365,131,1102.00,7.00,60.00,155.00,0.622309,-1,-1,-1
365,133,1492.00,0.00,61.00,125.00,0.447275,-1,-1,-1
365,135,1334.00,922.00,120.00,157.00,0.869355,-1,-1,-1
365,139,1753.00,680.00,77.00,231.00,0.726317,-1,-1,-1
365,142,1848.00,643.00,46.00,98.00,0.339525,-1,-1,-1
366,5,1722.00,453.00,76.00,212.00,0.813133,-1,-1,-1
366,8,292.00,664.00,84.00,255.00,0.857058,-1,-1,-1
366,12,912.00,937.00,78.00,142.00,0.759260,-1,-1,-1
366,13,1568.00,593.00,107.00,231.00,0.857970,-1,-1,-1
366,20,677.00,282.00,58.00,127.00,0.443620,-1,-1,-1
366,26,796.00,138.00,68.00,173.00,0.390159,-1,-1,-1
366,29,556.00,114.00,62.00,174.00,0.258266,-1,-1,-1
366,47,302.00,159.00,70.00,194.00,0.530300,-1,-1,-1
366,51,400.00,175.00,49.00,164.00,0.387556,-1,-1,-1
366,55,420.00,327.00,64.00,202.00,0.744023,-1,-1,-1
366,71,968.00,440.00,74.00,230.00,0.798501,-1,-1,-1
366,72,886.00,457.00,66.00,220.00,0.773223,-1,-1,-1
366,76,332.00,340.00,76.00,175.00,0.729196,-1,-1,-1
366,81,1704.00,65.00,53.00,168.00,0.706968,-1,-1,-1
366,110,1426.00,2.00,50.00,153.00,0.663612,-1,-1,-1
366,123,471.00,180.00,69.00,187.00,0.523364,-1,-1,-1
366,130,1584.00,43.00,62.00,149.00,0.681480,-1,-1,-1
366,131,1104.00,9.00,60.00,155.00,0.726648,-1,-1,-1
366,133,1492.00,0.00,61.00,126.00,0.526623,-1,-1,-1
366,135,1333.00,921.00,119.00,158.00,0.870505,-1,-1,-1
366,139,1753.00,680.00,77.00,230.00,0.732439,-1,-1,-1
366,142,1848.00,646.00,44.00,93.00,0.278165,-1,-1,-1
367,5,1722.00,454.00,76.00,211.00,0.806661,-1,-1,-1
367,8,294.00,665.00,84.00,256.00,0.859071,-1,-1,-1
367,12,913.00,937.00,77.00,142.00,0.732897,-1,-1,-1
367,13,1569.00,592.00,107.00,232.00,0.848338,-1,-1,-1
367,20,678.00,281.00,57.00,127.00,0.469218,-1,-1,-1
367,26,796.00,138.00,68.00,173.00,0.365331,-1,-1,-1
367,47,302.00,161.00,70.00,192.00,0.538548,-1,-1,-1
367,51,401.00,177.00,50.00,165.00,0.397722,-1,-1,-1
367,55,420.00,328.00,63.00,202.00,0.748536,-1,-1,-1
367,71,968.00,440.00,75.00,229.00,0.795339,-1,-1,-1
367,72,884.00,456.00,66.00,221.00,0.789507,-1,-1,-1
367,76,334.00,342.00,74.00,174.00,0.769248,-1,-1,-1
367,81,1705.00,68.00,53.00,169.00,0.725577,-1,-1,-1
367,110,1426.00,1.00,50.00,154.00,0.681000,-1,-1,-1
367,123,471.00,180.00,69.00,188.00,0.571664,-1,-1,-1
367,130,1584.00,44.00,62.00,149.00,0.643639,-1,-1,-1
367,131,1105.00,10.00,60.00,156.00,0.720185,-1,-1,-1
367,133,1492.00,0.00,62.00,126.00,0.436933,-1,-1,-1
367,135,1331.00,920.00,119.00,159.00,0.865019,-1,-1,-1
367,139,1752.00,679.00,78.00,232.00,0.746317,-1,-1,-1
368,5,1722.00,454.00,76.00,211.00,0.813273,-1,-1,-1
368,8,295.00,667.00,83.00,255.00,0.853217,-1,-1,-1
368,12,913.00,938.00,76.00,141.00,0.748495,-1,-1,-1
368,13,1569.00,591.00,107.00,233.00,0.861878,-1,-1,-1
368,20,677.00,281.00,58.00,128.00,0.389270,-1,-1,-1
368,26,796.00,138.00,68.00,173.00,0.395534,-1,-1,-1
368,47,302.00,160.00,69.00,193.00,0.524599,-1,-1,-1
368,51,402.00,179.00,48.00,162.00,0.387693,-1,-1,-1
368,55,419.00,329.00,64.00,202.00,0.736427,-1,-1,-1
368,71,968.00,439.00,76.00,229.00,0.797353,-1,-1,-1
368,72,883.00,456.00,67.00,221.00,0.795337,-1,-1,-1
368,76,335.00,345.00,73.00,174.00,0.770651,-1,-1,-1
368,81,1705.00,69.00,54.00,171.00,0.720611,-1,-1,-1
368,110,1427.00,1.00,49.00,153.00,0.684389,-1,-1,-1
368,123,471.00,180.00,69.00,187.00,0.566390,-1,-1,-1
368,130,1585.00,45.00,61.00,151.00,0.659644,-1,-1,-1
368,131,1105.00,12.00,61.00,158.00,0.705524,-1,-1,-1
368,133,1492.00,0.00,62.00,125.00,0.529610,-1,-1,-1
368,135,1329.00,918.00,118.00,161.00,0.862561,-1,-1,-1
368,139,1752.00,678.00,78.00,233.00,0.755013,-1,-1,-1
369,5,1722.00,454.00,76.00,211.00,0.820003,-1,-1,-1
369,8,297.00,668.00,82.00,255.00,0.859153,-1,-1,-1
369,12,914.00,938.00,75.00,141.00,0.753217,-1,-1,-1
369,13,1568.00,592.00,108.00,232.00,0.857707,-1,-1,-1
369,20,677.00,280.00,58.00,129.00,0.360929,-1,-1,-1
369,26,796.00,139.00,68.00,173.00,0.399854,-1,-1,-1
369,47,302.00,160.00,70.00,193.00,0.559837,-1,-1,-1
369,51,400.00,180.00,50.00,169.00,0.380786,-1,-1,-1
369,55,418.00,331.00,63.00,200.00,0.768393,-1,-1,-1
369,71,967.00,438.00,77.00,230.00,0.803351,-1,-1,-1
369,72,882.00,455.00,66.00,222.00,0.786749,-1,-1,-1
369,76,334.00,342.00,75.00,182.00,0.774727,-1,-1,-1
369,81,1707.00,72.00,53.00,169.00,0.733761,-1,-1,-1
369,110,1426.00,0.00,49.00,154.00,0.701946,-1,-1,-1
369,123,471.00,180.00,68.00,188.00,0.596679,-1,-1,-1
369,130,1586.00,46.00,60.00,150.00,0.685829,-1,-1,-1
369,131,1106.00,13.00,61.00,158.00,0.687024,-1,-1,-1
369,133,1492.00,0.00,62.00,125.00,0.571474,-1,-1,-1
369,135,1326.00,916.00,118.00,163.00,0.847082,-1,-1,-1
369,139,1752.00,678.00,79.00,233.00,0.755967,-1,-1,-1
370,5,1722.00,454.00,76.00,211.00,0.815538,-1,-1,-1
370,8,298.00,668.00,83.00,255.00,0.857644,-1,-1,-1
370,12,913.00,939.00,75.00,140.00,0.746646,-1,-1,-1
370,13,1568.00,592.00,107.00,232.00,0.851079,-1,-1,-1
370,20,677.00,280.00,58.00,130.00,0.414095,-1,-1,-1
370,26,796.00,139.00,68.00,173.00,0.381641,-1,-1,-1
370,47,302.00,160.00,70.00,193.00,0.546308,-1,-1,-1
370,51,399.00,181.00,51.00,171.00,0.387059,-1,-1,-1
370,55,418.00,329.00,64.00,203.00,0.761643,-1,-1,-1
370,71,966.00,436.00,78.00,230.00,0.803942,-1,-1,-1
370,72,881.00,454.00,66.00,222.00,0.782420,-1,-1,-1
370,76,335.00,344.00,74.00,183.00,0.750194,-1,-1,-1
370,81,1707.00,73.00,53.00,170.00,0.716227,-1,-1,-1
370,110,1426.00,0.00,49.00,151.00,0.704319,-1,-1,-1
370,123,470.00,174.00,70.00,194.00,0.597954,-1,-1,-1
370,130,1587.00,46.00,59.00,152.00,0.734212,-1,-1,-1
370,131,1107.00,14.00,60.00,158.00,0.694334,-1,-1,-1
370,133,1493.00,0.00,62.00,127.00,0.520988,-1,-1,-1
370,135,1322.00,912.00,119.00,166.00,0.854117,-1,-1,-1
370,139,1752.00,678.00,79.00,233.00,0.764878,-1,-1,-1
371,5,1722.00,453.00,76.00,212.00,0.819163,-1,-1,-1
371,8,299.00,669.00,83.00,254.00,0.865780,-1,-1,-1
371,12,914.00,939.00,74.00,140.00,0.742639,-1,-1,-1
371,13,1567.00,594.00,107.00,229.00,0.857434,-1,-1,-1
371,20,677.00,280.00,58.00,129.00,0.420181,-1,-1,-1
371,26,796.00,139.00,68.00,174.00,0.338586,-1,-1,-1
371,47,302.00,160.00,70.00,193.00,0.516536,-1,-1,-1
371,51,398.00,181.00,50.00,173.00,0.391414,-1,-1,-1
371,55,417.00,331.00,63.00,200.00,0.771201,-1,-1,-1
371,71,965.00,434.00,78.00,231.00,0.806232,-1,-1,-1
371,72,880.00,451.00,66.00,223.00,0.796814,-1,-1,-1
371,76,335.00,347.00,73.00,183.00,0.735182,-1,-1,-1
371,81,1707.00,74.00,53.00,170.00,0.689590,-1,-1,-1
371,110,1427.00,0.00,47.00,149.00,0.719043,-1,-1,-1
371,123,469.00,170.00,72.00,198.00,0.565060,-1,-1,-1
371,130,1588.00,47.00,59.00,152.00,0.752240,-1,-1,-1
371,131,1107.00,15.00,60.00,158.00,0.685398,-1,-1,-1
371,133,1493.00,0.00,62.00,127.00,0.501875,-1,-1,-1
371,135,1320.00,909.00,118.00,169.00,0.852390,-1,-1,-1
371,139,1752.00,678.00,79.00,233.00,0.761860,-1,-1,-1
372,5,1722.00,454.00,76.00,211.00,0.812759,-1,-1,-1
372,8,300.00,670.00,83.00,253.00,0.877405,-1,-1,-1
372,12,914.00,940.00,74.00,139.00,0.754344,-1,-1,-1
372,13,1568.00,593.00,107.00,230.00,0.850173,-1,-1,-1
372,20,677.00,281.00,58.00,128.00,0.425852,-1,-1,-1
372,26,797.00,139.00,68.00,173.00,0.320635,-1,-1,-1
372,47,301.00,160.00,70.00,193.00,0.534320,-1,-1,-1
372,51,397.00,181.00,51.00,177.00,0.392273,-1,-1,-1
372,55,417.00,331.00,63.00,199.00,0.783890,-1,-1,-1
372,71,965.00,432.00,77.00,229.00,0.785463,-1,-1,-1
372,72,879.00,449.00,65.00,221.00,0.777452,-1,-1,-1
372,76,335.00,349.00,72.00,184.00,0.739270,-1,-1,-1
372,81,1707.00,74.00,54.00,172.00,0.695033,-1,-1,-1
372,110,1427.00,0.00,47.00,146.00,0.665313,-1,-1,-1
372,123,469.00,170.00,72.00,196.00,0.558331,-1,-1,-1
372,130,1590.00,48.00,58.00,150.00,0.726638,-1,-1,-1
372,131,1107.00,15.00,60.00,159.00,0.654624,-1,-1,-1
372,133,1494.00,0.00,62.00,127.00,0.506578,-1,-1,-1
372,135,1317.00,905.00,119.00,173.00,0.851592,-1,-1,-1
372,139,1752.00,679.00,79.00,232.00,0.739319,-1,-1,-1
373,5,1722.00,453.00,76.00,212.00,0.807348,-1,-1,-1
373,8,300.00,670.00,84.00,253.00,0.885019,-1,-1,-1
373,12,913.00,941.00,73.00,138.00,0.744384,-1,-1,-1
373,13,1568.00,595.00,107.00,228.00,0.855040,-1,-1,-1
373,20,677.00,280.00,58.00,129.00,0.379519,-1,-1,-1
373,26,797.00,139.00,67.00,173.00,0.356410,-1,-1,-1
373,47,301.00,160.00,70.00,193.00,0.549569,-1,-1,-1
373,51,398.00,184.00,49.00,172.00,0.348812,-1,-1,-1
373,55,417.00,330.00,63.00,200.00,0.775805,-1,-1,-1
373,71,965.00,430.00,78.00,229.00,0.788063,-1,-1,-1
373,72,879.00,447.00,63.00,214.00,0.788543,-1,-1,-1
373,76,336.00,351.00,71.00,183.00,0.731385,-1,-1,-1
373,81,1707.00,75.00,53.00,170.00,0.683840,-1,-1,-1
373,110,1427.00,0.00,47.00,143.00,0.687897,-1,-1,-1
373,123,468.00,168.00,73.00,199.00,0.606224,-1,-1,-1
373,130,1592.00,48.00,57.00,152.00,0.762869,-1,-1,-1
373,131,1108.00,16.00,59.00,158.00,0.666368,-1,-1,-1
373,133,1495.00,0.00,61.00,127.00,0.480214,-1,-1,-1
373,135,1315.00,902.00,119.00,176.00,0.882567,-1,-1,-1
373,139,1750.00,678.00,79.00,234.00,0.725184,-1,-1,-1
374,5,1722.00,453.00,76.00,212.00,0.805006,-1,-1,-1
374,8,301.00,671.00,85.00,252.00,0.883605,-1,-1,-1
374,12,914.00,942.00,72.00,137.00,0.737280,-1,-1,-1
374,13,1569.00,595.00,107.00,229.00,0.842732,-1,-1,-1
374,20,677.00,281.00,58.00,128.00,0.399941,-1,-1,-1
374,26,797.00,139.00,67.00,173.00,0.300007,-1,-1,-1
374,47,301.00,161.00,70.00,193.00,0.480532,-1,-1,-1
374,51,398.00,186.00,47.00,166.00,0.360805,-1,-1,-1
374,55,416.00,330.00,63.00,201.00,0.771409,-1,-1,-1
374,71,965.00,428.00,78.00,226.00,0.792474,-1,-1,-1
374,72,878.00,445.00,62.00,211.00,0.785757,-1,-1,-1
374,76,336.00,351.00,71.00,183.00,0.714163,-1,-1,-1
374,81,1709.00,75.00,53.00,170.00,0.700364,-1,-1,-1
374,110,1427.00,0.00,47.00,143.00,0.678266,-1,-1,-1
374,123,469.00,168.00,72.00,199.00,0.552786,-1,-1,-1
374,130,1592.00,49.00,58.00,153.00,0.761702,-1,-1,-1
374,131,1109.00,17.00,57.00,156.00,0.707702,-1,-1,-1
374,133,1497.00,0.00,60.00,127.00,0.439248,-1,-1,-1
374,135,1313.00,897.00,120.00,181.00,0.861368,-1,-1,-1
374,139,1750.00,678.00,80.00,234.00,0.725549,-1,-1,-1
375,5,1722.00,454.00,76.00,211.00,0.806674,-1,-1,-1
375,8,302.00,673.00,85.00,249.00,0.884341,-1,-1,-1
375,12,914.00,943.00,71.00,136.00,0.736641,-1,-1,-1
375,13,1568.00,594.00,107.00,230.00,0.853284,-1,-1,-1
375,20,677.00,281.00,58.00,128.00,0.399596,-1,-1,-1
375,26,797.00,139.00,67.00,172.00,0.337075,-1,-1,-1
375,47,301.00,161.00,69.00,193.00,0.505896,-1,-1,-1
375,51,396.00,188.00,48.00,166.00,0.471067,-1,-1,-1
375,55,415.00,332.00,65.00,203.00,0.774841,-1,-1,-1
375,71,965.00,424.00,76.00,224.00,0.800329,-1,-1,-1
375,72,877.00,442.00,62.00,210.00,0.808987,-1,-1,-1
375,76,336.00,350.00,71.00,183.00,0.768387,-1,-1,-1
375,81,1710.00,76.00,53.00,168.00,0.727700,-1,-1,-1
375,110,1428.00,0.00,46.00,143.00,0.678969,-1,-1,-1
375,123,466.00,167.00,73.00,200.00,0.560887,-1,-1,-1
375,130,1592.00,49.00,58.00,154.00,0.779928,-1,-1,-1
375,131,1110.00,17.00,56.00,155.00,0.712494,-1,-1,-1
375,133,1497.00,0.00,62.00,130.00,0.460626,-1,-1,-1
375,135,1312.00,893.00,120.00,185.00,0.860241,-1,-1,-1
375,139,1748.00,679.00,80.00,233.00,0.690692,-1,-1,-1
376,5,1722.00,453.00,76.00,213.00,0.808820,-1,-1,-1
376,8,303.00,675.00,85.00,247.00,0.881282,-1,-1,-1
376,12,913.00,943.00,71.00,136.00,0.764712,-1,-1,-1
376,13,1568.00,594.00,107.00,229.00,0.862102,-1,-1,-1
376,20,677.00,281.00,59.00,128.00,0.396004,-1,-1,-1
376,21,1488.00,95.00,49.00,149.00,0.264281,-1,-1,-1
376,26,797.00,139.00,67.00,172.00,0.336997,-1,-1,-1
376,47,301.00,161.00,70.00,193.00,0.527844,-1,-1,-1
376,51,394.00,188.00,48.00,167.00,0.422164,-1,-1,-1
376,55,414.00,332.00,66.00,207.00,0.785925,-1,-1,-1
376,71,965.00,421.00,75.00,222.00,0.815506,-1,-1,-1
376,72,876.00,440.00,62.00,211.00,0.796277,-1,-1,-1
376,76,336.00,351.00,72.00,182.00,0.798478,-1,-1,-1
376,81,1710.00,76.00,53.00,168.00,0.736001,-1,-1,-1
376,110,1428.00,0.00,47.00,143.00,0.687375,-1,-1,-1
376,123,466.00,167.00,73.00,201.00,0.557596,-1,-1,-1
376,130,1592.00,50.00,58.00,155.00,0.789893,-1,-1,-1
376,131,1110.00,18.00,56.00,155.00,0.695282,-1,-1,-1
376,133,1499.00,0.00,61.00,129.00,0.536673,-1,-1,-1
376,135,1310.00,888.00,120.00,190.00,0.868420,-1,-1,-1
376,139,1746.00,679.00,81.00,233.00,0.727192,-1,-1,-1
377,5,1722.00,454.00,76.00,212.00,0.802591,-1,-1,-1
377,8,302.00,676.00,88.00,251.00,0.879327,-1,-1,-1
377,12,913.00,944.00,70.00,135.00,0.763218,-1,-1,-1
377,13,1568.00,595.00,107.00,228.00,0.847277,-1,-1,-1
377,20,677.00,281.00,59.00,128.00,0.387063,-1,-1,-1
377,21,1487.00,96.00,50.00,150.00,0.399062,-1,-1,-1
377,26,797.00,139.00,67.00,172.00,0.334793,-1,-1,-1
377,47,302.00,161.00,69.00,193.00,0.457614,-1,-1,-1
377,51,393.00,190.00,50.00,171.00,0.410867,-1,-1,-1
377,55,414.00,334.00,66.00,208.00,0.780079,-1,-1,-1
377,71,965.00,419.00,74.00,221.00,0.807708,-1,-1,-1
377,72,875.00,438.00,62.00,210.00,0.800458,-1,-1,-1
377,76,334.00,350.00,74.00,183.00,0.811692,-1,-1,-1
377,81,1711.00,75.00,53.00,170.00,0.729958,-1,-1,-1
377,110,1428.00,0.00,47.00,142.00,0.666491,-1,-1,-1
377,123,465.00,167.00,73.00,202.00,0.579710,-1,-1,-1
377,130,1593.00,51.00,57.00,156.00,0.791828,-1,-1,-1
377,131,1110.00,17.00,57.00,158.00,0.640007,-1,-1,-1
377,133,1500.00,0.00,60.00,129.00,0.472955,-1,-1,-1
377,135,1308.00,885.00,120.00,193.00,0.862372,-1,-1,-1
377,139,1746.00,679.00,81.00,234.00,0.716863,-1,-1,-1
378,5,1722.00,454.00,76.00,211.00,0.808354,-1,-1,-1
378,8,302.00,678.00,90.00,255.00,0.878060,-1,-1,-1
378,12,912.00,945.00,70.00,134.00,0.768949,-1,-1,-1
378,13,1569.00,595.00,106.00,228.00,0.844001,-1,-1,-1
378,20,677.00,280.00,59.00,129.00,0.403478,-1,-1,-1
378,21,1487.00,96.00,50.00,152.00,0.365991,-1,-1,-1
378,26,797.00,139.00,67.00,172.00,0.358794,-1,-1,-1
378,47,301.00,161.00,70.00,193.00,0.432878,-1,-1,-1
378,51,390.00,190.00,52.00,175.00,0.432081,-1,-1,-1
378,55,414.00,335.00,66.00,209.00,0.774774,-1,-1,-1
378,71,966.00,418.00,73.00,221.00,0.805076,-1,-1,-1
378,72,874.00,437.00,62.00,212.00,0.805806,-1,-1,-1
378,76,333.00,350.00,74.00,182.00,0.829021,-1,-1,-1
378,81,1713.00,75.00,53.00,170.00,0.743704,-1,-1,-1
378,110,1428.00,0.00,47.00,141.00,0.643919,-1,-1,-1
378,123,464.00,169.00,74.00,205.00,0.582761,-1,-1,-1
378,130,1593.00,53.00,57.00,156.00,0.798918,-1,-1,-1
378,131,1110.00,18.00,58.00,159.00,0.653324,-1,-1,-1
378,133,1500.00,0.00,60.00,129.00,0.411498,-1,-1,-1
378,135,1307.00,883.00,119.00,195.00,0.868767,-1,-1,-1
378,139,1745.00,679.00,81.00,233.00,0.749555,-1,-1,-1
379,5,1722.00,453.00,76.00,212.00,0.814888,-1,-1,-1
379,8,303.00,680.00,91.00,259.00,0.877081,-1,-1,-1
379,12,912.00,946.00,70.00,133.00,0.755903,-1,-1,-1
379,13,1568.00,596.00,106.00,227.00,0.852997,-1,-1,-1
379,20,677.00,280.00,59.00,129.00,0.393070,-1,-1,-1
379,21,1486.00,96.00,51.00,154.00,0.264313,-1,-1,-1
379,26,797.00,139.00,67.00,172.00,0.388146,-1,-1,-1
379,47,302.00,162.00,69.00,192.00,0.431738,-1,-1,-1
379,51,388.00,190.00,53.00,177.00,0.453394,-1,-1,-1
379,55,414.00,338.00,66.00,209.00,0.763899,-1,-1,-1
379,71,966.00,416.00,73.00,222.00,0.819840,-1,-1,-1
379,72,873.00,436.00,63.00,213.00,0.790626,-1,-1,-1
379,76,331.00,351.00,75.00,181.00,0.825093,-1,-1,-1
379,81,1713.00,77.00,53.00,168.00,0.773902,-1,-1,-1
379,110,1428.00,0.00,47.00,141.00,0.645326,-1,-1,-1
379,123,464.00,170.00,74.00,208.00,0.606835,-1,-1,-1
379,130,1592.00,55.00,58.00,156.00,0.805182,-1,-1,-1
379,131,1110.00,21.00,58.00,160.00,0.699696,-1,-1,-1
379,133,1500.00,0.00,61.00,133.00,0.311903,-1,-1,-1
379,135,1306.00,880.00,118.00,199.00,0.866373,-1,-1,-1
379,139,1744.00,679.00,83.00,236.00,0.734406,-1,-1,-1
380,5,1722.00,453.00,76.00,212.00,0.805594,-1,-1,-1
380,8,304.00,683.00,92.00,261.00,0.874602,-1,-1,-1
380,12,912.00,946.00,69.00,133.00,0.775358,-1,-1,-1
380,13,1568.00,596.00,107.00,227.00,0.823166,-1,-1,-1
380,20,677.00,280.00,59.00,129.00,0.365137,-1,-1,-1
380,21,1484.00,97.00,51.00,154.00,0.584305,-1,-1,-1
380,26,797.00,139.00,67.00,172.00,0.360700,-1,-1,-1
380,47,300.00,163.00,69.00,191.00,0.377566,-1,-1,-1
380,51,390.00,190.00,50.00,169.00,0.439413,-1,-1,-1
380,55,414.00,340.00,66.00,209.00,0.755811,-1,-1,-1
380,71,965.00,415.00,72.00,222.00,0.819814,-1,-1,-1
380,72,872.00,435.00,62.00,215.00,0.805452,-1,-1,-1
380,76,328.00,351.00,77.00,182.00,0.643917,-1,-1,-1
380,81,1712.00,77.00,54.00,170.00,0.738729,-1,-1,-1
380,110,1428.00,0.00,47.00,142.00,0.623791,-1,-1,-1
380,123,463.00,169.00,75.00,210.00,0.547025,-1,-1,-1
380,130,1592.00,56.00,57.00,156.00,0.777648,-1,-1,-1
380,131,1110.00,22.00,58.00,160.00,0.693592,-1,-1,-1
380,133,1500.00,0.00,61.00,135.00,0.296139,-1,-1,-1
380,135,1304.00,878.00,118.00,201.00,0.864330,-1,-1,-1
380,139,1747.00,679.00,82.00,236.00,0.734712,-1,-1,-1
381,5,1722.00,453.00,76.00,212.00,0.801424,-1,-1,-1
381,8,305.00,685.00,91.00,257.00,0.879047,-1,-1,-1
381,12,911.00,947.00,69.00,132.00,0.787102,-1,-1,-1
381,13,1568.00,597.00,106.00,226.00,0.850442,-1,-1,-1
381,20,677.00,282.00,59.00,127.00,0.454299,-1,-1,-1
381,21,1483.00,99.00,51.00,154.00,0.600526,-1,-1,-1
381,26,797.00,139.00,67.00,172.00,0.387998,-1,-1,-1
381,47,302.00,162.00,68.00,192.00,0.445663,-1,-1,-1
381,51,387.00,189.00,51.00,172.00,0.453239,-1,-1,-1
381,55,413.00,341.00,66.00,210.00,0.754499,-1,-1,-1
381,71,965.00,415.00,72.00,222.00,0.806595,-1,-1,-1
381,72,871.00,433.00,63.00,217.00,0.785315,-1,-1,-1
381,76,327.00,352.00,78.00,182.00,0.724046,-1,-1,-1
381,81,1712.00,78.00,55.00,174.00,0.700543,-1,-1,-1
381,110,1428.00,0.00,48.00,143.00,0.621640,-1,-1,-1
381,123,463.00,173.00,73.00,206.00,0.608625,-1,-1,-1
381,130,1591.00,58.00,58.00,156.00,0.785587,-1,-1,-1
381,131,1111.00,25.00,57.00,158.00,0.680295,-1,-1,-1
381,133,1499.00,0.00,62.00,136.00,0.355027,-1,-1,-1
381,135,1303.00,877.00,116.00,202.00,0.863229,-1,-1,-1
381,139,1747.00,679.00,83.00,238.00,0.739989,-1,-1,-1
381,145,348.00,352.00,57.00,182.00,0.485961,-1,-1,-1
382,5,1722.00,454.00,76.00,211.00,0.808400,-1,-1,-1
382,8,307.00,688.00,90.00,256.00,0.880723,-1,-1,-1
382,12,911.00,948.00,69.00,131.00,0.798589,-1,-1,-1
382,13,1568.00,597.00,106.00,226.00,0.852536,-1,-1,-1
382,20,677.00,281.00,59.00,128.00,0.422861,-1,-1,-1
382,21,1482.00,100.00,52.00,154.00,0.612889,-1,-1,-1
382,26,797.00,139.00,68.00,172.00,0.378794,-1,-1,-1
382,47,301.00,162.00,69.00,193.00,0.448252,-1,-1,-1
382,51,386.00,190.00,50.00,168.00,0.421023,-1,-1,-1
382,55,413.00,342.00,66.00,210.00,0.741642,-1,-1,-1
382,71,965.00,414.00,71.00,223.00,0.814491,-1,-1,-1
382,72,870.00,432.00,63.00,219.00,0.787003,-1,-1,-1
382,76,326.00,353.00,78.00,183.00,0.621905,-1,-1,-1
382,81,1712.00,78.00,56.00,177.00,0.689844,-1,-1,-1
382,110,1428.00,0.00,48.00,142.00,0.624113,-1,-1,-1
382,123,462.00,174.00,74.00,208.00,0.587081,-1,-1,-1
382,130,1592.00,60.00,58.00,156.00,0.781382,-1,-1,-1
382,131,1111.00,27.00,58.00,158.00,0.717587,-1,-1,-1
382,133,1500.00,0.00,60.00,134.00,0.396669,-1,-1,-1
382,135,1300.00,875.00,116.00,204.00,0.873229,-1,-1,-1
382,139,1747.00,679.00,84.00,242.00,0.747342,-1,-1,-1
382,145,347.00,354.00,57.00,182.00,0.497313,-1,-1,-1
383,5,1722.00,453.00,76.00,212.00,0.807697,-1,-1,-1
383,8,307.00,691.00,91.00,256.00,0.887061,-1,-1,-1
383,12,910.00,949.00,70.00,130.00,0.801624,-1,-1,-1
383,13,1567.00,596.00,107.00,227.00,0.831863,-1,-1,-1
383,20,677.00,280.00,59.00,129.00,0.412553,-1,-1,-1
383,21,1482.00,101.00,52.00,155.00,0.558214,-1,-1,-1
383,26,797.00,139.00,67.00,171.00,0.439282,-1,-1,-1
383,47,302.00,163.00,68.00,192.00,0.419801,-1,-1,-1
383,51,384.00,191.00,50.00,167.00,0.398157,-1,-1,-1
383,55,412.00,343.00,67.00,210.00,0.753263,-1,-1,-1
383,71,964.00,414.00,72.00,223.00,0.805106,-1,-1,-1
383,72,870.00,432.00,62.00,218.00,0.778969,-1,-1,-1
383,76,325.00,353.00,80.00,187.00,0.717275,-1,-1,-1
383,81,1712.00,80.00,57.00,179.00,0.675888,-1,-1,-1
383,110,1428.00,0.00,48.00,142.00,0.603574,-1,-1,-1
383,123,463.00,185.00,71.00,199.00,0.581749,-1,-1,-1
383,130,1592.00,61.00,59.00,158.00,0.763100,-1,-1,-1
383,131,1110.00,30.00,57.00,157.00,0.720720,-1,-1,-1
383,133,1499.00,0.00,61.00,136.00,0.342301,-1,-1,-1
383,135,1298.00,873.00,115.00,206.00,0.867315,-1,-1,-1
383,139,1747.00,679.00,85.00,243.00,0.756451,-1,-1,-1
384,5,1722.00,454.00,76.00,212.00,0.798649,-1,-1,-1
384,8,307.00,693.00,91.00,259.00,0.882673,-1,-1,-1
384,12,910.00,949.00,70.00,130.00,0.793748,-1,-1,-1
384,13,1567.00,596.00,108.00,227.00,0.852220,-1,-1,-1
384,20,677.00,280.00,59.00,129.00,0.377268,-1,-1,-1
384,21,1482.00,103.00,52.00,155.00,0.586330,-1,-1,-1
384,26,796.00,139.00,68.00,171.00,0.437594,-1,-1,-1
384,47,303.00,163.00,69.00,192.00,0.426091,-1,-1,-1
384,51,383.00,191.00,50.00,172.00,0.403511,-1,-1,-1
384,55,412.00,343.00,66.00,210.00,0.758282,-1,-1,-1
384,71,964.00,414.00,71.00,222.00,0.802633,-1,-1,-1
384,72,869.00,432.00,63.00,218.00,0.779650,-1,-1,-1
384,76,325.00,355.00,81.00,189.00,0.796600,-1,-1,-1
384,81,1712.00,81.00,56.00,180.00,0.663381,-1,-1,-1
384,110,1428.00,0.00,49.00,141.00,0.618772,-1,-1,-1
384,123,462.00,187.00,71.00,197.00,0.535634,-1,-1,-1
384,130,1594.00,62.00,58.00,158.00,0.744706,-1,-1,-1
384,131,1110.00,31.00,57.00,156.00,0.719470,-1,-1,-1
384,133,1499.00,0.00,60.00,134.00,0.439786,-1,-1,-1
384,135,1297.00,871.00,113.00,208.00,0.862184,-1,-1,-1
384,139,1748.00,679.00,85.00,243.00,0.746203,-1,-1,-1
384,147,242.00,131.00,52.00,168.00,0.335023,-1,-1,-1
385,5,1722.00,454.00,76.00,211.00,0.796566,-1,-1,-1
385,8,307.00,694.00,91.00,260.00,0.880168,-1,-1,-1
385,12,910.00,950.00,70.00,129.00,0.775498,-1,-1,-1
385,13,1567.00,595.00,108.00,228.00,0.853754,-1,-1,-1
385,20,676.00,279.00,60.00,130.00,0.352535,-1,-1,-1
385,21,1480.00,103.00,53.00,157.00,0.542783,-1,-1,-1
385,26,796.00,139.00,68.00,172.00,0.427551,-1,-1,-1
385,47,305.00,163.00,69.00,192.00,0.409115,-1,-1,-1
385,51,382.00,194.00,50.00,171.00,0.402625,-1,-1,-1
385,55,412.00,344.00,66.00,209.00,0.764528,-1,-1,-1
385,71,963.00,413.00,71.00,223.00,0.803284,-1,-1,-1
385,72,869.00,431.00,63.00,218.00,0.781627,-1,-1,-1
385,76,325.00,357.00,81.00,191.00,0.799446,-1,-1,-1
385,81,1713.00,83.00,56.00,179.00,0.690150,-1,-1,-1
385,110,1429.00,0.00,49.00,141.00,0.629458,-1,-1,-1
385,123,463.00,189.00,69.00,195.00,0.590599,-1,-1,-1
385,130,1595.00,63.00,58.00,158.00,0.727978,-1,-1,-1
385,131,1110.00,32.00,57.00,156.00,0.708421,-1,-1,-1
385,133,1498.00,0.00,60.00,134.00,0.393023,-1,-1,-1
385,135,1294.00,868.00,113.00,211.00,0.857151,-1,-1,-1
385,139,1749.00,679.00,84.00,243.00,0.762938,-1,-1,-1
385,147,242.00,131.00,52.00,167.00,0.295203,-1,-1,-1
386,5,1722.00,454.00,76.00,211.00,0.809529,-1,-1,-1
386,8,306.00,695.00,91.00,263.00,0.883890,-1,-1,-1
386,12,909.00,951.00,70.00,128.00,0.748930,-1,-1,-1
386,13,1567.00,594.00,108.00,229.00,0.840872,-1,-1,-1
386,20,677.00,280.00,58.00,129.00,0.386685,-1,-1,-1
386,21,1479.00,103.00,54.00,158.00,0.557032,-1,-1,-1
386,26,796.00,139.00,68.00,172.00,0.412918,-1,-1,-1
386,47,306.00,161.00,70.00,194.00,0.416908,-1,-1,-1
386,51,382.00,196.00,50.00,171.00,0.364683,-1,-1,-1
386,55,411.00,345.00,66.00,208.00,0.757747,-1,-1,-1
386,71,963.00,412.00,70.00,221.00,0.790571,-1,-1,-1
386,72,869.00,430.00,62.00,218.00,0.792909,-1,-1,-1
386,76,326.00,359.00,81.00,192.00,0.815421,-1,-1,-1
386,81,1713.00,86.00,55.00,175.00,0.629932,-1,-1,-1
386,110,1429.00,0.00,49.00,140.00,0.565373,-1,-1,-1
386,123,462.00,189.00,70.00,196.00,0.570710,-1,-1,-1
386,130,1597.00,63.00,58.00,159.00,0.728260,-1,-1,-1
386,131,1111.00,33.00,57.00,157.00,0.692473,-1,-1,-1
386,133,1498.00,0.00,60.00,134.00,0.372270,-1,-1,-1
386,135,1293.00,866.00,112.00,213.00,0.851004,-1,-1,-1
386,139,1749.00,680.00,84.00,242.00,0.756777,-1,-1,-1
386,147,242.00,131.00,52.00,168.00,0.278034,-1,-1,-1
387,5,1722.00,453.00,76.00,212.00,0.799258,-1,-1,-1
387,8,306.00,697.00,91.00,261.00,0.885955,-1,-1,-1
387,12,909.00,951.00,70.00,128.00,0.752333,-1,-1,-1
387,13,1567.00,594.00,108.00,230.00,0.823256,-1,-1,-1
387,20,677.00,280.00,58.00,128.00,0.398154,-1,-1,-1
387,21,1479.00,103.00,54.00,158.00,0.547334,-1,-1,-1
387,26,797.00,139.00,68.00,172.00,0.382478,-1,-1,-1
387,47,306.00,162.00,70.00,193.00,0.403352,-1,-1,-1
387,51,382.00,197.00,50.00,171.00,0.359794,-1,-1,-1
387,55,411.00,344.00,65.00,209.00,0.770986,-1,-1,-1
387,71,961.00,411.00,70.00,222.00,0.778241,-1,-1,-1
387,72,868.00,427.00,62.00,220.00,0.797809,-1,-1,-1
387,76,326.00,360.00,81.00,193.00,0.842009,-1,-1,-1
387,81,1712.00,88.00,54.00,174.00,0.663932,-1,-1,-1
387,110,1429.00,0.00,49.00,139.00,0.535659,-1,-1,-1
387,123,462.00,188.00,70.00,197.00,0.629954,-1,-1,-1
387,130,1599.00,64.00,57.00,158.00,0.735948,-1,-1,-1
387,131,1112.00,33.00,58.00,157.00,0.671245,-1,-1,-1
387,133,1497.00,0.00,61.00,138.00,0.354967,-1,-1,-1
387,135,1291.00,862.00,112.00,217.00,0.842950,-1,-1,-1
387,139,1750.00,679.00,83.00,244.00,0.736226,-1,-1,-1
387,147,241.00,132.00,52.00,167.00,0.250536,-1,-1,-1
388,5,1722.00,453.00,77.00,212.00,0.802464,-1,-1,-1
388,8,305.00,698.00,91.00,261.00,0.881685,-1,-1,-1
388,12,909.00,951.00,70.00,128.00,0.765287,-1,-1,-1
388,13,1567.00,594.00,108.00,229.00,0.841251,-1,-1,-1
388,20,678.00,281.00,58.00,127.00,0.429562,-1,-1,-1
388,21,1478.00,105.00,54.00,156.00,0.552119,-1,-1,-1
388,26,797.00,139.00,68.00,172.00,0.391863,-1,-1,-1
388,47,304.00,162.00,70.00,192.00,0.444631,-1,-1,-1
388,51,382.00,199.00,50.00,173.00,0.293600,-1,-1,-1
388,55,410.00,345.00,66.00,208.00,0.758155,-1,-1,-1
388,71,960.00,409.00,69.00,222.00,0.791359,-1,-1,-1
388,72,867.00,426.00,62.00,217.00,0.795574,-1,-1,-1
388,76,326.00,362.00,81.00,194.00,0.824151,-1,-1,-1
388,81,1713.00,90.00,54.00,173.00,0.690443,-1,-1,-1
388,110,1429.00,0.00,48.00,139.00,0.550118,-1,-1,-1
388,123,462.00,187.00,70.00,198.00,0.620536,-1,-1,-1
388,130,1601.00,64.00,56.00,158.00,0.690196,-1,-1,-1
388,131,1113.00,33.00,58.00,157.00,0.662280,-1,-1,-1
388,133,1498.00,0.00,59.00,135.00,0.365995,-1,-1,-1
388,135,1288.00,858.00,112.00,221.00,0.853956,-1,-1,-1
388,139,1750.00,679.00,83.00,244.00,0.734410,-1,-1,-1
388,147,241.00,133.00,52.00,166.00,0.270969,-1,-1,-1
389,5,1723.00,453.00,75.00,212.00,0.801666,-1,-1,-1
389,8,305.00,699.00,90.00,259.00,0.885293,-1,-1,-1
389,12,908.00,952.00,71.00,127.00,0.771507,-1,-1,-1
389,13,1568.00,595.00,107.00,228.00,0.817788,-1,-1,-1
389,20,677.00,281.00,59.00,127.00,0.404751,-1,-1,-1
389,21,1478.00,107.00,54.00,154.00,0.537389,-1,-1,-1
389,26,797.00,139.00,68.00,171.00,0.372188,-1,-1,-1
389,47,303.00,161.00,70.00,193.00,0.438101,-1,-1,-1
389,51,382.00,200.00,50.00,172.00,0.300134,-1,-1,-1
389,55,410.00,345.00,65.00,208.00,0.742501,-1,-1,-1
389,71,958.00,406.00,70.00,221.00,0.774341,-1,-1,-1
389,72,869.00,424.00,58.00,206.00,0.775612,-1,-1,-1
389,76,327.00,363.00,81.00,195.00,0.837379,-1,-1,-1
389,81,1717.00,91.00,54.00,172.00,0.732256,-1,-1,-1
389,110,1430.00,0.00,48.00,137.00,0.506573,-1,-1,-1
389,123,460.00,187.00,71.00,199.00,0.630855,-1,-1,-1
389,130,1602.00,64.00,55.00,157.00,0.698297,-1,-1,-1
389,131,1113.00,33.00,58.00,157.00,0.662366,-1,-1,-1
389,133,1497.00,0.00,59.00,133.00,0.336104,-1,-1,-1
389,135,1287.00,854.00,112.00,225.00,0.857580,-1,-1,-1
389,139,1750.00,677.00,83.00,245.00,0.717582,-1,-1,-1
389,147,241.00,134.00,51.00,165.00,0.267330,-1,-1,-1
390,5,1722.00,453.00,77.00,212.00,0.801679,-1,-1,-1
390,8,305.00,701.00,89.00,257.00,0.891409,-1,-1,-1
390,12,908.00,952.00,71.00,127.00,0.784224,-1,-1,-1
390,13,1567.00,595.00,108.00,228.00,0.832082,-1,-1,-1
390,20,677.00,279.00,59.00,129.00,0.402187,-1,-1,-1
390,21,1477.00,108.00,54.00,153.00,0.563020,-1,-1,-1
390,26,797.00,139.00,68.00,173.00,0.436171,-1,-1,-1
390,47,303.00,163.00,69.00,191.00,0.439041,-1,-1,-1
390,51,382.00,201.00,49.00,172.00,0.318213,-1,-1,-1
390,55,410.00,347.00,65.00,206.00,0.742914,-1,-1,-1
390,71,958.00,404.00,67.00,214.00,0.789219,-1,-1,-1
390,72,868.00,421.00,59.00,209.00,0.782721,-1,-1,-1
390,76,327.00,367.00,80.00,192.00,0.839174,-1,-1,-1
390,81,1719.00,92.00,54.00,170.00,0.741490,-1,-1,-1
390,110,1433.00,0.00,46.00,134.00,0.457266,-1,-1,-1
390,123,459.00,185.00,72.00,202.00,0.627160,-1,-1,-1
390,130,1602.00,65.00,56.00,156.00,0.737329,-1,-1,-1
390,131,1114.00,33.00,59.00,158.00,0.666860,-1,-1,-1
390,133,1496.00,0.00,58.00,134.00,0.321964,-1,-1,-1
390,135,1286.00,850.00,112.00,229.00,0.858546,-1,-1,-1
390,139,1749.00,677.00,84.00,250.00,0.701843,-1,-1,-1
390,147,241.00,135.00,51.00,163.00,0.254159,-1,-1,-1
391,5,1722.00,453.00,76.00,212.00,0.803455,-1,-1,-1
391,8,305.00,702.00,88.00,256.00,0.886896,-1,-1,-1
391,12,908.00,953.00,71.00,126.00,0.763566,-1,-1,-1
391,13,1567.00,595.00,108.00,228.00,0.847434,-1,-1,-1
391,20,677.00,280.00,59.00,128.00,0.371403,-1,-1,-1
391,21,1477.00,109.00,54.00,152.00,0.600882,-1,-1,-1
391,26,797.00,139.00,68.00,172.00,0.388617,-1,-1,-1
391,47,304.00,164.00,70.00,190.00,0.410919,-1,-1,-1
391,51,381.00,202.00,49.00,173.00,0.274552,-1,-1,-1
391,55,410.00,348.00,65.00,205.00,0.767053,-1,-1,-1
391,71,956.00,401.00,66.00,214.00,0.784173,-1,-1,-1
391,72,868.00,420.00,59.00,208.00,0.763971,-1,-1,-1
391,76,327.00,368.00,79.00,191.00,0.849499,-1,-1,-1
391,81,1720.00,92.00,54.00,170.00,0.754812,-1,-1,-1
391,110,1434.00,0.00,45.00,131.00,0.471329,-1,-1,-1
391,123,458.00,185.00,72.00,202.00,0.654783,-1,-1,-1
391,130,1604.00,65.00,55.00,154.00,0.716911,-1,-1,-1
391,131,1115.00,33.00,59.00,159.00,0.619715,-1,-1,-1
391,133,1496.00,0.00,57.00,133.00,0.449987,-1,-1,-1
391,135,1285.00,846.00,112.00,233.00,0.858269,-1,-1,-1
391,139,1751.00,677.00,84.00,252.00,0.708626,-1,-1,-1
391,147,241.00,135.00,50.00,163.00,0.255797,-1,-1,-1
392,5,1722.00,453.00,76.00,212.00,0.809724,-1,-1,-1
392,8,305.00,703.00,87.00,255.00,0.886893,-1,-1,-1
392,12,908.00,953.00,71.00,126.00,0.766120,-1,-1,-1
392,13,1567.00,595.00,107.00,227.00,0.846066,-1,-1,-1
392,20,677.00,278.00,59.00,130.00,0.398798,-1,-1,-1
392,21,1476.00,109.00,54.00,152.00,0.618188,-1,-1,-1
392,26,797.00,138.00,68.00,173.00,0.432017,-1,-1,-1
392,47,306.00,165.00,70.00,189.00,0.446197,-1,-1,-1
392,51,380.00,204.00,49.00,173.00,0.259060,-1,-1,-1
392,55,410.00,350.00,64.00,203.00,0.757719,-1,-1,-1
392,71,953.00,399.00,67.00,214.00,0.799329,-1,-1,-1
392,72,867.00,418.00,60.00,208.00,0.771353,-1,-1,-1
392,76,326.00,370.00,79.00,189.00,0.820161,-1,-1,-1
392,81,1722.00,92.00,53.00,170.00,0.759071,-1,-1,-1
392,110,1433.00,0.00,46.00,130.00,0.482743,-1,-1,-1
392,123,458.00,184.00,71.00,203.00,0.687214,-1,-1,-1
392,130,1605.00,66.00,55.00,156.00,0.744337,-1,-1,-1
392,131,1116.00,34.00,59.00,161.00,0.688685,-1,-1,-1
392,133,1495.00,0.00,57.00,132.00,0.489777,-1,-1,-1
392,135,1283.00,842.00,112.00,236.00,0.845678,-1,-1,-1
392,139,1751.00,677.00,84.00,253.00,0.727942,-1,-1,-1
393,5,1722.00,453.00,76.00,212.00,0.806199,-1,-1,-1
393,8,305.00,704.00,87.00,254.00,0.883987,-1,-1,-1
393,12,907.00,953.00,72.00,126.00,0.772773,-1,-1,-1
393,13,1567.00,594.00,107.00,229.00,0.824683,-1,-1,-1
393,20,676.00,279.00,60.00,129.00,0.421158,-1,-1,-1
393,21,1476.00,110.00,54.00,151.00,0.612092,-1,-1,-1
393,26,797.00,138.00,68.00,173.00,0.445980,-1,-1,-1
393,47,305.00,165.00,71.00,189.00,0.425660,-1,-1,-1
393,51,380.00,204.00,50.00,174.00,0.285799,-1,-1,-1
393,55,408.00,351.00,65.00,205.00,0.790275,-1,-1,-1
393,71,952.00,397.00,67.00,215.00,0.806896,-1,-1,-1
393,72,866.00,415.00,61.00,209.00,0.803093,-1,-1,-1
393,76,326.00,371.00,79.00,189.00,0.852013,-1,-1,-1
393,81,1723.00,92.00,53.00,171.00,0.766044,-1,-1,-1
393,110,1433.00,0.00,46.00,129.00,0.460027,-1,-1,-1
393,123,456.00,184.00,72.00,205.00,0.657423,-1,-1,-1
393,130,1606.00,67.00,56.00,158.00,0.749996,-1,-1,-1
393,131,1117.00,35.00,60.00,161.00,0.665933,-1,-1,-1
393,133,1494.00,0.00,56.00,130.00,0.492483,-1,-1,-1
393,135,1282.00,839.00,111.00,239.00,0.849378,-1,-1,-1
393,139,1752.00,678.00,82.00,252.00,0.721265,-1,-1,-1
394,5,1722.00,452.00,76.00,213.00,0.801186,-1,-1,-1
394,8,305.00,705.00,87.00,253.00,0.887681,-1,-1,-1
394,12,907.00,954.00,71.00,125.00,0.764612,-1,-1,-1
394,13,1567.00,594.00,107.00,229.00,0.820945,-1,-1,-1
394,20,676.00,279.00,60.00,130.00,0.377234,-1,-1,-1
394,21,1475.00,110.00,54.00,152.00,0.595227,-1,-1,-1
394,26,797.00,139.00,68.00,172.00,0.413759,-1,-1,-1
394,47,304.00,165.00,70.00,189.00,0.443656,-1,-1,-1
394,51,377.00,204.00,52.00,177.00,0.280420,-1,-1,-1
394,55,408.00,354.00,65.00,206.00,0.798979,-1,-1,-1
394,71,951.00,395.00,68.00,217.00,0.804930,-1,-1,-1
394,72,866.00,413.00,61.00,209.00,0.776535,-1,-1,-1
394,76,326.00,372.00,78.00,188.00,0.840369,-1,-1,-1
394,81,1723.00,92.00,53.00,173.00,0.769220,-1,-1,-1
394,110,1433.00,0.00,45.00,129.00,0.445303,-1,-1,-1
394,123,456.00,189.00,71.00,202.00,0.653140,-1,-1,-1
394,130,1608.00,68.00,55.00,158.00,0.735269,-1,-1,-1
394,131,1119.00,37.00,59.00,159.00,0.672799,-1,-1,-1
394,133,1494.00,0.00,54.00,127.00,0.311204,-1,-1,-1
394,135,1280.00,834.00,111.00,244.00,0.861580,-1,-1,-1
394,139,1752.00,678.00,81.00,251.00,0.732723,-1,-1,-1
395,5,1722.00,453.00,76.00,212.00,0.809118,-1,-1,-1
395,8,305.00,706.00,87.00,253.00,0.887173,-1,-1,-1
395,12,906.00,954.00,72.00,125.00,0.773527,-1,-1,-1
395,13,1568.00,595.00,106.00,228.00,0.806870,-1,-1,-1
395,20,676.00,280.00,59.00,129.00,0.441513,-1,-1,-1
395,21,1475.00,110.00,55.00,153.00,0.631761,-1,-1,-1
395,26,797.00,139.00,68.00,172.00,0.443793,-1,-1,-1
395,47,305.00,165.00,71.00,189.00,0.496024,-1,-1,-1
395,51,374.00,204.00,53.00,179.00,0.303891,-1,-1,-1
395,55,407.00,356.00,66.00,207.00,0.775861,-1,-1,-1
395,71,949.00,393.00,69.00,219.00,0.808058,-1,-1,-1
395,72,866.00,411.00,61.00,211.00,0.806859,-1,-1,-1
395,76,326.00,372.00,79.00,187.00,0.832341,-1,-1,-1
395,81,1723.00,92.00,54.00,176.00,0.731788,-1,-1,-1
395,110,1432.00,0.00,45.00,129.00,0.468845,-1,-1,-1
395,123,455.00,195.00,70.00,200.00,0.633317,-1,-1,-1
395,130,1609.00,70.00,55.00,157.00,0.766334,-1,-1,-1
395,131,1121.00,39.00,58.00,159.00,0.668602,-1,-1,-1
395,133,1493.00,0.00,53.00,123.00,0.295412,-1,-1,-1
395,135,1279.00,832.00,111.00,246.00,0.866985,-1,-1,-1
395,139,1752.00,678.00,81.00,250.00,0.747601,-1,-1,-1
396,5,1722.00,453.00,76.00,212.00,0.810907,-1,-1,-1
396,8,305.00,708.00,87.00,254.00,0.887022,-1,-1,-1
396,12,905.00,954.00,73.00,125.00,0.771010,-1,-1,-1
396,13,1568.00,595.00,107.00,228.00,0.803822,-1,-1,-1
396,20,677.00,280.00,58.00,129.00,0.433087,-1,-1,-1
396,21,1474.00,111.00,55.00,153.00,0.612643,-1,-1,-1
396,26,797.00,139.00,68.00,172.00,0.397751,-1,-1,-1
396,47,304.00,165.00,73.00,189.00,0.476342,-1,-1,-1
396,51,370.00,205.00,53.00,178.00,0.376218,-1,-1,-1
396,55,407.00,358.00,66.00,208.00,0.784653,-1,-1,-1
396,71,948.00,392.00,70.00,220.00,0.812952,-1,-1,-1
396,72,865.00,410.00,61.00,212.00,0.793521,-1,-1,-1
396,76,325.00,371.00,79.00,188.00,0.828856,-1,-1,-1
396,81,1725.00,95.00,54.00,177.00,0.717741,-1,-1,-1
396,110,1432.00,0.00,45.00,129.00,0.457355,-1,-1,-1
396,123,455.00,196.00,71.00,201.00,0.667452,-1,-1,-1
396,130,1611.00,72.00,54.00,158.00,0.747179,-1,-1,-1
396,131,1122.00,41.00,57.00,157.00,0.657018,-1,-1,-1
396,133,1492.00,0.00,53.00,122.00,0.341499,-1,-1,-1
396,135,1278.00,830.00,110.00,248.00,0.871811,-1,-1,-1
396,139,1754.00,678.00,79.00,248.00,0.755121,-1,-1,-1
396,147,240.00,131.00,50.00,165.00,0.277637,-1,-1,-1
397,5,1722.00,453.00,76.00,212.00,0.815682,-1,-1,-1
397,8,305.00,711.00,87.00,256.00,0.882959,-1,-1,-1
397,12,905.00,954.00,73.00,125.00,0.788484,-1,-1,-1
397,13,1568.00,595.00,107.00,228.00,0.839601,-1,-1,-1
397,20,677.00,280.00,58.00,129.00,0.465661,-1,-1,-1
397,21,1475.00,111.00,55.00,154.00,0.627290,-1,-1,-1
397,26,797.00,139.00,68.00,172.00,0.446661,-1,-1,-1
397,47,304.00,165.00,72.00,189.00,0.526289,-1,-1,-1
397,51,368.00,205.00,55.00,177.00,0.458840,-1,-1,-1
397,55,406.00,360.00,67.00,209.00,0.782368,-1,-1,-1
397,71,948.00,391.00,70.00,221.00,0.821221,-1,-1,-1
397,72,865.00,410.00,61.00,212.00,0.814684,-1,-1,-1
397,76,325.00,371.00,78.00,188.00,0.824535,-1,-1,-1
397,81,1725.00,98.00,53.00,178.00,0.729222,-1,-1,-1
397,110,1431.00,0.00,45.00,129.00,0.366273,-1,-1,-1
397,123,453.00,195.00,72.00,205.00,0.687289,-1,-1,-1
397,130,1612.00,75.00,54.00,158.00,0.754615,-1,-1,-1
397,131,1122.00,43.00,58.00,159.00,0.686406,-1,-1,-1
397,133,1491.00,0.00,53.00,121.00,0.376315,-1,-1,-1
397,135,1277.00,829.00,109.00,249.00,0.879586,-1,-1,-1
397,139,1754.00,678.00,78.00,248.00,0.746555,-1,-1,-1
397,147,239.00,129.00,51.00,168.00,0.290525,-1,-1,-1
398,5,1722.00,453.00,76.00,212.00,0.814981,-1,-1,-1
398,8,304.00,713.00,89.00,259.00,0.884728,-1,-1,-1
398,12,905.00,954.00,74.00,125.00,0.798557,-1,-1,-1
398,13,1568.00,594.00,107.00,229.00,0.821931,-1,-1,-1
398,20,677.00,280.00,58.00,129.00,0.468407,-1,-1,-1
398,21,1474.00,111.00,55.00,155.00,0.606324,-1,-1,-1
398,26,797.00,139.00,67.00,172.00,0.416352,-1,-1,-1
398,47,304.00,164.00,73.00,190.00,0.456643,-1,-1,-1
398,51,370.00,206.00,55.00,176.00,0.405426,-1,-1,-1
398,55,406.00,362.00,66.00,209.00,0.766994,-1,-1,-1
398,71,947.00,390.00,71.00,222.00,0.819339,-1,-1,-1
398,72,864.00,409.00,61.00,213.00,0.803419,-1,-1,-1
398,76,326.00,372.00,78.00,187.00,0.818339,-1,-1,-1
398,81,1726.00,100.00,54.00,181.00,0.756052,-1,-1,-1
398,110,1430.00,0.00,45.00,129.00,0.355765,-1,-1,-1
398,123,454.00,196.00,70.00,203.00,0.674568,-1,-1,-1
398,130,1613.00,77.00,54.00,157.00,0.737715,-1,-1,-1
398,131,1123.00,45.00,58.00,159.00,0.657992,-1,-1,-1
398,133,1490.00,0.00,54.00,123.00,0.448717,-1,-1,-1
398,135,1276.00,828.00,108.00,250.00,0.865633,-1,-1,-1
398,139,1753.00,677.00,78.00,249.00,0.726710,-1,-1,-1
398,147,238.00,124.00,53.00,174.00,0.268645,-1,-1,-1
399,5,1721.00,453.00,77.00,212.00,0.811319,-1,-1,-1
399,8,305.00,716.00,87.00,257.00,0.877029,-1,-1,-1
399,12,906.00,954.00,73.00,125.00,0.776754,-1,-1,-1
399,13,1568.00,594.00,107.00,229.00,0.818014,-1,-1,-1
399,20,677.00,280.00,58.00,129.00,0.431124,-1,-1,-1
399,21,1474.00,111.00,55.00,156.00,0.596745,-1,-1,-1
399,26,797.00,138.00,68.00,173.00,0.403726,-1,-1,-1
399,47,303.00,164.00,74.00,190.00,0.460151,-1,-1,-1
399,51,372.00,206.00,54.00,172.00,0.452841,-1,-1,-1
399,55,404.00,363.00,68.00,210.00,0.784280,-1,-1,-1
399,71,945.00,390.00,73.00,222.00,0.805006,-1,-1,-1
399,72,864.00,408.00,61.00,214.00,0.818004,-1,-1,-1
399,76,326.00,374.00,76.00,184.00,0.806005,-1,-1,-1
399,81,1727.00,103.00,54.00,180.00,0.749969,-1,-1,-1
399,110,1428.00,0.00,45.00,129.00,0.390962,-1,-1,-1
399,123,453.00,200.00,69.00,199.00,0.653270,-1,-1,-1
399,130,1614.00,78.00,54.00,159.00,0.768668,-1,-1,-1
399,131,1123.00,46.00,57.00,157.00,0.619704,-1,-1,-1
399,133,1489.00,0.00,54.00,122.00,0.447627,-1,-1,-1
399,135,1274.00,826.00,108.00,252.00,0.858262,-1,-1,-1
399,139,1753.00,677.00,79.00,249.00,0.706010,-1,-1,-1
399,147,238.00,121.00,53.00,177.00,0.260919,-1,-1,-1
400,5,1721.00,453.00,77.00,212.00,0.813626,-1,-1,-1
400,8,306.00,719.00,86.00,256.00,0.879569,-1,-1,-1
400,12,906.00,954.00,74.00,125.00,0.782960,-1,-1,-1
400,13,1568.00,595.00,107.00,228.00,0.834289,-1,-1,-1
400,20,677.00,280.00,58.00,129.00,0.434189,-1,-1,-1
400,21,1473.00,110.00,56.00,159.00,0.578319,-1,-1,-1
400,26,796.00,138.00,68.00,173.00,0.406709,-1,-1,-1
400,47,303.00,164.00,74.00,191.00,0.488601,-1,-1,-1
400,51,372.00,206.00,54.00,173.00,0.472979,-1,-1,-1
400,55,402.00,362.00,68.00,213.00,0.767198,-1,-1,-1
400,71,945.00,390.00,73.00,223.00,0.807757,-1,-1,-1
400,72,863.00,407.00,62.00,215.00,0.815619,-1,-1,-1
400,76,326.00,376.00,76.00,183.00,0.782838,-1,-1,-1
400,81,1729.00,104.00,53.00,181.00,0.781621,-1,-1,-1
400,110,1426.00,0.00,45.00,126.00,0.445293,-1,-1,-1
400,123,452.00,203.00,69.00,198.00,0.663110,-1,-1,-1
400,130,1615.00,78.00,53.00,158.00,0.771020,-1,-1,-1
400,131,1124.00,47.00,57.00,157.00,0.642307,-1,-1,-1
400,133,1488.00,0.00,54.00,122.00,0.514141,-1,-1,-1
400,135,1273.00,825.00,107.00,254.00,0.870965,-1,-1,-1
400,139,1753.00,677.00,79.00,249.00,0.743222,-1,-1,-1
400,147,237.00,113.00,54.00,184.00,0.280884,-1,-1,-1
401,5,1721.00,453.00,77.00,212.00,0.808231,-1,-1,-1
401,8,307.00,722.00,86.00,255.00,0.868067,-1,-1,-1
401,12,906.00,954.00,74.00,125.00,0.794246,-1,-1,-1
401,13,1568.00,595.00,107.00,228.00,0.836446,-1,-1,-1
401,20,676.00,279.00,59.00,130.00,0.445314,-1,-1,-1
401,21,1473.00,110.00,56.00,160.00,0.600644,-1,-1,-1
401,26,797.00,139.00,67.00,172.00,0.424612,-1,-1,-1
401,47,304.00,165.00,74.00,190.00,0.482098,-1,-1,-1
401,51,372.00,207.00,54.00,170.00,0.492639,-1,-1,-1
401,55,401.00,363.00,68.00,212.00,0.770941,-1,-1,-1
401,71,944.00,389.00,74.00,222.00,0.815344,-1,-1,-1
401,72,863.00,406.00,61.00,215.00,0.817929,-1,-1,-1
401,76,326.00,378.00,76.00,185.00,0.787032,-1,-1,-1
401,81,1730.00,106.00,52.00,176.00,0.768273,-1,-1,-1
401,110,1424.00,0.00,46.00,125.00,0.430495,-1,-1,-1
401,123,451.00,205.00,69.00,199.00,0.676845,-1,-1,-1
401,130,1617.00,78.00,53.00,158.00,0.770949,-1,-1,-1
401,131,1124.00,48.00,56.00,156.00,0.660753,-1,-1,-1
401,133,1488.00,0.00,54.00,123.00,0.516846,-1,-1,-1
401,135,1271.00,824.00,106.00,255.00,0.876299,-1,-1,-1
401,139,1753.00,678.00,78.00,248.00,0.715356,-1,-1,-1
401,147,237.00,110.00,54.00,187.00,0.295745,-1,-1,-1
401,153,425.00,68.00,59.00,173.00,0.357847,-1,-1,-1
402,5,1720.00,453.00,78.00,213.00,0.800468,-1,-1,-1
402,8,308.00,725.00,86.00,256.00,0.871754,-1,-1,-1
402,12,907.00,954.00,74.00,125.00,0.779418,-1,-1,-1
402,13,1568.00,595.00,107.00,228.00,0.839617,-1,-1,-1
402,20,677.00,279.00,58.00,131.00,0.504680,-1,-1,-1
402,21,1473.00,110.00,56.00,161.00,0.594482,-1,-1,-1
402,26,796.00,139.00,68.00,172.00,0.410589,-1,-1,-1
402,47,304.00,165.00,74.00,190.00,0.501708,-1,-1,-1
402,51,370.00,208.00,56.00,175.00,0.561423,-1,-1,-1
402,55,401.00,365.00,68.00,210.00,0.761145,-1,-1,-1
402,71,944.00,388.00,74.00,223.00,0.825514,-1,-1,-1
402,72,862.00,405.00,62.00,216.00,0.807890,-1,-1,-1
402,76,326.00,379.00,76.00,190.00,0.793009,-1,-1,-1
402,81,1731.00,106.00,51.00,176.00,0.744457,-1,-1,-1
402,110,1423.00,0.00,46.00,123.00,0.442143,-1,-1,-1
402,123,451.00,207.00,69.00,197.00,0.689806,-1,-1,-1
402,130,1618.00,79.00,53.00,157.00,0.762546,-1,-1,-1
402,131,1125.00,48.00,57.00,158.00,0.725413,-1,-1,-1
402,133,1487.00,0.00,54.00,122.00,0.520794,-1,-1,-1
402,135,1268.00,822.00,106.00,257.00,0.881145,-1,-1,-1
402,139,1752.00,677.00,78.00,250.00,0.732044,-1,-1,-1
402,147,239.00,114.00,53.00,184.00,0.331990,-1,-1,-1
402,153,426.00,68.00,59.00,172.00,0.352124,-1,-1,-1
403,5,1720.00,453.00,78.00,213.00,0.816628,-1,-1,-1
403,8,310.00,728.00,86.00,258.00,0.854268,-1,-1,-1
403,12,907.00,954.00,75.00,125.00,0.777475,-1,-1,-1
403,13,1568.00,595.00,107.00,228.00,0.825522,-1,-1,-1
403,20,677.00,280.00,58.00,129.00,0.495409,-1,-1,-1
403,21,1473.00,109.00,56.00,163.00,0.595627,-1,-1,-1
403,26,796.00,139.00,68.00,172.00,0.424957,-1,-1,-1
403,47,303.00,164.00,75.00,191.00,0.511027,-1,-1,-1
403,51,370.00,209.00,55.00,175.00,0.586601,-1,-1,-1
403,55,400.00,365.00,68.00,210.00,0.777490,-1,-1,-1
403,71,943.00,387.00,75.00,223.00,0.826025,-1,-1,-1
403,72,862.00,402.00,62.00,218.00,0.811937,-1,-1,-1
403,76,326.00,381.00,76.00,192.00,0.787274,-1,-1,-1
403,81,1732.00,106.00,51.00,176.00,0.760582,-1,-1,-1
403,110,1424.00,0.00,45.00,121.00,0.492493,-1,-1,-1
403,123,451.00,208.00,68.00,196.00,0.677976,-1,-1,-1
403,130,1619.00,79.00,53.00,158.00,0.773639,-1,-1,-1
403,131,1125.00,49.00,57.00,158.00,0.710277,-1,-1,-1
403,133,1486.00,0.00,55.00,121.00,0.538921,-1,-1,-1
403,135,1266.00,819.00,106.00,260.00,0.883324,-1,-1,-1
403,139,1752.00,678.00,78.00,249.00,0.760540,-1,-1,-1
403,147,239.00,115.00,53.00,183.00,0.325164,-1,-1,-1
403,153,427.00,67.00,59.00,175.00,0.344513,-1,-1,-1
404,5,1719.00,453.00,79.00,213.00,0.800264,-1,-1,-1
404,8,311.00,730.00,87.00,261.00,0.861907,-1,-1,-1
404,12,906.00,954.00,76.00,125.00,0.778250,-1,-1,-1
404,13,1568.00,595.00,107.00,228.00,0.829579,-1,-1,-1
404,20,677.00,280.00,58.00,130.00,0.510377,-1,-1,-1
404,21,1474.00,109.00,55.00,163.00,0.567687,-1,-1,-1
404,26,796.00,139.00,68.00,172.00,0.410489,-1,-1,-1
404,47,303.00,164.00,75.00,190.00,0.529081,-1,-1,-1
404,51,369.00,210.00,56.00,177.00,0.601419,-1,-1,-1
404,55,400.00,365.00,67.00,210.00,0.779539,-1,-1,-1
404,71,942.00,385.00,76.00,223.00,0.829565,-1,-1,-1
404,72,862.00,401.00,62.00,217.00,0.799641,-1,-1,-1
404,76,326.00,382.00,76.00,194.00,0.794347,-1,-1,-1
404,81,1732.00,107.00,52.00,177.00,0.770544,-1,-1,-1
404,110,1422.00,0.00,46.00,123.00,0.460042,-1,-1,-1
404,123,451.00,211.00,67.00,192.00,0.654602,-1,-1,-1
404,130,1620.00,79.00,53.00,159.00,0.763803,-1,-1,-1
404,131,1126.00,49.00,56.00,160.00,0.755458,-1,-1,-1
404,133,1485.00,0.00,55.00,120.00,0.480968,-1,-1,-1
404,135,1264.00,815.00,107.00,264.00,0.877427,-1,-1,-1
404,139,1752.00,677.00,79.00,249.00,0.747367,-1,-1,-1
404,147,240.00,118.00,52.00,180.00,0.333860,-1,-1,-1
404,153,427.00,67.00,60.00,175.00,0.384160,-1,-1,-1
405,5,1719.00,454.00,78.00,212.00,0.789985,-1,-1,-1
405,8,312.00,731.00,87.00,262.00,0.865907,-1,-1,-1
405,12,907.00,954.00,75.00,125.00,0.774077,-1,-1,-1
405,13,1568.00,594.00,106.00,229.00,0.819388,-1,-1,-1
405,20,678.00,281.00,57.00,128.00,0.430825,-1,-1,-1
405,21,1475.00,110.00,55.00,162.00,0.536226,-1,-1,-1
405,26,796.00,139.00,68.00,172.00,0.357267,-1,-1,-1
405,47,304.00,165.00,75.00,189.00,0.542400,-1,-1,-1
405,51,368.00,214.00,55.00,175.00,0.603156,-1,-1,-1
405,55,398.00,366.00,68.00,209.00,0.780381,-1,-1,-1
405,71,941.00,383.00,76.00,222.00,0.828016,-1,-1,-1
405,72,861.00,399.00,61.00,213.00,0.762072,-1,-1,-1
405,76,328.00,385.00,74.00,192.00,0.796852,-1,-1,-1
405,81,1733.00,107.00,51.00,177.00,0.760894,-1,-1,-1
405,110,1421.00,0.00,46.00,123.00,0.524647,-1,-1,-1
405,123,450.00,213.00,67.00,190.00,0.640023,-1,-1,-1
405,130,1620.00,79.00,53.00,159.00,0.775603,-1,-1,-1
405,131,1126.00,49.00,56.00,160.00,0.706356,-1,-1,-1
405,133,1484.00,0.00,56.00,119.00,0.512050,-1,-1,-1
405,135,1263.00,811.00,106.00,268.00,0.872352,-1,-1,-1
405,139,1753.00,676.00,79.00,249.00,0.775604,-1,-1,-1
405,153,428.00,68.00,59.00,173.00,0.407670,-1,-1,-1
406,5,1719.00,454.00,79.00,212.00,0.791262,-1,-1,-1
406,8,314.00,732.00,86.00,262.00,0.860794,-1,-1,-1
406,12,907.00,953.00,76.00,126.00,0.750918,-1,-1,-1
406,13,1568.00,594.00,106.00,228.00,0.823727,-1,-1,-1
406,20,677.00,280.00,58.00,129.00,0.480348,-1,-1,-1
406,21,1476.00,110.00,55.00,162.00,0.516221,-1,-1,-1
406,26,796.00,139.00,68.00,172.00,0.383953,-1,-1,-1
406,47,305.00,165.00,75.00,189.00,0.544289,-1,-1,-1
406,51,367.00,216.00,55.00,175.00,0.576933,-1,-1,-1
406,55,398.00,366.00,68.00,209.00,0.771784,-1,-1,-1
406,71,941.00,381.00,77.00,222.00,0.829735,-1,-1,-1
406,72,860.00,397.00,61.00,210.00,0.775957,-1,-1,-1
406,76,329.00,387.00,73.00,191.00,0.764515,-1,-1,-1
406,81,1734.00,107.00,50.00,177.00,0.758068,-1,-1,-1
406,110,1422.00,0.00,46.00,122.00,0.530566,-1,-1,-1
406,123,449.00,213.00,67.00,191.00,0.646028,-1,-1,-1
406,130,1620.00,79.00,53.00,160.00,0.773491,-1,-1,-1
406,131,1126.00,49.00,56.00,161.00,0.697283,-1,-1,-1
406,133,1484.00,0.00,55.00,117.00,0.518920,-1,-1,-1
406,135,1263.00,808.00,106.00,270.00,0.878215,-1,-1,-1
406,139,1753.00,675.00,79.00,248.00,0.774882,-1,-1,-1
406,153,428.00,68.00,59.00,172.00,0.374700,-1,-1,-1
406,154,489.00,196.00,44.00,180.00,0.357357,-1,-1,-1
407,5,1718.00,453.00,80.00,214.00,0.787081,-1,-1,-1
407,8,316.00,733.00,86.00,261.00,0.868664,-1,-1,-1
407,12,907.00,952.00,77.00,127.00,0.774465,-1,-1,-1
407,13,1567.00,593.00,107.00,230.00,0.846071,-1,-1,-1
407,20,677.00,280.00,58.00,129.00,0.450549,-1,-1,-1
407,21,1476.00,110.00,55.00,162.00,0.517881,-1,-1,-1
407,26,795.00,139.00,68.00,172.00,0.397985,-1,-1,-1
407,47,307.00,164.00,75.00,190.00,0.530241,-1,-1,-1
407,51,366.00,219.00,56.00,173.00,0.532456,-1,-1,-1
407,55,397.00,367.00,68.00,208.00,0.750404,-1,-1,-1
407,71,942.00,379.00,75.00,217.00,0.832342,-1,-1,-1
407,72,860.00,395.00,60.00,205.00,0.802943,-1,-1,-1
407,76,330.00,390.00,73.00,190.00,0.755972,-1,-1,-1
407,81,1734.00,107.00,51.00,178.00,0.751482,-1,-1,-1
407,110,1420.00,0.00,47.00,122.00,0.557784,-1,-1,-1
407,123,448.00,213.00,67.00,191.00,0.587523,-1,-1,-1
407,130,1620.00,80.00,54.00,161.00,0.759496,-1,-1,-1
407,131,1126.00,50.00,57.00,162.00,0.728474,-1,-1,-1
407,133,1484.00,0.00,55.00,115.00,0.527123,-1,-1,-1
407,135,1263.00,803.00,105.00,271.00,0.882555,-1,-1,-1
407,139,1753.00,675.00,80.00,249.00,0.773622,-1,-1,-1
407,153,428.00,68.00,58.00,172.00,0.340285,-1,-1,-1
407,154,489.00,196.00,44.00,181.00,0.368224,-1,-1,-1
408,5,1718.00,453.00,80.00,213.00,0.796503,-1,-1,-1
408,8,318.00,734.00,85.00,260.00,0.868408,-1,-1,-1
408,12,907.00,952.00,77.00,127.00,0.782411,-1,-1,-1
408,13,1568.00,593.00,107.00,230.00,0.826123,-1,-1,-1
408,20,677.00,280.00,58.00,129.00,0.503353,-1,-1,-1
408,21,1476.00,110.00,55.00,163.00,0.520770,-1,-1,-1
408,26,795.00,139.00,68.00,172.00,0.389899,-1,-1,-1
408,47,306.00,164.00,76.00,190.00,0.481239,-1,-1,-1
408,51,365.00,221.00,56.00,171.00,0.488434,-1,-1,-1
408,55,396.00,367.00,68.00,209.00,0.741495,-1,-1,-1
408,71,943.00,376.00,73.00,214.00,0.849104,-1,-1,-1
408,72,860.00,392.00,59.00,204.00,0.826751,-1,-1,-1
408,76,330.00,392.00,72.00,188.00,0.710852,-1,-1,-1
408,81,1735.00,108.00,50.00,177.00,0.775918,-1,-1,-1
408,110,1419.00,0.00,47.00,121.00,0.455346,-1,-1,-1
408,123,446.00,214.00,66.00,190.00,0.617065,-1,-1,-1
408,130,1620.00,81.00,55.00,163.00,0.752342,-1,-1,-1
408,131,1127.00,52.00,57.00,162.00,0.756187,-1,-1,-1
408,133,1484.00,0.00,55.00,115.00,0.481393,-1,-1,-1
408,135,1263.00,799.00,104.00,271.00,0.878047,-1,-1,-1
408,139,1753.00,676.00,79.00,246.00,0.758524,-1,-1,-1
408,153,429.00,68.00,58.00,171.00,0.349594,-1,-1,-1
408,154,488.00,198.00,44.00,178.00,0.379786,-1,-1,-1
409,5,1718.00,454.00,79.00,212.00,0.792746,-1,-1,-1
409,8,319.00,735.00,86.00,259.00,0.873676,-1,-1,-1
409,12,907.00,952.00,77.00,127.00,0.775975,-1,-1,-1
409,13,1569.00,593.00,107.00,231.00,0.818799,-1,-1,-1
409,20,678.00,281.00,57.00,128.00,0.497789,-1,-1,-1
409,21,1475.00,107.00,56.00,166.00,0.509916,-1,-1,-1
409,26,795.00,139.00,68.00,172.00,0.406691,-1,-1,-1
409,47,306.00,164.00,76.00,191.00,0.537610,-1,-1,-1
409,51,364.00,223.00,55.00,170.00,0.522502,-1,-1,-1
409,55,395.00,368.00,68.00,208.00,0.774101,-1,-1,-1
409,71,943.00,374.00,73.00,212.00,0.839095,-1,-1,-1
409,72,859.00,390.00,60.00,205.00,0.814312,-1,-1,-1
409,76,330.00,393.00,72.00,187.00,0.743203,-1,-1,-1
409,81,1737.00,110.00,49.00,175.00,0.771755,-1,-1,-1
409,110,1419.00,0.00,47.00,120.00,0.413327,-1,-1,-1
409,123,445.00,218.00,65.00,186.00,0.598332,-1,-1,-1
409,130,1620.00,84.00,54.00,160.00,0.776518,-1,-1,-1
409,131,1126.00,54.00,58.00,164.00,0.729119,-1,-1,-1
409,133,1484.00,0.00,57.00,117.00,0.497251,-1,-1,-1
409,135,1262.00,796.00,104.00,271.00,0.875359,-1,-1,-1
409,139,1752.00,676.00,80.00,249.00,0.781761,-1,-1,-1
409,153,430.00,69.00,57.00,169.00,0.289583,-1,-1,-1
409,154,488.00,198.00,43.00,176.00,0.347403,-1,-1,-1
410,5,1719.00,454.00,79.00,212.00,0.803854,-1,-1,-1
410,8,320.00,735.00,86.00,259.00,0.880104,-1,-1,-1
410,12,907.00,951.00,78.00,128.00,0.795525,-1,-1,-1
410,13,1570.00,593.00,106.00,231.00,0.820652,-1,-1,-1
410,20,678.00,282.00,57.00,127.00,0.474928,-1,-1,-1
410,21,1475.00,106.00,56.00,167.00,0.516024,-1,-1,-1
410,26,795.00,139.00,68.00,172.00,0.426798,-1,-1,-1
410,47,306.00,165.00,76.00,189.00,0.498994,-1,-1,-1
410,51,362.00,224.00,56.00,172.00,0.514770,-1,-1,-1
410,55,393.00,370.00,70.00,209.00,0.772887,-1,-1,-1
410,71,942.00,372.00,73.00,213.00,0.834804,-1,-1,-1
410,72,858.00,389.00,61.00,206.00,0.816490,-1,-1,-1
410,76,329.00,394.00,73.00,186.00,0.740571,-1,-1,-1
410,81,1738.00,112.00,49.00,176.00,0.741760,-1,-1,-1
410,110,1419.00,0.00,46.00,119.00,0.455033,-1,-1,-1
410,123,444.00,218.00,65.00,187.00,0.622771,-1,-1,-1
410,130,1619.00,86.00,55.00,161.00,0.773074,-1,-1,-1
410,131,1127.00,56.00,58.00,164.00,0.713546,-1,-1,-1
410,133,1484.00,0.00,57.00,118.00,0.554371,-1,-1,-1
410,135,1261.00,793.00,103.00,274.00,0.876754,-1,-1,-1
410,139,1751.00,675.00,81.00,250.00,0.763470,-1,-1,-1
410,153,431.00,70.00,56.00,167.00,0.298070,-1,-1,-1
410,154,488.00,199.00,43.00,173.00,0.361321,-1,-1,-1
411,5,1719.00,453.00,80.00,213.00,0.787178,-1,-1,-1
411,8,322.00,736.00,86.00,256.00,0.888862,-1,-1,-1
411,12,908.00,950.00,77.00,129.00,0.745796,-1,-1,-1
411,13,1570.00,593.00,106.00,231.00,0.821481,-1,-1,-1
411,20,678.00,282.00,58.00,127.00,0.470501,-1,-1,-1
411,21,1475.00,108.00,56.00,164.00,0.522171,-1,-1,-1
411,26,796.00,139.00,68.00,172.00,0.379761,-1,-1,-1
411,47,304.00,164.00,77.00,191.00,0.522619,-1,-1,-1
411,51,362.00,226.00,55.00,170.00,0.506858,-1,-1,-1
411,55,392.00,372.00,71.00,212.00,0.798284,-1,-1,-1
411,71,942.00,371.00,72.00,213.00,0.807841,-1,-1,-1
411,72,858.00,387.00,61.00,209.00,0.816958,-1,-1,-1
411,76,328.00,394.00,73.00,186.00,0.636321,-1,-1,-1
411,81,1738.00,112.00,51.00,179.00,0.715547,-1,-1,-1
411,110,1420.00,0.00,45.00,117.00,0.447535,-1,-1,-1
411,123,443.00,218.00,65.00,187.00,0.589056,-1,-1,-1
411,130,1619.00,88.00,55.00,160.00,0.760235,-1,-1,-1
411,131,1127.00,59.00,58.00,162.00,0.727360,-1,-1,-1
411,133,1484.00,0.00,58.00,119.00,0.490248,-1,-1,-1
411,135,1260.00,791.00,103.00,276.00,0.879905,-1,-1,-1
411,139,1751.00,676.00,81.00,249.00,0.760315,-1,-1,-1
411,153,432.00,71.00,56.00,165.00,0.341593,-1,-1,-1
411,154,489.00,200.00,43.00,172.00,0.333497,-1,-1,-1
412,5,1719.00,454.00,79.00,212.00,0.799082,-1,-1,-1
412,8,323.00,738.00,86.00,254.00,0.889203,-1,-1,-1
412,12,908.00,949.00,78.00,130.00,0.766179,-1,-1,-1
412,13,1569.00,593.00,106.00,231.00,0.809729,-1,-1,-1
412,20,678.00,282.00,58.00,127.00,0.454158,-1,-1,-1
412,21,1476.00,109.00,56.00,164.00,0.546270,-1,-1,-1
412,26,796.00,139.00,68.00,172.00,0.424086,-1,-1,-1
412,47,304.00,165.00,76.00,190.00,0.544932,-1,-1,-1
412,51,360.00,226.00,56.00,171.00,0.524486,-1,-1,-1
412,55,392.00,375.00,71.00,213.00,0.807776,-1,-1,-1
412,71,941.00,369.00,72.00,214.00,0.824239,-1,-1,-1
412,72,858.00,386.00,61.00,210.00,0.823320,-1,-1,-1
412,76,327.00,393.00,73.00,187.00,0.604849,-1,-1,-1
412,81,1740.00,115.00,50.00,177.00,0.725344,-1,-1,-1
412,110,1419.00,0.00,45.00,116.00,0.457593,-1,-1,-1
412,123,440.00,220.00,65.00,185.00,0.578835,-1,-1,-1
412,130,1620.00,90.00,57.00,162.00,0.813253,-1,-1,-1
412,131,1127.00,61.00,59.00,161.00,0.725453,-1,-1,-1
412,133,1485.00,0.00,58.00,119.00,0.526953,-1,-1,-1
412,135,1258.00,789.00,102.00,278.00,0.868738,-1,-1,-1
412,139,1750.00,676.00,82.00,248.00,0.774376,-1,-1,-1
412,153,432.00,71.00,57.00,165.00,0.328488,-1,-1,-1
412,154,488.00,202.00,44.00,172.00,0.378289,-1,-1,-1
413,5,1718.00,454.00,79.00,211.00,0.783763,-1,-1,-1
413,8,323.00,740.00,87.00,256.00,0.894687,-1,-1,-1
413,12,909.00,948.00,77.00,130.00,0.732494,-1,-1,-1
413,13,1569.00,593.00,105.00,230.00,0.817653,-1,-1,-1
413,20,677.00,280.00,59.00,129.00,0.403199,-1,-1,-1
413,21,1476.00,110.00,56.00,165.00,0.521587,-1,-1,-1
413,26,797.00,139.00,67.00,171.00,0.343863,-1,-1,-1
413,47,303.00,165.00,76.00,190.00,0.597051,-1,-1,-1
413,51,360.00,226.00,55.00,170.00,0.575406,-1,-1,-1
413,55,392.00,376.00,72.00,216.00,0.819905,-1,-1,-1
413,71,941.00,368.00,71.00,216.00,0.814632,-1,-1,-1
413,72,858.00,386.00,61.00,209.00,0.802731,-1,-1,-1
413,76,325.00,389.00,75.00,191.00,0.654315,-1,-1,-1
413,81,1740.00,119.00,51.00,178.00,0.700282,-1,-1,-1
413,110,1418.00,0.00,45.00,116.00,0.387087,-1,-1,-1
413,123,440.00,222.00,64.00,185.00,0.587716,-1,-1,-1
413,130,1622.00,91.00,56.00,163.00,0.854317,-1,-1,-1
413,131,1128.00,63.00,59.00,162.00,0.720698,-1,-1,-1
413,133,1485.00,0.00,58.00,119.00,0.421029,-1,-1,-1
413,135,1257.00,788.00,102.00,279.00,0.869373,-1,-1,-1
413,139,1749.00,675.00,81.00,249.00,0.737151,-1,-1,-1
413,153,433.00,71.00,56.00,165.00,0.388472,-1,-1,-1
413,154,489.00,204.00,42.00,167.00,0.325724,-1,-1,-1
414,5,1719.00,454.00,79.00,211.00,0.792072,-1,-1,-1
414,8,323.00,742.00,89.00,259.00,0.898086,-1,-1,-1
414,12,909.00,947.00,78.00,132.00,0.768220,-1,-1,-1
414,13,1568.00,593.00,106.00,231.00,0.816323,-1,-1,-1
414,20,678.00,281.00,57.00,128.00,0.418363,-1,-1,-1
414,21,1475.00,112.00,57.00,165.00,0.498313,-1,-1,-1
414,26,796.00,139.00,68.00,171.00,0.409813,-1,-1,-1
414,47,303.00,165.00,76.00,190.00,0.594691,-1,-1,-1
414,51,358.00,226.00,56.00,171.00,0.625536,-1,-1,-1
414,55,392.00,379.00,72.00,215.00,0.837597,-1,-1,-1
414,71,940.00,367.00,71.00,216.00,0.814182,-1,-1,-1
414,72,858.00,385.00,61.00,211.00,0.807242,-1,-1,-1
414,76,327.00,392.00,73.00,187.00,0.697516,-1,-1,-1
414,81,1740.00,117.00,53.00,183.00,0.685327,-1,-1,-1
414,110,1415.00,0.00,46.00,116.00,0.410125,-1,-1,-1
414,123,437.00,223.00,65.00,185.00,0.530823,-1,-1,-1
414,130,1623.00,93.00,56.00,162.00,0.870175,-1,-1,-1
414,131,1128.00,64.00,60.00,163.00,0.713871,-1,-1,-1
414,133,1486.00,0.00,57.00,118.00,0.455573,-1,-1,-1
414,135,1255.00,787.00,101.00,279.00,0.870889,-1,-1,-1
414,139,1748.00,674.00,82.00,249.00,0.737111,-1,-1,-1
414,153,433.00,71.00,56.00,166.00,0.357283,-1,-1,-1
414,154,488.00,205.00,44.00,171.00,0.364300,-1,-1,-1
415,5,1719.00,453.00,79.00,212.00,0.800115,-1,-1,-1
415,8,323.00,744.00,90.00,263.00,0.897883,-1,-1,-1
415,12,910.00,946.00,78.00,133.00,0.725057,-1,-1,-1
415,13,1568.00,593.00,105.00,231.00,0.820159,-1,-1,-1
415,20,678.00,282.00,57.00,127.00,0.445967,-1,-1,-1
415,21,1476.00,117.00,56.00,162.00,0.487345,-1,-1,-1
415,26,796.00,139.00,68.00,173.00,0.382147,-1,-1,-1
415,47,304.00,165.00,75.00,190.00,0.564684,-1,-1,-1
415,51,358.00,227.00,55.00,170.00,0.512246,-1,-1,-1
415,55,392.00,381.00,72.00,215.00,0.839759,-1,-1,-1
415,71,940.00,367.00,70.00,216.00,0.815026,-1,-1,-1
415,72,858.00,384.00,61.00,213.00,0.797140,-1,-1,-1
415,76,326.00,395.00,72.00,184.00,0.713967,-1,-1,-1
415,81,1741.00,120.00,52.00,178.00,0.678925,-1,-1,-1
415,110,1414.00,0.00,46.00,116.00,0.410342,-1,-1,-1
415,123,436.00,222.00,65.00,186.00,0.588558,-1,-1,-1
415,130,1623.00,94.00,56.00,161.00,0.876157,-1,-1,-1
415,131,1129.00,65.00,61.00,164.00,0.685221,-1,-1,-1
415,133,1487.00,0.00,56.00,114.00,0.476005,-1,-1,-1
415,135,1254.00,785.00,101.00,281.00,0.874910,-1,-1,-1
415,139,1749.00,674.00,82.00,249.00,0.760132,-1,-1,-1
415,153,433.00,71.00,57.00,167.00,0.335148,-1,-1,-1
415,154,488.00,207.00,45.00,173.00,0.338991,-1,-1,-1
416,5,1719.00,453.00,79.00,213.00,0.803971,-1,-1,-1
416,8,323.00,747.00,91.00,264.00,0.895592,-1,-1,-1
416,12,911.00,945.00,78.00,134.00,0.766461,-1,-1,-1
416,13,1568.00,593.00,105.00,231.00,0.798649,-1,-1,-1
416,20,678.00,282.00,57.00,127.00,0.451231,-1,-1,-1
416,21,1476.00,120.00,56.00,161.00,0.478915,-1,-1,-1
416,26,796.00,139.00,68.00,172.00,0.386673,-1,-1,-1
416,47,305.00,165.00,75.00,190.00,0.546293,-1,-1,-1
416,51,356.00,225.00,56.00,172.00,0.470364,-1,-1,-1
416,55,391.00,383.00,73.00,215.00,0.821881,-1,-1,-1
416,71,940.00,367.00,69.00,216.00,0.773778,-1,-1,-1
416,72,857.00,383.00,62.00,214.00,0.787653,-1,-1,-1
416,76,325.00,395.00,73.00,185.00,0.746030,-1,-1,-1
416,81,1742.00,126.00,50.00,167.00,0.692421,-1,-1,-1
416,110,1413.00,0.00,47.00,116.00,0.423755,-1,-1,-1
416,123,435.00,223.00,66.00,186.00,0.556784,-1,-1,-1
416,130,1624.00,95.00,56.00,161.00,0.852313,-1,-1,-1
416,131,1130.00,66.00,61.00,164.00,0.700564,-1,-1,-1
416,133,1488.00,0.00,55.00,112.00,0.459110,-1,-1,-1
416,135,1253.00,784.00,99.00,280.00,0.875170,-1,-1,-1
416,139,1749.00,675.00,82.00,249.00,0.778081,-1,-1,-1
416,147,239.00,125.00,51.00,173.00,0.265246,-1,-1,-1
416,153,433.00,70.00,57.00,170.00,0.358257,-1,-1,-1
416,154,487.00,209.00,46.00,178.00,0.343504,-1,-1,-1
417,5,1718.00,453.00,80.00,213.00,0.804429,-1,-1,-1
417,8,324.00,751.00,90.00,261.00,0.891531,-1,-1,-1
417,12,912.00,944.00,78.00,135.00,0.757700,-1,-1,-1
417,13,1567.00,593.00,105.00,231.00,0.806538,-1,-1,-1
417,20,678.00,281.00,58.00,127.00,0.392547,-1,-1,-1
417,21,1477.00,124.00,54.00,158.00,0.521332,-1,-1,-1
417,26,796.00,139.00,68.00,172.00,0.409525,-1,-1,-1
417,47,305.00,166.00,74.00,190.00,0.530463,-1,-1,-1
417,51,355.00,225.00,56.00,172.00,0.466633,-1,-1,-1
417,55,391.00,385.00,72.00,214.00,0.774727,-1,-1,-1
417,71,939.00,366.00,69.00,216.00,0.757999,-1,-1,-1
417,72,857.00,382.00,62.00,214.00,0.787592,-1,-1,-1
417,76,324.00,394.00,75.00,190.00,0.728087,-1,-1,-1
417,81,1742.00,127.00,52.00,168.00,0.717978,-1,-1,-1
417,110,1414.00,0.00,46.00,116.00,0.404209,-1,-1,-1
417,123,435.00,224.00,65.00,187.00,0.574287,-1,-1,-1
417,130,1625.00,95.00,56.00,161.00,0.808355,-1,-1,-1
417,131,1131.00,66.00,61.00,163.00,0.717471,-1,-1,-1
417,133,1488.00,0.00,54.00,110.00,0.465005,-1,-1,-1
417,135,1251.00,783.00,99.00,281.00,0.876397,-1,-1,-1
417,139,1748.00,674.00,83.00,250.00,0.773556,-1,-1,-1
417,147,238.00,123.00,52.00,176.00,0.277924,-1,-1,-1
417,153,433.00,71.00,57.00,170.00,0.317000,-1,-1,-1
417,154,487.00,210.00,46.00,178.00,0.329710,-1,-1,-1
418,5,1719.00,453.00,80.00,213.00,0.803694,-1,-1,-1
418,8,324.00,754.00,90.00,260.00,0.889557,-1,-1,-1
418,12,913.00,943.00,78.00,136.00,0.766115,-1,-1,-1
418,13,1567.00,592.00,106.00,232.00,0.834608,-1,-1,-1
418,20,678.00,281.00,58.00,128.00,0.449272,-1,-1,-1
418,21,1476.00,125.00,55.00,158.00,0.492226,-1,-1,-1
418,26,796.00,139.00,68.00,172.00,0.409013,-1,-1,-1
418,47,305.00,166.00,74.00,190.00,0.490239,-1,-1,-1
418,51,353.00,224.00,57.00,175.00,0.374500,-1,-1,-1
418,55,390.00,386.00,73.00,213.00,0.786997,-1,-1,-1
418,71,938.00,366.00,68.00,216.00,0.764182,-1,-1,-1
418,72,857.00,380.00,62.00,214.00,0.794890,-1,-1,-1
418,76,325.00,399.00,74.00,188.00,0.728483,-1,-1,-1
418,81,1745.00,128.00,53.00,168.00,0.704983,-1,-1,-1
418,110,1415.00,0.00,46.00,117.00,0.395145,-1,-1,-1
418,123,432.00,224.00,67.00,189.00,0.571417,-1,-1,-1
418,130,1626.00,95.00,56.00,161.00,0.813708,-1,-1,-1
418,131,1132.00,66.00,62.00,163.00,0.691610,-1,-1,-1
418,133,1489.00,0.00,53.00,109.00,0.405793,-1,-1,-1
418,135,1249.00,781.00,99.00,281.00,0.877563,-1,-1,-1
418,139,1748.00,674.00,83.00,250.00,0.778361,-1,-1,-1
418,147,238.00,124.00,52.00,176.00,0.294131,-1,-1,-1
418,153,433.00,71.00,57.00,171.00,0.317271,-1,-1,-1
418,154,485.00,212.00,48.00,181.00,0.506334,-1,-1,-1
419,5,1719.00,453.00,80.00,213.00,0.815888,-1,-1,-1
419,8,324.00,756.00,90.00,262.00,0.896179,-1,-1,-1
419,12,914.00,943.00,78.00,136.00,0.783885,-1,-1,-1
419,13,1567.00,593.00,106.00,231.00,0.823666,-1,-1,-1
419,20,678.00,282.00,58.00,127.00,0.422598,-1,-1,-1
419,21,1475.00,126.00,55.00,159.00,0.494815,-1,-1,-1
419,26,795.00,139.00,68.00,173.00,0.427461,-1,-1,-1
419,47,306.00,166.00,72.00,190.00,0.456179,-1,-1,-1
419,51,350.00,214.00,59.00,186.00,0.345226,-1,-1,-1
419,55,391.00,387.00,72.00,212.00,0.764793,-1,-1,-1
419,71,937.00,365.00,68.00,216.00,0.764560,-1,-1,-1
419,72,856.00,378.00,62.00,214.00,0.804612,-1,-1,-1
419,76,325.00,403.00,75.00,190.00,0.733606,-1,-1,-1
419,81,1748.00,129.00,53.00,168.00,0.723656,-1,-1,-1
419,110,1415.00,0.00,46.00,117.00,0.366064,-1,-1,-1
419,123,432.00,225.00,66.00,190.00,0.615756,-1,-1,-1
419,130,1627.00,95.00,56.00,160.00,0.789363,-1,-1,-1
419,131,1133.00,66.00,61.00,163.00,0.651976,-1,-1,-1
419,133,1489.00,0.00,53.00,109.00,0.398468,-1,-1,-1
419,135,1248.00,778.00,99.00,283.00,0.882852,-1,-1,-1
419,139,1747.00,674.00,84.00,250.00,0.771872,-1,-1,-1
419,147,238.00,123.00,52.00,177.00,0.317996,-1,-1,-1
419,153,432.00,72.00,58.00,172.00,0.359783,-1,-1,-1
419,154,484.00,213.00,50.00,182.00,0.496821,-1,-1,-1
420,5,1720.00,454.00,79.00,211.00,0.806995,-1,-1,-1
420,8,323.00,758.00,91.00,265.00,0.895873,-1,-1,-1
420,12,915.00,942.00,78.00,137.00,0.785166,-1,-1,-1
420,13,1568.00,593.00,104.00,230.00,0.804303,-1,-1,-1
420,20,677.00,281.00,59.00,128.00,0.410102,-1,-1,-1
420,21,1474.00,129.00,56.00,158.00,0.529039,-1,-1,-1
420,26,795.00,138.00,69.00,174.00,0.400663,-1,-1,-1
420,29,551.00,111.00,63.00,177.00,0.353390,-1,-1,-1
420,47,307.00,165.00,72.00,191.00,0.386624,-1,-1,-1
420,51,349.00,220.00,57.00,180.00,0.421257,-1,-1,-1
420,55,391.00,387.00,72.00,212.00,0.776459,-1,-1,-1
420,71,936.00,363.00,67.00,216.00,0.743816,-1,-1,-1
420,72,856.00,376.00,62.00,214.00,0.789631,-1,-1,-1
420,76,324.00,403.00,77.00,195.00,0.739860,-1,-1,-1
420,81,1749.00,130.00,55.00,169.00,0.750594,-1,-1,-1
420,110,1414.00,0.00,46.00,117.00,0.326117,-1,-1,-1
420,123,431.00,226.00,65.00,188.00,0.523534,-1,-1,-1
420,130,1628.00,95.00,56.00,161.00,0.812154,-1,-1,-1
420,131,1135.00,66.00,61.00,162.00,0.695704,-1,-1,-1
420,133,1489.00,0.00,53.00,108.00,0.429647,-1,-1,-1
420,135,1247.00,776.00,98.00,282.00,0.882160,-1,-1,-1
420,139,1746.00,674.00,84.00,248.00,0.790000,-1,-1,-1
420,153,433.00,72.00,57.00,173.00,0.337153,-1,-1,-1
420,154,484.00,213.00,50.00,183.00,0.470527,-1,-1,-1
421,5,1719.00,454.00,79.00,212.00,0.803202,-1,-1,-1
421,8,322.00,760.00,92.00,266.00,0.893489,-1,-1,-1
421,12,916.00,941.00,77.00,138.00,0.774614,-1,-1,-1
421,13,1569.00,594.00,104.00,229.00,0.813941,-1,-1,-1
421,20,678.00,280.00,59.00,128.00,0.440120,-1,-1,-1
421,21,1473.00,129.00,57.00,160.00,0.565164,-1,-1,-1
421,26,795.00,138.00,69.00,174.00,0.393553,-1,-1,-1
421,29,551.00,114.00,62.00,174.00,0.357923,-1,-1,-1
421,47,309.00,164.00,73.00,195.00,0.391929,-1,-1,-1
421,55,391.00,388.00,72.00,211.00,0.778404,-1,-1,-1
421,71,935.00,362.00,67.00,217.00,0.763006,-1,-1,-1
421,72,857.00,374.00,61.00,212.00,0.789113,-1,-1,-1
421,76,323.00,405.00,78.00,196.00,0.767821,-1,-1,-1
421,81,1751.00,131.00,55.00,167.00,0.742754,-1,-1,-1
421,110,1413.00,0.00,46.00,117.00,0.359771,-1,-1,-1
421,123,430.00,226.00,65.00,187.00,0.590059,-1,-1,-1
421,130,1630.00,96.00,55.00,160.00,0.801035,-1,-1,-1
421,131,1136.00,67.00,61.00,162.00,0.667180,-1,-1,-1
421,133,1489.00,0.00,52.00,107.00,0.405459,-1,-1,-1
421,135,1247.00,772.00,96.00,280.00,0.879634,-1,-1,-1
421,139,1746.00,674.00,84.00,248.00,0.808823,-1,-1,-1
421,153,433.00,72.00,58.00,173.00,0.314664,-1,-1,-1
421,154,483.00,216.00,51.00,181.00,0.522348,-1,-1,-1
422,5,1720.00,453.00,78.00,212.00,0.806829,-1,-1,-1
422,8,321.00,763.00,92.00,267.00,0.888065,-1,-1,-1
422,12,916.00,939.00,78.00,140.00,0.764702,-1,-1,-1
422,13,1568.00,592.00,105.00,231.00,0.825013,-1,-1,-1
422,20,678.00,281.00,59.00,127.00,0.447467,-1,-1,-1
422,21,1472.00,130.00,58.00,160.00,0.577859,-1,-1,-1
422,26,795.00,138.00,69.00,174.00,0.408030,-1,-1,-1
422,29,551.00,115.00,61.00,172.00,0.318955,-1,-1,-1
422,47,311.00,162.00,83.00,223.00,0.349541,-1,-1,-1
422,55,391.00,388.00,73.00,211.00,0.804207,-1,-1,-1
422,71,935.00,360.00,64.00,209.00,0.761151,-1,-1,-1
422,72,857.00,372.00,61.00,209.00,0.786153,-1,-1,-1
422,76,322.00,407.00,78.00,196.00,0.773171,-1,-1,-1
422,81,1752.00,130.00,56.00,168.00,0.738206,-1,-1,-1
422,110,1412.00,0.00,46.00,116.00,0.386416,-1,-1,-1
422,123,429.00,227.00,65.00,185.00,0.567393,-1,-1,-1
422,130,1631.00,97.00,56.00,161.00,0.797526,-1,-1,-1
422,131,1138.00,68.00,61.00,163.00,0.687772,-1,-1,-1
422,133,1488.00,0.00,53.00,106.00,0.392186,-1,-1,-1
422,135,1246.00,768.00,94.00,278.00,0.890091,-1,-1,-1
422,139,1745.00,674.00,85.00,249.00,0.796504,-1,-1,-1
422,153,434.00,73.00,57.00,172.00,0.325058,-1,-1,-1
422,154,483.00,216.00,51.00,182.00,0.501303,-1,-1,-1
423,5,1720.00,454.00,78.00,212.00,0.802543,-1,-1,-1
423,8,321.00,764.00,92.00,268.00,0.887436,-1,-1,-1
423,12,918.00,938.00,77.00,141.00,0.783830,-1,-1,-1
423,13,1568.00,592.00,106.00,231.00,0.835769,-1,-1,-1
423,20,678.00,281.00,58.00,127.00,0.451361,-1,-1,-1
423,21,1472.00,131.00,58.00,160.00,0.593319,-1,-1,-1
423,26,795.00,138.00,69.00,174.00,0.352032,-1,-1,-1
423,29,550.00,116.00,61.00,171.00,0.352977,-1,-1,-1
423,47,311.00,162.00,86.00,236.00,0.315940,-1,-1,-1
423,55,392.00,389.00,72.00,210.00,0.803514,-1,-1,-1
423,71,933.00,357.00,65.00,210.00,0.783875,-1,-1,-1
423,72,856.00,369.00,61.00,210.00,0.798443,-1,-1,-1
423,76,322.00,409.00,78.00,196.00,0.781096,-1,-1,-1
423,81,1753.00,131.00,58.00,171.00,0.749288,-1,-1,-1
423,110,1412.00,0.00,46.00,115.00,0.356979,-1,-1,-1
423,123,429.00,227.00,65.00,185.00,0.372813,-1,-1,-1
423,130,1632.00,99.00,56.00,163.00,0.772195,-1,-1,-1
423,131,1140.00,69.00,61.00,163.00,0.656285,-1,-1,-1
423,133,1487.00,0.00,52.00,105.00,0.264435,-1,-1,-1
423,135,1245.00,764.00,93.00,274.00,0.876247,-1,-1,-1
423,139,1745.00,675.00,85.00,246.00,0.787584,-1,-1,-1
423,153,434.00,74.00,57.00,171.00,0.303615,-1,-1,-1
423,154,483.00,216.00,51.00,180.00,0.531045,-1,-1,-1
424,5,1720.00,453.00,78.00,213.00,0.806362,-1,-1,-1
424,8,321.00,765.00,92.00,267.00,0.887945,-1,-1,-1
424,12,920.00,937.00,76.00,142.00,0.792366,-1,-1,-1
424,13,1568.00,591.00,106.00,232.00,0.834265,-1,-1,-1
424,20,678.00,283.00,58.00,125.00,0.395270,-1,-1,-1
424,21,1471.00,133.00,59.00,159.00,0.624031,-1,-1,-1
424,26,795.00,138.00,69.00,174.00,0.385626,-1,-1,-1
424,29,550.00,115.00,61.00,172.00,0.375211,-1,-1,-1
424,47,314.00,162.00,88.00,245.00,0.350757,-1,-1,-1
424,55,393.00,390.00,71.00,208.00,0.799707,-1,-1,-1
424,71,931.00,353.00,64.00,210.00,0.788936,-1,-1,-1
424,72,857.00,367.00,60.00,207.00,0.802136,-1,-1,-1
424,76,321.00,409.00,79.00,197.00,0.785662,-1,-1,-1
424,81,1755.00,132.00,59.00,172.00,0.767101,-1,-1,-1
424,110,1411.00,0.00,46.00,115.00,0.379240,-1,-1,-1
424,123,427.00,229.00,66.00,184.00,0.393192,-1,-1,-1
424,130,1632.00,101.00,57.00,162.00,0.765324,-1,-1,-1
424,131,1142.00,70.00,61.00,165.00,0.657473,-1,-1,-1
424,133,1486.00,0.00,52.00,105.00,0.273486,-1,-1,-1
424,135,1244.00,760.00,90.00,266.00,0.874845,-1,-1,-1
424,139,1743.00,673.00,87.00,250.00,0.781699,-1,-1,-1
424,153,435.00,74.00,56.00,171.00,0.303680,-1,-1,-1
424,154,483.00,216.00,52.00,180.00,0.555193,-1,-1,-1
425,5,1720.00,453.00,78.00,213.00,0.801307,-1,-1,-1
425,8,321.00,767.00,91.00,266.00,0.889432,-1,-1,-1
425,12,920.00,936.00,77.00,143.00,0.810459,-1,-1,-1
425,13,1568.00,592.00,105.00,231.00,0.847662,-1,-1,-1
425,20,678.00,282.00,58.00,126.00,0.430164,-1,-1,-1
425,21,1471.00,134.00,58.00,158.00,0.632023,-1,-1,-1
425,26,795.00,138.00,68.00,174.00,0.399858,-1,-1,-1
425,29,550.00,115.00,61.00,172.00,0.370552,-1,-1,-1
425,47,314.00,162.00,86.00,245.00,0.351704,-1,-1,-1
425,55,393.00,391.00,71.00,208.00,0.787413,-1,-1,-1
425,71,930.00,350.00,65.00,211.00,0.786063,-1,-1,-1
425,72,856.00,365.00,61.00,207.00,0.818825,-1,-1,-1
425,76,322.00,410.00,78.00,195.00,0.796286,-1,-1,-1
425,81,1756.00,133.00,59.00,173.00,0.778839,-1,-1,-1
425,110,1410.00,0.00,46.00,114.00,0.339049,-1,-1,-1
425,123,425.00,229.00,66.00,184.00,0.505445,-1,-1,-1
425,130,1633.00,103.00,56.00,162.00,0.757544,-1,-1,-1
425,131,1143.00,73.00,61.00,164.00,0.639586,-1,-1,-1
425,133,1483.00,0.00,53.00,104.00,0.359597,-1,-1,-1
425,135,1243.00,756.00,89.00,263.00,0.861460,-1,-1,-1
425,139,1743.00,672.00,87.00,252.00,0.787280,-1,-1,-1
425,153,436.00,75.00,56.00,170.00,0.347842,-1,-1,-1
425,154,481.00,216.00,53.00,180.00,0.591044,-1,-1,-1
426,5,1720.00,453.00,78.00,213.00,0.797066,-1,-1,-1
426,8,321.00,767.00,91.00,266.00,0.888455,-1,-1,-1
426,12,921.00,935.00,76.00,144.00,0.797312,-1,-1,-1
426,13,1568.00,591.00,105.00,232.00,0.857257,-1,-1,-1
426,20,677.00,281.00,59.00,127.00,0.376277,-1,-1,-1
426,21,1470.00,135.00,59.00,158.00,0.642587,-1,-1,-1
426,26,796.00,138.00,68.00,173.00,0.398221,-1,-1,-1
426,29,549.00,116.00,60.00,170.00,0.328773,-1,-1,-1
426,51,347.00,233.00,56.00,181.00,0.492575,-1,-1,-1
426,55,393.00,391.00,71.00,207.00,0.759813,-1,-1,-1
426,71,929.00,348.00,65.00,212.00,0.799305,-1,-1,-1
426,72,854.00,363.00,63.00,208.00,0.796899,-1,-1,-1
426,76,321.00,410.00,80.00,196.00,0.798814,-1,-1,-1
426,81,1756.00,134.00,62.00,181.00,0.787621,-1,-1,-1
426,110,1409.00,0.00,46.00,112.00,0.353422,-1,-1,-1
426,123,423.00,229.00,67.00,186.00,0.609198,-1,-1,-1
426,130,1634.00,104.00,56.00,162.00,0.770480,-1,-1,-1
426,131,1145.00,76.00,59.00,163.00,0.615917,-1,-1,-1
426,133,1481.00,0.00,53.00,104.00,0.343506,-1,-1,-1
426,135,1241.00,752.00,89.00,265.00,0.860163,-1,-1,-1
426,139,1742.00,672.00,88.00,252.00,0.787575,-1,-1,-1
426,153,436.00,74.00,56.00,171.00,0.279279,-1,-1,-1
426,154,481.00,216.00,53.00,179.00,0.577137,-1,-1,-1
427,5,1719.00,454.00,78.00,212.00,0.799211,-1,-1,-1
427,8,321.00,769.00,90.00,264.00,0.889862,-1,-1,-1
427,12,922.00,934.00,76.00,145.00,0.771155,-1,-1,-1
427,13,1568.00,591.00,106.00,233.00,0.856378,-1,-1,-1
427,20,677.00,281.00,59.00,127.00,0.431717,-1,-1,-1
427,21,1469.00,135.00,59.00,158.00,0.645400,-1,-1,-1
427,26,796.00,138.00,68.00,173.00,0.397653,-1,-1,-1
427,29,548.00,116.00,60.00,171.00,0.339374,-1,-1,-1
427,51,348.00,235.00,55.00,181.00,0.538085,-1,-1,-1
427,55,393.00,393.00,70.00,208.00,0.750443,-1,-1,-1
427,71,928.00,346.00,66.00,213.00,0.799179,-1,-1,-1
427,72,853.00,362.00,63.00,208.00,0.774874,-1,-1,-1
427,76,320.00,411.00,79.00,195.00,0.770918,-1,-1,-1
427,81,1757.00,136.00,61.00,182.00,0.757354,-1,-1,-1
427,110,1407.00,0.00,46.00,109.00,0.272549,-1,-1,-1
427,123,422.00,228.00,67.00,190.00,0.689979,-1,-1,-1
427,130,1634.00,105.00,56.00,161.00,0.737175,-1,-1,-1
427,131,1146.00,78.00,60.00,163.00,0.628311,-1,-1,-1
427,133,1479.00,0.00,54.00,104.00,0.363755,-1,-1,-1
427,135,1239.00,750.00,90.00,266.00,0.860723,-1,-1,-1
427,139,1742.00,672.00,89.00,253.00,0.796211,-1,-1,-1
427,153,437.00,74.00,55.00,172.00,0.256363,-1,-1,-1
427,154,481.00,217.00,54.00,179.00,0.620182,-1,-1,-1
428,5,1719.00,454.00,78.00,211.00,0.790066,-1,-1,-1
428,8,321.00,770.00,90.00,263.00,0.888389,-1,-1,-1
428,12,923.00,932.00,75.00,147.00,0.780458,-1,-1,-1
428,13,1568.00,591.00,107.00,233.00,0.848585,-1,-1,-1
428,20,678.00,281.00,58.00,127.00,0.444958,-1,-1,-1
428,21,1468.00,135.00,60.00,158.00,0.615970,-1,-1,-1
428,26,796.00,138.00,68.00,173.00,0.403849,-1,-1,-1
428,29,548.00,115.00,60.00,172.00,0.348660,-1,-1,-1
428,51,348.00,236.00,54.00,181.00,0.519840,-1,-1,-1
428,55,392.00,393.00,72.00,212.00,0.758239,-1,-1,-1
428,71,928.00,345.00,66.00,213.00,0.770427,-1,-1,-1
428,72,852.00,362.00,64.00,208.00,0.775766,-1,-1,-1
428,76,318.00,413.00,79.00,193.00,0.746394,-1,-1,-1
428,81,1758.00,137.00,61.00,183.00,0.748738,-1,-1,-1
428,123,422.00,230.00,68.00,191.00,0.691968,-1,-1,-1
428,130,1634.00,107.00,56.00,158.00,0.736775,-1,-1,-1
428,131,1147.00,79.00,60.00,164.00,0.609761,-1,-1,-1
428,133,1477.00,0.00,55.00,105.00,0.332714,-1,-1,-1
428,135,1238.00,747.00,90.00,268.00,0.858675,-1,-1,-1
428,139,1742.00,672.00,89.00,254.00,0.795401,-1,-1,-1
428,153,438.00,73.00,55.00,173.00,0.257926,-1,-1,-1
428,154,481.00,218.00,54.00,178.00,0.643394,-1,-1,-1
429,5,1719.00,453.00,78.00,211.00,0.805459,-1,-1,-1
429,8,322.00,771.00,89.00,263.00,0.884859,-1,-1,-1
429,12,923.00,931.00,75.00,148.00,0.787335,-1,-1,-1
429,13,1569.00,592.00,105.00,232.00,0.868632,-1,-1,-1
429,20,677.00,280.00,59.00,128.00,0.372263,-1,-1,-1
429,21,1468.00,135.00,60.00,158.00,0.629322,-1,-1,-1
429,26,796.00,139.00,67.00,172.00,0.384052,-1,-1,-1
429,29,549.00,115.00,59.00,170.00,0.274781,-1,-1,-1
429,51,346.00,238.00,54.00,181.00,0.543450,-1,-1,-1
429,55,392.00,394.00,72.00,215.00,0.753775,-1,-1,-1
429,71,928.00,344.00,67.00,214.00,0.780286,-1,-1,-1
429,72,852.00,361.00,64.00,210.00,0.773410,-1,-1,-1
429,76,316.00,414.00,78.00,192.00,0.734072,-1,-1,-1
429,81,1759.00,140.00,60.00,177.00,0.765508,-1,-1,-1
429,123,420.00,231.00,69.00,193.00,0.689194,-1,-1,-1
429,130,1636.00,108.00,56.00,158.00,0.759273,-1,-1,-1
429,131,1148.00,81.00,60.00,164.00,0.645568,-1,-1,-1
429,133,1477.00,0.00,53.00,104.00,0.389979,-1,-1,-1
429,135,1236.00,745.00,91.00,270.00,0.861513,-1,-1,-1
429,139,1741.00,672.00,90.00,254.00,0.804847,-1,-1,-1
429,154,482.00,219.00,55.00,178.00,0.613204,-1,-1,-1
430,5,1719.00,454.00,78.00,210.00,0.800105,-1,-1,-1
430,8,322.00,772.00,89.00,261.00,0.881480,-1,-1,-1
430,12,924.00,931.00,75.00,148.00,0.779323,-1,-1,-1
430,13,1568.00,592.00,106.00,231.00,0.859326,-1,-1,-1
430,20,678.00,281.00,58.00,127.00,0.425316,-1,-1,-1
430,21,1469.00,134.00,60.00,159.00,0.612212,-1,-1,-1
430,26,795.00,139.00,68.00,173.00,0.365778,-1,-1,-1
430,29,548.00,114.00,59.00,173.00,0.293490,-1,-1,-1
430,51,342.00,240.00,55.00,182.00,0.468009,-1,-1,-1
430,55,391.00,395.00,72.00,218.00,0.749995,-1,-1,-1
430,71,927.00,343.00,68.00,216.00,0.776439,-1,-1,-1
430,72,851.00,361.00,65.00,211.00,0.766455,-1,-1,-1
430,76,314.00,413.00,79.00,194.00,0.717000,-1,-1,-1
430,81,1761.00,142.00,58.00,172.00,0.700243,-1,-1,-1
430,123,419.00,231.00,70.00,198.00,0.699513,-1,-1,-1
430,130,1638.00,108.00,55.00,159.00,0.760178,-1,-1,-1
430,131,1149.00,82.00,59.00,164.00,0.617572,-1,-1,-1
430,133,1476.00,0.00,54.00,105.00,0.414459,-1,-1,-1
430,135,1235.00,744.00,91.00,272.00,0.850858,-1,-1,-1
430,139,1741.00,672.00,90.00,252.00,0.805686,-1,-1,-1
430,154,482.00,220.00,56.00,180.00,0.597378,-1,-1,-1
431,5,1719.00,453.00,79.00,212.00,0.791605,-1,-1,-1
431,8,321.00,773.00,89.00,260.00,0.874249,-1,-1,-1
431,12,925.00,930.00,74.00,149.00,0.763509,-1,-1,-1
431,13,1568.00,593.00,106.00,230.00,0.850374,-1,-1,-1
431,20,677.00,280.00,59.00,128.00,0.388949,-1,-1,-1
431,21,1469.00,133.00,61.00,161.00,0.581484,-1,-1,-1
431,26,795.00,138.00,68.00,174.00,0.355832,-1,-1,-1
431,29,547.00,115.00,59.00,173.00,0.326564,-1,-1,-1
431,51,341.00,242.00,55.00,181.00,0.492009,-1,-1,-1
431,55,391.00,398.00,72.00,218.00,0.757526,-1,-1,-1
431,71,926.00,342.00,69.00,217.00,0.778227,-1,-1,-1
431,72,850.00,360.00,65.00,210.00,0.762520,-1,-1,-1
431,76,313.00,412.00,78.00,193.00,0.725700,-1,-1,-1
431,81,1761.00,144.00,57.00,172.00,0.727027,-1,-1,-1
431,123,418.00,232.00,71.00,201.00,0.661447,-1,-1,-1
431,130,1640.00,108.00,56.00,159.00,0.773450,-1,-1,-1
431,131,1150.00,83.00,58.00,163.00,0.654595,-1,-1,-1
431,133,1475.00,0.00,54.00,105.00,0.469022,-1,-1,-1
431,135,1233.00,742.00,92.00,274.00,0.856691,-1,-1,-1
431,139,1742.00,673.00,89.00,249.00,0.800671,-1,-1,-1
431,154,483.00,221.00,57.00,181.00,0.587989,-1,-1,-1
432,5,1719.00,453.00,79.00,212.00,0.797418,-1,-1,-1
432,8,321.00,776.00,89.00,261.00,0.867204,-1,-1,-1
432,12,926.00,930.00,73.00,149.00,0.779516,-1,-1,-1
432,13,1568.00,594.00,105.00,230.00,0.836621,-1,-1,-1
432,20,677.00,280.00,59.00,128.00,0.381621,-1,-1,-1
432,21,1469.00,134.00,61.00,161.00,0.580486,-1,-1,-1
432,26,794.00,138.00,69.00,174.00,0.367354,-1,-1,-1
432,29,547.00,115.00,58.00,172.00,0.314743,-1,-1,-1
432,51,341.00,243.00,54.00,180.00,0.402426,-1,-1,-1
432,55,391.00,401.00,72.00,218.00,0.775562,-1,-1,-1
432,71,925.00,342.00,70.00,216.00,0.774886,-1,-1,-1
432,72,850.00,359.00,64.00,210.00,0.749002,-1,-1,-1
432,76,313.00,412.00,78.00,192.00,0.733195,-1,-1,-1
432,81,1763.00,147.00,57.00,167.00,0.703672,-1,-1,-1
432,123,418.00,234.00,70.00,199.00,0.648427,-1,-1,-1
432,130,1642.00,108.00,55.00,158.00,0.763699,-1,-1,-1
432,131,1151.00,82.00,58.00,165.00,0.642883,-1,-1,-1
432,133,1474.00,0.00,54.00,104.00,0.494671,-1,-1,-1
432,135,1233.00,742.00,92.00,274.00,0.865447,-1,-1,-1
432,139,1741.00,672.00,90.00,251.00,0.800084,-1,-1,-1
432,154,484.00,224.00,57.00,179.00,0.599149,-1,-1,-1
433,5,1719.00,453.00,79.00,212.00,0.798228,-1,-1,-1
433,8,320.00,778.00,91.00,268.00,0.864934,-1,-1,-1
433,12,926.00,930.00,73.00,149.00,0.778578,-1,-1,-1
433,13,1567.00,595.00,105.00,229.00,0.848635,-1,-1,-1
433,20,677.00,279.00,59.00,130.00,0.434589,-1,-1,-1
433,21,1469.00,135.00,60.00,159.00,0.559400,-1,-1,-1
433,26,795.00,138.00,68.00,174.00,0.383306,-1,-1,-1
433,29,548.00,117.00,56.00,170.00,0.385792,-1,-1,-1
433,51,339.00,243.00,55.00,179.00,0.467460,-1,-1,-1
433,55,391.00,404.00,72.00,218.00,0.792875,-1,-1,-1
433,71,925.00,342.00,70.00,216.00,0.786584,-1,-1,-1
433,72,850.00,357.00,64.00,209.00,0.741818,-1,-1,-1
433,76,315.00,413.00,76.00,193.00,0.765664,-1,-1,-1
433,81,1763.00,148.00,57.00,166.00,0.623283,-1,-1,-1
433,123,417.00,236.00,70.00,198.00,0.643838,-1,-1,-1
433,130,1644.00,109.00,55.00,159.00,0.798711,-1,-1,-1
433,131,1152.00,82.00,57.00,164.00,0.670293,-1,-1,-1
433,133,1473.00,0.00,54.00,104.00,0.490758,-1,-1,-1
433,135,1231.00,740.00,92.00,272.00,0.874842,-1,-1,-1
433,139,1741.00,672.00,90.00,250.00,0.790462,-1,-1,-1
433,154,485.00,225.00,58.00,181.00,0.605918,-1,-1,-1
434,5,1719.00,453.00,79.00,212.00,0.797860,-1,-1,-1
434,8,320.00,781.00,91.00,270.00,0.857411,-1,-1,-1
434,12,926.00,930.00,73.00,149.00,0.797467,-1,-1,-1
434,13,1567.00,592.00,106.00,232.00,0.855565,-1,-1,-1
434,20,677.00,279.00,59.00,130.00,0.417663,-1,-1,-1
434,21,1470.00,138.00,58.00,158.00,0.555376,-1,-1,-1
434,26,796.00,138.00,67.00,173.00,0.336238,-1,-1,-1
434,29,548.00,117.00,56.00,169.00,0.374235,-1,-1,-1
434,51,339.00,245.00,54.00,177.00,0.473972,-1,-1,-1
434,55,391.00,406.00,71.00,217.00,0.774207,-1,-1,-1
434,71,925.00,341.00,70.00,215.00,0.782251,-1,-1,-1
434,72,849.00,355.00,65.00,210.00,0.723856,-1,-1,-1
434,76,315.00,414.00,77.00,193.00,0.755100,-1,-1,-1
434,81,1764.00,148.00,57.00,167.00,0.647901,-1,-1,-1
434,123,416.00,238.00,70.00,198.00,0.634474,-1,-1,-1
434,130,1645.00,109.00,55.00,162.00,0.782812,-1,-1,-1
434,131,1153.00,83.00,57.00,163.00,0.689695,-1,-1,-1
434,133,1472.00,0.00,54.00,103.00,0.464770,-1,-1,-1
434,135,1228.00,738.00,92.00,271.00,0.870077,-1,-1,-1
434,139,1741.00,673.00,89.00,248.00,0.783152,-1,-1,-1
434,154,485.00,227.00,59.00,182.00,0.576335,-1,-1,-1
435,5,1719.00,453.00,79.00,212.00,0.792591,-1,-1,-1
435,8,320.00,784.00,90.00,268.00,0.855866,-1,-1,-1
435,12,927.00,929.00,73.00,150.00,0.773206,-1,-1,-1
435,13,1568.00,593.00,106.00,230.00,0.857612,-1,-1,-1
435,20,677.00,280.00,59.00,128.00,0.340733,-1,-1,-1
435,21,1471.00,140.00,60.00,158.00,0.581221,-1,-1,-1
435,26,796.00,138.00,67.00,173.00,0.341615,-1,-1,-1
435,29,547.00,114.00,57.00,172.00,0.289534,-1,-1,-1
435,51,337.00,246.00,54.00,178.00,0.518579,-1,-1,-1
435,55,391.00,408.00,71.00,215.00,0.763299,-1,-1,-1
435,71,924.00,340.00,70.00,216.00,0.753266,-1,-1,-1
435,72,848.00,353.00,65.00,210.00,0.717758,-1,-1,-1
435,76,315.00,416.00,77.00,195.00,0.758288,-1,-1,-1
435,81,1764.00,148.00,58.00,168.00,0.653953,-1,-1,-1
435,123,416.00,239.00,70.00,199.00,0.629425,-1,-1,-1
435,130,1645.00,110.00,56.00,163.00,0.799818,-1,-1,-1
435,131,1154.00,84.00,56.00,163.00,0.723109,-1,-1,-1
435,133,1470.00,0.00,54.00,102.00,0.491308,-1,-1,-1
435,135,1225.00,736.00,94.00,274.00,0.876612,-1,-1,-1
435,139,1740.00,673.00,90.00,249.00,0.773702,-1,-1,-1
435,154,486.00,228.00,59.00,182.00,0.594171,-1,-1,-1
436,5,1719.00,453.00,79.00,212.00,0.787618,-1,-1,-1
436,8,320.00,787.00,90.00,265.00,0.847131,-1,-1,-1
436,12,927.00,929.00,73.00,150.00,0.799981,-1,-1,-1
436,13,1569.00,593.00,106.00,230.00,0.857428,-1,-1,-1
436,20,678.00,281.00,58.00,128.00,0.437325,-1,-1,-1
436,21,1472.00,140.00,60.00,160.00,0.544680,-1,-1,-1
436,26,796.00,138.00,67.00,172.00,0.323000,-1,-1,-1
436,29,547.00,111.00,57.00,175.00,0.252036,-1,-1,-1
436,51,335.00,244.00,56.00,181.00,0.530620,-1,-1,-1
436,55,391.00,410.00,71.00,212.00,0.758646,-1,-1,-1
436,71,924.00,339.00,70.00,215.00,0.770762,-1,-1,-1
436,72,849.00,351.00,63.00,204.00,0.742949,-1,-1,-1
436,76,316.00,417.00,77.00,198.00,0.780185,-1,-1,-1
436,81,1765.00,149.00,56.00,165.00,0.629890,-1,-1,-1
436,110,1404.00,0.00,44.00,101.00,0.257545,-1,-1,-1
436,123,416.00,241.00,69.00,196.00,0.678111,-1,-1,-1
436,130,1644.00,111.00,57.00,163.00,0.792219,-1,-1,-1
436,131,1154.00,85.00,56.00,164.00,0.706596,-1,-1,-1
436,133,1467.00,0.00,54.00,101.00,0.512789,-1,-1,-1
436,135,1223.00,734.00,93.00,272.00,0.873486,-1,-1,-1
436,139,1740.00,672.00,91.00,251.00,0.786674,-1,-1,-1
436,154,486.00,229.00,61.00,182.00,0.625436,-1,-1,-1
437,5,1719.00,453.00,80.00,213.00,0.796303,-1,-1,-1
437,8,321.00,790.00,89.00,266.00,0.852398,-1,-1,-1
437,12,928.00,929.00,72.00,150.00,0.792675,-1,-1,-1
437,13,1569.00,593.00,106.00,231.00,0.862194,-1,-1,-1
437,20,677.00,281.00,59.00,128.00,0.430959,-1,-1,-1
437,21,1473.00,141.00,61.00,162.00,0.589467,-1,-1,-1
437,26,795.00,138.00,67.00,173.00,0.335941,-1,-1,-1
437,29,546.00,111.00,57.00,175.00,0.288878,-1,-1,-1
437,51,334.00,245.00,57.00,181.00,0.570898,-1,-1,-1
437,55,391.00,411.00,70.00,211.00,0.746591,-1,-1,-1
437,71,924.00,338.00,70.00,214.00,0.776364,-1,-1,-1
437,72,848.00,349.00,64.00,203.00,0.739775,-1,-1,-1
437,76,315.00,418.00,77.00,201.00,0.787325,-1,-1,-1
437,81,1767.00,149.00,58.00,165.00,0.684287,-1,-1,-1
437,110,1402.00,0.00,46.00,101.00,0.318430,-1,-1,-1
437,123,416.00,242.00,69.00,196.00,0.703345,-1,-1,-1
437,130,1645.00,112.00,57.00,164.00,0.804715,-1,-1,-1
437,131,1155.00,85.00,57.00,166.00,0.724902,-1,-1,-1
437,133,1465.00,0.00,55.00,102.00,0.487736,-1,-1,-1
437,135,1220.00,731.00,93.00,272.00,0.880249,-1,-1,-1
437,139,1740.00,673.00,91.00,250.00,0.775201,-1,-1,-1
437,154,488.00,230.00,60.00,182.00,0.663345,-1,-1,-1
438,5,1719.00,453.00,80.00,212.00,0.806878,-1,-1,-1
438,8,322.00,793.00,89.00,267.00,0.867512,-1,-1,-1
438,12,928.00,929.00,72.00,150.00,0.786054,-1,-1,-1
438,13,1568.00,593.00,107.00,231.00,0.863899,-1,-1,-1
438,20,678.00,282.00,58.00,127.00,0.456615,-1,-1,-1
438,21,1472.00,144.00,61.00,162.00,0.595318,-1,-1,-1
438,26,795.00,138.00,67.00,173.00,0.373180,-1,-1,-1
438,29,547.00,112.00,56.00,174.00,0.277474,-1,-1,-1
438,51,333.00,245.00,57.00,182.00,0.579339,-1,-1,-1
438,55,390.00,411.00,71.00,211.00,0.742731,-1,-1,-1
438,71,923.00,335.00,71.00,216.00,0.784529,-1,-1,-1
438,72,848.00,347.00,63.00,203.00,0.777884,-1,-1,-1
438,76,316.00,420.00,76.00,201.00,0.812996,-1,-1,-1
438,81,1769.00,149.00,60.00,167.00,0.704164,-1,-1,-1
438,123,416.00,243.00,69.00,195.00,0.704814,-1,-1,-1
438,130,1645.00,114.00,57.00,164.00,0.843361,-1,-1,-1
438,131,1155.00,87.00,57.00,165.00,0.765629,-1,-1,-1
438,133,1464.00,0.00,55.00,102.00,0.490808,-1,-1,-1
438,135,1218.00,728.00,92.00,270.00,0.882827,-1,-1,-1
438,139,1740.00,672.00,92.00,252.00,0.769939,-1,-1,-1
438,154,488.00,230.00,61.00,183.00,0.668655,-1,-1,-1
439,5,1719.00,453.00,80.00,212.00,0.808637,-1,-1,-1
439,8,323.00,795.00,89.00,270.00,0.860807,-1,-1,-1
439,12,928.00,929.00,72.00,150.00,0.786962,-1,-1,-1
439,13,1568.00,593.00,107.00,231.00,0.867703,-1,-1,-1
439,20,677.00,281.00,59.00,128.00,0.437718,-1,-1,-1
439,21,1472.00,149.00,60.00,158.00,0.634470,-1,-1,-1
439,26,794.00,138.00,68.00,173.00,0.418657,-1,-1,-1
439,29,547.00,113.00,56.00,173.00,0.291278,-1,-1,-1
439,51,333.00,245.00,58.00,183.00,0.597896,-1,-1,-1
439,55,390.00,411.00,70.00,212.00,0.741689,-1,-1,-1
439,71,923.00,333.00,72.00,216.00,0.798245,-1,-1,-1
439,72,847.00,345.00,63.00,201.00,0.791663,-1,-1,-1
439,76,315.00,422.00,77.00,201.00,0.818889,-1,-1,-1
439,81,1771.00,149.00,59.00,166.00,0.735448,-1,-1,-1
439,123,416.00,243.00,68.00,195.00,0.707379,-1,-1,-1
439,130,1646.00,116.00,56.00,160.00,0.836195,-1,-1,-1
439,131,1155.00,89.00,58.00,167.00,0.785351,-1,-1,-1
439,133,1463.00,0.00,54.00,102.00,0.472008,-1,-1,-1
439,135,1216.00,724.00,91.00,268.00,0.885637,-1,-1,-1
439,139,1741.00,673.00,91.00,249.00,0.787393,-1,-1,-1
439,154,488.00,230.00,62.00,184.00,0.665875,-1,-1,-1
440,5,1719.00,453.00,80.00,212.00,0.799412,-1,-1,-1
440,8,323.00,797.00,90.00,273.00,0.868221,-1,-1,-1
440,12,928.00,929.00,72.00,150.00,0.786318,-1,-1,-1
440,13,1569.00,594.00,106.00,229.00,0.862601,-1,-1,-1
440,20,677.00,281.00,59.00,128.00,0.398793,-1,-1,-1
440,21,1472.00,150.00,59.00,157.00,0.600706,-1,-1,-1
440,26,794.00,138.00,68.00,173.00,0.418241,-1,-1,-1
440,29,547.00,112.00,56.00,174.00,0.301832,-1,-1,-1
440,51,331.00,246.00,60.00,185.00,0.610143,-1,-1,-1
440,55,391.00,411.00,70.00,212.00,0.754539,-1,-1,-1
440,71,924.00,331.00,71.00,213.00,0.817929,-1,-1,-1
440,72,847.00,343.00,63.00,201.00,0.795377,-1,-1,-1
440,76,315.00,424.00,76.00,200.00,0.819721,-1,-1,-1
440,81,1770.00,149.00,63.00,172.00,0.720209,-1,-1,-1
440,123,416.00,244.00,68.00,194.00,0.731342,-1,-1,-1
440,130,1646.00,118.00,57.00,160.00,0.834696,-1,-1,-1
440,131,1155.00,91.00,59.00,166.00,0.773802,-1,-1,-1
440,133,1463.00,0.00,54.00,101.00,0.420325,-1,-1,-1
440,135,1216.00,720.00,89.00,262.00,0.880715,-1,-1,-1
440,139,1741.00,674.00,91.00,249.00,0.788679,-1,-1,-1
440,154,489.00,230.00,62.00,184.00,0.675043,-1,-1,-1
441,5,1719.00,453.00,79.00,212.00,0.809556,-1,-1,-1
441,8,325.00,800.00,89.00,272.00,0.865469,-1,-1,-1
441,12,928.00,930.00,72.00,149.00,0.785914,-1,-1,-1
441,13,1569.00,595.00,105.00,228.00,0.864905,-1,-1,-1
441,20,677.00,281.00,59.00,128.00,0.452658,-1,-1,-1
441,21,1473.00,150.00,60.00,157.00,0.573669,-1,-1,-1
441,26,794.00,138.00,68.00,174.00,0.392362,-1,-1,-1
441,29,548.00,114.00,54.00,171.00,0.333003,-1,-1,-1
441,51,331.00,248.00,59.00,181.00,0.623439,-1,-1,-1
441,55,391.00,412.00,70.00,212.00,0.738309,-1,-1,-1
441,71,925.00,329.00,70.00,210.00,0.806098,-1,-1,-1
441,72,848.00,342.00,62.00,201.00,0.796407,-1,-1,-1
441,76,314.00,427.00,76.00,198.00,0.826395,-1,-1,-1
441,81,1769.00,149.00,66.00,180.00,0.715404,-1,-1,-1
441,123,416.00,245.00,68.00,194.00,0.713966,-1,-1,-1
441,130,1647.00,121.00,58.00,161.00,0.821802,-1,-1,-1
441,131,1155.00,93.00,59.00,165.00,0.764315,-1,-1,-1
441,133,1464.00,0.00,52.00,99.00,0.390746,-1,-1,-1
441,135,1216.00,717.00,88.00,259.00,0.876481,-1,-1,-1
441,139,1740.00,673.00,92.00,252.00,0.780996,-1,-1,-1
441,154,490.00,231.00,62.00,183.00,0.680536,-1,-1,-1
442,5,1719.00,453.00,79.00,212.00,0.797962,-1,-1,-1
442,8,326.00,801.00,88.00,271.00,0.873400,-1,-1,-1
442,12,928.00,929.00,72.00,150.00,0.792878,-1,-1,-1
442,13,1569.00,594.00,106.00,230.00,0.873082,-1,-1,-1
442,20,677.00,281.00,59.00,128.00,0.492740,-1,-1,-1
442,21,1473.00,150.00,59.00,157.00,0.553694,-1,-1,-1
442,26,795.00,138.00,67.00,174.00,0.375786,-1,-1,-1
442,29,548.00,115.00,54.00,170.00,0.299154,-1,-1,-1
442,51,331.00,248.00,59.00,182.00,0.608490,-1,-1,-1
442,55,391.00,411.00,70.00,212.00,0.749112,-1,-1,-1
442,71,925.00,326.00,70.00,209.00,0.805509,-1,-1,-1
442,72,847.00,341.00,63.00,202.00,0.807058,-1,-1,-1
442,76,312.00,429.00,76.00,197.00,0.805584,-1,-1,-1
442,81,1769.00,149.00,68.00,186.00,0.674040,-1,-1,-1
442,110,1398.00,0.00,47.00,98.00,0.279711,-1,-1,-1
442,123,415.00,245.00,68.00,193.00,0.702733,-1,-1,-1
442,130,1647.00,122.00,59.00,166.00,0.826329,-1,-1,-1
442,131,1155.00,95.00,60.00,166.00,0.752385,-1,-1,-1
442,133,1464.00,0.00,51.00,98.00,0.352400,-1,-1,-1
442,135,1214.00,713.00,89.00,261.00,0.878403,-1,-1,-1
442,139,1740.00,673.00,92.00,251.00,0.785243,-1,-1,-1
442,154,490.00,231.00,63.00,183.00,0.703546,-1,-1,-1
443,5,1719.00,453.00,79.00,212.00,0.784953,-1,-1,-1
443,8,328.00,802.00,87.00,271.00,0.867240,-1,-1,-1
443,12,927.00,930.00,72.00,149.00,0.784314,-1,-1,-1
443,13,1569.00,593.00,107.00,231.00,0.861229,-1,-1,-1
443,20,677.00,281.00,59.00,128.00,0.402134,-1,-1,-1
443,21,1472.00,150.00,59.00,157.00,0.535924,-1,-1,-1
443,26,794.00,138.00,68.00,174.00,0.359427,-1,-1,-1
443,29,549.00,115.00,54.00,170.00,0.256327,-1,-1,-1
443,51,331.00,249.00,60.00,181.00,0.634823,-1,-1,-1
443,55,390.00,412.00,71.00,212.00,0.754336,-1,-1,-1
443,71,926.00,325.00,70.00,207.00,0.783240,-1,-1,-1
443,72,847.00,340.00,63.00,203.00,0.773092,-1,-1,-1
443,76,309.00,425.00,77.00,201.00,0.752394,-1,-1,-1
443,81,1770.00,153.00,67.00,183.00,0.702369,-1,-1,-1
443,123,414.00,245.00,69.00,194.00,0.698251,-1,-1,-1
443,130,1647.00,124.00,60.00,167.00,0.797537,-1,-1,-1
443,131,1156.00,98.00,60.00,165.00,0.744735,-1,-1,-1
443,133,1463.00,0.00,51.00,98.00,0.314885,-1,-1,-1
443,135,1212.00,710.00,90.00,262.00,0.871168,-1,-1,-1
443,139,1739.00,673.00,92.00,250.00,0.761281,-1,-1,-1
443,154,490.00,232.00,63.00,183.00,0.651988,-1,-1,-1
444,5,1719.00,453.00,79.00,212.00,0.788377,-1,-1,-1
444,8,329.00,803.00,87.00,269.00,0.858231,-1,-1,-1
444,12,927.00,930.00,71.00,149.00,0.783549,-1,-1,-1
444,13,1568.00,593.00,107.00,231.00,0.866325,-1,-1,-1
444,20,677.00,280.00,59.00,129.00,0.370570,-1,-1,-1
444,21,1471.00,150.00,60.00,158.00,0.544087,-1,-1,-1
444,26,794.00,138.00,68.00,173.00,0.385395,-1,-1,-1
444,29,550.00,116.00,53.00,169.00,0.286033,-1,-1,-1
444,51,330.00,251.00,61.00,180.00,0.663787,-1,-1,-1
444,55,391.00,413.00,71.00,214.00,0.735923,-1,-1,-1
444,71,926.00,323.00,70.00,208.00,0.783209,-1,-1,-1
444,72,847.00,340.00,63.00,204.00,0.796992,-1,-1,-1
444,76,306.00,425.00,79.00,201.00,0.724691,-1,-1,-1
444,81,1771.00,155.00,68.00,184.00,0.701413,-1,-1,-1
444,110,1396.00,0.00,48.00,98.00,0.289590,-1,-1,-1
444,123,414.00,245.00,68.00,194.00,0.714404,-1,-1,-1
444,130,1647.00,125.00,59.00,165.00,0.841609,-1,-1,-1
444,131,1157.00,99.00,61.00,166.00,0.738037,-1,-1,-1
444,133,1462.00,0.00,51.00,98.00,0.353218,-1,-1,-1
444,135,1211.00,708.00,91.00,265.00,0.871533,-1,-1,-1
444,139,1739.00,672.00,93.00,252.00,0.775220,-1,-1,-1
444,154,491.00,234.00,63.00,183.00,0.685892,-1,-1,-1
445,5,1719.00,453.00,79.00,212.00,0.800191,-1,-1,-1
445,8,330.00,804.00,87.00,268.00,0.858822,-1,-1,-1
445,12,927.00,930.00,70.00,149.00,0.789528,-1,-1,-1
445,13,1568.00,594.00,107.00,230.00,0.862848,-1,-1,-1
445,20,677.00,280.00,59.00,129.00,0.401038,-1,-1,-1
445,21,1472.00,151.00,60.00,155.00,0.575427,-1,-1,-1
445,26,795.00,138.00,67.00,173.00,0.343031,-1,-1,-1
445,29,550.00,115.00,52.00,170.00,0.282354,-1,-1,-1
445,51,329.00,251.00,62.00,183.00,0.673224,-1,-1,-1
445,55,391.00,416.00,71.00,216.00,0.731478,-1,-1,-1
445,71,926.00,322.00,69.00,209.00,0.777515,-1,-1,-1
445,72,847.00,340.00,62.00,204.00,0.776621,-1,-1,-1
445,76,305.00,425.00,79.00,201.00,0.728250,-1,-1,-1
445,81,1772.00,157.00,68.00,185.00,0.713539,-1,-1,-1
445,123,414.00,246.00,68.00,194.00,0.694430,-1,-1,-1
445,130,1648.00,126.00,59.00,166.00,0.800649,-1,-1,-1
445,131,1158.00,101.00,61.00,166.00,0.721231,-1,-1,-1
445,133,1461.00,0.00,52.00,98.00,0.270198,-1,-1,-1
445,135,1209.00,706.00,92.00,266.00,0.881082,-1,-1,-1
445,139,1739.00,673.00,92.00,250.00,0.782525,-1,-1,-1
445,154,491.00,235.00,63.00,184.00,0.724546,-1,-1,-1
446,5,1720.00,453.00,78.00,212.00,0.794886,-1,-1,-1
446,8,331.00,805.00,87.00,267.00,0.857866,-1,-1,-1
446,12,926.00,931.00,70.00,148.00,0.777550,-1,-1,-1
446,13,1568.00,593.00,107.00,231.00,0.868115,-1,-1,-1
446,20,677.00,280.00,59.00,128.00,0.418100,-1,-1,-1
446,21,1472.00,152.00,60.00,154.00,0.606809,-1,-1,-1
446,26,795.00,138.00,67.00,174.00,0.345698,-1,-1,-1
446,51,327.00,252.00,63.00,184.00,0.670063,-1,-1,-1
446,55,390.00,417.00,72.00,219.00,0.737095,-1,-1,-1
446,71,926.00,322.00,68.00,208.00,0.789379,-1,-1,-1
446,72,847.00,340.00,62.00,204.00,0.783012,-1,-1,-1
446,76,304.00,426.00,79.00,200.00,0.689841,-1,-1,-1
446,81,1774.00,161.00,66.00,182.00,0.690956,-1,-1,-1
446,110,1395.00,0.00,47.00,96.00,0.264763,-1,-1,-1
446,123,413.00,246.00,68.00,194.00,0.673131,-1,-1,-1
446,130,1648.00,127.00,60.00,165.00,0.813315,-1,-1,-1
446,131,1159.00,101.00,62.00,166.00,0.696140,-1,-1,-1
446,133,1460.00,0.00,51.00,98.00,0.308044,-1,-1,-1
446,135,1208.00,705.00,92.00,267.00,0.878305,-1,-1,-1
446,139,1739.00,672.00,92.00,251.00,0.775213,-1,-1,-1
446,154,491.00,237.00,64.00,183.00,0.723429,-1,-1,-1
447,5,1719.00,453.00,79.00,212.00,0.789197,-1,-1,-1
447,8,332.00,807.00,87.00,265.00,0.857517,-1,-1,-1
447,12,926.00,931.00,70.00,148.00,0.779938,-1,-1,-1
447,13,1568.00,594.00,107.00,230.00,0.871585,-1,-1,-1
447,20,677.00,280.00,59.00,129.00,0.434399,-1,-1,-1
447,21,1471.00,151.00,62.00,156.00,0.577421,-1,-1,-1
447,26,795.00,138.00,67.00,174.00,0.361364,-1,-1,-1
447,51,328.00,254.00,63.00,182.00,0.659477,-1,-1,-1
447,55,390.00,418.00,73.00,222.00,0.769812,-1,-1,-1
447,71,926.00,321.00,68.00,209.00,0.788993,-1,-1,-1
447,72,846.00,339.00,62.00,204.00,0.775057,-1,-1,-1
447,76,303.00,429.00,80.00,198.00,0.710038,-1,-1,-1
447,81,1775.00,164.00,65.00,177.00,0.703353,-1,-1,-1
447,110,1395.00,0.00,46.00,95.00,0.357076,-1,-1,-1
447,123,413.00,247.00,69.00,193.00,0.673315,-1,-1,-1
447,130,1649.00,127.00,59.00,165.00,0.810031,-1,-1,-1
447,131,1160.00,102.00,62.00,166.00,0.668735,-1,-1,-1
447,133,1458.00,0.00,52.00,98.00,0.361645,-1,-1,-1
447,135,1207.00,704.00,93.00,268.00,0.881665,-1,-1,-1
447,139,1738.00,673.00,93.00,252.00,0.786253,-1,-1,-1
447,154,492.00,238.00,64.00,184.00,0.732564,-1,-1,-1
448,5,1719.00,453.00,79.00,211.00,0.793018,-1,-1,-1
448,8,332.00,808.00,88.00,263.00,0.863970,-1,-1,-1
448,12,926.00,931.00,70.00,148.00,0.783058,-1,-1,-1
448,13,1567.00,593.00,108.00,231.00,0.870305,-1,-1,-1
448,20,677.00,281.00,59.00,128.00,0.456506,-1,-1,-1
448,21,1470.00,150.00,63.00,159.00,0.563529,-1,-1,-1
448,26,795.00,138.00,68.00,174.00,0.342926,-1,-1,-1
448,51,327.00,257.00,63.00,180.00,0.684626,-1,-1,-1
448,55,391.00,420.00,72.00,222.00,0.759865,-1,-1,-1
448,71,925.00,321.00,68.00,208.00,0.788513,-1,-1,-1
448,72,846.00,338.00,62.00,205.00,0.770156,-1,-1,-1
448,76,303.00,431.00,80.00,196.00,0.661586,-1,-1,-1
448,81,1777.00,166.00,63.00,174.00,0.709327,-1,-1,-1
448,123,413.00,249.00,67.00,190.00,0.648268,-1,-1,-1
448,130,1650.00,128.00,59.00,162.00,0.782308,-1,-1,-1
448,131,1163.00,102.00,62.00,166.00,0.702044,-1,-1,-1
448,133,1457.00,0.00,52.00,97.00,0.366221,-1,-1,-1
448,135,1205.00,703.00,93.00,270.00,0.882250,-1,-1,-1
448,139,1738.00,673.00,93.00,252.00,0.784480,-1,-1,-1
448,154,492.00,240.00,65.00,184.00,0.733479,-1,-1,-1
448,174,325.00,431.00,65.00,196.00,0.401149,-1,-1,-1
449,5,1719.00,453.00,79.00,211.00,0.785227,-1,-1,-1
449,8,334.00,810.00,87.00,262.00,0.867619,-1,-1,-1
449,12,926.00,932.00,69.00,147.00,0.792765,-1,-1,-1
449,13,1568.00,592.00,108.00,232.00,0.873456,-1,-1,-1
449,20,678.00,281.00,58.00,128.00,0.454359,-1,-1,-1
449,21,1469.00,153.00,63.00,158.00,0.570003,-1,-1,-1
449,26,796.00,138.00,67.00,174.00,0.332028,-1,-1,-1
449,51,325.00,259.00,63.00,179.00,0.661591,-1,-1,-1
449,55,391.00,423.00,72.00,221.00,0.745366,-1,-1,-1
449,71,925.00,320.00,67.00,209.00,0.751973,-1,-1,-1
449,72,846.00,335.00,62.00,206.00,0.781079,-1,-1,-1
449,76,303.00,434.00,80.00,193.00,0.575717,-1,-1,-1
449,81,1777.00,167.00,63.00,174.00,0.697755,-1,-1,-1
449,123,413.00,250.00,68.00,191.00,0.637939,-1,-1,-1
449,130,1651.00,128.00,59.00,163.00,0.814358,-1,-1,-1
449,131,1165.00,103.00,62.00,164.00,0.695690,-1,-1,-1
449,133,1455.00,0.00,53.00,96.00,0.378213,-1,-1,-1
449,135,1202.00,702.00,94.00,270.00,0.880633,-1,-1,-1
449,139,1738.00,673.00,92.00,251.00,0.786940,-1,-1,-1
449,154,492.00,242.00,66.00,184.00,0.743242,-1,-1,-1
449,174,325.00,432.00,65.00,194.00,0.483192,-1,-1,-1
450,5,1719.00,454.00,79.00,211.00,0.787987,-1,-1,-1
450,8,334.00,812.00,89.00,262.00,0.866559,-1,-1,-1
450,12,925.00,932.00,68.00,147.00,0.781154,-1,-1,-1
450,13,1569.00,591.00,108.00,233.00,0.872767,-1,-1,-1
450,20,678.00,280.00,58.00,129.00,0.483114,-1,-1,-1
450,21,1469.00,156.00,63.00,156.00,0.622699,-1,-1,-1
450,26,796.00,138.00,67.00,174.00,0.313286,-1,-1,-1
450,51,324.00,260.00,61.00,178.00,0.642753,-1,-1,-1
450,55,391.00,425.00,72.00,221.00,0.759520,-1,-1,-1
450,71,924.00,320.00,67.00,209.00,0.752798,-1,-1,-1
450,72,845.00,333.00,63.00,208.00,0.782683,-1,-1,-1
450,76,303.00,435.00,79.00,192.00,0.700168,-1,-1,-1
450,81,1778.00,167.00,63.00,174.00,0.696672,-1,-1,-1
450,123,412.00,251.00,69.00,191.00,0.650191,-1,-1,-1
450,130,1653.00,128.00,58.00,163.00,0.844375,-1,-1,-1
450,131,1168.00,104.00,62.00,163.00,0.704638,-1,-1,-1
450,133,1454.00,0.00,53.00,95.00,0.373273,-1,-1,-1
450,135,1200.00,701.00,93.00,269.00,0.881961,-1,-1,-1
450,139,1738.00,673.00,93.00,251.00,0.797703,-1,-1,-1
450,154,491.00,243.00,67.00,186.00,0.705893,-1,-1,-1
450,174,323.00,434.00,65.00,192.00,0.510533,-1,-1,-1
451,5,1719.00,454.00,78.00,211.00,0.800079,-1,-1,-1
451,8,334.00,814.00,90.00,263.00,0.866929,-1,-1,-1
451,12,924.00,933.00,68.00,146.00,0.754005,-1,-1,-1
451,13,1568.00,590.00,109.00,233.00,0.875268,-1,-1,-1
451,20,678.00,280.00,58.00,129.00,0.470303,-1,-1,-1
451,21,1469.00,157.00,63.00,157.00,0.660672,-1,-1,-1
451,26,796.00,138.00,67.00,173.00,0.344299,-1,-1,-1
451,51,323.00,261.00,62.00,177.00,0.637538,-1,-1,-1
451,55,391.00,427.00,72.00,220.00,0.752493,-1,-1,-1
451,71,923.00,319.00,66.00,210.00,0.765730,-1,-1,-1
451,72,845.00,331.00,63.00,207.00,0.768617,-1,-1,-1
451,76,303.00,436.00,80.00,194.00,0.731599,-1,-1,-1
451,81,1779.00,169.00,62.00,172.00,0.742695,-1,-1,-1
451,123,409.00,253.00,68.00,189.00,0.618006,-1,-1,-1
451,130,1654.00,129.00,58.00,162.00,0.852206,-1,-1,-1
451,131,1170.00,105.00,62.00,165.00,0.670341,-1,-1,-1
451,133,1454.00,0.00,53.00,96.00,0.320120,-1,-1,-1
451,135,1198.00,699.00,93.00,271.00,0.871116,-1,-1,-1
451,139,1738.00,673.00,93.00,251.00,0.792737,-1,-1,-1
451,154,491.00,244.00,67.00,186.00,0.730429,-1,-1,-1
452,5,1719.00,454.00,78.00,211.00,0.790354,-1,-1,-1
452,8,334.00,817.00,90.00,261.00,0.867020,-1,-1,-1
452,12,924.00,934.00,67.00,145.00,0.783427,-1,-1,-1
452,13,1568.00,591.00,108.00,232.00,0.867754,-1,-1,-1
452,20,677.00,280.00,59.00,129.00,0.485733,-1,-1,-1
452,21,1469.00,159.00,63.00,157.00,0.666794,-1,-1,-1
452,26,796.00,138.00,67.00,173.00,0.360483,-1,-1,-1
452,51,323.00,261.00,61.00,178.00,0.624139,-1,-1,-1
452,55,391.00,429.00,71.00,218.00,0.774635,-1,-1,-1
452,71,922.00,318.00,66.00,210.00,0.766010,-1,-1,-1
452,72,845.00,328.00,62.00,208.00,0.779588,-1,-1,-1
452,76,303.00,438.00,81.00,195.00,0.772122,-1,-1,-1
452,81,1780.00,169.00,61.00,172.00,0.717268,-1,-1,-1
452,123,406.00,255.00,70.00,187.00,0.606755,-1,-1,-1
452,130,1656.00,130.00,58.00,163.00,0.853124,-1,-1,-1
452,131,1172.00,107.00,62.00,165.00,0.673396,-1,-1,-1
452,133,1453.00,0.00,53.00,95.00,0.323610,-1,-1,-1
452,135,1196.00,696.00,94.00,274.00,0.861959,-1,-1,-1
452,139,1738.00,672.00,93.00,252.00,0.791364,-1,-1,-1
452,154,491.00,245.00,67.00,186.00,0.734144,-1,-1,-1
453,5,1719.00,454.00,79.00,211.00,0.791993,-1,-1,-1
453,8,334.00,820.00,90.00,259.00,0.856507,-1,-1,-1
453,12,923.00,934.00,67.00,145.00,0.788445,-1,-1,-1
453,13,1568.00,591.00,108.00,232.00,0.874803,-1,-1,-1
453,20,677.00,280.00,59.00,129.00,0.456976,-1,-1,-1
453,21,1468.00,161.00,64.00,157.00,0.648493,-1,-1,-1
453,26,795.00,138.00,67.00,173.00,0.387090,-1,-1,-1
453,51,322.00,261.00,61.00,177.00,0.638949,-1,-1,-1
453,55,391.00,430.00,71.00,218.00,0.785048,-1,-1,-1
453,71,921.00,317.00,67.00,210.00,0.748667,-1,-1,-1
453,72,845.00,327.00,61.00,205.00,0.755703,-1,-1,-1
453,76,303.00,438.00,83.00,201.00,0.798010,-1,-1,-1
453,81,1782.00,168.00,62.00,174.00,0.725618,-1,-1,-1
453,123,406.00,256.00,70.00,187.00,0.613669,-1,-1,-1
453,130,1657.00,131.00,57.00,162.00,0.848980,-1,-1,-1
453,131,1175.00,108.00,63.00,168.00,0.664353,-1,-1,-1
453,133,1454.00,0.00,53.00,95.00,0.304741,-1,-1,-1
453,135,1195.00,693.00,93.00,275.00,0.859834,-1,-1,-1
453,139,1738.00,673.00,93.00,252.00,0.787443,-1,-1,-1
453,154,492.00,246.00,67.00,185.00,0.728708,-1,-1,-1
453,178,352.00,170.00,64.00,186.00,0.378520,-1,-1,-1
454,5,1720.00,453.00,79.00,212.00,0.793652,-1,-1,-1
454,8,335.00,823.00,89.00,256.00,0.852512,-1,-1,-1
454,12,921.00,935.00,67.00,144.00,0.792092,-1,-1,-1
454,13,1567.00,591.00,108.00,232.00,0.871973,-1,-1,-1
454,20,678.00,281.00,58.00,128.00,0.494148,-1,-1,-1
454,21,1468.00,162.00,64.00,157.00,0.626211,-1,-1,-1
454,26,796.00,138.00,66.00,173.00,0.375908,-1,-1,-1
454,51,320.00,260.00,62.00,179.00,0.641524,-1,-1,-1
454,55,391.00,431.00,70.00,217.00,0.790103,-1,-1,-1
454,71,921.00,316.00,66.00,210.00,0.765131,-1,-1,-1
454,72,845.00,326.00,60.00,201.00,0.773791,-1,-1,-1
454,76,303.00,439.00,84.00,205.00,0.783623,-1,-1,-1
454,81,1783.00,170.00,61.00,170.00,0.762374,-1,-1,-1
454,123,403.00,256.00,72.00,187.00,0.661526,-1,-1,-1
454,130,1658.00,133.00,58.00,163.00,0.810603,-1,-1,-1
454,131,1177.00,110.00,62.00,167.00,0.661673,-1,-1,-1
454,133,1454.00,0.00,53.00,94.00,0.261124,-1,-1,-1
454,135,1194.00,689.00,93.00,276.00,0.864194,-1,-1,-1
454,139,1738.00,672.00,93.00,253.00,0.790226,-1,-1,-1
454,154,492.00,246.00,67.00,187.00,0.727241,-1,-1,-1
454,178,354.00,171.00,64.00,187.00,0.370848,-1,-1,-1
455,5,1720.00,453.00,79.00,212.00,0.797785,-1,-1,-1
455,8,335.00,826.00,89.00,253.00,0.854985,-1,-1,-1
455,12,921.00,936.00,66.00,143.00,0.793907,-1,-1,-1
455,13,1567.00,592.00,108.00,232.00,0.872883,-1,-1,-1
455,20,677.00,280.00,59.00,129.00,0.459064,-1,-1,-1
455,21,1468.00,165.00,64.00,155.00,0.633196,-1,-1,-1
455,26,795.00,137.00,67.00,175.00,0.369660,-1,-1,-1
455,51,319.00,259.00,62.00,180.00,0.683027,-1,-1,-1
455,55,391.00,431.00,70.00,218.00,0.785571,-1,-1,-1
455,71,920.00,313.00,66.00,211.00,0.764626,-1,-1,-1
455,72,845.00,324.00,60.00,199.00,0.759221,-1,-1,-1
455,76,304.00,442.00,84.00,206.00,0.780762,-1,-1,-1
455,81,1784.00,172.00,63.00,173.00,0.801778,-1,-1,-1
455,123,400.00,256.00,73.00,186.00,0.642959,-1,-1,-1
455,130,1659.00,135.00,57.00,162.00,0.811015,-1,-1,-1
455,131,1178.00,111.00,62.00,167.00,0.662795,-1,-1,-1
455,133,1455.00,0.00,52.00,91.00,0.341824,-1,-1,-1
455,135,1195.00,686.00,89.00,270.00,0.887454,-1,-1,-1
455,139,1738.00,672.00,94.00,253.00,0.785410,-1,-1,-1
455,154,492.00,247.00,67.00,185.00,0.744149,-1,-1,-1
455,178,355.00,171.00,65.00,186.00,0.340770,-1,-1,-1
456,5,1720.00,453.00,79.00,213.00,0.794859,-1,-1,-1
456,8,335.00,829.00,89.00,250.00,0.863930,-1,-1,-1
456,12,921.00,937.00,66.00,142.00,0.784750,-1,-1,-1
456,13,1567.00,592.00,109.00,232.00,0.869601,-1,-1,-1
456,20,678.00,281.00,58.00,127.00,0.452801,-1,-1,-1
456,21,1468.00,167.00,63.00,152.00,0.653853,-1,-1,-1
456,26,796.00,138.00,67.00,174.00,0.354144,-1,-1,-1
456,51,318.00,261.00,62.00,180.00,0.678053,-1,-1,-1
456,55,390.00,432.00,71.00,216.00,0.774846,-1,-1,-1
456,71,920.00,310.00,65.00,208.00,0.730897,-1,-1,-1
456,72,843.00,321.00,61.00,198.00,0.770891,-1,-1,-1
456,76,304.00,446.00,83.00,205.00,0.781626,-1,-1,-1
456,81,1784.00,173.00,64.00,177.00,0.784887,-1,-1,-1
456,123,400.00,257.00,74.00,189.00,0.633959,-1,-1,-1
456,130,1660.00,138.00,57.00,162.00,0.734774,-1,-1,-1
456,131,1179.00,114.00,62.00,166.00,0.691382,-1,-1,-1
456,133,1456.00,0.00,50.00,88.00,0.365597,-1,-1,-1
456,135,1194.00,682.00,88.00,266.00,0.892061,-1,-1,-1
456,139,1738.00,672.00,94.00,253.00,0.783252,-1,-1,-1
456,154,492.00,247.00,67.00,186.00,0.755973,-1,-1,-1
456,178,359.00,174.00,64.00,183.00,0.324354,-1,-1,-1
457,5,1720.00,453.00,79.00,213.00,0.801460,-1,-1,-1
457,8,334.00,832.00,89.00,248.00,0.855724,-1,-1,-1
457,12,919.00,938.00,66.00,141.00,0.781138,-1,-1,-1
457,13,1567.00,593.00,108.00,231.00,0.864239,-1,-1,-1
457,20,678.00,280.00,58.00,128.00,0.432737,-1,-1,-1
457,21,1469.00,169.00,62.00,150.00,0.697041,-1,-1,-1
457,26,797.00,137.00,66.00,175.00,0.350021,-1,-1,-1
457,51,317.00,261.00,61.00,180.00,0.656821,-1,-1,-1
457,55,390.00,432.00,70.00,216.00,0.778223,-1,-1,-1
457,71,920.00,308.00,64.00,206.00,0.726026,-1,-1,-1
457,72,842.00,320.00,62.00,199.00,0.754010,-1,-1,-1
457,76,304.00,446.00,83.00,207.00,0.785895,-1,-1,-1
457,81,1784.00,175.00,65.00,178.00,0.764794,-1,-1,-1
457,123,398.00,258.00,75.00,189.00,0.617891,-1,-1,-1
457,130,1661.00,141.00,57.00,161.00,0.718310,-1,-1,-1
457,131,1181.00,116.00,61.00,166.00,0.626000,-1,-1,-1
457,133,1456.00,0.00,49.00,86.00,0.340763,-1,-1,-1
457,135,1196.00,678.00,85.00,258.00,0.864687,-1,-1,-1
457,139,1738.00,673.00,93.00,252.00,0.787495,-1,-1,-1
457,154,492.00,247.00,68.00,186.00,0.758108,-1,-1,-1
457,178,361.00,174.00,63.00,184.00,0.368380,-1,-1,-1
458,5,1719.00,453.00,80.00,213.00,0.792774,-1,-1,-1
458,8,334.00,835.00,88.00,244.00,0.861891,-1,-1,-1
458,12,919.00,939.00,65.00,140.00,0.787827,-1,-1,-1
458,13,1567.00,593.00,109.00,231.00,0.870450,-1,-1,-1
458,20,678.00,281.00,58.00,127.00,0.474111,-1,-1,-1
458,21,1468.00,169.00,63.00,151.00,0.692537,-1,-1,-1
458,26,797.00,138.00,66.00,174.00,0.354685,-1,-1,-1
458,51,316.00,262.00,62.00,182.00,0.619498,-1,-1,-1
458,55,390.00,433.00,71.00,216.00,0.775322,-1,-1,-1
458,71,920.00,306.00,63.00,204.00,0.762697,-1,-1,-1
458,72,840.00,318.00,63.00,202.00,0.790712,-1,-1,-1
458,76,304.00,448.00,82.00,205.00,0.784564,-1,-1,-1
458,81,1785.00,177.00,64.00,175.00,0.728134,-1,-1,-1
458,123,398.00,259.00,75.00,188.00,0.610333,-1,-1,-1
458,130,1663.00,142.00,56.00,160.00,0.712781,-1,-1,-1
458,131,1182.00,118.00,61.00,168.00,0.666559,-1,-1,-1
458,133,1456.00,0.00,49.00,87.00,0.364633,-1,-1,-1
458,135,1195.00,674.00,85.00,254.00,0.858742,-1,-1,-1
458,139,1738.00,673.00,93.00,250.00,0.781333,-1,-1,-1
458,154,492.00,247.00,67.00,186.00,0.764145,-1,-1,-1
458,178,363.00,179.00,61.00,179.00,0.307996,-1,-1,-1
459,5,1720.00,453.00,79.00,212.00,0.796255,-1,-1,-1
459,8,334.00,837.00,87.00,242.00,0.864679,-1,-1,-1
459,12,918.00,940.00,64.00,140.00,0.749002,-1,-1,-1
459,13,1567.00,593.00,110.00,231.00,0.866072,-1,-1,-1
459,20,678.00,280.00,58.00,128.00,0.504579,-1,-1,-1
459,21,1466.00,168.00,65.00,154.00,0.696066,-1,-1,-1
459,26,797.00,138.00,66.00,173.00,0.352277,-1,-1,-1
459,51,316.00,264.00,61.00,182.00,0.611528,-1,-1,-1
459,55,390.00,433.00,70.00,216.00,0.775943,-1,-1,-1
459,71,919.00,304.00,63.00,204.00,0.783210,-1,-1,-1
459,72,839.00,317.00,63.00,201.00,0.775960,-1,-1,-1
459,76,303.00,448.00,82.00,206.00,0.766742,-1,-1,-1
459,81,1786.00,177.00,64.00,172.00,0.729804,-1,-1,-1
459,123,396.00,260.00,77.00,192.00,0.622313,-1,-1,-1
459,130,1664.00,143.00,57.00,160.00,0.737237,-1,-1,-1
459,131,1183.00,120.00,61.00,167.00,0.646855,-1,-1,-1
459,133,1455.00,0.00,49.00,86.00,0.365004,-1,-1,-1
459,135,1195.00,671.00,84.00,255.00,0.867182,-1,-1,-1
459,139,1738.00,673.00,92.00,250.00,0.787111,-1,-1,-1
459,154,492.00,248.00,67.00,185.00,0.761330,-1,-1,-1
459,178,363.00,177.00,62.00,181.00,0.345617,-1,-1,-1
460,5,1720.00,454.00,79.00,211.00,0.790855,-1,-1,-1
460,8,333.00,838.00,87.00,241.00,0.870523,-1,-1,-1
460,12,917.00,940.00,64.00,140.00,0.727808,-1,-1,-1
460,13,1569.00,591.00,110.00,233.00,0.888639,-1,-1,-1
460,20,678.00,279.00,59.00,129.00,0.478856,-1,-1,-1
460,21,1465.00,168.00,65.00,155.00,0.664476,-1,-1,-1
460,26,796.00,138.00,66.00,173.00,0.338236,-1,-1,-1
460,51,315.00,265.00,61.00,182.00,0.580005,-1,-1,-1
460,55,390.00,434.00,70.00,215.00,0.753185,-1,-1,-1
460,71,919.00,302.00,63.00,205.00,0.745993,-1,-1,-1
460,72,838.00,316.00,64.00,202.00,0.757407,-1,-1,-1
460,76,303.00,450.00,80.00,204.00,0.674665,-1,-1,-1
460,81,1787.00,180.00,66.00,176.00,0.710630,-1,-1,-1
460,123,396.00,260.00,77.00,192.00,0.608666,-1,-1,-1
460,130,1665.00,143.00,57.00,162.00,0.772786,-1,-1,-1
460,131,1184.00,122.00,61.00,167.00,0.649748,-1,-1,-1
460,133,1453.00,0.00,49.00,86.00,0.305264,-1,-1,-1
460,135,1193.00,668.00,86.00,256.00,0.864570,-1,-1,-1
460,139,1738.00,673.00,92.00,249.00,0.787943,-1,-1,-1
460,154,491.00,249.00,68.00,186.00,0.743844,-1,-1,-1
460,178,363.00,177.00,61.00,181.00,0.286689,-1,-1,-1
461,5,1719.00,453.00,79.00,212.00,0.800358,-1,-1,-1
461,8,332.00,839.00,87.00,240.00,0.874406,-1,-1,-1
461,12,916.00,941.00,64.00,138.00,0.739332,-1,-1,-1
461,13,1569.00,590.00,111.00,234.00,0.882180,-1,-1,-1
461,20,678.00,280.00,58.00,128.00,0.487016,-1,-1,-1
461,21,1465.00,168.00,65.00,155.00,0.520538,-1,-1,-1
461,26,796.00,138.00,66.00,174.00,0.337361,-1,-1,-1
461,51,314.00,267.00,61.00,183.00,0.625244,-1,-1,-1
461,55,389.00,435.00,71.00,217.00,0.763966,-1,-1,-1
461,71,919.00,301.00,63.00,205.00,0.765259,-1,-1,-1
461,72,837.00,315.00,66.00,204.00,0.793112,-1,-1,-1
461,76,301.00,452.00,80.00,202.00,0.716819,-1,-1,-1
461,81,1786.00,183.00,67.00,180.00,0.682916,-1,-1,-1
461,123,394.00,260.00,78.00,192.00,0.626913,-1,-1,-1
461,130,1667.00,144.00,57.00,161.00,0.769491,-1,-1,-1
461,131,1186.00,123.00,60.00,166.00,0.666406,-1,-1,-1
461,133,1452.00,0.00,49.00,85.00,0.322429,-1,-1,-1
461,135,1193.00,666.00,85.00,258.00,0.872598,-1,-1,-1
461,139,1738.00,674.00,92.00,248.00,0.787013,-1,-1,-1
461,154,491.00,251.00,68.00,186.00,0.773199,-1,-1,-1
462,5,1719.00,454.00,80.00,211.00,0.808184,-1,-1,-1
462,8,331.00,840.00,88.00,238.00,0.869769,-1,-1,-1
462,12,914.00,941.00,64.00,138.00,0.757575,-1,-1,-1
462,13,1570.00,591.00,110.00,233.00,0.882469,-1,-1,-1
462,20,678.00,280.00,58.00,129.00,0.474680,-1,-1,-1
462,21,1465.00,168.00,65.00,154.00,0.647875,-1,-1,-1
462,26,796.00,138.00,66.00,174.00,0.349908,-1,-1,-1
462,51,314.00,267.00,61.00,186.00,0.558175,-1,-1,-1
462,55,389.00,437.00,71.00,218.00,0.737803,-1,-1,-1
462,71,919.00,300.00,64.00,206.00,0.778659,-1,-1,-1
462,72,837.00,315.00,66.00,205.00,0.782311,-1,-1,-1
462,76,300.00,453.00,81.00,202.00,0.690388,-1,-1,-1
462,81,1786.00,183.00,66.00,181.00,0.680705,-1,-1,-1
462,123,392.00,260.00,79.00,196.00,0.620918,-1,-1,-1
462,130,1668.00,145.00,57.00,161.00,0.802686,-1,-1,-1
462,131,1186.00,123.00,60.00,167.00,0.681912,-1,-1,-1
462,133,1450.00,0.00,49.00,84.00,0.323926,-1,-1,-1
462,135,1192.00,664.00,86.00,260.00,0.879502,-1,-1,-1
462,139,1738.00,673.00,92.00,248.00,0.783868,-1,-1,-1
462,154,491.00,252.00,68.00,187.00,0.763015,-1,-1,-1
463,5,1720.00,454.00,79.00,212.00,0.804730,-1,-1,-1
463,8,331.00,841.00,87.00,237.00,0.882031,-1,-1,-1
463,12,913.00,942.00,64.00,137.00,0.765366,-1,-1,-1
463,13,1569.00,590.00,111.00,234.00,0.891127,-1,-1,-1
463,20,678.00,280.00,58.00,128.00,0.457243,-1,-1,-1
463,21,1464.00,168.00,66.00,155.00,0.556942,-1,-1,-1
463,26,796.00,138.00,66.00,174.00,0.333406,-1,-1,-1
463,51,314.00,270.00,61.00,185.00,0.598330,-1,-1,-1
463,55,388.00,440.00,72.00,219.00,0.709978,-1,-1,-1
463,71,919.00,299.00,65.00,208.00,0.761749,-1,-1,-1
463,72,836.00,314.00,67.00,205.00,0.762257,-1,-1,-1
463,76,299.00,454.00,81.00,201.00,0.728681,-1,-1,-1
463,81,1787.00,185.00,64.00,178.00,0.686648,-1,-1,-1
463,123,391.00,260.00,80.00,199.00,0.645515,-1,-1,-1
463,130,1670.00,145.00,57.00,161.00,0.811770,-1,-1,-1
463,131,1188.00,124.00,59.00,167.00,0.683169,-1,-1,-1
463,133,1448.00,0.00,49.00,84.00,0.313603,-1,-1,-1
463,135,1191.00,663.00,87.00,261.00,0.886272,-1,-1,-1
463,139,1738.00,673.00,91.00,248.00,0.785426,-1,-1,-1
463,154,492.00,254.00,68.00,186.00,0.758272,-1,-1,-1
464,5,1720.00,453.00,79.00,212.00,0.808354,-1,-1,-1
464,8,331.00,843.00,87.00,236.00,0.874807,-1,-1,-1
464,12,911.00,942.00,63.00,137.00,0.776497,-1,-1,-1
464,13,1569.00,591.00,110.00,233.00,0.879660,-1,-1,-1
464,20,677.00,280.00,59.00,129.00,0.417981,-1,-1,-1
464,21,1464.00,168.00,66.00,156.00,0.650319,-1,-1,-1
464,26,797.00,138.00,66.00,174.00,0.323825,-1,-1,-1
464,51,314.00,271.00,60.00,185.00,0.574235,-1,-1,-1
464,55,388.00,442.00,71.00,222.00,0.712132,-1,-1,-1
464,71,920.00,299.00,65.00,208.00,0.744243,-1,-1,-1
464,72,836.00,313.00,67.00,204.00,0.729706,-1,-1,-1
464,76,298.00,453.00,82.00,202.00,0.731096,-1,-1,-1
464,81,1787.00,186.00,64.00,182.00,0.661924,-1,-1,-1
464,123,390.00,260.00,82.00,205.00,0.614881,-1,-1,-1
464,130,1672.00,146.00,56.00,159.00,0.833541,-1,-1,-1
464,131,1190.00,124.00,58.00,165.00,0.682411,-1,-1,-1
464,133,1446.00,0.00,48.00,81.00,0.313683,-1,-1,-1
464,135,1190.00,663.00,87.00,261.00,0.874167,-1,-1,-1
464,139,1738.00,673.00,92.00,248.00,0.778714,-1,-1,-1
464,154,492.00,256.00,68.00,186.00,0.737307,-1,-1,-1
465,5,1719.00,453.00,79.00,213.00,0.822352,-1,-1,-1
465,8,330.00,845.00,87.00,234.00,0.875202,-1,-1,-1
465,12,911.00,943.00,62.00,136.00,0.783604,-1,-1,-1
465,13,1568.00,590.00,111.00,234.00,0.885530,-1,-1,-1
465,20,678.00,280.00,58.00,128.00,0.434232,-1,-1,-1
465,21,1465.00,169.00,66.00,157.00,0.682611,-1,-1,-1
465,26,796.00,138.00,67.00,174.00,0.313556,-1,-1,-1
465,51,313.00,272.00,60.00,185.00,0.582793,-1,-1,-1
465,55,387.00,444.00,72.00,222.00,0.726004,-1,-1,-1
465,71,920.00,299.00,66.00,209.00,0.742773,-1,-1,-1
465,72,836.00,312.00,67.00,204.00,0.726336,-1,-1,-1
465,76,297.00,453.00,83.00,201.00,0.763495,-1,-1,-1
465,81,1788.00,186.00,64.00,184.00,0.670800,-1,-1,-1
465,123,388.00,262.00,83.00,208.00,0.641415,-1,-1,-1
465,130,1673.00,146.00,56.00,159.00,0.827401,-1,-1,-1
465,131,1190.00,124.00,57.00,165.00,0.697893,-1,-1,-1
465,133,1445.00,0.00,48.00,80.00,0.348257,-1,-1,-1
465,135,1188.00,661.00,88.00,263.00,0.867615,-1,-1,-1
465,139,1738.00,672.00,92.00,250.00,0.793128,-1,-1,-1
465,154,493.00,258.00,68.00,188.00,0.731200,-1,-1,-1
466,5,1720.00,452.00,79.00,213.00,0.830283,-1,-1,-1
466,8,330.00,847.00,87.00,232.00,0.868571,-1,-1,-1
466,12,910.00,943.00,62.00,136.00,0.802098,-1,-1,-1
466,13,1567.00,591.00,111.00,233.00,0.885376,-1,-1,-1
466,20,678.00,280.00,59.00,129.00,0.451145,-1,-1,-1
466,21,1466.00,170.00,66.00,157.00,0.663021,-1,-1,-1
466,26,796.00,138.00,67.00,174.00,0.338904,-1,-1,-1
466,51,313.00,274.00,60.00,183.00,0.621961,-1,-1,-1
466,55,386.00,445.00,72.00,224.00,0.711551,-1,-1,-1
466,71,920.00,298.00,66.00,210.00,0.731523,-1,-1,-1
466,72,837.00,310.00,66.00,204.00,0.728006,-1,-1,-1
466,76,298.00,459.00,80.00,195.00,0.667662,-1,-1,-1
466,81,1788.00,186.00,64.00,184.00,0.667745,-1,-1,-1
466,123,388.00,263.00,81.00,206.00,0.645868,-1,-1,-1
466,130,1673.00,147.00,57.00,161.00,0.814064,-1,-1,-1
466,131,1191.00,124.00,57.00,166.00,0.720265,-1,-1,-1
466,133,1443.00,0.00,49.00,80.00,0.345272,-1,-1,-1
466,135,1186.00,660.00,88.00,263.00,0.872229,-1,-1,-1
466,139,1739.00,673.00,92.00,248.00,0.796878,-1,-1,-1
466,154,493.00,261.00,68.00,188.00,0.751050,-1,-1,-1
467,5,1720.00,452.00,79.00,214.00,0.817611,-1,-1,-1
467,8,330.00,848.00,87.00,231.00,0.868676,-1,-1,-1
467,12,910.00,944.00,62.00,135.00,0.784948,-1,-1,-1
467,13,1567.00,592.00,111.00,232.00,0.890537,-1,-1,-1
467,20,678.00,280.00,59.00,128.00,0.432502,-1,-1,-1
467,21,1467.00,170.00,65.00,157.00,0.567367,-1,-1,-1
467,26,796.00,138.00,66.00,173.00,0.339434,-1,-1,-1
467,51,312.00,276.00,60.00,183.00,0.653522,-1,-1,-1
467,55,386.00,446.00,72.00,226.00,0.721971,-1,-1,-1
467,71,919.00,298.00,67.00,211.00,0.741863,-1,-1,-1
467,72,837.00,307.00,66.00,204.00,0.730257,-1,-1,-1
467,76,299.00,462.00,80.00,191.00,0.725697,-1,-1,-1
467,81,1790.00,186.00,63.00,182.00,0.615561,-1,-1,-1
467,123,388.00,266.00,80.00,202.00,0.633822,-1,-1,-1
467,130,1673.00,148.00,57.00,163.00,0.789210,-1,-1,-1
467,131,1191.00,125.00,59.00,168.00,0.721943,-1,-1,-1
467,133,1442.00,0.00,49.00,81.00,0.336488,-1,-1,-1
467,135,1184.00,658.00,88.00,263.00,0.857816,-1,-1,-1
467,139,1738.00,672.00,93.00,250.00,0.776585,-1,-1,-1
467,154,494.00,263.00,67.00,186.00,0.723285,-1,-1,-1
468,5,1720.00,453.00,79.00,213.00,0.818152,-1,-1,-1
468,8,331.00,850.00,87.00,229.00,0.869167,-1,-1,-1
468,12,909.00,944.00,62.00,135.00,0.767635,-1,-1,-1
468,13,1567.00,592.00,112.00,232.00,0.893355,-1,-1,-1
468,20,678.00,280.00,59.00,129.00,0.420405,-1,-1,-1
468,21,1468.00,173.00,64.00,153.00,0.556478,-1,-1,-1
468,26,796.00,138.00,66.00,172.00,0.338949,-1,-1,-1
468,51,311.00,278.00,60.00,181.00,0.632620,-1,-1,-1
468,55,386.00,448.00,72.00,225.00,0.721499,-1,-1,-1
468,71,920.00,297.00,66.00,209.00,0.739915,-1,-1,-1
468,72,837.00,304.00,66.00,205.00,0.747933,-1,-1,-1
468,76,300.00,465.00,79.00,189.00,0.720358,-1,-1,-1
468,81,1791.00,186.00,64.00,183.00,0.625359,-1,-1,-1
468,123,388.00,268.00,80.00,202.00,0.680627,-1,-1,-1
468,130,1673.00,150.00,57.00,159.00,0.772932,-1,-1,-1
468,131,1192.00,126.00,59.00,171.00,0.757625,-1,-1,-1
468,133,1442.00,0.00,49.00,80.00,0.308194,-1,-1,-1
468,135,1182.00,656.00,88.00,264.00,0.868347,-1,-1,-1
468,139,1739.00,673.00,92.00,249.00,0.781356,-1,-1,-1
468,154,495.00,264.00,67.00,186.00,0.706497,-1,-1,-1
469,5,1720.00,453.00,79.00,213.00,0.809234,-1,-1,-1
469,8,331.00,851.00,87.00,228.00,0.856782,-1,-1,-1
469,12,909.00,944.00,62.00,135.00,0.765463,-1,-1,-1
469,13,1568.00,593.00,111.00,231.00,0.886766,-1,-1,-1
469,20,678.00,278.00,59.00,131.00,0.385232,-1,-1,-1
469,21,1469.00,174.00,63.00,152.00,0.638762,-1,-1,-1
469,26,796.00,138.00,67.00,173.00,0.307008,-1,-1,-1
469,51,309.00,278.00,63.00,189.00,0.620675,-1,-1,-1
469,55,386.00,449.00,71.00,224.00,0.722235,-1,-1,-1
469,71,920.00,296.00,67.00,210.00,0.748350,-1,-1,-1
469,72,837.00,303.00,65.00,200.00,0.740477,-1,-1,-1
469,76,300.00,464.00,80.00,192.00,0.751455,-1,-1,-1
469,81,1795.00,187.00,63.00,181.00,0.637577,-1,-1,-1
469,123,387.00,269.00,80.00,203.00,0.654710,-1,-1,-1
469,130,1672.00,151.00,58.00,161.00,0.780812,-1,-1,-1
469,131,1193.00,128.00,59.00,171.00,0.685002,-1,-1,-1
469,133,1440.00,0.00,50.00,81.00,0.277005,-1,-1,-1
469,135,1178.00,654.00,89.00,265.00,0.863831,-1,-1,-1
469,139,1739.00,672.00,92.00,251.00,0.768279,-1,-1,-1
469,154,496.00,265.00,67.00,185.00,0.704349,-1,-1,-1
470,5,1720.00,452.00,79.00,212.00,0.812139,-1,-1,-1
470,8,331.00,854.00,87.00,225.00,0.861797,-1,-1,-1
470,12,909.00,945.00,62.00,133.00,0.793567,-1,-1,-1
470,13,1568.00,593.00,111.00,231.00,0.887004,-1,-1,-1
470,20,677.00,280.00,60.00,129.00,0.400425,-1,-1,-1
470,21,1470.00,175.00,62.00,151.00,0.659149,-1,-1,-1
470,26,796.00,138.00,67.00,173.00,0.299922,-1,-1,-1
470,51,309.00,279.00,62.00,186.00,0.684404,-1,-1,-1
470,55,385.00,449.00,72.00,224.00,0.741664,-1,-1,-1
470,71,920.00,295.00,67.00,209.00,0.765978,-1,-1,-1
470,72,838.00,302.00,64.00,197.00,0.757292,-1,-1,-1
470,76,301.00,462.00,83.00,201.00,0.758377,-1,-1,-1
470,81,1798.00,188.00,62.00,181.00,0.663502,-1,-1,-1
470,123,387.00,272.00,80.00,203.00,0.656891,-1,-1,-1
470,130,1672.00,154.00,59.00,161.00,0.795578,-1,-1,-1
470,131,1194.00,130.00,59.00,170.00,0.716500,-1,-1,-1
470,135,1176.00,652.00,90.00,264.00,0.853197,-1,-1,-1
470,139,1738.00,673.00,92.00,249.00,0.758187,-1,-1,-1
470,154,497.00,266.00,66.00,183.00,0.704073,-1,-1,-1
470,178,366.00,171.00,63.00,177.00,0.341525,-1,-1,-1
471,5,1720.00,453.00,79.00,212.00,0.799479,-1,-1,-1
471,8,332.00,858.00,85.00,221.00,0.849903,-1,-1,-1
471,12,908.00,945.00,62.00,133.00,0.784930,-1,-1,-1
471,13,1568.00,594.00,111.00,229.00,0.867967,-1,-1,-1
471,20,677.00,279.00,59.00,130.00,0.434647,-1,-1,-1
471,21,1470.00,175.00,63.00,151.00,0.623267,-1,-1,-1
471,26,796.00,138.00,67.00,173.00,0.310220,-1,-1,-1
471,51,308.00,280.00,63.00,188.00,0.651659,-1,-1,-1
471,55,385.00,450.00,71.00,223.00,0.736295,-1,-1,-1
471,71,921.00,293.00,67.00,208.00,0.751489,-1,-1,-1
471,72,839.00,301.00,63.00,195.00,0.752931,-1,-1,-1
471,76,301.00,462.00,85.00,207.00,0.774010,-1,-1,-1
471,81,1800.00,189.00,63.00,184.00,0.659069,-1,-1,-1
471,123,387.00,273.00,81.00,205.00,0.637039,-1,-1,-1
471,130,1672.00,156.00,59.00,160.00,0.796993,-1,-1,-1
471,131,1194.00,134.00,59.00,167.00,0.717402,-1,-1,-1
471,135,1175.00,649.00,88.00,260.00,0.855331,-1,-1,-1
471,139,1738.00,673.00,91.00,247.00,0.758328,-1,-1,-1
471,154,497.00,266.00,67.00,184.00,0.708985,-1,-1,-1
471,178,364.00,173.00,63.00,176.00,0.297214,-1,-1,-1
472,5,1721.00,453.00,78.00,212.00,0.811023,-1,-1,-1
472,8,333.00,861.00,84.00,218.00,0.850373,-1,-1,-1
472,12,907.00,945.00,62.00,133.00,0.777920,-1,-1,-1
472,13,1569.00,594.00,111.00,230.00,0.882588,-1,-1,-1
472,20,677.00,278.00,60.00,131.00,0.423728,-1,-1,-1
472,21,1471.00,175.00,63.00,151.00,0.626149,-1,-1,-1
472,26,796.00,138.00,67.00,172.00,0.347799,-1,-1,-1
472,51,307.00,280.00,63.00,187.00,0.704164,-1,-1,-1
472,55,384.00,451.00,71.00,221.00,0.765266,-1,-1,-1
472,71,921.00,291.00,68.00,209.00,0.778886,-1,-1,-1
472,72,840.00,299.00,63.00,197.00,0.751950,-1,-1,-1
472,76,301.00,464.00,85.00,208.00,0.762581,-1,-1,-1
472,81,1801.00,190.00,63.00,186.00,0.662587,-1,-1,-1
472,123,388.00,274.00,79.00,202.00,0.634751,-1,-1,-1
472,130,1673.00,157.00,59.00,161.00,0.802362,-1,-1,-1
472,131,1196.00,136.00,59.00,166.00,0.738710,-1,-1,-1
472,135,1175.00,644.00,87.00,257.00,0.883432,-1,-1,-1
472,139,1738.00,672.00,92.00,249.00,0.744095,-1,-1,-1
472,154,498.00,266.00,66.00,183.00,0.714137,-1,-1,-1
472,178,364.00,173.00,63.00,175.00,0.263141,-1,-1,-1
473,5,1720.00,453.00,78.00,213.00,0.812381,-1,-1,-1
473,8,333.00,864.00,84.00,215.00,0.849332,-1,-1,-1
473,12,907.00,945.00,62.00,134.00,0.788300,-1,-1,-1
473,13,1570.00,594.00,111.00,229.00,0.881752,-1,-1,-1
473,20,677.00,279.00,59.00,130.00,0.427893,-1,-1,-1
473,21,1471.00,175.00,63.00,151.00,0.681431,-1,-1,-1
473,26,796.00,138.00,67.00,172.00,0.343455,-1,-1,-1
473,51,307.00,280.00,62.00,185.00,0.718677,-1,-1,-1
473,55,383.00,452.00,71.00,221.00,0.715254,-1,-1,-1
473,71,923.00,289.00,67.00,208.00,0.781946,-1,-1,-1
473,72,840.00,298.00,63.00,198.00,0.753042,-1,-1,-1
473,76,302.00,467.00,83.00,208.00,0.770899,-1,-1,-1
473,81,1802.00,192.00,64.00,187.00,0.641997,-1,-1,-1
473,123,388.00,274.00,80.00,203.00,0.615566,-1,-1,-1
473,130,1673.00,160.00,60.00,162.00,0.815424,-1,-1,-1
473,131,1197.00,138.00,61.00,166.00,0.723186,-1,-1,-1
473,135,1175.00,641.00,86.00,253.00,0.874224,-1,-1,-1
473,139,1738.00,671.00,92.00,250.00,0.740124,-1,-1,-1
473,154,498.00,266.00,66.00,183.00,0.714652,-1,-1,-1
473,178,366.00,174.00,63.00,175.00,0.264445,-1,-1,-1
474,5,1721.00,452.00,78.00,214.00,0.803035,-1,-1,-1
474,8,335.00,868.00,83.00,211.00,0.840085,-1,-1,-1
474,12,907.00,946.00,63.00,133.00,0.785307,-1,-1,-1
474,13,1570.00,594.00,110.00,229.00,0.882680,-1,-1,-1
474,20,677.00,279.00,59.00,130.00,0.390431,-1,-1,-1
474,21,1472.00,175.00,62.00,150.00,0.648905,-1,-1,-1
474,26,797.00,138.00,66.00,172.00,0.312299,-1,-1,-1
474,51,307.00,280.00,62.00,182.00,0.681098,-1,-1,-1
474,55,381.00,453.00,71.00,220.00,0.673528,-1,-1,-1
474,71,924.00,287.00,66.00,203.00,0.767382,-1,-1,-1
474,72,840.00,296.00,63.00,200.00,0.737025,-1,-1,-1
474,76,302.00,469.00,83.00,208.00,0.778735,-1,-1,-1
474,81,1802.00,196.00,63.00,186.00,0.657762,-1,-1,-1
474,123,387.00,275.00,79.00,202.00,0.624111,-1,-1,-1
474,130,1673.00,161.00,61.00,163.00,0.823446,-1,-1,-1
474,131,1199.00,138.00,63.00,170.00,0.707637,-1,-1,-1
474,135,1175.00,638.00,85.00,250.00,0.871619,-1,-1,-1
474,139,1739.00,672.00,92.00,250.00,0.738713,-1,-1,-1
474,154,498.00,267.00,66.00,183.00,0.689491,-1,-1,-1
475,5,1721.00,453.00,77.00,213.00,0.807100,-1,-1,-1
475,8,336.00,871.00,82.00,208.00,0.818441,-1,-1,-1
475,12,907.00,946.00,63.00,133.00,0.755159,-1,-1,-1
475,13,1569.00,595.00,110.00,228.00,0.883615,-1,-1,-1
475,20,677.00,279.00,59.00,130.00,0.360438,-1,-1,-1
475,21,1472.00,176.00,63.00,148.00,0.632176,-1,-1,-1
475,26,797.00,138.00,66.00,171.00,0.282456,-1,-1,-1
475,51,306.00,282.00,63.00,182.00,0.688324,-1,-1,-1
475,55,381.00,453.00,70.00,219.00,0.668293,-1,-1,-1
475,71,925.00,285.00,66.00,201.00,0.794476,-1,-1,-1
475,72,841.00,295.00,62.00,200.00,0.740224,-1,-1,-1
475,76,302.00,470.00,81.00,207.00,0.756721,-1,-1,-1
475,81,1804.00,198.00,64.00,186.00,0.672190,-1,-1,-1
475,123,387.00,276.00,78.00,202.00,0.621387,-1,-1,-1
475,130,1674.00,163.00,61.00,162.00,0.849362,-1,-1,-1
475,131,1201.00,140.00,63.00,169.00,0.749505,-1,-1,-1
475,135,1175.00,635.00,84.00,251.00,0.872502,-1,-1,-1
475,139,1739.00,672.00,92.00,252.00,0.732974,-1,-1,-1
475,154,498.00,268.00,66.00,183.00,0.664386,-1,-1,-1
476,5,1721.00,453.00,77.00,212.00,0.790296,-1,-1,-1
476,8,337.00,873.00,82.00,206.00,0.833456,-1,-1,-1
476,12,905.00,946.00,64.00,133.00,0.783950,-1,-1,-1
476,13,1568.00,594.00,111.00,229.00,0.884977,-1,-1,-1
476,20,677.00,280.00,59.00,128.00,0.358790,-1,-1,-1
476,21,1472.00,176.00,63.00,148.00,0.653815,-1,-1,-1
476,26,797.00,138.00,66.00,171.00,0.289329,-1,-1,-1
476,51,307.00,281.00,64.00,188.00,0.719475,-1,-1,-1
476,55,381.00,455.00,70.00,218.00,0.684397,-1,-1,-1
476,71,925.00,283.00,66.00,200.00,0.803392,-1,-1,-1
476,72,841.00,295.00,62.00,200.00,0.736662,-1,-1,-1
476,76,302.00,472.00,80.00,206.00,0.765819,-1,-1,-1
476,81,1806.00,199.00,64.00,187.00,0.691158,-1,-1,-1
476,123,387.00,277.00,78.00,200.00,0.656850,-1,-1,-1
476,130,1674.00,163.00,61.00,163.00,0.839037,-1,-1,-1
476,131,1202.00,140.00,63.00,169.00,0.746810,-1,-1,-1
476,135,1174.00,632.00,86.00,253.00,0.878171,-1,-1,-1
476,139,1740.00,672.00,91.00,250.00,0.746267,-1,-1,-1
476,154,498.00,268.00,67.00,186.00,0.680851,-1,-1,-1
477,5,1720.00,454.00,77.00,212.00,0.798643,-1,-1,-1
477,8,339.00,875.00,82.00,204.00,0.841710,-1,-1,-1
477,12,906.00,946.00,64.00,133.00,0.760259,-1,-1,-1
477,13,1567.00,593.00,111.00,230.00,0.863437,-1,-1,-1
477,20,677.00,279.00,59.00,129.00,0.349751,-1,-1,-1
477,21,1471.00,177.00,63.00,147.00,0.676540,-1,-1,-1
477,26,796.00,138.00,67.00,172.00,0.284755,-1,-1,-1
477,51,307.00,282.00,65.00,189.00,0.678650,-1,-1,-1
477,55,382.00,456.00,70.00,217.00,0.696265,-1,-1,-1
477,71,926.00,281.00,66.00,201.00,0.779806,-1,-1,-1
477,72,841.00,295.00,62.00,201.00,0.720000,-1,-1,-1
477,76,302.00,475.00,80.00,203.00,0.771285,-1,-1,-1
477,81,1807.00,200.00,65.00,187.00,0.711949,-1,-1,-1
477,123,387.00,277.00,77.00,201.00,0.616273,-1,-1,-1
477,130,1674.00,164.00,62.00,161.00,0.830691,-1,-1,-1
477,131,1203.00,140.00,63.00,170.00,0.757086,-1,-1,-1
477,135,1173.00,630.00,86.00,255.00,0.870416,-1,-1,-1
477,139,1741.00,671.00,91.00,254.00,0.742901,-1,-1,-1
477,154,497.00,269.00,68.00,189.00,0.662378,-1,-1,-1
478,5,1719.00,453.00,77.00,212.00,0.795216,-1,-1,-1
478,8,341.00,877.00,82.00,202.00,0.834237,-1,-1,-1
478,12,906.00,947.00,63.00,132.00,0.765043,-1,-1,-1
478,13,1567.00,594.00,112.00,230.00,0.871439,-1,-1,-1
478,20,677.00,279.00,59.00,129.00,0.333078,-1,-1,-1
478,21,1471.00,176.00,64.00,150.00,0.660933,-1,-1,-1
478,26,796.00,138.00,67.00,172.00,0.279788,-1,-1,-1
478,51,305.00,282.00,65.00,189.00,0.669760,-1,-1,-1
478,55,383.00,456.00,70.00,220.00,0.670905,-1,-1,-1
478,71,926.00,279.00,66.00,202.00,0.773465,-1,-1,-1
478,72,842.00,294.00,61.00,201.00,0.751961,-1,-1,-1
478,76,302.00,476.00,79.00,202.00,0.778059,-1,-1,-1
478,81,1808.00,202.00,65.00,184.00,0.715692,-1,-1,-1
478,123,387.00,277.00,77.00,201.00,0.609332,-1,-1,-1
478,130,1675.00,164.00,61.00,161.00,0.824825,-1,-1,-1
478,131,1205.00,141.00,63.00,170.00,0.648094,-1,-1,-1
478,135,1172.00,629.00,86.00,256.00,0.868489,-1,-1,-1
478,139,1741.00,671.00,92.00,255.00,0.739224,-1,-1,-1
478,154,497.00,271.00,67.00,190.00,0.651245,-1,-1,-1
479,5,1719.00,452.00,77.00,214.00,0.795664,-1,-1,-1
479,8,342.00,878.00,83.00,201.00,0.848064,-1,-1,-1
479,12,905.00,947.00,64.00,132.00,0.786419,-1,-1,-1
479,13,1567.00,594.00,112.00,230.00,0.869195,-1,-1,-1
479,20,677.00,279.00,59.00,129.00,0.383434,-1,-1,-1
479,21,1470.00,177.00,64.00,150.00,0.703643,-1,-1,-1
479,26,796.00,138.00,67.00,172.00,0.296280,-1,-1,-1
479,51,305.00,284.00,65.00,189.00,0.681112,-1,-1,-1
479,55,382.00,457.00,72.00,223.00,0.675292,-1,-1,-1
479,71,927.00,278.00,65.00,203.00,0.776755,-1,-1,-1
479,72,842.00,294.00,61.00,201.00,0.763853,-1,-1,-1
479,76,300.00,477.00,80.00,201.00,0.746534,-1,-1,-1
479,81,1809.00,202.00,65.00,185.00,0.702841,-1,-1,-1
479,123,387.00,277.00,76.00,200.00,0.588443,-1,-1,-1
479,130,1677.00,163.00,61.00,162.00,0.840587,-1,-1,-1
479,131,1207.00,140.00,63.00,170.00,0.664939,-1,-1,-1
479,135,1170.00,627.00,87.00,257.00,0.887015,-1,-1,-1
479,139,1741.00,671.00,92.00,256.00,0.752810,-1,-1,-1
479,154,497.00,273.00,67.00,189.00,0.679891,-1,-1,-1
479,186,590.00,548.00,88.00,242.00,0.638413,-1,-1,-1
480,5,1719.00,452.00,76.00,213.00,0.829524,-1,-1,-1
480,8,344.00,880.00,83.00,199.00,0.838175,-1,-1,-1
480,12,905.00,948.00,64.00,131.00,0.773257,-1,-1,-1
480,13,1566.00,593.00,112.00,231.00,0.885135,-1,-1,-1
480,20,677.00,279.00,59.00,130.00,0.381088,-1,-1,-1
480,21,1470.00,178.00,64.00,151.00,0.649234,-1,-1,-1
480,51,304.00,285.00,65.00,190.00,0.628827,-1,-1,-1
480,55,381.00,460.00,72.00,224.00,0.656857,-1,-1,-1
480,71,927.00,277.00,66.00,204.00,0.754454,-1,-1,-1
480,72,843.00,293.00,61.00,201.00,0.743345,-1,-1,-1
480,76,299.00,479.00,79.00,199.00,0.638214,-1,-1,-1
480,81,1811.00,203.00,66.00,185.00,0.709848,-1,-1,-1
480,123,387.00,279.00,75.00,198.00,0.575113,-1,-1,-1
480,130,1679.00,164.00,60.00,160.00,0.776206,-1,-1,-1
480,131,1210.00,141.00,62.00,170.00,0.676284,-1,-1,-1
480,135,1169.00,627.00,87.00,257.00,0.883704,-1,-1,-1
480,139,1742.00,670.00,92.00,257.00,0.756619,-1,-1,-1
480,154,496.00,276.00,67.00,188.00,0.622663,-1,-1,-1
480,186,591.00,548.00,87.00,242.00,0.607370,-1,-1,-1
481,5,1719.00,452.00,75.00,212.00,0.819764,-1,-1,-1
481,8,346.00,882.00,83.00,197.00,0.847270,-1,-1,-1
481,12,905.00,949.00,64.00,130.00,0.786204,-1,-1,-1
481,13,1567.00,594.00,112.00,230.00,0.877579,-1,-1,-1
481,20,678.00,280.00,58.00,129.00,0.407909,-1,-1,-1
481,21,1468.00,179.00,67.00,158.00,0.649081,-1,-1,-1
481,26,797.00,139.00,67.00,172.00,0.254124,-1,-1,-1
481,51,303.00,287.00,66.00,190.00,0.664610,-1,-1,-1
481,55,380.00,462.00,73.00,226.00,0.647074,-1,-1,-1
481,71,928.00,276.00,65.00,205.00,0.771815,-1,-1,-1
481,72,843.00,292.00,61.00,201.00,0.733180,-1,-1,-1
481,76,298.00,480.00,79.00,199.00,0.560963,-1,-1,-1
481,81,1814.00,203.00,65.00,183.00,0.705368,-1,-1,-1
481,123,388.00,281.00,73.00,195.00,0.581498,-1,-1,-1
481,130,1680.00,164.00,61.00,162.00,0.782402,-1,-1,-1
481,131,1213.00,141.00,62.00,170.00,0.606686,-1,-1,-1
481,135,1167.00,627.00,88.00,257.00,0.881127,-1,-1,-1
481,139,1743.00,669.00,91.00,257.00,0.759583,-1,-1,-1
481,154,496.00,278.00,67.00,188.00,0.666122,-1,-1,-1
481,186,592.00,549.00,87.00,241.00,0.634534,-1,-1,-1
482,5,1719.00,453.00,75.00,211.00,0.820276,-1,-1,-1
482,8,347.00,884.00,84.00,195.00,0.860673,-1,-1,-1
482,12,905.00,949.00,64.00,130.00,0.780698,-1,-1,-1
482,13,1567.00,592.00,113.00,232.00,0.891210,-1,-1,-1
482,20,677.00,280.00,59.00,129.00,0.362537,-1,-1,-1
482,21,1468.00,179.00,68.00,161.00,0.652324,-1,-1,-1
482,51,301.00,287.00,68.00,194.00,0.678787,-1,-1,-1
482,55,381.00,463.00,74.00,227.00,0.675214,-1,-1,-1
482,71,928.00,276.00,65.00,205.00,0.777019,-1,-1,-1
482,72,844.00,291.00,60.00,201.00,0.745970,-1,-1,-1
482,76,306.00,480.00,78.00,198.00,0.552357,-1,-1,-1
482,81,1816.00,204.00,64.00,181.00,0.754923,-1,-1,-1
482,123,388.00,283.00,72.00,193.00,0.578271,-1,-1,-1
482,130,1682.00,165.00,60.00,160.00,0.776477,-1,-1,-1
482,131,1217.00,141.00,62.00,174.00,0.580139,-1,-1,-1
482,135,1165.00,626.00,88.00,258.00,0.888892,-1,-1,-1
482,139,1743.00,669.00,91.00,257.00,0.716524,-1,-1,-1
482,154,495.00,279.00,68.00,189.00,0.654598,-1,-1,-1
482,186,592.00,551.00,86.00,240.00,0.636498,-1,-1,-1
483,5,1719.00,453.00,76.00,212.00,0.825653,-1,-1,-1
483,8,349.00,886.00,84.00,193.00,0.855240,-1,-1,-1
483,12,905.00,949.00,64.00,130.00,0.778204,-1,-1,-1
483,13,1566.00,592.00,113.00,232.00,0.872345,-1,-1,-1
483,20,677.00,280.00,59.00,129.00,0.415596,-1,-1,-1
483,21,1467.00,180.00,68.00,163.00,0.612745,-1,-1,-1
483,51,302.00,289.00,67.00,192.00,0.646098,-1,-1,-1
483,55,381.00,465.00,74.00,226.00,0.640666,-1,-1,-1
483,71,927.00,276.00,65.00,206.00,0.786614,-1,-1,-1
483,72,844.00,289.00,60.00,200.00,0.762975,-1,-1,-1
483,76,302.00,481.00,78.00,197.00,0.545575,-1,-1,-1
483,81,1818.00,205.00,63.00,181.00,0.752992,-1,-1,-1
483,123,388.00,285.00,73.00,193.00,0.669047,-1,-1,-1
483,130,1684.00,166.00,60.00,161.00,0.794851,-1,-1,-1
483,131,1220.00,143.00,61.00,172.00,0.564995,-1,-1,-1
483,135,1163.00,625.00,89.00,259.00,0.893754,-1,-1,-1
483,139,1743.00,669.00,90.00,256.00,0.724448,-1,-1,-1
483,154,495.00,281.00,67.00,188.00,0.680756,-1,-1,-1
483,186,591.00,551.00,87.00,239.00,0.681388,-1,-1,-1
484,5,1718.00,452.00,77.00,213.00,0.824535,-1,-1,-1
484,8,351.00,888.00,84.00,191.00,0.847929,-1,-1,-1
484,12,905.00,949.00,64.00,130.00,0.777428,-1,-1,-1
484,13,1566.00,592.00,113.00,232.00,0.881785,-1,-1,-1
484,20,677.00,281.00,59.00,128.00,0.399655,-1,-1,-1
484,21,1468.00,180.00,67.00,161.00,0.610009,-1,-1,-1
484,51,304.00,290.00,64.00,187.00,0.645832,-1,-1,-1
484,55,381.00,468.00,75.00,227.00,0.649725,-1,-1,-1
484,71,928.00,276.00,65.00,206.00,0.778269,-1,-1,-1
484,72,844.00,287.00,60.00,198.00,0.746344,-1,-1,-1
484,76,299.00,481.00,78.00,198.00,0.610953,-1,-1,-1
484,81,1818.00,205.00,64.00,184.00,0.731781,-1,-1,-1
484,123,387.00,285.00,74.00,195.00,0.623842,-1,-1,-1
484,130,1685.00,167.00,60.00,162.00,0.786605,-1,-1,-1
484,131,1223.00,146.00,61.00,172.00,0.531078,-1,-1,-1
484,135,1160.00,623.00,90.00,259.00,0.885072,-1,-1,-1
484,139,1741.00,668.00,90.00,257.00,0.743141,-1,-1,-1
484,154,495.00,283.00,66.00,187.00,0.649276,-1,-1,-1
484,186,592.00,552.00,86.00,238.00,0.710021,-1,-1,-1
485,5,1718.00,452.00,77.00,213.00,0.842789,-1,-1,-1
485,8,352.00,890.00,85.00,189.00,0.837440,-1,-1,-1
485,12,905.00,950.00,64.00,129.00,0.773055,-1,-1,-1
485,13,1566.00,593.00,112.00,231.00,0.883717,-1,-1,-1
485,20,677.00,281.00,59.00,128.00,0.394217,-1,-1,-1
485,21,1466.00,181.00,67.00,161.00,0.652727,-1,-1,-1
485,51,302.00,290.00,65.00,186.00,0.632043,-1,-1,-1
485,55,381.00,469.00,74.00,228.00,0.653501,-1,-1,-1
485,71,928.00,275.00,64.00,205.00,0.786036,-1,-1,-1
485,72,845.00,284.00,58.00,196.00,0.738355,-1,-1,-1
485,76,299.00,482.00,79.00,198.00,0.604079,-1,-1,-1
485,81,1818.00,206.00,64.00,187.00,0.714012,-1,-1,-1
485,123,386.00,289.00,74.00,192.00,0.525649,-1,-1,-1
485,130,1687.00,169.00,58.00,161.00,0.768945,-1,-1,-1
485,131,1225.00,148.00,60.00,171.00,0.581738,-1,-1,-1
485,135,1158.00,622.00,90.00,258.00,0.882978,-1,-1,-1
485,139,1737.00,670.00,90.00,253.00,0.765582,-1,-1,-1
485,154,494.00,284.00,66.00,186.00,0.546269,-1,-1,-1
485,186,591.00,552.00,87.00,238.00,0.716724,-1,-1,-1
486,5,1718.00,451.00,77.00,214.00,0.836353,-1,-1,-1
486,8,354.00,892.00,85.00,187.00,0.843740,-1,-1,-1
486,12,905.00,949.00,65.00,130.00,0.754122,-1,-1,-1
486,13,1566.00,595.00,112.00,229.00,0.882564,-1,-1,-1
486,20,677.00,280.00,59.00,129.00,0.387049,-1,-1,-1
486,21,1465.00,180.00,67.00,162.00,0.623324,-1,-1,-1
486,51,302.00,292.00,63.00,183.00,0.600935,-1,-1,-1
486,55,378.00,469.00,75.00,231.00,0.628538,-1,-1,-1
486,71,928.00,274.00,64.00,205.00,0.770209,-1,-1,-1
486,72,845.00,282.00,59.00,195.00,0.733981,-1,-1,-1
486,76,300.00,484.00,81.00,202.00,0.563445,-1,-1,-1
486,81,1819.00,209.00,64.00,188.00,0.711881,-1,-1,-1
486,123,386.00,292.00,72.00,190.00,0.608466,-1,-1,-1
486,130,1687.00,171.00,59.00,162.00,0.738822,-1,-1,-1
486,131,1227.00,151.00,59.00,169.00,0.518684,-1,-1,-1
486,135,1155.00,620.00,91.00,258.00,0.886663,-1,-1,-1
486,139,1732.00,670.00,92.00,253.00,0.742907,-1,-1,-1
486,154,493.00,285.00,67.00,185.00,0.583103,-1,-1,-1
486,186,590.00,551.00,87.00,239.00,0.723806,-1,-1,-1
487,5,1718.00,452.00,78.00,213.00,0.841492,-1,-1,-1
487,8,356.00,895.00,86.00,184.00,0.844465,-1,-1,-1
487,12,905.00,950.00,64.00,129.00,0.775974,-1,-1,-1
487,13,1566.00,594.00,112.00,230.00,0.886696,-1,-1,-1
487,20,677.00,280.00,59.00,129.00,0.391779,-1,-1,-1
487,21,1464.00,180.00,67.00,163.00,0.667389,-1,-1,-1
487,51,300.00,293.00,64.00,182.00,0.639008,-1,-1,-1
487,55,379.00,471.00,74.00,229.00,0.619364,-1,-1,-1
487,71,928.00,273.00,64.00,204.00,0.776436,-1,-1,-1
487,72,845.00,280.00,59.00,194.00,0.720698,-1,-1,-1
487,76,297.00,486.00,83.00,205.00,0.668439,-1,-1,-1
487,81,1821.00,212.00,64.00,189.00,0.710283,-1,-1,-1
487,123,385.00,292.00,73.00,190.00,0.646508,-1,-1,-1
487,130,1689.00,172.00,58.00,160.00,0.718445,-1,-1,-1
487,131,1229.00,153.00,59.00,167.00,0.461454,-1,-1,-1
487,135,1154.00,617.00,90.00,259.00,0.874377,-1,-1,-1
487,139,1727.00,672.00,92.00,251.00,0.799448,-1,-1,-1
487,154,488.00,285.00,68.00,185.00,0.539908,-1,-1,-1
487,186,589.00,552.00,87.00,238.00,0.746229,-1,-1,-1
488,5,1719.00,452.00,77.00,213.00,0.837663,-1,-1,-1
488,8,357.00,898.00,87.00,181.00,0.860402,-1,-1,-1
488,12,905.00,949.00,65.00,130.00,0.770741,-1,-1,-1
488,13,1566.00,594.00,111.00,230.00,0.866476,-1,-1,-1
488,20,677.00,280.00,59.00,129.00,0.351419,-1,-1,-1
488,21,1464.00,181.00,66.00,162.00,0.695396,-1,-1,-1
488,26,797.00,139.00,66.00,171.00,0.261140,-1,-1,-1
488,51,299.00,293.00,64.00,185.00,0.637964,-1,-1,-1
488,55,379.00,469.00,74.00,232.00,0.624240,-1,-1,-1
488,71,928.00,271.00,63.00,201.00,0.761614,-1,-1,-1
488,72,844.00,279.00,59.00,195.00,0.746026,-1,-1,-1
488,76,296.00,489.00,83.00,206.00,0.669019,-1,-1,-1
488,81,1823.00,214.00,63.00,188.00,0.679588,-1,-1,-1
488,123,386.00,293.00,72.00,188.00,0.667479,-1,-1,-1
488,130,1690.00,174.00,57.00,159.00,0.712641,-1,-1,-1
488,131,1232.00,155.00,59.00,165.00,0.435512,-1,-1,-1
488,135,1152.00,613.00,92.00,261.00,0.856821,-1,-1,-1
488,139,1724.00,674.00,94.00,250.00,0.778359,-1,-1,-1
488,154,488.00,285.00,68.00,185.00,0.611105,-1,-1,-1
488,186,588.00,551.00,87.00,239.00,0.758553,-1,-1,-1
488,194,1770.00,625.00,63.00,140.00,0.367861,-1,-1,-1
489,5,1718.00,452.00,78.00,214.00,0.826171,-1,-1,-1
489,8,359.00,900.00,87.00,179.00,0.871429,-1,-1,-1
489,12,905.00,950.00,65.00,129.00,0.782938,-1,-1,-1
489,13,1566.00,595.00,111.00,229.00,0.872123,-1,-1,-1
489,20,677.00,281.00,59.00,128.00,0.362677,-1,-1,-1
489,21,1463.00,181.00,67.00,162.00,0.675184,-1,-1,-1
489,51,299.00,295.00,63.00,183.00,0.628868,-1,-1,-1
489,55,377.00,468.00,74.00,233.00,0.602411,-1,-1,-1
489,71,926.00,269.00,64.00,204.00,0.760631,-1,-1,-1
489,72,844.00,278.00,60.00,197.00,0.739826,-1,-1,-1
489,76,295.00,491.00,84.00,208.00,0.688213,-1,-1,-1
489,81,1825.00,215.00,62.00,189.00,0.663566,-1,-1,-1
489,123,386.00,293.00,72.00,186.00,0.596887,-1,-1,-1
489,130,1691.00,176.00,57.00,159.00,0.704763,-1,-1,-1
489,131,1235.00,156.00,60.00,165.00,0.380583,-1,-1,-1
489,135,1152.00,611.00,89.00,255.00,0.881243,-1,-1,-1
489,139,1722.00,676.00,95.00,248.00,0.763079,-1,-1,-1
489,154,491.00,287.00,68.00,184.00,0.638232,-1,-1,-1
489,186,586.00,551.00,87.00,239.00,0.709829,-1,-1,-1
489,194,1767.00,624.00,66.00,149.00,0.317714,-1,-1,-1
490,5,1718.00,452.00,79.00,214.00,0.812522,-1,-1,-1
490,8,360.00,904.00,87.00,175.00,0.865065,-1,-1,-1
490,12,904.00,949.00,66.00,131.00,0.783172,-1,-1,-1
490,13,1566.00,595.00,111.00,229.00,0.860090,-1,-1,-1
490,20,677.00,281.00,59.00,128.00,0.357610,-1,-1,-1
490,21,1464.00,182.00,66.00,161.00,0.706885,-1,-1,-1
490,51,297.00,295.00,64.00,185.00,0.640703,-1,-1,-1
490,55,378.00,470.00,72.00,232.00,0.626086,-1,-1,-1
490,71,926.00,268.00,63.00,200.00,0.726835,-1,-1,-1
490,72,843.00,277.00,61.00,197.00,0.733714,-1,-1,-1
490,76,294.00,492.00,85.00,211.00,0.651759,-1,-1,-1
490,81,1827.00,217.00,62.00,186.00,0.642090,-1,-1,-1
490,123,384.00,294.00,72.00,184.00,0.659367,-1,-1,-1
490,130,1692.00,177.00,57.00,159.00,0.723325,-1,-1,-1
490,131,1235.00,159.00,61.00,163.00,0.455490,-1,-1,-1
490,135,1152.00,609.00,87.00,249.00,0.876323,-1,-1,-1
490,139,1718.00,677.00,98.00,247.00,0.734616,-1,-1,-1
490,154,493.00,287.00,67.00,184.00,0.658555,-1,-1,-1
490,186,585.00,551.00,86.00,239.00,0.698408,-1,-1,-1
490,194,1762.00,624.00,70.00,156.00,0.269801,-1,-1,-1
491,5,1718.00,452.00,79.00,215.00,0.811493,-1,-1,-1
491,8,362.00,907.00,86.00,172.00,0.872202,-1,-1,-1
491,12,904.00,949.00,65.00,130.00,0.809222,-1,-1,-1
491,13,1567.00,595.00,111.00,230.00,0.879368,-1,-1,-1
491,20,677.00,282.00,59.00,127.00,0.343452,-1,-1,-1
491,21,1463.00,182.00,66.00,161.00,0.684392,-1,-1,-1
491,51,297.00,296.00,64.00,184.00,0.677719,-1,-1,-1
491,55,377.00,472.00,71.00,230.00,0.636997,-1,-1,-1
491,71,926.00,266.00,63.00,199.00,0.733748,-1,-1,-1
491,72,843.00,276.00,61.00,198.00,0.743070,-1,-1,-1
491,76,301.00,496.00,83.00,209.00,0.614475,-1,-1,-1
491,81,1829.00,219.00,62.00,186.00,0.629744,-1,-1,-1
491,123,384.00,295.00,72.00,184.00,0.652610,-1,-1,-1
491,130,1693.00,178.00,58.00,158.00,0.697491,-1,-1,-1
491,131,1233.00,160.00,58.00,162.00,0.313158,-1,-1,-1
491,135,1151.00,605.00,85.00,244.00,0.842089,-1,-1,-1
491,139,1716.00,680.00,97.00,242.00,0.732503,-1,-1,-1
491,154,493.00,287.00,67.00,184.00,0.666126,-1,-1,-1
491,186,584.00,551.00,86.00,239.00,0.703179,-1,-1,-1
491,194,1760.00,623.00,71.00,162.00,0.324037,-1,-1,-1
492,5,1718.00,451.00,79.00,216.00,0.812627,-1,-1,-1
492,8,363.00,911.00,86.00,168.00,0.865115,-1,-1,-1
492,12,904.00,948.00,66.00,131.00,0.775455,-1,-1,-1
492,13,1567.00,596.00,110.00,229.00,0.877620,-1,-1,-1
492,20,677.00,282.00,59.00,127.00,0.361280,-1,-1,-1
492,21,1463.00,183.00,66.00,161.00,0.669256,-1,-1,-1
492,51,297.00,296.00,64.00,185.00,0.660507,-1,-1,-1
492,55,376.00,475.00,69.00,227.00,0.647294,-1,-1,-1
492,71,926.00,264.00,63.00,199.00,0.752611,-1,-1,-1
492,72,843.00,275.00,62.00,199.00,0.750804,-1,-1,-1
492,76,296.00,497.00,84.00,210.00,0.744989,-1,-1,-1
492,81,1830.00,221.00,61.00,186.00,0.646356,-1,-1,-1
492,123,381.00,295.00,74.00,186.00,0.667195,-1,-1,-1
492,130,1696.00,179.00,57.00,159.00,0.710730,-1,-1,-1
492,131,1238.00,161.00,59.00,161.00,0.484218,-1,-1,-1
492,135,1150.00,602.00,85.00,243.00,0.847387,-1,-1,-1
492,139,1714.00,682.00,98.00,241.00,0.771178,-1,-1,-1
492,154,492.00,288.00,67.00,185.00,0.700109,-1,-1,-1
492,186,583.00,551.00,85.00,239.00,0.678585,-1,-1,-1
492,194,1754.00,623.00,79.00,183.00,0.340746,-1,-1,-1
493,5,1718.00,452.00,79.00,215.00,0.811997,-1,-1,-1
493,8,364.00,914.00,86.00,166.00,0.869401,-1,-1,-1
493,12,903.00,947.00,67.00,132.00,0.812312,-1,-1,-1
493,13,1567.00,597.00,110.00,228.00,0.872523,-1,-1,-1
493,20,678.00,283.00,58.00,126.00,0.376581,-1,-1,-1
493,21,1463.00,184.00,66.00,160.00,0.658280,-1,-1,-1
493,51,295.00,297.00,65.00,187.00,0.669445,-1,-1,-1
493,55,376.00,477.00,68.00,225.00,0.659581,-1,-1,-1
493,71,925.00,262.00,65.00,199.00,0.776288,-1,-1,-1
493,72,842.00,275.00,63.00,199.00,0.750436,-1,-1,-1
493,76,292.00,499.00,84.00,209.00,0.727938,-1,-1,-1
493,81,1831.00,223.00,61.00,184.00,0.648163,-1,-1,-1
493,123,379.00,296.00,75.00,188.00,0.636738,-1,-1,-1
493,130,1697.00,179.00,57.00,157.00,0.746913,-1,-1,-1
493,131,1242.00,161.00,59.00,161.00,0.505748,-1,-1,-1
493,135,1150.00,598.00,84.00,244.00,0.849072,-1,-1,-1
493,139,1713.00,682.00,98.00,240.00,0.759214,-1,-1,-1
493,154,492.00,290.00,68.00,187.00,0.704131,-1,-1,-1
493,186,582.00,551.00,84.00,239.00,0.675808,-1,-1,-1
494,5,1718.00,452.00,79.00,215.00,0.808368,-1,-1,-1
494,8,364.00,917.00,86.00,163.00,0.847565,-1,-1,-1
494,12,903.00,947.00,66.00,132.00,0.808540,-1,-1,-1
494,13,1568.00,596.00,109.00,229.00,0.863623,-1,-1,-1
494,20,678.00,282.00,58.00,127.00,0.342606,-1,-1,-1
494,21,1463.00,185.00,67.00,161.00,0.697926,-1,-1,-1
494,51,294.00,297.00,66.00,190.00,0.643513,-1,-1,-1
494,55,376.00,479.00,66.00,222.00,0.640814,-1,-1,-1
494,71,925.00,260.00,65.00,199.00,0.764089,-1,-1,-1
494,72,842.00,274.00,62.00,198.00,0.766173,-1,-1,-1
494,76,289.00,500.00,84.00,208.00,0.766635,-1,-1,-1
494,81,1833.00,223.00,61.00,183.00,0.650405,-1,-1,-1
494,123,376.00,296.00,77.00,193.00,0.636122,-1,-1,-1
494,130,1699.00,179.00,56.00,158.00,0.777817,-1,-1,-1
494,131,1243.00,160.00,60.00,161.00,0.477509,-1,-1,-1
494,135,1148.00,595.00,86.00,246.00,0.856976,-1,-1,-1
494,139,1712.00,683.00,98.00,238.00,0.792309,-1,-1,-1
494,154,491.00,291.00,69.00,190.00,0.695036,-1,-1,-1
494,186,581.00,551.00,83.00,239.00,0.684604,-1,-1,-1
495,5,1719.00,452.00,79.00,214.00,0.807761,-1,-1,-1
495,8,364.00,919.00,86.00,160.00,0.858376,-1,-1,-1
495,12,902.00,946.00,67.00,132.00,0.796099,-1,-1,-1
495,13,1567.00,595.00,110.00,230.00,0.854581,-1,-1,-1
495,20,677.00,282.00,59.00,127.00,0.389036,-1,-1,-1
495,21,1464.00,186.00,66.00,161.00,0.673222,-1,-1,-1
495,51,294.00,298.00,65.00,192.00,0.676922,-1,-1,-1
495,55,376.00,480.00,65.00,221.00,0.633167,-1,-1,-1
495,71,927.00,258.00,65.00,201.00,0.768345,-1,-1,-1
495,72,842.00,273.00,63.00,199.00,0.752710,-1,-1,-1
495,76,287.00,500.00,85.00,208.00,0.773795,-1,-1,-1
495,81,1835.00,224.00,61.00,182.00,0.652282,-1,-1,-1
495,123,374.00,297.00,77.00,193.00,0.616708,-1,-1,-1
495,130,1700.00,179.00,57.00,159.00,0.824115,-1,-1,-1
495,131,1246.00,159.00,60.00,162.00,0.477151,-1,-1,-1
495,135,1147.00,594.00,86.00,247.00,0.876259,-1,-1,-1
495,139,1710.00,683.00,98.00,237.00,0.805381,-1,-1,-1
495,154,491.00,292.00,68.00,190.00,0.727345,-1,-1,-1
495,186,579.00,550.00,82.00,239.00,0.680065,-1,-1,-1
496,5,1719.00,452.00,79.00,215.00,0.813508,-1,-1,-1
496,8,364.00,921.00,87.00,158.00,0.858336,-1,-1,-1
496,12,902.00,946.00,67.00,132.00,0.794652,-1,-1,-1
496,13,1568.00,595.00,110.00,230.00,0.856751,-1,-1,-1
496,20,676.00,281.00,60.00,128.00,0.354277,-1,-1,-1
496,21,1464.00,189.00,67.00,161.00,0.711018,-1,-1,-1
496,51,293.00,298.00,66.00,194.00,0.673844,-1,-1,-1
496,55,376.00,482.00,65.00,224.00,0.608473,-1,-1,-1
496,71,927.00,257.00,66.00,201.00,0.753534,-1,-1,-1
496,72,842.00,271.00,63.00,200.00,0.744413,-1,-1,-1
496,76,285.00,502.00,86.00,206.00,0.804636,-1,-1,-1
496,81,1837.00,224.00,61.00,182.00,0.668105,-1,-1,-1
496,123,372.00,298.00,77.00,193.00,0.678775,-1,-1,-1
496,130,1700.00,179.00,58.00,163.00,0.837898,-1,-1,-1
496,131,1245.00,162.00,59.00,158.00,0.486194,-1,-1,-1
496,135,1147.00,593.00,86.00,248.00,0.875371,-1,-1,-1
496,139,1709.00,680.00,98.00,239.00,0.790644,-1,-1,-1
496,154,490.00,293.00,69.00,192.00,0.739870,-1,-1,-1
496,186,578.00,549.00,81.00,240.00,0.703057,-1,-1,-1
497,5,1719.00,453.00,79.00,213.00,0.807136,-1,-1,-1
497,8,365.00,923.00,86.00,156.00,0.845917,-1,-1,-1
497,12,901.00,946.00,67.00,132.00,0.803787,-1,-1,-1
497,13,1567.00,594.00,111.00,231.00,0.856529,-1,-1,-1
497,20,676.00,281.00,60.00,129.00,0.384164,-1,-1,-1
497,21,1464.00,192.00,66.00,158.00,0.670740,-1,-1,-1
497,26,797.00,140.00,66.00,170.00,0.258212,-1,-1,-1
497,51,293.00,301.00,65.00,192.00,0.698372,-1,-1,-1
497,55,375.00,484.00,66.00,228.00,0.631888,-1,-1,-1
497,71,928.00,257.00,67.00,203.00,0.765092,-1,-1,-1
497,72,842.00,270.00,63.00,200.00,0.732671,-1,-1,-1
497,76,284.00,500.00,86.00,207.00,0.802180,-1,-1,-1
497,81,1837.00,224.00,61.00,180.00,0.652126,-1,-1,-1
497,123,371.00,300.00,76.00,192.00,0.716881,-1,-1,-1
497,130,1700.00,180.00,59.00,166.00,0.840462,-1,-1,-1
497,131,1245.00,158.00,61.00,163.00,0.411248,-1,-1,-1
497,135,1147.00,592.00,86.00,250.00,0.880205,-1,-1,-1
497,139,1708.00,679.00,99.00,239.00,0.797374,-1,-1,-1
497,154,490.00,295.00,69.00,191.00,0.780161,-1,-1,-1
497,186,577.00,549.00,80.00,239.00,0.713839,-1,-1,-1
498,5,1720.00,453.00,78.00,212.00,0.797821,-1,-1,-1
498,8,365.00,924.00,87.00,155.00,0.840554,-1,-1,-1
498,12,901.00,946.00,67.00,132.00,0.811442,-1,-1,-1
498,13,1568.00,594.00,110.00,231.00,0.858538,-1,-1,-1
498,20,677.00,282.00,59.00,128.00,0.394051,-1,-1,-1
498,21,1465.00,194.00,65.00,157.00,0.671900,-1,-1,-1
498,51,292.00,302.00,66.00,194.00,0.663498,-1,-1,-1
498,55,376.00,486.00,65.00,230.00,0.591748,-1,-1,-1
498,71,928.00,256.00,67.00,204.00,0.754956,-1,-1,-1
498,72,842.00,268.00,63.00,199.00,0.720967,-1,-1,-1
498,76,283.00,501.00,87.00,206.00,0.770889,-1,-1,-1
498,81,1838.00,225.00,60.00,180.00,0.631141,-1,-1,-1
498,123,370.00,301.00,76.00,193.00,0.669899,-1,-1,-1
498,130,1700.00,182.00,60.00,168.00,0.892616,-1,-1,-1
498,131,1253.00,155.00,65.00,166.00,0.331633,-1,-1,-1
498,135,1146.00,591.00,87.00,252.00,0.890682,-1,-1,-1
498,139,1708.00,682.00,98.00,237.00,0.794860,-1,-1,-1
498,154,490.00,296.00,69.00,193.00,0.752526,-1,-1,-1
498,186,577.00,549.00,79.00,239.00,0.687094,-1,-1,-1
499,5,1720.00,453.00,78.00,211.00,0.804225,-1,-1,-1
499,8,365.00,925.00,88.00,154.00,0.836634,-1,-1,-1
499,12,900.00,945.00,67.00,133.00,0.810481,-1,-1,-1
499,13,1570.00,595.00,109.00,230.00,0.845405,-1,-1,-1
499,20,676.00,282.00,60.00,128.00,0.411151,-1,-1,-1
499,21,1465.00,196.00,66.00,157.00,0.719011,-1,-1,-1
499,26,797.00,140.00,66.00,173.00,0.266804,-1,-1,-1
499,51,292.00,304.00,65.00,194.00,0.657885,-1,-1,-1
499,55,375.00,487.00,65.00,231.00,0.628275,-1,-1,-1
499,71,929.00,257.00,66.00,203.00,0.760022,-1,-1,-1
499,72,842.00,267.00,63.00,198.00,0.743440,-1,-1,-1
499,76,283.00,501.00,87.00,206.00,0.764852,-1,-1,-1
499,81,1841.00,226.00,62.00,184.00,0.719512,-1,-1,-1
499,123,371.00,302.00,75.00,191.00,0.663248,-1,-1,-1
499,130,1700.00,184.00,60.00,170.00,0.905883,-1,-1,-1
499,131,1252.00,164.00,64.00,157.00,0.429762,-1,-1,-1
499,135,1146.00,590.00,87.00,253.00,0.886872,-1,-1,-1
499,139,1708.00,684.00,97.00,235.00,0.790606,-1,-1,-1
499,154,490.00,298.00,69.00,192.00,0.755322,-1,-1,-1
499,186,577.00,548.00,78.00,240.00,0.697577,-1,-1,-1
500,5,1720.00,453.00,78.00,209.00,0.791054,-1,-1,-1
500,8,366.00,927.00,87.00,152.00,0.828932,-1,-1,-1
500,12,900.00,945.00,66.00,133.00,0.836862,-1,-1,-1
500,13,1570.00,596.00,108.00,230.00,0.847916,-1,-1,-1
500,20,676.00,283.00,59.00,128.00,0.367476,-1,-1,-1
500,21,1466.00,197.00,66.00,159.00,0.644362,-1,-1,-1
500,51,292.00,306.00,65.00,197.00,0.674552,-1,-1,-1
500,55,374.00,488.00,65.00,234.00,0.617794,-1,-1,-1
500,71,929.00,257.00,67.00,203.00,0.735789,-1,-1,-1
500,72,843.00,265.00,62.00,195.00,0.724102,-1,-1,-1
500,76,283.00,498.00,88.00,209.00,0.754402,-1,-1,-1
500,81,1842.00,227.00,63.00,186.00,0.694544,-1,-1,-1
500,123,370.00,304.00,75.00,192.00,0.683612,-1,-1,-1
500,130,1700.00,186.00,60.00,170.00,0.883758,-1,-1,-1
500,131,1254.00,172.00,63.00,148.00,0.406241,-1,-1,-1
500,135,1145.00,589.00,87.00,252.00,0.836999,-1,-1,-1
500,139,1708.00,685.00,98.00,234.00,0.772110,-1,-1,-1
500,154,490.00,299.00,69.00,192.00,0.742410,-1,-1,-1
500,186,576.00,548.00,78.00,240.00,0.687661,-1,-1,-1
501,5,1720.00,453.00,78.00,208.00,0.777687,-1,-1,-1
501,8,368.00,929.00,87.00,150.00,0.836056,-1,-1,-1
501,12,899.00,945.00,67.00,133.00,0.809142,-1,-1,-1
501,13,1571.00,596.00,108.00,230.00,0.853957,-1,-1,-1
501,20,676.00,283.00,60.00,128.00,0.338877,-1,-1,-1
501,21,1465.00,200.00,68.00,161.00,0.633773,-1,-1,-1
501,51,293.00,308.00,65.00,197.00,0.708853,-1,-1,-1
501,55,374.00,491.00,65.00,234.00,0.632968,-1,-1,-1
501,71,931.00,256.00,66.00,203.00,0.744257,-1,-1,-1
501,72,844.00,263.00,61.00,192.00,0.748081,-1,-1,-1
501,76,285.00,497.00,88.00,210.00,0.759723,-1,-1,-1
501,81,1842.00,229.00,65.00,190.00,0.715387,-1,-1,-1
501,123,369.00,306.00,75.00,194.00,0.695774,-1,-1,-1
501,130,1699.00,188.00,62.00,171.00,0.846395,-1,-1,-1
501,131,1254.00,176.00,63.00,144.00,0.401104,-1,-1,-1
501,135,1143.00,587.00,88.00,253.00,0.848144,-1,-1,-1
501,139,1708.00,685.00,97.00,234.00,0.725893,-1,-1,-1
501,154,489.00,299.00,69.00,193.00,0.760426,-1,-1,-1
501,186,577.00,548.00,76.00,239.00,0.660061,-1,-1,-1
502,5,1720.00,453.00,78.00,207.00,0.793215,-1,-1,-1
502,8,368.00,931.00,87.00,148.00,0.841403,-1,-1,-1
502,12,899.00,945.00,67.00,133.00,0.802714,-1,-1,-1
502,13,1571.00,596.00,108.00,230.00,0.839493,-1,-1,-1
502,20,676.00,283.00,60.00,128.00,0.378800,-1,-1,-1
502,21,1466.00,203.00,67.00,159.00,0.563236,-1,-1,-1
502,51,292.00,310.00,66.00,198.00,0.726771,-1,-1,-1
502,55,375.00,494.00,65.00,234.00,0.655164,-1,-1,-1
502,71,932.00,255.00,66.00,203.00,0.718185,-1,-1,-1
502,72,845.00,260.00,61.00,192.00,0.725959,-1,-1,-1
502,76,287.00,501.00,87.00,207.00,0.746429,-1,-1,-1
502,81,1842.00,231.00,66.00,193.00,0.719460,-1,-1,-1
502,123,368.00,308.00,75.00,194.00,0.691351,-1,-1,-1
502,130,1699.00,191.00,62.00,172.00,0.847893,-1,-1,-1
502,131,1253.00,177.00,63.00,144.00,0.374812,-1,-1,-1
502,135,1141.00,586.00,88.00,252.00,0.848158,-1,-1,-1
502,139,1701.00,684.00,96.00,236.00,0.713264,-1,-1,-1
502,154,488.00,301.00,69.00,191.00,0.739913,-1,-1,-1
502,186,576.00,547.00,76.00,240.00,0.662762,-1,-1,-1
503,5,1721.00,453.00,78.00,208.00,0.813165,-1,-1,-1
503,8,370.00,932.00,86.00,147.00,0.855808,-1,-1,-1
503,12,898.00,944.00,66.00,134.00,0.807521,-1,-1,-1
503,13,1571.00,597.00,109.00,230.00,0.832999,-1,-1,-1
503,20,676.00,283.00,60.00,128.00,0.371418,-1,-1,-1
503,21,1467.00,204.00,67.00,159.00,0.629581,-1,-1,-1
503,51,293.00,312.00,64.00,196.00,0.754209,-1,-1,-1
503,55,375.00,495.00,65.00,235.00,0.658355,-1,-1,-1
503,71,933.00,254.00,65.00,202.00,0.748854,-1,-1,-1
503,72,846.00,258.00,61.00,193.00,0.734767,-1,-1,-1
503,76,289.00,506.00,85.00,204.00,0.752331,-1,-1,-1
503,81,1844.00,234.00,66.00,191.00,0.749478,-1,-1,-1
503,123,368.00,309.00,74.00,195.00,0.707491,-1,-1,-1
503,130,1698.00,193.00,64.00,176.00,0.866076,-1,-1,-1
503,131,1251.00,179.00,63.00,142.00,0.341647,-1,-1,-1
503,135,1139.00,584.00,88.00,253.00,0.862963,-1,-1,-1
503,139,1697.00,684.00,95.00,236.00,0.711601,-1,-1,-1
503,154,488.00,302.00,69.00,190.00,0.693745,-1,-1,-1
503,186,576.00,546.00,75.00,241.00,0.678934,-1,-1,-1
504,5,1720.00,453.00,79.00,208.00,0.808618,-1,-1,-1
504,8,371.00,935.00,86.00,144.00,0.861657,-1,-1,-1
504,12,898.00,944.00,65.00,134.00,0.811812,-1,-1,-1
504,13,1571.00,596.00,109.00,231.00,0.847297,-1,-1,-1
504,20,676.00,283.00,60.00,129.00,0.385287,-1,-1,-1
504,21,1468.00,205.00,66.00,158.00,0.565281,-1,-1,-1
504,51,294.00,314.00,64.00,195.00,0.741350,-1,-1,-1
504,55,374.00,497.00,65.00,233.00,0.694191,-1,-1,-1
504,71,934.00,253.00,65.00,202.00,0.741805,-1,-1,-1
504,72,846.00,257.00,62.00,194.00,0.737571,-1,-1,-1
504,76,289.00,509.00,86.00,207.00,0.782203,-1,-1,-1
504,81,1846.00,236.00,66.00,191.00,0.717820,-1,-1,-1
504,123,368.00,312.00,74.00,193.00,0.694109,-1,-1,-1
504,130,1698.00,196.00,65.00,176.00,0.883290,-1,-1,-1
504,131,1252.00,179.00,62.00,141.00,0.440226,-1,-1,-1
504,135,1138.00,582.00,86.00,251.00,0.858967,-1,-1,-1
504,139,1693.00,684.00,93.00,236.00,0.723989,-1,-1,-1
504,154,487.00,302.00,68.00,190.00,0.694272,-1,-1,-1
504,186,574.00,545.00,75.00,242.00,0.663050,-1,-1,-1
505,5,1720.00,453.00,80.00,209.00,0.817932,-1,-1,-1
505,8,373.00,937.00,85.00,142.00,0.867366,-1,-1,-1
505,12,896.00,944.00,66.00,134.00,0.815426,-1,-1,-1
505,13,1571.00,596.00,108.00,231.00,0.818772,-1,-1,-1
505,20,676.00,282.00,61.00,129.00,0.356692,-1,-1,-1
505,21,1469.00,205.00,67.00,161.00,0.632240,-1,-1,-1
505,51,294.00,315.00,64.00,196.00,0.732747,-1,-1,-1
505,55,374.00,498.00,64.00,232.00,0.695801,-1,-1,-1
505,71,935.00,250.00,64.00,203.00,0.729801,-1,-1,-1
505,72,847.00,256.00,61.00,195.00,0.730060,-1,-1,-1
505,76,290.00,512.00,85.00,209.00,0.752392,-1,-1,-1
505,81,1846.00,238.00,66.00,191.00,0.711121,-1,-1,-1
505,123,368.00,314.00,72.00,191.00,0.705301,-1,-1,-1
505,130,1698.00,197.00,65.00,178.00,0.874929,-1,-1,-1
505,131,1253.00,178.00,62.00,142.00,0.388269,-1,-1,-1
505,135,1138.00,580.00,85.00,248.00,0.858517,-1,-1,-1
505,139,1693.00,684.00,90.00,237.00,0.671247,-1,-1,-1
505,154,486.00,303.00,69.00,188.00,0.733563,-1,-1,-1
505,186,573.00,544.00,76.00,244.00,0.684828,-1,-1,-1
506,5,1720.00,453.00,80.00,211.00,0.818277,-1,-1,-1
506,8,374.00,940.00,84.00,139.00,0.860585,-1,-1,-1
506,12,896.00,944.00,65.00,135.00,0.822860,-1,-1,-1
506,13,1571.00,596.00,108.00,231.00,0.819630,-1,-1,-1
506,20,676.00,281.00,61.00,130.00,0.369103,-1,-1,-1
506,21,1470.00,206.00,67.00,159.00,0.623298,-1,-1,-1
506,51,295.00,316.00,64.00,195.00,0.717531,-1,-1,-1
506,55,374.00,499.00,64.00,232.00,0.691741,-1,-1,-1
506,71,937.00,249.00,62.00,198.00,0.739888,-1,-1,-1
506,72,847.00,256.00,61.00,195.00,0.740689,-1,-1,-1
506,76,290.00,515.00,85.00,211.00,0.773409,-1,-1,-1
506,81,1847.00,240.00,66.00,192.00,0.725052,-1,-1,-1
506,123,367.00,315.00,72.00,190.00,0.675473,-1,-1,-1
506,130,1698.00,198.00,65.00,178.00,0.855702,-1,-1,-1
506,131,1257.00,178.00,61.00,141.00,0.394120,-1,-1,-1
506,135,1138.00,576.00,83.00,245.00,0.859764,-1,-1,-1
506,139,1691.00,683.00,89.00,238.00,0.643575,-1,-1,-1
506,154,486.00,304.00,69.00,188.00,0.715589,-1,-1,-1
506,186,574.00,543.00,74.00,244.00,0.669799,-1,-1,-1
506,201,434.00,179.00,62.00,157.00,0.531495,-1,-1,-1
507,5,1719.00,453.00,81.00,211.00,0.813687,-1,-1,-1
507,8,376.00,943.00,83.00,136.00,0.847919,-1,-1,-1
507,12,895.00,943.00,65.00,136.00,0.809802,-1,-1,-1
507,13,1572.00,595.00,109.00,231.00,0.806930,-1,-1,-1
507,20,676.00,281.00,60.00,131.00,0.399423,-1,-1,-1
507,21,1472.00,206.00,66.00,158.00,0.603733,-1,-1,-1
507,26,796.00,140.00,67.00,175.00,0.267266,-1,-1,-1
507,51,294.00,316.00,65.00,195.00,0.727244,-1,-1,-1
507,55,374.00,501.00,64.00,230.00,0.697218,-1,-1,-1
507,71,939.00,247.00,61.00,196.00,0.773099,-1,-1,-1
507,72,848.00,256.00,60.00,195.00,0.731602,-1,-1,-1
507,76,290.00,517.00,85.00,213.00,0.804136,-1,-1,-1
507,81,1847.00,242.00,66.00,191.00,0.719605,-1,-1,-1
507,123,366.00,315.00,73.00,195.00,0.716287,-1,-1,-1
507,130,1698.00,200.00,66.00,176.00,0.867096,-1,-1,-1
507,131,1261.00,177.00,61.00,143.00,0.370645,-1,-1,-1
507,135,1137.00,573.00,83.00,242.00,0.862378,-1,-1,-1
507,139,1692.00,682.00,87.00,238.00,0.474115,-1,-1,-1
507,154,486.00,304.00,69.00,190.00,0.740757,-1,-1,-1
507,186,573.00,541.00,74.00,246.00,0.688563,-1,-1,-1
507,201,436.00,178.00,62.00,157.00,0.477171,-1,-1,-1
508,5,1719.00,453.00,80.00,211.00,0.818090,-1,-1,-1
508,8,378.00,946.00,82.00,133.00,0.842162,-1,-1,-1
508,12,894.00,943.00,65.00,136.00,0.815829,-1,-1,-1
508,13,1573.00,595.00,108.00,231.00,0.797509,-1,-1,-1
508,20,676.00,280.00,61.00,132.00,0.393692,-1,-1,-1
508,21,1471.00,206.00,67.00,159.00,0.640937,-1,-1,-1
508,26,796.00,140.00,67.00,176.00,0.295235,-1,-1,-1
508,51,295.00,317.00,65.00,194.00,0.733334,-1,-1,-1
508,55,373.00,502.00,63.00,229.00,0.709315,-1,-1,-1
508,71,940.00,246.00,61.00,194.00,0.768962,-1,-1,-1
508,72,848.00,255.00,60.00,196.00,0.748821,-1,-1,-1
508,76,290.00,520.00,86.00,214.00,0.776869,-1,-1,-1
508,81,1847.00,244.00,66.00,190.00,0.742621,-1,-1,-1
508,123,365.00,316.00,73.00,196.00,0.699795,-1,-1,-1
508,130,1699.00,200.00,65.00,175.00,0.834296,-1,-1,-1
508,131,1265.00,177.00,61.00,143.00,0.323831,-1,-1,-1
508,135,1137.00,570.00,82.00,241.00,0.863997,-1,-1,-1
508,139,1689.00,680.00,86.00,239.00,0.566292,-1,-1,-1
508,154,484.00,307.00,70.00,191.00,0.755211,-1,-1,-1
508,186,573.00,541.00,74.00,246.00,0.701885,-1,-1,-1
508,201,438.00,180.00,61.00,155.00,0.465318,-1,-1,-1
509,5,1718.00,454.00,81.00,210.00,0.821605,-1,-1,-1
509,8,381.00,949.00,81.00,130.00,0.833206,-1,-1,-1
509,12,893.00,942.00,64.00,137.00,0.800371,-1,-1,-1
509,13,1572.00,594.00,109.00,232.00,0.802022,-1,-1,-1
509,20,675.00,279.00,61.00,133.00,0.407236,-1,-1,-1
509,21,1471.00,207.00,66.00,158.00,0.648108,-1,-1,-1
509,26,796.00,140.00,68.00,177.00,0.287082,-1,-1,-1
509,51,295.00,318.00,65.00,193.00,0.735260,-1,-1,-1
509,55,374.00,502.00,63.00,229.00,0.720491,-1,-1,-1
509,71,940.00,244.00,61.00,195.00,0.783962,-1,-1,-1
509,72,849.00,255.00,60.00,195.00,0.742562,-1,-1,-1
509,76,290.00,523.00,84.00,213.00,0.781384,-1,-1,-1
509,81,1848.00,245.00,64.00,188.00,0.765483,-1,-1,-1
509,123,365.00,317.00,72.00,194.00,0.715428,-1,-1,-1
509,130,1700.00,200.00,64.00,173.00,0.839980,-1,-1,-1
509,131,1269.00,179.00,60.00,142.00,0.486017,-1,-1,-1
509,135,1136.00,568.00,82.00,241.00,0.859180,-1,-1,-1
509,139,1681.00,677.00,87.00,241.00,0.517233,-1,-1,-1
509,154,483.00,308.00,70.00,193.00,0.733819,-1,-1,-1
509,186,574.00,540.00,73.00,248.00,0.661994,-1,-1,-1
509,201,439.00,181.00,61.00,154.00,0.433111,-1,-1,-1
510,5,1718.00,454.00,81.00,211.00,0.823338,-1,-1,-1
510,8,384.00,952.00,80.00,127.00,0.838160,-1,-1,-1
510,12,892.00,941.00,64.00,138.00,0.856833,-1,-1,-1
510,13,1572.00,593.00,108.00,233.00,0.784630,-1,-1,-1
510,20,676.00,281.00,60.00,132.00,0.393554,-1,-1,-1
510,21,1471.00,206.00,67.00,160.00,0.691544,-1,-1,-1
510,26,796.00,140.00,67.00,177.00,0.258137,-1,-1,-1
510,51,295.00,318.00,65.00,194.00,0.709423,-1,-1,-1
510,55,374.00,503.00,62.00,227.00,0.713342,-1,-1,-1
510,71,939.00,242.00,61.00,196.00,0.778837,-1,-1,-1
510,72,850.00,255.00,60.00,195.00,0.763684,-1,-1,-1
510,76,289.00,526.00,84.00,210.00,0.776795,-1,-1,-1
510,81,1849.00,244.00,64.00,190.00,0.757339,-1,-1,-1
510,123,364.00,318.00,71.00,193.00,0.709273,-1,-1,-1
510,130,1702.00,201.00,64.00,171.00,0.797649,-1,-1,-1
510,131,1270.00,180.00,58.00,141.00,0.471377,-1,-1,-1
510,135,1136.00,565.00,82.00,244.00,0.859718,-1,-1,-1
510,139,1676.00,680.00,86.00,237.00,0.665421,-1,-1,-1
510,154,484.00,311.00,70.00,193.00,0.703163,-1,-1,-1
510,186,574.00,539.00,72.00,249.00,0.667298,-1,-1,-1
510,201,438.00,181.00,62.00,154.00,0.387731,-1,-1,-1
511,5,1718.00,453.00,81.00,212.00,0.823513,-1,-1,-1
511,8,387.00,955.00,79.00,124.00,0.844142,-1,-1,-1
511,12,891.00,940.00,63.00,139.00,0.826171,-1,-1,-1
511,13,1570.00,591.00,109.00,234.00,0.729666,-1,-1,-1
511,20,676.00,282.00,60.00,131.00,0.395194,-1,-1,-1
511,21,1472.00,207.00,67.00,159.00,0.694908,-1,-1,-1
511,51,295.00,318.00,66.00,195.00,0.735412,-1,-1,-1
511,55,373.00,505.00,62.00,225.00,0.715057,-1,-1,-1
511,71,939.00,241.00,61.00,196.00,0.792351,-1,-1,-1
511,72,851.00,254.00,59.00,195.00,0.744699,-1,-1,-1
511,76,287.00,528.00,83.00,208.00,0.772895,-1,-1,-1
511,81,1850.00,244.00,64.00,190.00,0.760832,-1,-1,-1
511,123,363.00,318.00,72.00,194.00,0.720689,-1,-1,-1
511,130,1703.00,202.00,64.00,169.00,0.834141,-1,-1,-1
511,131,1272.00,182.00,57.00,140.00,0.485248,-1,-1,-1
511,135,1134.00,563.00,83.00,246.00,0.867607,-1,-1,-1
511,139,1672.00,681.00,85.00,237.00,0.676264,-1,-1,-1
511,154,482.00,313.00,70.00,193.00,0.690944,-1,-1,-1
511,186,574.00,539.00,71.00,249.00,0.653614,-1,-1,-1
511,201,439.00,179.00,62.00,155.00,0.266905,-1,-1,-1
512,5,1718.00,454.00,81.00,211.00,0.829031,-1,-1,-1
512,8,390.00,958.00,78.00,121.00,0.856343,-1,-1,-1
512,12,890.00,939.00,63.00,140.00,0.815944,-1,-1,-1
512,13,1570.00,592.00,108.00,233.00,0.766016,-1,-1,-1
512,20,676.00,283.00,59.00,130.00,0.376774,-1,-1,-1
512,21,1472.00,207.00,68.00,161.00,0.705128,-1,-1,-1
512,51,295.00,318.00,66.00,196.00,0.728640,-1,-1,-1
512,55,373.00,507.00,61.00,223.00,0.725795,-1,-1,-1
512,71,937.00,239.00,62.00,198.00,0.778889,-1,-1,-1
512,72,851.00,253.00,60.00,196.00,0.726872,-1,-1,-1
512,76,285.00,530.00,83.00,205.00,0.760437,-1,-1,-1
512,81,1852.00,244.00,63.00,190.00,0.790182,-1,-1,-1
512,123,363.00,318.00,71.00,193.00,0.699166,-1,-1,-1
512,130,1706.00,202.00,63.00,169.00,0.815660,-1,-1,-1
512,131,1278.00,180.00,58.00,143.00,0.512139,-1,-1,-1
512,135,1132.00,561.00,85.00,251.00,0.869074,-1,-1,-1
512,139,1668.00,676.00,86.00,242.00,0.668246,-1,-1,-1
512,154,481.00,316.00,70.00,193.00,0.671591,-1,-1,-1
512,186,575.00,538.00,70.00,250.00,0.647372,-1,-1,-1
513,5,1718.00,454.00,80.00,211.00,0.835256,-1,-1,-1
513,8,393.00,961.00,77.00,118.00,0.849420,-1,-1,-1
513,12,889.00,939.00,62.00,140.00,0.859789,-1,-1,-1
513,13,1569.00,592.00,108.00,233.00,0.768205,-1,-1,-1
513,20,676.00,282.00,59.00,130.00,0.360495,-1,-1,-1
513,21,1472.00,207.00,68.00,162.00,0.691270,-1,-1,-1
513,26,797.00,140.00,67.00,176.00,0.260376,-1,-1,-1
513,51,294.00,319.00,67.00,195.00,0.710195,-1,-1,-1
513,55,373.00,508.00,60.00,223.00,0.720680,-1,-1,-1
513,71,936.00,239.00,62.00,199.00,0.765318,-1,-1,-1
513,72,852.00,251.00,59.00,197.00,0.735357,-1,-1,-1
513,76,281.00,531.00,84.00,203.00,0.763104,-1,-1,-1
513,81,1854.00,245.00,63.00,188.00,0.784049,-1,-1,-1
513,123,362.00,318.00,71.00,193.00,0.705301,-1,-1,-1
513,130,1709.00,204.00,62.00,168.00,0.802382,-1,-1,-1
513,131,1282.00,181.00,59.00,142.00,0.545003,-1,-1,-1
513,135,1131.00,561.00,84.00,249.00,0.868536,-1,-1,-1
513,139,1664.00,677.00,87.00,241.00,0.713313,-1,-1,-1
513,154,480.00,318.00,70.00,194.00,0.719012,-1,-1,-1
513,186,575.00,538.00,70.00,250.00,0.638926,-1,-1,-1
514,5,1718.00,454.00,80.00,212.00,0.825318,-1,-1,-1
514,8,395.00,963.00,77.00,117.00,0.844100,-1,-1,-1
514,12,888.00,938.00,62.00,140.00,0.831300,-1,-1,-1
514,13,1569.00,593.00,108.00,232.00,0.743630,-1,-1,-1
514,20,676.00,283.00,59.00,129.00,0.346604,-1,-1,-1
514,21,1471.00,211.00,68.00,160.00,0.652045,-1,-1,-1
514,51,293.00,319.00,67.00,196.00,0.685635,-1,-1,-1
514,55,373.00,508.00,62.00,227.00,0.709260,-1,-1,-1
514,71,937.00,238.00,61.00,200.00,0.734566,-1,-1,-1
514,72,852.00,249.00,59.00,196.00,0.684613,-1,-1,-1
514,76,277.00,531.00,86.00,204.00,0.750166,-1,-1,-1
514,81,1855.00,246.00,63.00,189.00,0.761487,-1,-1,-1
514,123,362.00,319.00,71.00,192.00,0.689831,-1,-1,-1
514,130,1711.00,206.00,61.00,167.00,0.779742,-1,-1,-1
514,131,1285.00,184.00,58.00,138.00,0.516383,-1,-1,-1
514,135,1129.00,561.00,85.00,248.00,0.874976,-1,-1,-1
514,139,1662.00,677.00,87.00,240.00,0.735028,-1,-1,-1
514,154,479.00,318.00,70.00,196.00,0.671002,-1,-1,-1
514,186,577.00,537.00,68.00,251.00,0.583226,-1,-1,-1
515,5,1718.00,454.00,81.00,212.00,0.824717,-1,-1,-1
515,8,399.00,964.00,76.00,116.00,0.841238,-1,-1,-1
515,12,887.00,937.00,61.00,141.00,0.824859,-1,-1,-1
515,13,1570.00,593.00,107.00,232.00,0.725011,-1,-1,-1
515,20,677.00,283.00,58.00,129.00,0.366828,-1,-1,-1
515,21,1471.00,213.00,69.00,162.00,0.653885,-1,-1,-1
515,51,292.00,321.00,68.00,196.00,0.713845,-1,-1,-1
515,55,373.00,509.00,63.00,230.00,0.725908,-1,-1,-1
515,71,937.00,238.00,61.00,199.00,0.753342,-1,-1,-1
515,72,853.00,248.00,58.00,193.00,0.710555,-1,-1,-1
515,76,276.00,532.00,87.00,203.00,0.786474,-1,-1,-1
515,81,1855.00,246.00,63.00,191.00,0.751896,-1,-1,-1
515,123,361.00,319.00,71.00,195.00,0.702833,-1,-1,-1
515,130,1712.00,208.00,61.00,167.00,0.782627,-1,-1,-1
515,131,1290.00,186.00,59.00,136.00,0.539177,-1,-1,-1
515,135,1128.00,560.00,84.00,248.00,0.867141,-1,-1,-1
515,139,1658.00,675.00,89.00,243.00,0.705876,-1,-1,-1
515,154,478.00,319.00,71.00,195.00,0.683793,-1,-1,-1
515,186,578.00,537.00,68.00,252.00,0.596757,-1,-1,-1
516,5,1718.00,454.00,81.00,213.00,0.809636,-1,-1,-1
516,8,402.00,966.00,77.00,113.00,0.815035,-1,-1,-1
516,12,885.00,936.00,61.00,143.00,0.820521,-1,-1,-1
516,13,1569.00,593.00,107.00,232.00,0.729766,-1,-1,-1
516,20,676.00,282.00,59.00,130.00,0.371141,-1,-1,-1
516,21,1469.00,214.00,69.00,163.00,0.612441,-1,-1,-1
516,51,292.00,322.00,68.00,196.00,0.735709,-1,-1,-1
516,55,373.00,510.00,63.00,233.00,0.730373,-1,-1,-1
516,71,937.00,238.00,61.00,199.00,0.722546,-1,-1,-1
516,72,854.00,246.00,57.00,189.00,0.677601,-1,-1,-1
516,76,274.00,532.00,88.00,203.00,0.725266,-1,-1,-1
516,81,1856.00,248.00,64.00,193.00,0.755689,-1,-1,-1
516,123,360.00,320.00,72.00,194.00,0.728833,-1,-1,-1
516,130,1712.00,211.00,61.00,166.00,0.744446,-1,-1,-1
516,131,1291.00,188.00,61.00,136.00,0.621524,-1,-1,-1
516,135,1126.00,560.00,85.00,246.00,0.863224,-1,-1,-1
516,139,1651.00,646.00,98.00,270.00,0.764224,-1,-1,-1
516,154,477.00,319.00,71.00,196.00,0.693477,-1,-1,-1
516,186,579.00,537.00,66.00,251.00,0.580862,-1,-1,-1
517,5,1718.00,454.00,80.00,213.00,0.805438,-1,-1,-1
517,8,404.00,967.00,78.00,112.00,0.827512,-1,-1,-1
517,12,883.00,935.00,62.00,144.00,0.850525,-1,-1,-1
517,13,1570.00,592.00,106.00,233.00,0.681981,-1,-1,-1
517,20,676.00,283.00,59.00,128.00,0.399473,-1,-1,-1
517,21,1468.00,215.00,69.00,165.00,0.610954,-1,-1,-1
517,51,292.00,324.00,69.00,198.00,0.734405,-1,-1,-1
517,55,373.00,511.00,64.00,236.00,0.746681,-1,-1,-1
517,71,937.00,238.00,61.00,198.00,0.715329,-1,-1,-1
517,72,854.00,243.00,58.00,189.00,0.682554,-1,-1,-1
517,76,271.00,532.00,90.00,204.00,0.750715,-1,-1,-1
517,81,1857.00,250.00,63.00,194.00,0.776508,-1,-1,-1
517,123,360.00,322.00,72.00,191.00,0.703682,-1,-1,-1
517,130,1713.00,213.00,60.00,165.00,0.741852,-1,-1,-1
517,131,1295.00,193.00,61.00,130.00,0.639508,-1,-1,-1
517,135,1124.00,559.00,84.00,246.00,0.873207,-1,-1,-1
517,139,1648.00,638.00,100.00,277.00,0.758948,-1,-1,-1
517,154,476.00,320.00,71.00,195.00,0.680410,-1,-1,-1
517,186,580.00,537.00,65.00,251.00,0.578596,-1,-1,-1
517,205,298.00,533.00,70.00,201.00,0.390805,-1,-1,-1
518,5,1718.00,454.00,80.00,214.00,0.810065,-1,-1,-1
518,8,406.00,968.00,79.00,111.00,0.833961,-1,-1,-1
518,12,882.00,934.00,61.00,145.00,0.858682,-1,-1,-1
518,13,1570.00,592.00,106.00,233.00,0.690193,-1,-1,-1
518,20,676.00,283.00,59.00,129.00,0.423627,-1,-1,-1
518,21,1467.00,216.00,69.00,167.00,0.591654,-1,-1,-1
518,51,291.00,325.00,70.00,203.00,0.703227,-1,-1,-1
518,55,372.00,514.00,65.00,236.00,0.751179,-1,-1,-1
518,71,937.00,237.00,61.00,198.00,0.733453,-1,-1,-1
518,72,855.00,241.00,57.00,190.00,0.717666,-1,-1,-1
518,76,271.00,533.00,91.00,204.00,0.736732,-1,-1,-1
518,81,1857.00,251.00,63.00,196.00,0.748678,-1,-1,-1
518,123,359.00,324.00,73.00,195.00,0.681427,-1,-1,-1
518,130,1714.00,215.00,60.00,165.00,0.674897,-1,-1,-1
518,131,1300.00,197.00,60.00,126.00,0.639309,-1,-1,-1
518,135,1123.00,558.00,85.00,247.00,0.878268,-1,-1,-1
518,139,1646.00,632.00,102.00,282.00,0.774516,-1,-1,-1
518,154,477.00,321.00,70.00,195.00,0.683653,-1,-1,-1
518,186,581.00,537.00,64.00,251.00,0.596075,-1,-1,-1
518,205,298.00,533.00,70.00,201.00,0.405508,-1,-1,-1
519,5,1718.00,454.00,80.00,214.00,0.809017,-1,-1,-1
519,8,408.00,968.00,80.00,111.00,0.806555,-1,-1,-1
519,12,881.00,933.00,61.00,146.00,0.832664,-1,-1,-1
519,13,1570.00,592.00,106.00,233.00,0.669986,-1,-1,-1
519,20,676.00,282.00,59.00,130.00,0.399520,-1,-1,-1
519,21,1467.00,218.00,68.00,168.00,0.606951,-1,-1,-1
519,51,291.00,327.00,70.00,205.00,0.682143,-1,-1,-1
519,55,373.00,516.00,64.00,237.00,0.760152,-1,-1,-1
519,71,938.00,235.00,60.00,200.00,0.735336,-1,-1,-1
519,72,854.00,238.00,59.00,192.00,0.725329,-1,-1,-1
519,76,272.00,534.00,92.00,206.00,0.726974,-1,-1,-1
519,81,1858.00,252.00,62.00,198.00,0.759249,-1,-1,-1
519,123,356.00,325.00,77.00,207.00,0.716539,-1,-1,-1
519,130,1715.00,217.00,60.00,164.00,0.622820,-1,-1,-1
519,131,1304.00,199.00,60.00,124.00,0.662309,-1,-1,-1
519,135,1120.00,556.00,86.00,249.00,0.879523,-1,-1,-1
519,139,1645.00,629.00,103.00,284.00,0.795939,-1,-1,-1
519,154,476.00,321.00,70.00,194.00,0.678842,-1,-1,-1
519,186,582.00,537.00,63.00,251.00,0.609526,-1,-1,-1
519,205,298.00,534.00,70.00,204.00,0.448589,-1,-1,-1
520,5,1718.00,455.00,80.00,213.00,0.805397,-1,-1,-1
520,8,411.00,971.00,81.00,108.00,0.807238,-1,-1,-1
520,12,880.00,932.00,61.00,147.00,0.816665,-1,-1,-1
520,13,1571.00,591.00,105.00,234.00,0.636649,-1,-1,-1
520,20,676.00,282.00,59.00,130.00,0.389950,-1,-1,-1
520,21,1468.00,220.00,67.00,167.00,0.625264,-1,-1,-1
520,51,290.00,330.00,70.00,204.00,0.663600,-1,-1,-1
520,55,373.00,517.00,64.00,238.00,0.763524,-1,-1,-1
520,71,937.00,234.00,60.00,200.00,0.771150,-1,-1,-1
520,72,854.00,236.00,60.00,194.00,0.716520,-1,-1,-1
520,76,272.00,537.00,93.00,208.00,0.762309,-1,-1,-1
520,81,1859.00,253.00,61.00,198.00,0.751539,-1,-1,-1
520,123,354.00,327.00,78.00,211.00,0.720013,-1,-1,-1
520,130,1717.00,218.00,59.00,161.00,0.732327,-1,-1,-1
520,131,1307.00,199.00,59.00,124.00,0.639180,-1,-1,-1
520,135,1119.00,554.00,86.00,250.00,0.871818,-1,-1,-1
520,139,1647.00,650.00,97.00,264.00,0.773035,-1,-1,-1
520,154,475.00,322.00,70.00,193.00,0.658964,-1,-1,-1
520,186,583.00,537.00,62.00,250.00,0.604877,-1,-1,-1
521,5,1718.00,455.00,79.00,212.00,0.814399,-1,-1,-1
521,8,413.00,973.00,81.00,106.00,0.828919,-1,-1,-1
521,12,880.00,933.00,60.00,145.00,0.843716,-1,-1,-1
521,13,1569.00,591.00,106.00,234.00,0.634521,-1,-1,-1
521,20,676.00,282.00,59.00,130.00,0.407762,-1,-1,-1
521,21,1471.00,221.00,66.00,165.00,0.609583,-1,-1,-1
521,51,289.00,332.00,69.00,203.00,0.687546,-1,-1,-1
521,55,374.00,518.00,65.00,238.00,0.790058,-1,-1,-1
521,71,936.00,232.00,60.00,202.00,0.751767,-1,-1,-1
521,72,855.00,235.00,59.00,194.00,0.701349,-1,-1,-1
521,76,272.00,539.00,94.00,212.00,0.778709,-1,-1,-1
521,81,1860.00,254.00,60.00,201.00,0.750572,-1,-1,-1
521,123,352.00,329.00,79.00,212.00,0.737664,-1,-1,-1
521,130,1720.00,219.00,57.00,157.00,0.712366,-1,-1,-1
521,131,1309.00,198.00,60.00,126.00,0.558561,-1,-1,-1
521,135,1119.00,551.00,85.00,249.00,0.864751,-1,-1,-1
521,139,1645.00,637.00,101.00,274.00,0.803255,-1,-1,-1
521,154,475.00,323.00,69.00,191.00,0.684683,-1,-1,-1
521,186,583.00,538.00,62.00,249.00,0.615043,-1,-1,-1
522,5,1718.00,455.00,79.00,211.00,0.803807,-1,-1,-1
522,8,416.00,976.00,81.00,103.00,0.803984,-1,-1,-1
522,12,879.00,932.00,60.00,146.00,0.835388,-1,-1,-1
522,13,1570.00,591.00,104.00,231.00,0.579844,-1,-1,-1
522,20,676.00,282.00,59.00,130.00,0.431413,-1,-1,-1
522,21,1471.00,222.00,67.00,165.00,0.605022,-1,-1,-1
522,51,288.00,333.00,69.00,203.00,0.705465,-1,-1,-1
522,55,374.00,519.00,65.00,238.00,0.793287,-1,-1,-1
522,71,936.00,231.00,60.00,199.00,0.739814,-1,-1,-1
522,72,854.00,234.00,60.00,194.00,0.725036,-1,-1,-1
522,76,273.00,541.00,95.00,214.00,0.841110,-1,-1,-1
522,81,1861.00,256.00,59.00,200.00,0.750297,-1,-1,-1
522,123,352.00,330.00,79.00,212.00,0.734043,-1,-1,-1
522,130,1721.00,219.00,59.00,162.00,0.735958,-1,-1,-1
522,131,1312.00,197.00,60.00,128.00,0.626736,-1,-1,-1
522,135,1117.00,548.00,85.00,249.00,0.858326,-1,-1,-1
522,139,1645.00,641.00,99.00,269.00,0.820281,-1,-1,-1
522,154,475.00,324.00,69.00,191.00,0.686989,-1,-1,-1
522,186,584.00,537.00,61.00,250.00,0.626596,-1,-1,-1
522,207,512.00,169.00,75.00,189.00,0.410329,-1,-1,-1
523,5,1719.00,455.00,78.00,211.00,0.803683,-1,-1,-1
523,8,418.00,979.00,82.00,100.00,0.811328,-1,-1,-1
523,12,879.00,932.00,60.00,146.00,0.816083,-1,-1,-1
523,13,1569.00,592.00,105.00,232.00,0.565148,-1,-1,-1
523,20,676.00,282.00,59.00,130.00,0.433227,-1,-1,-1
523,21,1472.00,223.00,66.00,164.00,0.590226,-1,-1,-1
523,51,286.00,335.00,69.00,202.00,0.717850,-1,-1,-1
523,55,374.00,520.00,65.00,236.00,0.801810,-1,-1,-1
523,71,937.00,229.00,58.00,194.00,0.763130,-1,-1,-1
523,72,854.00,233.00,61.00,195.00,0.718927,-1,-1,-1
523,76,274.00,544.00,95.00,215.00,0.813558,-1,-1,-1
523,81,1861.00,259.00,59.00,200.00,0.727700,-1,-1,-1
523,123,351.00,331.00,79.00,214.00,0.742976,-1,-1,-1
523,130,1723.00,220.00,57.00,158.00,0.707541,-1,-1,-1
523,131,1313.00,198.00,60.00,127.00,0.701971,-1,-1,-1
523,135,1117.00,545.00,83.00,243.00,0.857200,-1,-1,-1
523,139,1645.00,641.00,98.00,268.00,0.777602,-1,-1,-1
523,154,473.00,324.00,71.00,194.00,0.709833,-1,-1,-1
523,186,584.00,537.00,60.00,249.00,0.658570,-1,-1,-1
523,207,513.00,170.00,74.00,189.00,0.401793,-1,-1,-1
524,5,1719.00,455.00,78.00,211.00,0.802054,-1,-1,-1
524,8,420.00,982.00,81.00,97.00,0.821622,-1,-1,-1
524,12,878.00,931.00,60.00,147.00,0.803836,-1,-1,-1
524,13,1568.00,591.00,105.00,234.00,0.606849,-1,-1,-1
524,20,676.00,282.00,59.00,130.00,0.429249,-1,-1,-1
524,21,1473.00,223.00,65.00,163.00,0.611162,-1,-1,-1
524,51,285.00,337.00,69.00,202.00,0.707278,-1,-1,-1
524,55,374.00,521.00,64.00,236.00,0.799423,-1,-1,-1
524,71,937.00,227.00,57.00,192.00,0.789614,-1,-1,-1
524,72,855.00,234.00,60.00,194.00,0.727537,-1,-1,-1
524,76,275.00,546.00,94.00,217.00,0.818570,-1,-1,-1
524,81,1862.00,260.00,58.00,198.00,0.727036,-1,-1,-1
524,123,350.00,333.00,79.00,212.00,0.724070,-1,-1,-1
524,130,1724.00,220.00,57.00,159.00,0.804367,-1,-1,-1
524,131,1314.00,197.00,59.00,128.00,0.669552,-1,-1,-1
524,135,1115.00,543.00,82.00,238.00,0.851320,-1,-1,-1
524,139,1644.00,637.00,99.00,271.00,0.789637,-1,-1,-1
524,154,472.00,326.00,71.00,195.00,0.715863,-1,-1,-1
524,186,584.00,537.00,60.00,249.00,0.677591,-1,-1,-1
524,207,516.00,172.00,74.00,187.00,0.371003,-1,-1,-1
