1,1,822.00,349.00,193.00,481.00,0.909082,-1,-1,-1
1,2,1406.00,375.00,136.00,340.00,0.899068,-1,-1,-1
1,3,1166.00,308.00,178.00,482.00,0.885252,-1,-1,-1
1,4,982.00,328.00,170.00,517.00,0.860124,-1,-1,-1
1,5,1314.00,434.00,90.00,277.00,0.826484,-1,-1,-1
1,6,1688.00,527.00,70.00,191.00,0.823225,-1,-1,-1
1,7,1544.00,420.00,82.00,282.00,0.813341,-1,-1,-1
1,8,120.00,531.00,76.00,212.00,0.802566,-1,-1,-1
1,9,1824.00,420.00,94.00,215.00,0.795201,-1,-1,-1
2,1,823.00,351.00,193.00,480.00,0.901867,-1,-1,-1
2,2,1409.00,376.00,135.00,338.00,0.896266,-1,-1,-1
2,3,1177.00,311.00,177.00,480.00,0.910788,-1,-1,-1
2,4,993.00,329.00,169.00,516.00,0.869493,-1,-1,-1
2,5,1318.00,432.00,91.00,277.00,0.826517,-1,-1,-1
2,6,1692.00,528.00,70.00,191.00,0.837631,-1,-1,-1
2,7,1545.00,419.00,83.00,283.00,0.812026,-1,-1,-1
2,8,120.00,532.00,77.00,211.00,0.794044,-1,-1,-1
2,9,1825.00,421.00,93.00,214.00,0.786016,-1,-1,-1
3,1,830.00,352.00,192.00,477.00,0.907668,-1,-1,-1
3,2,1413.00,377.00,134.00,336.00,0.899760,-1,-1,-1
3,3,1183.00,314.00,176.00,477.00,0.912137,-1,-1,-1
3,4,1003.00,329.00,169.00,516.00,0.880306,-1,-1,-1
3,5,1322.00,431.00,90.00,277.00,0.784680,-1,-1,-1
3,6,1695.00,528.00,72.00,194.00,0.847593,-1,-1,-1
3,7,1546.00,420.00,82.00,282.00,0.805002,-1,-1,-1
3,8,121.00,532.00,76.00,211.00,0.803153,-1,-1,-1
3,9,1826.00,422.00,92.00,212.00,0.763275,-1,-1,-1
4,1,846.00,354.00,189.00,472.00,0.898831,-1,-1,-1
4,2,1417.00,378.00,133.00,335.00,0.903595,-1,-1,-1
4,3,1191.00,317.00,175.00,473.00,0.901300,-1,-1,-1
4,4,1030.00,332.00,168.00,510.00,0.893620,-1,-1,-1
4,5,1326.00,429.00,90.00,275.00,0.814567,-1,-1,-1
4,6,1701.00,531.00,70.00,191.00,0.836209,-1,-1,-1
4,7,1546.00,420.00,82.00,282.00,0.810779,-1,-1,-1
4,8,120.00,531.00,77.00,212.00,0.795902,-1,-1,-1
4,9,1826.00,420.00,93.00,213.00,0.827217,-1,-1,-1
5,1,863.00,354.00,185.00,465.00,0.901017,-1,-1,-1
5,2,1419.00,381.00,133.00,331.00,0.897964,-1,-1,-1
5,3,1196.00,320.00,171.00,465.00,0.904759,-1,-1,-1
5,4,1050.00,334.00,170.00,507.00,0.901259,-1,-1,-1
5,5,1330.00,426.00,90.00,276.00,0.806368,-1,-1,-1
5,6,1705.00,531.00,71.00,192.00,0.851896,-1,-1,-1
5,7,1547.00,420.00,81.00,281.00,0.804149,-1,-1,-1
5,8,120.00,532.00,77.00,211.00,0.803805,-1,-1,-1
5,9,1827.00,419.00,92.00,213.00,0.840988,-1,-1,-1
6,1,883.00,352.00,180.00,460.00,0.900184,-1,-1,-1
6,2,1423.00,384.00,132.00,328.00,0.891516,-1,-1,-1
6,3,1205.00,321.00,167.00,456.00,0.861645,-1,-1,-1
6,4,1063.00,337.00,173.00,503.00,0.905629,-1,-1,-1
6,5,1337.00,426.00,90.00,276.00,0.785740,-1,-1,-1
6,6,1711.00,531.00,71.00,192.00,0.844937,-1,-1,-1
6,7,1549.00,420.00,80.00,280.00,0.810084,-1,-1,-1
6,8,121.00,532.00,76.00,211.00,0.803734,-1,-1,-1
6,9,1828.00,419.00,92.00,212.00,0.823588,-1,-1,-1
6,11,34.00,499.00,75.00,249.00,0.499926,-1,-1,-1
7,1,891.00,351.00,178.00,459.00,0.893882,-1,-1,-1
7,2,1427.00,386.00,129.00,325.00,0.882352,-1,-1,-1
7,3,1209.00,321.00,166.00,457.00,0.873737,-1,-1,-1
7,4,1067.00,338.00,177.00,503.00,0.904707,-1,-1,-1
7,5,1344.00,426.00,88.00,276.00,0.812839,-1,-1,-1
7,6,1714.00,529.00,71.00,194.00,0.832491,-1,-1,-1
7,7,1550.00,421.00,80.00,279.00,0.821957,-1,-1,-1
7,8,120.00,531.00,76.00,213.00,0.795904,-1,-1,-1
7,9,1829.00,419.00,91.00,211.00,0.830590,-1,-1,-1
7,11,29.00,500.00,75.00,248.00,0.328622,-1,-1,-1
8,1,898.00,350.00,174.00,459.00,0.896316,-1,-1,-1
8,2,1429.00,387.00,128.00,323.00,0.884605,-1,-1,-1
8,3,1216.00,320.00,165.00,457.00,0.887228,-1,-1,-1
8,4,1070.00,337.00,179.00,502.00,0.923546,-1,-1,-1
8,5,1352.00,430.00,87.00,272.00,0.813978,-1,-1,-1
8,6,1717.00,526.00,73.00,197.00,0.852169,-1,-1,-1
8,7,1551.00,422.00,80.00,279.00,0.820812,-1,-1,-1
8,8,120.00,531.00,77.00,213.00,0.809300,-1,-1,-1
8,9,1829.00,419.00,91.00,210.00,0.816510,-1,-1,-1
8,11,29.00,540.00,65.00,208.00,0.447426,-1,-1,-1
9,1,908.00,349.00,172.00,459.00,0.880636,-1,-1,-1
9,2,1432.00,387.00,125.00,319.00,0.885049,-1,-1,-1
9,3,1227.00,320.00,163.00,453.00,0.891788,-1,-1,-1
9,4,1077.00,336.00,182.00,502.00,0.915252,-1,-1,-1
9,5,1362.00,432.00,86.00,269.00,0.816764,-1,-1,-1
9,6,1725.00,526.00,74.00,197.00,0.857813,-1,-1,-1
9,7,1553.00,423.00,80.00,279.00,0.839229,-1,-1,-1
9,8,122.00,532.00,75.00,211.00,0.784702,-1,-1,-1
9,9,1831.00,419.00,89.00,210.00,0.738563,-1,-1,-1
9,11,30.00,557.00,61.00,191.00,0.580614,-1,-1,-1
9,13,1687.00,469.00,44.00,115.00,0.375759,-1,-1,-1
10,1,922.00,351.00,169.00,456.00,0.879139,-1,-1,-1
10,2,1432.00,387.00,123.00,316.00,0.874090,-1,-1,-1
10,3,1236.00,320.00,162.00,449.00,0.908453,-1,-1,-1
10,4,1083.00,334.00,184.00,503.00,0.908595,-1,-1,-1
10,5,1366.00,434.00,85.00,266.00,0.773898,-1,-1,-1
10,6,1730.00,526.00,76.00,198.00,0.874459,-1,-1,-1
10,7,1556.00,425.00,79.00,277.00,0.824813,-1,-1,-1
10,8,121.00,534.00,76.00,209.00,0.754907,-1,-1,-1
10,9,1834.00,419.00,86.00,211.00,0.764780,-1,-1,-1
10,11,31.00,557.00,62.00,191.00,0.471227,-1,-1,-1
10,13,1687.00,469.00,44.00,116.00,0.348133,-1,-1,-1
11,1,943.00,354.00,168.00,454.00,0.870376,-1,-1,-1
11,2,1432.00,387.00,119.00,315.00,0.878757,-1,-1,-1
11,3,1247.00,318.00,163.00,450.00,0.900941,-1,-1,-1
11,4,1099.00,334.00,180.00,495.00,0.907706,-1,-1,-1
11,5,1372.00,435.00,84.00,264.00,0.802525,-1,-1,-1
11,6,1734.00,528.00,76.00,197.00,0.878746,-1,-1,-1
11,7,1560.00,426.00,78.00,275.00,0.835131,-1,-1,-1
11,8,121.00,534.00,76.00,209.00,0.760551,-1,-1,-1
11,9,1837.00,419.00,83.00,211.00,0.778062,-1,-1,-1
11,11,35.00,565.00,60.00,183.00,0.403631,-1,-1,-1
11,13,1687.00,469.00,44.00,115.00,0.291196,-1,-1,-1
12,1,961.00,357.00,167.00,451.00,0.898316,-1,-1,-1
12,2,1434.00,387.00,117.00,314.00,0.877369,-1,-1,-1
12,3,1255.00,319.00,164.00,448.00,0.902443,-1,-1,-1
12,4,1114.00,334.00,177.00,491.00,0.888883,-1,-1,-1
12,5,1375.00,436.00,85.00,262.00,0.776870,-1,-1,-1
12,6,1736.00,529.00,78.00,196.00,0.867665,-1,-1,-1
12,7,1563.00,428.00,78.00,272.00,0.845434,-1,-1,-1
12,8,121.00,534.00,75.00,210.00,0.768478,-1,-1,-1
12,9,1840.00,421.00,80.00,208.00,0.758206,-1,-1,-1
12,11,32.00,566.00,62.00,182.00,0.434224,-1,-1,-1
12,13,1689.00,469.00,43.00,115.00,0.305022,-1,-1,-1
12,14,1108.00,335.00,62.00,387.00,0.695100,-1,-1,-1
12,15,244.00,514.00,52.00,60.00,0.330847,-1,-1,-1
13,1,975.00,359.00,167.00,448.00,0.893475,-1,-1,-1
13,2,1438.00,387.00,115.00,313.00,0.881813,-1,-1,-1
13,3,1263.00,319.00,164.00,448.00,0.878378,-1,-1,-1
13,4,1127.00,333.00,175.00,492.00,0.856733,-1,-1,-1
13,5,1377.00,435.00,85.00,264.00,0.737285,-1,-1,-1
13,6,1739.00,530.00,78.00,195.00,0.857553,-1,-1,-1
13,7,1568.00,428.00,79.00,272.00,0.842429,-1,-1,-1
13,8,120.00,534.00,76.00,209.00,0.694427,-1,-1,-1
13,9,1841.00,420.00,79.00,210.00,0.738988,-1,-1,-1
13,11,33.00,570.00,63.00,178.00,0.419206,-1,-1,-1
13,13,1689.00,470.00,44.00,114.00,0.214287,-1,-1,-1
13,14,1114.00,336.00,62.00,383.00,0.683060,-1,-1,-1
13,15,245.00,514.00,51.00,60.00,0.317553,-1,-1,-1
14,1,985.00,361.00,166.00,445.00,0.905680,-1,-1,-1
14,2,1444.00,387.00,112.00,312.00,0.868566,-1,-1,-1
14,3,1270.00,322.00,166.00,446.00,0.855265,-1,-1,-1
14,4,1141.00,334.00,175.00,491.00,0.883930,-1,-1,-1
14,5,1378.00,436.00,85.00,260.00,0.757346,-1,-1,-1
14,6,1741.00,531.00,78.00,196.00,0.847779,-1,-1,-1
14,7,1576.00,430.00,82.00,272.00,0.869314,-1,-1,-1
14,8,120.00,535.00,76.00,208.00,0.732171,-1,-1,-1
14,9,1844.00,422.00,76.00,208.00,0.742708,-1,-1,-1
14,11,32.00,569.00,65.00,179.00,0.357502,-1,-1,-1
14,13,1687.00,470.00,44.00,114.00,0.265429,-1,-1,-1
14,14,1123.00,337.00,65.00,409.00,0.727847,-1,-1,-1
14,15,245.00,514.00,50.00,58.00,0.280126,-1,-1,-1
15,1,988.00,362.00,166.00,441.00,0.904577,-1,-1,-1
15,2,1451.00,388.00,111.00,312.00,0.859069,-1,-1,-1
15,3,1275.00,324.00,166.00,448.00,0.843172,-1,-1,-1
15,4,1154.00,335.00,173.00,489.00,0.888616,-1,-1,-1
15,5,1382.00,435.00,84.00,259.00,0.745313,-1,-1,-1
15,6,1742.00,531.00,78.00,197.00,0.839167,-1,-1,-1
15,7,1580.00,431.00,83.00,271.00,0.885570,-1,-1,-1
15,8,120.00,535.00,76.00,209.00,0.714750,-1,-1,-1
15,9,1846.00,423.00,74.00,206.00,0.756804,-1,-1,-1
15,13,1686.00,470.00,44.00,114.00,0.236927,-1,-1,-1
15,14,1130.00,339.00,68.00,421.00,0.747051,-1,-1,-1
15,15,245.00,514.00,50.00,58.00,0.248347,-1,-1,-1
16,1,992.00,359.00,168.00,444.00,0.912872,-1,-1,-1
16,2,1459.00,389.00,111.00,311.00,0.851263,-1,-1,-1
16,3,1286.00,328.00,165.00,444.00,0.863799,-1,-1,-1
16,4,1165.00,337.00,172.00,486.00,0.887420,-1,-1,-1
16,5,1390.00,432.00,83.00,262.00,0.718141,-1,-1,-1
16,6,1741.00,530.00,79.00,199.00,0.836660,-1,-1,-1
16,7,1583.00,433.00,85.00,270.00,0.884337,-1,-1,-1
16,8,120.00,535.00,76.00,209.00,0.749092,-1,-1,-1
16,9,1849.00,424.00,71.00,205.00,0.737692,-1,-1,-1
16,13,1687.00,470.00,44.00,113.00,0.191499,-1,-1,-1
16,14,1140.00,342.00,68.00,423.00,0.807362,-1,-1,-1
16,15,245.00,514.00,49.00,57.00,0.296645,-1,-1,-1
17,1,996.00,358.00,167.00,443.00,0.914947,-1,-1,-1
17,2,1465.00,390.00,110.00,310.00,0.835224,-1,-1,-1
17,3,1294.00,330.00,163.00,440.00,0.891562,-1,-1,-1
17,4,1175.00,339.00,172.00,484.00,0.873672,-1,-1,-1
17,5,1397.00,432.00,82.00,262.00,0.731950,-1,-1,-1
17,6,1739.00,530.00,80.00,198.00,0.840166,-1,-1,-1
17,7,1584.00,438.00,85.00,265.00,0.876679,-1,-1,-1
17,8,120.00,536.00,75.00,207.00,0.740568,-1,-1,-1
17,9,1851.00,424.00,69.00,204.00,0.746567,-1,-1,-1
17,13,1686.00,470.00,44.00,114.00,0.228583,-1,-1,-1
17,14,1148.00,343.00,68.00,424.00,0.804175,-1,-1,-1
17,15,245.00,514.00,49.00,58.00,0.245960,-1,-1,-1
18,1,1003.00,359.00,163.00,435.00,0.912032,-1,-1,-1
18,2,1470.00,391.00,109.00,310.00,0.834463,-1,-1,-1
18,3,1300.00,332.00,160.00,429.00,0.865342,-1,-1,-1
18,4,1186.00,340.00,172.00,482.00,0.857208,-1,-1,-1
18,5,1403.00,430.00,80.00,263.00,0.775565,-1,-1,-1
18,6,1736.00,530.00,79.00,198.00,0.839323,-1,-1,-1
18,7,1585.00,444.00,85.00,259.00,0.882478,-1,-1,-1
18,8,120.00,536.00,75.00,207.00,0.698204,-1,-1,-1
18,9,1852.00,424.00,68.00,203.00,0.753416,-1,-1,-1
18,13,1686.00,470.00,44.00,114.00,0.253067,-1,-1,-1
18,14,1153.00,345.00,68.00,421.00,0.764510,-1,-1,-1
18,15,245.00,514.00,49.00,57.00,0.247434,-1,-1,-1
19,1,1012.00,359.00,159.00,428.00,0.897264,-1,-1,-1
19,2,1475.00,392.00,109.00,307.00,0.870449,-1,-1,-1
19,3,1306.00,334.00,159.00,426.00,0.871106,-1,-1,-1
19,4,1198.00,346.00,172.00,477.00,0.887132,-1,-1,-1
19,5,1410.00,432.00,78.00,261.00,0.752002,-1,-1,-1
19,6,1730.00,528.00,80.00,201.00,0.843870,-1,-1,-1
19,7,1587.00,452.00,85.00,251.00,0.870194,-1,-1,-1
19,8,120.00,536.00,75.00,207.00,0.715092,-1,-1,-1
19,9,1855.00,424.00,65.00,200.00,0.747168,-1,-1,-1
19,13,1687.00,470.00,43.00,114.00,0.236159,-1,-1,-1
19,14,1159.00,348.00,69.00,417.00,0.765740,-1,-1,-1
19,15,246.00,514.00,48.00,57.00,0.187796,-1,-1,-1
20,1,1022.00,357.00,157.00,429.00,0.893940,-1,-1,-1
20,2,1479.00,392.00,108.00,306.00,0.864362,-1,-1,-1
20,3,1311.00,336.00,156.00,421.00,0.878318,-1,-1,-1
20,4,1207.00,348.00,171.00,473.00,0.870303,-1,-1,-1
20,5,1414.00,431.00,78.00,262.00,0.696232,-1,-1,-1
20,6,1726.00,526.00,81.00,203.00,0.860065,-1,-1,-1
20,7,1588.00,458.00,84.00,245.00,0.866266,-1,-1,-1
20,8,120.00,535.00,75.00,208.00,0.675856,-1,-1,-1
20,9,1859.00,423.00,61.00,199.00,0.680545,-1,-1,-1
20,13,1686.00,470.00,44.00,114.00,0.285826,-1,-1,-1
20,14,1164.00,348.00,70.00,416.00,0.784706,-1,-1,-1
20,15,245.00,514.00,49.00,57.00,0.173644,-1,-1,-1
21,1,1038.00,356.00,156.00,427.00,0.892815,-1,-1,-1
21,2,1484.00,392.00,109.00,305.00,0.852166,-1,-1,-1
21,3,1316.00,336.00,154.00,418.00,0.893193,-1,-1,-1
21,4,1220.00,348.00,170.00,471.00,0.895667,-1,-1,-1
21,5,1422.00,434.00,75.00,258.00,0.714792,-1,-1,-1
21,6,1724.00,525.00,82.00,204.00,0.895515,-1,-1,-1
21,7,1592.00,464.00,84.00,239.00,0.849736,-1,-1,-1
21,8,121.00,534.00,75.00,209.00,0.676865,-1,-1,-1
21,9,1862.00,423.00,58.00,196.00,0.666155,-1,-1,-1
21,13,1687.00,471.00,43.00,112.00,0.277121,-1,-1,-1
21,14,1175.00,347.00,73.00,417.00,0.816141,-1,-1,-1
21,15,245.00,514.00,48.00,57.00,0.134139,-1,-1,-1
22,1,1050.00,355.00,157.00,428.00,0.901653,-1,-1,-1
22,2,1486.00,392.00,108.00,304.00,0.824745,-1,-1,-1
22,3,1323.00,335.00,153.00,417.00,0.875125,-1,-1,-1
22,4,1232.00,348.00,168.00,467.00,0.890890,-1,-1,-1
22,5,1425.00,430.00,75.00,261.00,0.619293,-1,-1,-1
22,6,1720.00,525.00,85.00,204.00,0.889299,-1,-1,-1
22,7,1594.00,468.00,84.00,235.00,0.849401,-1,-1,-1
22,8,121.00,532.00,76.00,211.00,0.669237,-1,-1,-1
22,9,1863.00,423.00,57.00,196.00,0.682719,-1,-1,-1
22,13,1686.00,471.00,43.00,112.00,0.256294,-1,-1,-1
22,14,1184.00,345.00,75.00,417.00,0.827057,-1,-1,-1
22,15,245.00,515.00,48.00,56.00,0.122890,-1,-1,-1
23,1,1060.00,356.00,157.00,427.00,0.896797,-1,-1,-1
23,2,1487.00,391.00,108.00,304.00,0.842309,-1,-1,-1
23,3,1327.00,333.00,153.00,420.00,0.892967,-1,-1,-1
23,4,1241.00,346.00,167.00,463.00,0.860972,-1,-1,-1
23,5,1430.00,435.00,74.00,258.00,0.682811,-1,-1,-1
23,6,1718.00,525.00,87.00,205.00,0.879692,-1,-1,-1
23,7,1595.00,471.00,85.00,232.00,0.862701,-1,-1,-1
23,8,121.00,534.00,75.00,209.00,0.688267,-1,-1,-1
23,9,1866.00,423.00,54.00,195.00,0.718646,-1,-1,-1
23,13,1686.00,470.00,43.00,113.00,0.313471,-1,-1,-1
23,14,1190.00,345.00,77.00,415.00,0.795426,-1,-1,-1
24,1,1070.00,359.00,159.00,424.00,0.888137,-1,-1,-1
24,2,1491.00,391.00,106.00,300.00,0.854856,-1,-1,-1
24,3,1333.00,332.00,150.00,417.00,0.862515,-1,-1,-1
24,4,1252.00,345.00,165.00,458.00,0.851051,-1,-1,-1
24,5,1434.00,439.00,71.00,252.00,0.722530,-1,-1,-1
24,6,1715.00,525.00,90.00,206.00,0.882219,-1,-1,-1
24,7,1597.00,476.00,86.00,226.00,0.858417,-1,-1,-1
24,8,121.00,533.00,76.00,210.00,0.741529,-1,-1,-1
24,9,1868.00,422.00,52.00,196.00,0.727762,-1,-1,-1
24,13,1686.00,470.00,43.00,114.00,0.395052,-1,-1,-1
24,14,1197.00,344.00,78.00,408.00,0.822477,-1,-1,-1
25,1,1077.00,361.00,160.00,423.00,0.892545,-1,-1,-1
25,2,1499.00,389.00,104.00,301.00,0.867835,-1,-1,-1
25,3,1338.00,332.00,148.00,416.00,0.835060,-1,-1,-1
25,4,1260.00,344.00,165.00,457.00,0.870447,-1,-1,-1
25,5,1436.00,441.00,71.00,248.00,0.776407,-1,-1,-1
25,6,1713.00,525.00,92.00,206.00,0.889270,-1,-1,-1
25,7,1598.00,481.00,87.00,221.00,0.849248,-1,-1,-1
25,8,121.00,531.00,76.00,212.00,0.732591,-1,-1,-1
25,9,1870.00,423.00,50.00,191.00,0.687992,-1,-1,-1
25,13,1686.00,470.00,44.00,114.00,0.386623,-1,-1,-1
25,14,1203.00,344.00,80.00,405.00,0.822443,-1,-1,-1
26,1,1083.00,364.00,161.00,418.00,0.895288,-1,-1,-1
26,2,1510.00,388.00,105.00,302.00,0.869346,-1,-1,-1
26,3,1346.00,333.00,145.00,415.00,0.843353,-1,-1,-1
26,4,1269.00,346.00,164.00,453.00,0.886483,-1,-1,-1
26,5,1443.00,441.00,69.00,245.00,0.713100,-1,-1,-1
26,6,1710.00,525.00,94.00,206.00,0.890295,-1,-1,-1
26,7,1600.00,488.00,86.00,213.00,0.823088,-1,-1,-1
26,8,121.00,531.00,76.00,212.00,0.715776,-1,-1,-1
26,9,1872.00,423.00,48.00,187.00,0.672278,-1,-1,-1
26,13,1686.00,470.00,43.00,114.00,0.358863,-1,-1,-1
26,14,1207.00,344.00,82.00,404.00,0.840294,-1,-1,-1
27,1,1089.00,367.00,161.00,415.00,0.889212,-1,-1,-1
27,2,1517.00,388.00,105.00,302.00,0.880187,-1,-1,-1
27,3,1353.00,333.00,142.00,411.00,0.844229,-1,-1,-1
27,4,1278.00,346.00,162.00,452.00,0.870205,-1,-1,-1
27,5,1448.00,442.00,67.00,242.00,0.640077,-1,-1,-1
27,6,1707.00,526.00,96.00,205.00,0.893686,-1,-1,-1
27,7,1601.00,493.00,87.00,208.00,0.801697,-1,-1,-1
27,8,121.00,530.00,76.00,213.00,0.719919,-1,-1,-1
27,9,1875.00,425.00,45.00,184.00,0.689191,-1,-1,-1
27,13,1686.00,470.00,43.00,114.00,0.327043,-1,-1,-1
27,14,1211.00,344.00,85.00,404.00,0.841067,-1,-1,-1
28,1,1093.00,368.00,162.00,414.00,0.899752,-1,-1,-1
28,2,1523.00,388.00,105.00,302.00,0.875544,-1,-1,-1
28,3,1361.00,334.00,137.00,408.00,0.841724,-1,-1,-1
28,4,1289.00,347.00,162.00,450.00,0.885380,-1,-1,-1
28,5,1454.00,442.00,64.00,236.00,0.638357,-1,-1,-1
28,6,1704.00,526.00,97.00,205.00,0.891335,-1,-1,-1
28,7,1602.00,496.00,88.00,204.00,0.806723,-1,-1,-1
28,8,121.00,528.00,76.00,215.00,0.719677,-1,-1,-1
28,9,1877.00,426.00,43.00,178.00,0.600595,-1,-1,-1
28,13,1686.00,470.00,42.00,114.00,0.387135,-1,-1,-1
28,14,1214.00,345.00,86.00,404.00,0.832994,-1,-1,-1
29,1,1098.00,369.00,162.00,412.00,0.889350,-1,-1,-1
29,2,1530.00,388.00,105.00,303.00,0.882532,-1,-1,-1
29,3,1370.00,337.00,134.00,402.00,0.806538,-1,-1,-1
29,4,1303.00,349.00,165.00,449.00,0.865455,-1,-1,-1
29,5,1459.00,441.00,64.00,238.00,0.567661,-1,-1,-1
29,6,1700.00,525.00,98.00,207.00,0.871114,-1,-1,-1
29,7,1607.00,505.00,83.00,189.00,0.701287,-1,-1,-1
29,8,122.00,531.00,75.00,212.00,0.736712,-1,-1,-1
29,9,1881.00,430.00,39.00,155.00,0.626344,-1,-1,-1
29,13,1686.00,470.00,42.00,114.00,0.329588,-1,-1,-1
29,14,1218.00,347.00,88.00,402.00,0.839454,-1,-1,-1
30,1,1101.00,369.00,162.00,411.00,0.892740,-1,-1,-1
30,2,1536.00,388.00,106.00,303.00,0.862767,-1,-1,-1
30,3,1379.00,339.00,130.00,394.00,0.789014,-1,-1,-1
30,4,1312.00,353.00,166.00,444.00,0.879950,-1,-1,-1
30,5,1463.00,439.00,64.00,242.00,0.701416,-1,-1,-1
30,6,1698.00,525.00,99.00,207.00,0.861212,-1,-1,-1
30,7,1602.00,507.00,83.00,190.00,0.600180,-1,-1,-1
30,8,122.00,533.00,74.00,210.00,0.730807,-1,-1,-1
30,9,1883.00,431.00,37.00,143.00,0.616351,-1,-1,-1
30,13,1686.00,470.00,42.00,113.00,0.311375,-1,-1,-1
30,14,1224.00,348.00,90.00,401.00,0.831777,-1,-1,-1
30,17,36.00,561.00,75.00,186.00,0.388522,-1,-1,-1
31,1,1104.00,370.00,159.00,406.00,0.896875,-1,-1,-1
31,2,1550.00,391.00,109.00,301.00,0.879429,-1,-1,-1
31,3,1386.00,343.00,125.00,389.00,0.712635,-1,-1,-1
31,4,1320.00,354.00,167.00,441.00,0.882778,-1,-1,-1
31,5,1476.00,448.00,60.00,231.00,0.570231,-1,-1,-1
31,6,1696.00,526.00,100.00,206.00,0.872446,-1,-1,-1
31,7,1598.00,516.00,82.00,184.00,0.717996,-1,-1,-1
31,8,122.00,532.00,74.00,211.00,0.727155,-1,-1,-1
31,9,1884.00,431.00,36.00,141.00,0.670949,-1,-1,-1
31,13,1686.00,470.00,42.00,112.00,0.389688,-1,-1,-1
31,14,1230.00,349.00,92.00,399.00,0.864633,-1,-1,-1
31,17,37.00,555.00,77.00,192.00,0.196470,-1,-1,-1
32,1,1105.00,370.00,156.00,400.00,0.898568,-1,-1,-1
32,2,1556.00,391.00,112.00,301.00,0.884798,-1,-1,-1
32,3,1391.00,345.00,122.00,386.00,0.631386,-1,-1,-1
32,4,1325.00,353.00,168.00,441.00,0.890434,-1,-1,-1
32,5,1480.00,452.00,60.00,227.00,0.544385,-1,-1,-1
32,6,1695.00,526.00,101.00,206.00,0.869598,-1,-1,-1
32,7,1597.00,517.00,83.00,184.00,0.735191,-1,-1,-1
32,8,122.00,529.00,74.00,214.00,0.741645,-1,-1,-1
32,9,1884.00,431.00,36.00,141.00,0.693384,-1,-1,-1
32,13,1686.00,470.00,41.00,112.00,0.369751,-1,-1,-1
32,14,1234.00,352.00,94.00,395.00,0.860665,-1,-1,-1
32,17,42.00,558.00,75.00,189.00,0.104903,-1,-1,-1
33,1,1105.00,367.00,153.00,400.00,0.901435,-1,-1,-1
33,2,1561.00,393.00,114.00,298.00,0.864508,-1,-1,-1
33,3,1396.00,347.00,120.00,387.00,0.598897,-1,-1,-1
33,4,1328.00,356.00,167.00,439.00,0.874293,-1,-1,-1
33,5,1486.00,451.00,60.00,226.00,0.448639,-1,-1,-1
33,6,1693.00,526.00,102.00,206.00,0.857946,-1,-1,-1
33,7,1597.00,518.00,83.00,183.00,0.748372,-1,-1,-1
33,8,122.00,527.00,75.00,216.00,0.738441,-1,-1,-1
33,9,1885.00,430.00,35.00,145.00,0.683931,-1,-1,-1
33,13,1685.00,470.00,42.00,111.00,0.310572,-1,-1,-1
33,14,1238.00,354.00,96.00,394.00,0.861158,-1,-1,-1
33,17,36.00,559.00,75.00,188.00,0.191797,-1,-1,-1
34,1,1105.00,368.00,150.00,398.00,0.896589,-1,-1,-1
34,2,1565.00,392.00,117.00,299.00,0.880049,-1,-1,-1
34,3,1410.00,347.00,103.00,335.00,0.176515,-1,-1,-1
34,4,1339.00,356.00,166.00,436.00,0.896340,-1,-1,-1
34,5,1489.00,451.00,59.00,224.00,0.462628,-1,-1,-1
34,6,1691.00,526.00,102.00,206.00,0.860583,-1,-1,-1
34,7,1597.00,520.00,83.00,181.00,0.692545,-1,-1,-1
34,8,122.00,526.00,75.00,217.00,0.759871,-1,-1,-1
34,9,1885.00,429.00,35.00,148.00,0.651068,-1,-1,-1
34,13,1686.00,470.00,41.00,111.00,0.209464,-1,-1,-1
34,14,1244.00,355.00,99.00,393.00,0.876268,-1,-1,-1
34,17,34.00,553.00,78.00,194.00,0.163932,-1,-1,-1
35,1,1106.00,367.00,148.00,399.00,0.892970,-1,-1,-1
35,2,1573.00,392.00,107.00,264.00,0.820734,-1,-1,-1
35,4,1348.00,354.00,164.00,432.00,0.897916,-1,-1,-1
35,5,1490.00,452.00,59.00,222.00,0.542057,-1,-1,-1
35,6,1688.00,526.00,102.00,206.00,0.852970,-1,-1,-1
35,7,1594.00,521.00,83.00,180.00,0.687221,-1,-1,-1
35,8,122.00,527.00,75.00,216.00,0.769197,-1,-1,-1
35,9,1885.00,428.00,35.00,152.00,0.630421,-1,-1,-1
35,13,1684.00,470.00,42.00,111.00,0.336580,-1,-1,-1
35,14,1249.00,355.00,101.00,390.00,0.859268,-1,-1,-1
35,17,35.00,551.00,78.00,196.00,0.235990,-1,-1,-1
35,18,1422.00,347.00,78.00,136.00,0.388824,-1,-1,-1
36,1,1114.00,367.00,146.00,397.00,0.884801,-1,-1,-1
36,2,1576.00,391.00,107.00,255.00,0.811639,-1,-1,-1
36,4,1358.00,349.00,164.00,432.00,0.884144,-1,-1,-1
36,5,1499.00,451.00,58.00,224.00,0.557441,-1,-1,-1
36,6,1687.00,527.00,100.00,204.00,0.853774,-1,-1,-1
36,7,1598.00,525.00,82.00,176.00,0.744256,-1,-1,-1
36,8,122.00,532.00,74.00,211.00,0.757535,-1,-1,-1
36,9,1885.00,428.00,35.00,154.00,0.635459,-1,-1,-1
36,13,1682.00,470.00,43.00,112.00,0.398705,-1,-1,-1
36,14,1255.00,354.00,105.00,389.00,0.819880,-1,-1,-1
36,17,31.00,549.00,80.00,198.00,0.174835,-1,-1,-1
37,1,1121.00,367.00,145.00,398.00,0.892298,-1,-1,-1
37,2,1578.00,392.00,105.00,247.00,0.825426,-1,-1,-1
37,4,1364.00,347.00,164.00,432.00,0.882975,-1,-1,-1
37,5,1505.00,451.00,57.00,224.00,0.502062,-1,-1,-1
37,6,1687.00,527.00,98.00,204.00,0.860483,-1,-1,-1
37,7,1599.00,525.00,83.00,176.00,0.806361,-1,-1,-1
37,8,123.00,533.00,73.00,210.00,0.751749,-1,-1,-1
37,9,1885.00,428.00,35.00,153.00,0.531321,-1,-1,-1
37,13,1683.00,470.00,43.00,112.00,0.298403,-1,-1,-1
37,14,1260.00,352.00,108.00,390.00,0.820504,-1,-1,-1
37,17,31.00,551.00,79.00,196.00,0.209354,-1,-1,-1
38,1,1129.00,369.00,143.00,396.00,0.890738,-1,-1,-1
38,2,1578.00,392.00,106.00,245.00,0.820459,-1,-1,-1
38,4,1368.00,346.00,165.00,434.00,0.864317,-1,-1,-1
38,5,1500.00,447.00,59.00,228.00,0.570458,-1,-1,-1
38,6,1687.00,528.00,98.00,202.00,0.866262,-1,-1,-1
38,7,1598.00,525.00,84.00,176.00,0.773709,-1,-1,-1
38,8,123.00,532.00,73.00,211.00,0.732488,-1,-1,-1
38,9,1886.00,429.00,34.00,150.00,0.587353,-1,-1,-1
38,13,1684.00,470.00,43.00,111.00,0.344034,-1,-1,-1
38,14,1265.00,350.00,110.00,390.00,0.834565,-1,-1,-1
38,17,28.00,550.00,80.00,197.00,0.212020,-1,-1,-1
38,19,1473.00,404.00,87.00,273.00,0.322683,-1,-1,-1
38,20,1330.00,398.00,67.00,297.00,0.331346,-1,-1,-1
39,1,1137.00,370.00,142.00,393.00,0.878291,-1,-1,-1
39,2,1576.00,391.00,105.00,245.00,0.798667,-1,-1,-1
39,4,1374.00,347.00,167.00,434.00,0.870284,-1,-1,-1
39,5,1500.00,447.00,61.00,229.00,0.460411,-1,-1,-1
39,6,1689.00,529.00,96.00,200.00,0.873316,-1,-1,-1
39,7,1596.00,522.00,85.00,179.00,0.777438,-1,-1,-1
39,8,122.00,528.00,74.00,215.00,0.731312,-1,-1,-1
39,9,1886.00,430.00,34.00,143.00,0.608265,-1,-1,-1
39,13,1685.00,471.00,42.00,110.00,0.277220,-1,-1,-1
39,14,1271.00,349.00,110.00,387.00,0.855717,-1,-1,-1
39,17,34.00,554.00,78.00,193.00,0.105534,-1,-1,-1
39,19,1475.00,395.00,89.00,282.00,0.177434,-1,-1,-1
40,1,1142.00,371.00,142.00,391.00,0.884135,-1,-1,-1
40,2,1575.00,391.00,104.00,249.00,0.729278,-1,-1,-1
40,4,1376.00,348.00,168.00,435.00,0.877323,-1,-1,-1
40,5,1500.00,445.00,63.00,230.00,0.666772,-1,-1,-1
40,6,1692.00,529.00,95.00,200.00,0.858986,-1,-1,-1
40,7,1596.00,522.00,84.00,178.00,0.772888,-1,-1,-1
40,8,122.00,528.00,74.00,216.00,0.727961,-1,-1,-1
40,9,1886.00,432.00,33.00,139.00,0.633663,-1,-1,-1
40,13,1684.00,471.00,44.00,112.00,0.329919,-1,-1,-1
40,14,1275.00,349.00,110.00,385.00,0.857235,-1,-1,-1
40,17,29.00,548.00,82.00,199.00,0.118109,-1,-1,-1
40,21,1231.00,417.00,63.00,271.00,0.596136,-1,-1,-1
41,1,1147.00,374.00,141.00,388.00,0.872129,-1,-1,-1
41,2,1573.00,391.00,115.00,285.00,0.694438,-1,-1,-1
41,4,1382.00,351.00,168.00,430.00,0.880708,-1,-1,-1
41,5,1506.00,440.00,64.00,235.00,0.645190,-1,-1,-1
41,6,1696.00,530.00,94.00,198.00,0.841067,-1,-1,-1
41,7,1595.00,519.00,85.00,181.00,0.609089,-1,-1,-1
41,8,122.00,525.00,75.00,218.00,0.714411,-1,-1,-1
41,9,1886.00,433.00,33.00,140.00,0.680093,-1,-1,-1
41,13,1684.00,471.00,43.00,112.00,0.299456,-1,-1,-1
41,14,1278.00,350.00,108.00,382.00,0.843732,-1,-1,-1
41,17,23.00,548.00,84.00,199.00,0.161259,-1,-1,-1
41,21,1230.00,415.00,64.00,273.00,0.593548,-1,-1,-1
42,1,1151.00,374.00,139.00,388.00,0.869957,-1,-1,-1
42,2,1579.00,392.00,108.00,271.00,0.434828,-1,-1,-1
42,4,1385.00,354.00,168.00,424.00,0.876579,-1,-1,-1
42,5,1510.00,437.00,65.00,238.00,0.645152,-1,-1,-1
42,6,1699.00,529.00,92.00,198.00,0.851205,-1,-1,-1
42,7,1595.00,515.00,87.00,185.00,0.668667,-1,-1,-1
42,8,123.00,526.00,74.00,217.00,0.741135,-1,-1,-1
42,9,1887.00,434.00,32.00,139.00,0.687843,-1,-1,-1
42,13,1685.00,472.00,43.00,111.00,0.309948,-1,-1,-1
42,14,1279.00,349.00,108.00,383.00,0.855669,-1,-1,-1
42,17,23.00,549.00,84.00,199.00,0.218940,-1,-1,-1
42,21,1235.00,416.00,62.00,270.00,0.388393,-1,-1,-1
43,1,1155.00,375.00,138.00,387.00,0.870634,-1,-1,-1
43,2,1585.00,393.00,99.00,253.00,0.636086,-1,-1,-1
43,4,1389.00,356.00,168.00,420.00,0.889498,-1,-1,-1
43,5,1513.00,435.00,65.00,241.00,0.720824,-1,-1,-1
43,6,1700.00,528.00,92.00,198.00,0.855987,-1,-1,-1
43,7,1595.00,510.00,89.00,189.00,0.697106,-1,-1,-1
43,8,123.00,531.00,73.00,212.00,0.732351,-1,-1,-1
43,9,1887.00,435.00,32.00,138.00,0.677360,-1,-1,-1
43,13,1685.00,472.00,43.00,112.00,0.317515,-1,-1,-1
43,14,1283.00,350.00,108.00,382.00,0.844631,-1,-1,-1
43,17,23.00,550.00,85.00,198.00,0.187587,-1,-1,-1
43,21,1234.00,408.00,62.00,269.00,0.107897,-1,-1,-1
44,1,1160.00,375.00,135.00,386.00,0.891411,-1,-1,-1
44,2,1593.00,394.00,97.00,246.00,0.652863,-1,-1,-1
44,4,1394.00,358.00,168.00,418.00,0.894707,-1,-1,-1
44,5,1517.00,435.00,65.00,241.00,0.704963,-1,-1,-1
44,6,1701.00,528.00,92.00,197.00,0.847384,-1,-1,-1
44,7,1595.00,504.00,91.00,188.00,0.646862,-1,-1,-1
44,8,122.00,533.00,73.00,210.00,0.716831,-1,-1,-1
44,9,1887.00,436.00,32.00,138.00,0.699438,-1,-1,-1
44,13,1685.00,470.00,43.00,113.00,0.405115,-1,-1,-1
44,14,1287.00,350.00,108.00,383.00,0.840498,-1,-1,-1
44,17,39.00,559.00,79.00,189.00,0.112919,-1,-1,-1
45,1,1164.00,374.00,134.00,387.00,0.889171,-1,-1,-1
45,2,1600.00,395.00,94.00,241.00,0.691248,-1,-1,-1
45,4,1399.00,359.00,168.00,417.00,0.899983,-1,-1,-1
45,5,1521.00,437.00,64.00,238.00,0.685102,-1,-1,-1
45,6,1701.00,527.00,92.00,198.00,0.846302,-1,-1,-1
45,7,1599.00,498.00,96.00,197.00,0.759775,-1,-1,-1
45,8,122.00,535.00,73.00,208.00,0.728147,-1,-1,-1
45,9,1887.00,436.00,32.00,138.00,0.685665,-1,-1,-1
45,13,1681.00,469.00,50.00,132.00,0.269571,-1,-1,-1
45,14,1291.00,351.00,107.00,383.00,0.832359,-1,-1,-1
45,17,33.00,555.00,80.00,192.00,0.171844,-1,-1,-1
46,1,1172.00,373.00,131.00,383.00,0.895427,-1,-1,-1
46,2,1606.00,396.00,93.00,236.00,0.753807,-1,-1,-1
46,4,1405.00,360.00,168.00,414.00,0.873763,-1,-1,-1
46,5,1531.00,440.00,60.00,223.00,0.506358,-1,-1,-1
46,6,1700.00,527.00,91.00,198.00,0.852294,-1,-1,-1
46,7,1596.00,493.00,102.00,204.00,0.814728,-1,-1,-1
46,8,122.00,536.00,73.00,208.00,0.742642,-1,-1,-1
46,9,1887.00,436.00,32.00,141.00,0.677385,-1,-1,-1
46,13,1685.00,469.00,46.00,127.00,0.144844,-1,-1,-1
46,14,1296.00,355.00,105.00,377.00,0.837648,-1,-1,-1
46,17,31.00,554.00,82.00,194.00,0.190269,-1,-1,-1
47,1,1180.00,372.00,130.00,380.00,0.890652,-1,-1,-1
47,2,1611.00,397.00,95.00,242.00,0.743819,-1,-1,-1
47,4,1408.00,359.00,168.00,411.00,0.877185,-1,-1,-1
47,5,1537.00,442.00,58.00,217.00,0.538866,-1,-1,-1
47,6,1699.00,527.00,91.00,198.00,0.837380,-1,-1,-1
47,7,1590.00,488.00,105.00,211.00,0.844476,-1,-1,-1
47,8,122.00,536.00,73.00,208.00,0.733724,-1,-1,-1
47,9,1886.00,437.00,33.00,142.00,0.666270,-1,-1,-1
47,14,1299.00,356.00,104.00,375.00,0.845182,-1,-1,-1
47,17,32.00,555.00,81.00,193.00,0.196787,-1,-1,-1
47,22,1366.00,403.00,71.00,285.00,0.426591,-1,-1,-1
48,1,1187.00,372.00,130.00,379.00,0.875971,-1,-1,-1
48,2,1615.00,396.00,96.00,252.00,0.770322,-1,-1,-1
48,4,1415.00,360.00,165.00,406.00,0.890866,-1,-1,-1
48,5,1542.00,444.00,57.00,216.00,0.591380,-1,-1,-1
48,6,1699.00,526.00,91.00,200.00,0.845516,-1,-1,-1
48,7,1588.00,484.00,108.00,216.00,0.839136,-1,-1,-1
48,8,122.00,535.00,73.00,209.00,0.709675,-1,-1,-1
48,9,1887.00,437.00,33.00,145.00,0.655950,-1,-1,-1
48,14,1302.00,358.00,102.00,372.00,0.846433,-1,-1,-1
48,17,27.00,556.00,81.00,191.00,0.113216,-1,-1,-1
48,22,1368.00,404.00,71.00,283.00,0.548084,-1,-1,-1
49,1,1195.00,375.00,130.00,375.00,0.877770,-1,-1,-1
49,2,1622.00,395.00,98.00,260.00,0.813909,-1,-1,-1
49,4,1419.00,360.00,166.00,405.00,0.895648,-1,-1,-1
49,5,1545.00,445.00,58.00,219.00,0.653701,-1,-1,-1
49,6,1700.00,527.00,90.00,199.00,0.839450,-1,-1,-1
49,7,1585.00,479.00,110.00,220.00,0.850357,-1,-1,-1
49,8,122.00,535.00,73.00,209.00,0.726384,-1,-1,-1
49,9,1885.00,435.00,35.00,155.00,0.599838,-1,-1,-1
49,14,1303.00,361.00,102.00,370.00,0.859125,-1,-1,-1
49,17,20.00,561.00,82.00,187.00,0.376025,-1,-1,-1
49,22,1375.00,403.00,70.00,285.00,0.658000,-1,-1,-1
50,1,1200.00,376.00,132.00,374.00,0.875738,-1,-1,-1
50,2,1628.00,395.00,101.00,268.00,0.826438,-1,-1,-1
50,4,1422.00,360.00,165.00,404.00,0.897735,-1,-1,-1
50,5,1549.00,445.00,57.00,219.00,0.531445,-1,-1,-1
50,6,1700.00,528.00,89.00,197.00,0.837888,-1,-1,-1
50,7,1584.00,476.00,110.00,224.00,0.858699,-1,-1,-1
50,8,122.00,535.00,73.00,209.00,0.689055,-1,-1,-1
50,9,1884.00,433.00,36.00,164.00,0.579835,-1,-1,-1
50,14,1306.00,363.00,101.00,367.00,0.869141,-1,-1,-1
50,17,16.00,555.00,87.00,193.00,0.136425,-1,-1,-1
50,22,1379.00,403.00,69.00,285.00,0.683974,-1,-1,-1
51,1,1206.00,379.00,133.00,371.00,0.847027,-1,-1,-1
51,2,1638.00,395.00,103.00,273.00,0.824191,-1,-1,-1
51,4,1425.00,360.00,165.00,404.00,0.888320,-1,-1,-1
51,5,1554.00,442.00,54.00,206.00,0.346916,-1,-1,-1
51,6,1699.00,527.00,89.00,199.00,0.826117,-1,-1,-1
51,7,1582.00,473.00,112.00,227.00,0.860006,-1,-1,-1
51,8,122.00,536.00,74.00,207.00,0.654348,-1,-1,-1
51,9,1884.00,432.00,36.00,173.00,0.634574,-1,-1,-1
51,14,1309.00,364.00,101.00,367.00,0.847998,-1,-1,-1
51,22,1383.00,402.00,70.00,288.00,0.667106,-1,-1,-1
52,1,1209.00,377.00,136.00,375.00,0.792072,-1,-1,-1
52,2,1644.00,395.00,105.00,275.00,0.862138,-1,-1,-1
52,4,1430.00,360.00,164.00,404.00,0.892096,-1,-1,-1
52,5,1556.00,437.00,53.00,205.00,0.141668,-1,-1,-1
52,6,1699.00,528.00,88.00,198.00,0.830003,-1,-1,-1
52,7,1581.00,470.00,114.00,230.00,0.863776,-1,-1,-1
52,8,122.00,536.00,74.00,207.00,0.669953,-1,-1,-1
52,9,1884.00,432.00,36.00,177.00,0.643882,-1,-1,-1
52,14,1310.00,366.00,101.00,365.00,0.820469,-1,-1,-1
52,22,1390.00,405.00,68.00,284.00,0.651100,-1,-1,-1
53,1,1214.00,377.00,138.00,376.00,0.847658,-1,-1,-1
53,2,1651.00,395.00,106.00,275.00,0.835801,-1,-1,-1
53,4,1433.00,362.00,163.00,401.00,0.896034,-1,-1,-1
53,5,1556.00,438.00,55.00,212.00,0.301183,-1,-1,-1
53,6,1698.00,528.00,87.00,198.00,0.823125,-1,-1,-1
53,7,1582.00,465.00,114.00,236.00,0.846738,-1,-1,-1
53,8,122.00,535.00,74.00,208.00,0.756525,-1,-1,-1
53,9,1883.00,432.00,37.00,180.00,0.649937,-1,-1,-1
53,14,1312.00,366.00,101.00,364.00,0.817921,-1,-1,-1
53,22,1395.00,404.00,69.00,284.00,0.603068,-1,-1,-1
54,1,1220.00,379.00,138.00,374.00,0.877380,-1,-1,-1
54,2,1660.00,395.00,107.00,277.00,0.851960,-1,-1,-1
54,4,1438.00,364.00,161.00,397.00,0.906840,-1,-1,-1
54,5,1559.00,439.00,56.00,218.00,0.477106,-1,-1,-1
54,6,1698.00,527.00,86.00,198.00,0.826634,-1,-1,-1
54,7,1583.00,463.00,113.00,237.00,0.825708,-1,-1,-1
54,8,121.00,534.00,75.00,209.00,0.746880,-1,-1,-1
54,9,1883.00,432.00,37.00,180.00,0.590876,-1,-1,-1
54,14,1314.00,365.00,101.00,363.00,0.812780,-1,-1,-1
54,22,1401.00,404.00,69.00,284.00,0.626860,-1,-1,-1
54,24,1192.00,407.00,66.00,291.00,0.570134,-1,-1,-1
55,1,1225.00,380.00,137.00,373.00,0.876086,-1,-1,-1
55,2,1662.00,395.00,109.00,277.00,0.843853,-1,-1,-1
55,4,1442.00,369.00,159.00,392.00,0.904842,-1,-1,-1
55,5,1562.00,442.00,55.00,219.00,0.313639,-1,-1,-1
55,6,1698.00,527.00,86.00,199.00,0.822803,-1,-1,-1
55,7,1580.00,459.00,115.00,241.00,0.834705,-1,-1,-1
55,8,121.00,534.00,75.00,210.00,0.765590,-1,-1,-1
55,9,1884.00,432.00,36.00,181.00,0.543722,-1,-1,-1
55,14,1316.00,364.00,101.00,360.00,0.820874,-1,-1,-1
55,22,1405.00,409.00,68.00,276.00,0.614717,-1,-1,-1
55,24,1191.00,405.00,67.00,296.00,0.616787,-1,-1,-1
55,26,1899.00,432.00,21.00,182.00,0.414180,-1,-1,-1
55,27,1429.00,361.00,59.00,331.00,0.505792,-1,-1,-1
56,1,1230.00,381.00,136.00,371.00,0.862673,-1,-1,-1
56,2,1668.00,396.00,109.00,275.00,0.751397,-1,-1,-1
56,4,1446.00,371.00,157.00,389.00,0.909336,-1,-1,-1
56,5,1566.00,444.00,50.00,203.00,0.334314,-1,-1,-1
56,6,1696.00,526.00,86.00,201.00,0.822824,-1,-1,-1
56,7,1577.00,454.00,116.00,247.00,0.849821,-1,-1,-1
56,8,121.00,535.00,75.00,209.00,0.755814,-1,-1,-1
56,9,1884.00,433.00,36.00,181.00,0.528208,-1,-1,-1
56,14,1320.00,364.00,100.00,356.00,0.819410,-1,-1,-1
56,22,1407.00,411.00,69.00,275.00,0.594035,-1,-1,-1
56,24,1189.00,403.00,69.00,304.00,0.796620,-1,-1,-1
56,26,1899.00,434.00,20.00,180.00,0.408492,-1,-1,-1
56,27,1429.00,364.00,59.00,327.00,0.509346,-1,-1,-1
57,1,1232.00,381.00,136.00,369.00,0.853994,-1,-1,-1
57,2,1664.00,396.00,110.00,275.00,0.690380,-1,-1,-1
57,4,1449.00,372.00,156.00,387.00,0.908253,-1,-1,-1
57,5,1568.00,445.00,48.00,196.00,0.209191,-1,-1,-1
57,6,1694.00,526.00,86.00,201.00,0.822975,-1,-1,-1
57,7,1576.00,449.00,116.00,252.00,0.848509,-1,-1,-1
57,8,121.00,536.00,74.00,208.00,0.707119,-1,-1,-1
57,9,1885.00,434.00,35.00,179.00,0.600018,-1,-1,-1
57,14,1322.00,363.00,100.00,355.00,0.814532,-1,-1,-1
57,22,1410.00,411.00,70.00,276.00,0.588263,-1,-1,-1
57,24,1188.00,402.00,71.00,309.00,0.794590,-1,-1,-1
57,26,1900.00,439.00,20.00,174.00,0.215886,-1,-1,-1
57,27,1433.00,366.00,59.00,323.00,0.513274,-1,-1,-1
58,1,1235.00,378.00,135.00,370.00,0.844723,-1,-1,-1
58,2,1666.00,398.00,110.00,274.00,0.614047,-1,-1,-1
58,4,1450.00,371.00,157.00,388.00,0.915138,-1,-1,-1
58,5,1571.00,447.00,45.00,188.00,0.111542,-1,-1,-1
58,6,1692.00,526.00,86.00,200.00,0.821497,-1,-1,-1
58,7,1575.00,447.00,116.00,254.00,0.848846,-1,-1,-1
58,8,121.00,536.00,74.00,208.00,0.712779,-1,-1,-1
58,9,1885.00,435.00,35.00,177.00,0.565080,-1,-1,-1
58,14,1325.00,364.00,100.00,354.00,0.842945,-1,-1,-1
58,17,21.00,561.00,86.00,186.00,0.356966,-1,-1,-1
58,22,1414.00,411.00,71.00,274.00,0.596136,-1,-1,-1
58,24,1188.00,401.00,73.00,314.00,0.806491,-1,-1,-1
58,26,1901.00,445.00,19.00,167.00,0.101924,-1,-1,-1
58,27,1435.00,367.00,59.00,319.00,0.489475,-1,-1,-1
59,1,1238.00,380.00,133.00,366.00,0.849712,-1,-1,-1
59,2,1680.00,397.00,91.00,217.00,0.653184,-1,-1,-1
59,4,1452.00,372.00,156.00,385.00,0.909337,-1,-1,-1
59,6,1688.00,527.00,87.00,200.00,0.843052,-1,-1,-1
59,7,1575.00,443.00,115.00,258.00,0.847996,-1,-1,-1
59,8,121.00,538.00,74.00,206.00,0.710270,-1,-1,-1
59,9,1886.00,435.00,34.00,177.00,0.558471,-1,-1,-1
59,14,1331.00,364.00,99.00,355.00,0.845278,-1,-1,-1
59,17,23.00,571.00,83.00,176.00,0.319996,-1,-1,-1
59,22,1416.00,410.00,72.00,277.00,0.472669,-1,-1,-1
59,24,1186.00,402.00,75.00,316.00,0.837642,-1,-1,-1
59,26,1900.00,441.00,19.00,171.00,0.224882,-1,-1,-1
59,27,1437.00,368.00,59.00,319.00,0.603715,-1,-1,-1
60,1,1241.00,378.00,131.00,366.00,0.838913,-1,-1,-1
60,2,1686.00,397.00,83.00,193.00,0.714424,-1,-1,-1
60,4,1453.00,372.00,154.00,380.00,0.906459,-1,-1,-1
60,6,1687.00,528.00,87.00,200.00,0.838879,-1,-1,-1
60,7,1575.00,439.00,115.00,262.00,0.850282,-1,-1,-1
60,8,122.00,537.00,74.00,207.00,0.720002,-1,-1,-1
60,9,1886.00,436.00,34.00,177.00,0.557334,-1,-1,-1
60,14,1337.00,366.00,99.00,353.00,0.848075,-1,-1,-1
60,17,22.00,574.00,84.00,173.00,0.288444,-1,-1,-1
60,22,1418.00,408.00,74.00,284.00,0.358589,-1,-1,-1
60,24,1184.00,404.00,76.00,315.00,0.821051,-1,-1,-1
60,26,1899.00,439.00,20.00,174.00,0.254928,-1,-1,-1
60,27,1438.00,368.00,62.00,333.00,0.588803,-1,-1,-1
61,1,1245.00,379.00,128.00,361.00,0.818562,-1,-1,-1
61,2,1687.00,397.00,84.00,191.00,0.731834,-1,-1,-1
61,4,1454.00,372.00,153.00,375.00,0.898732,-1,-1,-1
61,6,1685.00,528.00,87.00,200.00,0.846582,-1,-1,-1
61,7,1575.00,435.00,114.00,266.00,0.844626,-1,-1,-1
61,8,122.00,537.00,74.00,207.00,0.729887,-1,-1,-1
61,9,1886.00,437.00,34.00,177.00,0.571770,-1,-1,-1
61,14,1342.00,369.00,100.00,350.00,0.850493,-1,-1,-1
61,17,21.00,575.00,86.00,173.00,0.308512,-1,-1,-1
61,22,1419.00,405.00,75.00,285.00,0.197687,-1,-1,-1
61,24,1182.00,405.00,78.00,315.00,0.793394,-1,-1,-1
61,26,1898.00,438.00,20.00,175.00,0.303866,-1,-1,-1
61,27,1443.00,370.00,60.00,324.00,0.595936,-1,-1,-1
62,1,1248.00,377.00,126.00,361.00,0.820500,-1,-1,-1
62,2,1688.00,397.00,89.00,196.00,0.692263,-1,-1,-1
62,4,1453.00,371.00,154.00,375.00,0.895973,-1,-1,-1
62,6,1683.00,527.00,88.00,200.00,0.846853,-1,-1,-1
62,7,1575.00,432.00,114.00,269.00,0.841384,-1,-1,-1
62,8,122.00,537.00,74.00,206.00,0.689685,-1,-1,-1
62,9,1886.00,437.00,34.00,176.00,0.582604,-1,-1,-1
62,14,1347.00,370.00,100.00,348.00,0.842560,-1,-1,-1
62,17,19.00,573.00,88.00,175.00,0.194613,-1,-1,-1
62,22,1420.00,402.00,75.00,283.00,0.383227,-1,-1,-1
62,24,1181.00,405.00,80.00,317.00,0.834172,-1,-1,-1
62,26,1898.00,437.00,20.00,176.00,0.254220,-1,-1,-1
62,27,1446.00,370.00,60.00,319.00,0.569939,-1,-1,-1
63,1,1252.00,378.00,124.00,360.00,0.817427,-1,-1,-1
63,2,1689.00,397.00,93.00,205.00,0.757047,-1,-1,-1
63,4,1452.00,371.00,154.00,375.00,0.896271,-1,-1,-1
63,6,1682.00,527.00,90.00,200.00,0.839829,-1,-1,-1
63,7,1575.00,430.00,113.00,272.00,0.850409,-1,-1,-1
63,8,122.00,537.00,75.00,207.00,0.711688,-1,-1,-1
63,9,1886.00,438.00,34.00,174.00,0.612337,-1,-1,-1
63,14,1351.00,372.00,100.00,344.00,0.840744,-1,-1,-1
63,17,24.00,574.00,87.00,173.00,0.141284,-1,-1,-1
63,22,1421.00,401.00,75.00,281.00,0.480813,-1,-1,-1
63,24,1178.00,405.00,83.00,318.00,0.849900,-1,-1,-1
63,26,1898.00,438.00,21.00,174.00,0.260053,-1,-1,-1
63,27,1447.00,375.00,60.00,311.00,0.504295,-1,-1,-1
64,1,1257.00,379.00,121.00,358.00,0.865030,-1,-1,-1
64,2,1685.00,397.00,105.00,234.00,0.750306,-1,-1,-1
64,4,1453.00,371.00,155.00,375.00,0.889554,-1,-1,-1
64,6,1679.00,525.00,94.00,203.00,0.843258,-1,-1,-1
64,7,1574.00,424.00,114.00,278.00,0.860328,-1,-1,-1
64,8,122.00,535.00,75.00,209.00,0.715727,-1,-1,-1
64,9,1886.00,437.00,34.00,175.00,0.604381,-1,-1,-1
64,14,1353.00,372.00,101.00,345.00,0.858626,-1,-1,-1
64,17,33.00,570.00,86.00,177.00,0.186735,-1,-1,-1
64,22,1428.00,401.00,73.00,280.00,0.463200,-1,-1,-1
64,24,1176.00,404.00,85.00,320.00,0.858466,-1,-1,-1
64,26,1899.00,437.00,21.00,175.00,0.251927,-1,-1,-1
64,27,1448.00,378.00,59.00,305.00,0.491334,-1,-1,-1
65,1,1260.00,381.00,120.00,355.00,0.868688,-1,-1,-1
65,2,1682.00,397.00,112.00,254.00,0.794657,-1,-1,-1
65,4,1453.00,372.00,155.00,374.00,0.887981,-1,-1,-1
65,6,1676.00,524.00,96.00,204.00,0.854072,-1,-1,-1
65,7,1574.00,422.00,114.00,279.00,0.857269,-1,-1,-1
65,8,123.00,534.00,75.00,210.00,0.689297,-1,-1,-1
65,9,1886.00,434.00,34.00,178.00,0.627850,-1,-1,-1
65,14,1355.00,374.00,99.00,340.00,0.844767,-1,-1,-1
65,17,32.00,562.00,88.00,185.00,0.127748,-1,-1,-1
65,22,1432.00,403.00,71.00,276.00,0.336347,-1,-1,-1
65,24,1174.00,402.00,88.00,322.00,0.865061,-1,-1,-1
65,26,1900.00,435.00,20.00,176.00,0.283238,-1,-1,-1
65,27,1448.00,378.00,60.00,303.00,0.374769,-1,-1,-1
65,31,792.00,455.00,80.00,251.00,0.386227,-1,-1,-1
66,1,1269.00,384.00,118.00,350.00,0.853674,-1,-1,-1
66,2,1686.00,397.00,114.00,262.00,0.846780,-1,-1,-1
66,4,1453.00,377.00,155.00,370.00,0.872321,-1,-1,-1
66,6,1674.00,527.00,96.00,201.00,0.865575,-1,-1,-1
66,7,1577.00,418.00,112.00,283.00,0.832938,-1,-1,-1
66,8,123.00,525.00,78.00,219.00,0.742250,-1,-1,-1
66,9,1887.00,435.00,33.00,176.00,0.617154,-1,-1,-1
66,14,1354.00,375.00,98.00,335.00,0.832164,-1,-1,-1
66,17,34.00,556.00,89.00,191.00,0.108565,-1,-1,-1
66,22,1436.00,403.00,71.00,279.00,0.199346,-1,-1,-1
66,24,1172.00,400.00,90.00,324.00,0.855918,-1,-1,-1
66,26,1900.00,435.00,20.00,175.00,0.250232,-1,-1,-1
66,31,800.00,456.00,78.00,245.00,0.681989,-1,-1,-1
67,1,1276.00,386.00,117.00,349.00,0.867811,-1,-1,-1
67,2,1693.00,399.00,114.00,263.00,0.829619,-1,-1,-1
67,4,1451.00,381.00,154.00,367.00,0.873637,-1,-1,-1
67,6,1673.00,528.00,97.00,201.00,0.833117,-1,-1,-1
67,7,1582.00,415.00,111.00,285.00,0.820202,-1,-1,-1
67,8,123.00,527.00,77.00,217.00,0.789033,-1,-1,-1
67,9,1887.00,437.00,33.00,174.00,0.516319,-1,-1,-1
67,14,1359.00,376.00,96.00,333.00,0.824023,-1,-1,-1
67,17,31.00,544.00,93.00,203.00,0.131870,-1,-1,-1
67,22,1440.00,385.00,74.00,295.00,0.166091,-1,-1,-1
67,24,1170.00,399.00,93.00,325.00,0.856555,-1,-1,-1
67,26,1900.00,436.00,20.00,174.00,0.167390,-1,-1,-1
67,31,805.00,457.00,78.00,242.00,0.698977,-1,-1,-1
68,1,1281.00,389.00,117.00,345.00,0.874894,-1,-1,-1
68,2,1698.00,401.00,113.00,261.00,0.844777,-1,-1,-1
68,4,1451.00,383.00,153.00,364.00,0.876296,-1,-1,-1
68,6,1673.00,528.00,96.00,201.00,0.809796,-1,-1,-1
68,7,1587.00,413.00,108.00,288.00,0.827707,-1,-1,-1
68,8,123.00,528.00,77.00,215.00,0.785845,-1,-1,-1
68,9,1887.00,437.00,33.00,173.00,0.511849,-1,-1,-1
68,14,1362.00,376.00,95.00,332.00,0.826599,-1,-1,-1
68,17,32.00,549.00,89.00,198.00,0.111630,-1,-1,-1
68,22,1444.00,377.00,76.00,305.00,0.217632,-1,-1,-1
68,24,1169.00,398.00,96.00,326.00,0.858473,-1,-1,-1
68,26,1900.00,436.00,19.00,174.00,0.169074,-1,-1,-1
68,31,806.00,459.00,79.00,245.00,0.784546,-1,-1,-1
69,1,1287.00,391.00,117.00,343.00,0.870075,-1,-1,-1
69,2,1703.00,403.00,110.00,257.00,0.792601,-1,-1,-1
69,4,1450.00,381.00,152.00,366.00,0.890865,-1,-1,-1
69,6,1675.00,528.00,94.00,200.00,0.760061,-1,-1,-1
69,7,1592.00,412.00,106.00,289.00,0.848208,-1,-1,-1
69,8,123.00,529.00,76.00,214.00,0.791990,-1,-1,-1
69,9,1889.00,440.00,31.00,168.00,0.493692,-1,-1,-1
69,14,1365.00,376.00,94.00,332.00,0.801803,-1,-1,-1
69,22,1445.00,375.00,77.00,310.00,0.212492,-1,-1,-1
69,24,1169.00,396.00,98.00,328.00,0.861016,-1,-1,-1
69,26,1900.00,439.00,19.00,171.00,0.147783,-1,-1,-1
69,31,815.00,459.00,81.00,247.00,0.722177,-1,-1,-1
70,1,1292.00,391.00,119.00,344.00,0.867976,-1,-1,-1
70,2,1706.00,405.00,108.00,254.00,0.761656,-1,-1,-1
70,4,1449.00,378.00,153.00,367.00,0.883231,-1,-1,-1
70,6,1676.00,529.00,92.00,199.00,0.718216,-1,-1,-1
70,7,1596.00,411.00,103.00,291.00,0.823322,-1,-1,-1
70,8,123.00,528.00,76.00,215.00,0.743036,-1,-1,-1
70,9,1890.00,442.00,30.00,162.00,0.425401,-1,-1,-1
70,14,1369.00,377.00,92.00,331.00,0.798251,-1,-1,-1
70,24,1169.00,395.00,100.00,328.00,0.864042,-1,-1,-1
70,31,824.00,460.00,81.00,247.00,0.215891,-1,-1,-1
71,1,1297.00,391.00,120.00,344.00,0.873434,-1,-1,-1
71,2,1709.00,404.00,107.00,255.00,0.808930,-1,-1,-1
71,4,1450.00,377.00,152.00,367.00,0.874830,-1,-1,-1
71,6,1678.00,529.00,91.00,199.00,0.754523,-1,-1,-1
71,7,1602.00,410.00,100.00,291.00,0.839402,-1,-1,-1
71,8,123.00,523.00,78.00,220.00,0.758307,-1,-1,-1
71,9,1890.00,443.00,29.00,159.00,0.405640,-1,-1,-1
71,14,1372.00,376.00,91.00,329.00,0.796848,-1,-1,-1
71,24,1166.00,394.00,103.00,331.00,0.865790,-1,-1,-1
72,1,1301.00,391.00,120.00,343.00,0.879385,-1,-1,-1
72,2,1712.00,405.00,104.00,254.00,0.760923,-1,-1,-1
72,4,1449.00,378.00,150.00,362.00,0.871578,-1,-1,-1
72,6,1680.00,529.00,89.00,199.00,0.750165,-1,-1,-1
72,7,1606.00,411.00,98.00,290.00,0.833323,-1,-1,-1
72,8,123.00,529.00,75.00,214.00,0.762574,-1,-1,-1
72,9,1890.00,443.00,29.00,157.00,0.117148,-1,-1,-1
72,14,1374.00,375.00,89.00,330.00,0.802222,-1,-1,-1
72,24,1163.00,394.00,105.00,334.00,0.861609,-1,-1,-1
72,33,1571.00,418.00,58.00,269.00,0.585835,-1,-1,-1
73,1,1303.00,391.00,120.00,342.00,0.885881,-1,-1,-1
73,2,1716.00,405.00,103.00,254.00,0.811088,-1,-1,-1
73,4,1450.00,379.00,147.00,356.00,0.867021,-1,-1,-1
73,6,1679.00,529.00,88.00,200.00,0.780191,-1,-1,-1
73,7,1609.00,410.00,97.00,291.00,0.815869,-1,-1,-1
73,8,122.00,529.00,76.00,214.00,0.747299,-1,-1,-1
73,14,1377.00,375.00,88.00,330.00,0.799075,-1,-1,-1
73,24,1160.00,395.00,108.00,334.00,0.869827,-1,-1,-1
73,33,1573.00,416.00,58.00,267.00,0.669811,-1,-1,-1
74,1,1307.00,391.00,119.00,341.00,0.893469,-1,-1,-1
74,2,1720.00,404.00,101.00,255.00,0.822763,-1,-1,-1
74,4,1448.00,380.00,145.00,351.00,0.879403,-1,-1,-1
74,6,1680.00,527.00,87.00,203.00,0.766376,-1,-1,-1
74,7,1614.00,409.00,94.00,293.00,0.805254,-1,-1,-1
74,8,122.00,525.00,76.00,218.00,0.729138,-1,-1,-1
74,14,1382.00,376.00,86.00,328.00,0.799465,-1,-1,-1
74,24,1160.00,396.00,109.00,335.00,0.846345,-1,-1,-1
74,33,1578.00,414.00,58.00,266.00,0.698421,-1,-1,-1
75,1,1310.00,392.00,119.00,339.00,0.898144,-1,-1,-1
75,2,1727.00,404.00,101.00,254.00,0.829534,-1,-1,-1
75,4,1446.00,380.00,145.00,350.00,0.884578,-1,-1,-1
75,6,1680.00,525.00,88.00,205.00,0.756998,-1,-1,-1
75,7,1618.00,409.00,93.00,293.00,0.781136,-1,-1,-1
75,8,123.00,528.00,76.00,216.00,0.705298,-1,-1,-1
75,14,1386.00,378.00,82.00,325.00,0.786195,-1,-1,-1
75,24,1159.00,397.00,110.00,336.00,0.851486,-1,-1,-1
75,33,1581.00,413.00,57.00,263.00,0.731126,-1,-1,-1
76,1,1315.00,391.00,117.00,337.00,0.866558,-1,-1,-1
76,2,1734.00,402.00,103.00,256.00,0.848483,-1,-1,-1
76,4,1445.00,379.00,146.00,351.00,0.883473,-1,-1,-1
76,6,1683.00,523.00,86.00,206.00,0.740865,-1,-1,-1
76,7,1621.00,411.00,92.00,291.00,0.741304,-1,-1,-1
76,8,122.00,526.00,76.00,218.00,0.761147,-1,-1,-1
76,14,1388.00,380.00,80.00,322.00,0.741221,-1,-1,-1
76,24,1155.00,395.00,114.00,340.00,0.879269,-1,-1,-1
76,33,1585.00,413.00,58.00,265.00,0.734633,-1,-1,-1
77,1,1321.00,390.00,117.00,336.00,0.860657,-1,-1,-1
77,2,1739.00,402.00,103.00,255.00,0.848209,-1,-1,-1
77,4,1445.00,380.00,147.00,351.00,0.895447,-1,-1,-1
77,6,1683.00,525.00,85.00,204.00,0.748497,-1,-1,-1
77,7,1627.00,410.00,89.00,286.00,0.679409,-1,-1,-1
77,8,122.00,527.00,76.00,218.00,0.735266,-1,-1,-1
77,14,1392.00,383.00,77.00,318.00,0.662294,-1,-1,-1
77,24,1155.00,394.00,116.00,342.00,0.880899,-1,-1,-1
77,33,1593.00,413.00,61.00,277.00,0.706531,-1,-1,-1
78,1,1326.00,389.00,117.00,335.00,0.871057,-1,-1,-1
78,2,1742.00,402.00,104.00,255.00,0.835770,-1,-1,-1
78,4,1446.00,383.00,146.00,348.00,0.906626,-1,-1,-1
78,6,1682.00,522.00,85.00,206.00,0.762374,-1,-1,-1
78,7,1634.00,410.00,87.00,284.00,0.720908,-1,-1,-1
78,8,123.00,528.00,75.00,217.00,0.765582,-1,-1,-1
78,14,1394.00,384.00,75.00,316.00,0.564037,-1,-1,-1
78,24,1155.00,393.00,118.00,343.00,0.868652,-1,-1,-1
78,33,1596.00,415.00,62.00,278.00,0.702583,-1,-1,-1
79,1,1331.00,389.00,117.00,333.00,0.869066,-1,-1,-1
79,2,1744.00,404.00,104.00,255.00,0.825710,-1,-1,-1
79,4,1447.00,387.00,145.00,344.00,0.905789,-1,-1,-1
79,6,1682.00,526.00,82.00,203.00,0.746604,-1,-1,-1
79,7,1634.00,410.00,89.00,290.00,0.710227,-1,-1,-1
79,8,123.00,529.00,75.00,215.00,0.770840,-1,-1,-1
79,14,1397.00,386.00,71.00,307.00,0.333577,-1,-1,-1
79,17,42.00,573.00,76.00,174.00,0.368390,-1,-1,-1
79,24,1154.00,391.00,120.00,345.00,0.871701,-1,-1,-1
79,33,1599.00,417.00,61.00,271.00,0.736343,-1,-1,-1
79,36,1408.00,386.00,48.00,129.00,0.483992,-1,-1,-1
80,1,1337.00,390.00,118.00,332.00,0.871742,-1,-1,-1
80,2,1744.00,404.00,104.00,254.00,0.836976,-1,-1,-1
80,4,1450.00,392.00,143.00,339.00,0.900858,-1,-1,-1
80,6,1682.00,528.00,81.00,201.00,0.757934,-1,-1,-1
80,7,1635.00,410.00,91.00,290.00,0.727437,-1,-1,-1
80,8,123.00,526.00,76.00,218.00,0.761261,-1,-1,-1
80,14,1404.00,385.00,63.00,274.00,0.129548,-1,-1,-1
80,17,43.00,574.00,73.00,173.00,0.349191,-1,-1,-1
80,24,1153.00,389.00,122.00,347.00,0.872341,-1,-1,-1
80,33,1601.00,421.00,60.00,262.00,0.725678,-1,-1,-1
80,36,1410.00,388.00,48.00,127.00,0.469507,-1,-1,-1
80,37,1515.00,376.00,59.00,94.00,0.497374,-1,-1,-1
81,1,1340.00,390.00,118.00,332.00,0.867727,-1,-1,-1
81,2,1746.00,407.00,103.00,250.00,0.824549,-1,-1,-1
81,4,1452.00,396.00,141.00,335.00,0.895842,-1,-1,-1
81,6,1683.00,529.00,80.00,200.00,0.763266,-1,-1,-1
81,7,1648.00,410.00,87.00,283.00,0.642420,-1,-1,-1
81,8,123.00,523.00,77.00,221.00,0.763147,-1,-1,-1
81,14,1412.00,388.00,47.00,203.00,0.173596,-1,-1,-1
81,17,45.00,574.00,71.00,173.00,0.266898,-1,-1,-1
81,24,1152.00,386.00,123.00,350.00,0.864538,-1,-1,-1
81,33,1603.00,421.00,62.00,267.00,0.729644,-1,-1,-1
81,36,1413.00,388.00,43.00,111.00,0.377820,-1,-1,-1
81,37,1517.00,376.00,59.00,94.00,0.449339,-1,-1,-1
82,1,1344.00,389.00,118.00,334.00,0.872101,-1,-1,-1
82,2,1749.00,408.00,102.00,250.00,0.802904,-1,-1,-1
82,4,1453.00,398.00,142.00,333.00,0.891782,-1,-1,-1
82,6,1682.00,528.00,80.00,201.00,0.762003,-1,-1,-1
82,7,1664.00,408.00,72.00,232.00,0.361514,-1,-1,-1
82,8,123.00,525.00,76.00,219.00,0.769817,-1,-1,-1
82,17,46.00,573.00,70.00,173.00,0.271723,-1,-1,-1
82,24,1150.00,384.00,125.00,353.00,0.861261,-1,-1,-1
82,33,1607.00,425.00,61.00,257.00,0.720752,-1,-1,-1
82,37,1519.00,378.00,65.00,102.00,0.325297,-1,-1,-1
83,1,1346.00,389.00,118.00,334.00,0.876510,-1,-1,-1
83,2,1753.00,409.00,100.00,248.00,0.826734,-1,-1,-1
83,4,1456.00,399.00,141.00,331.00,0.899127,-1,-1,-1
83,6,1676.00,528.00,81.00,201.00,0.766244,-1,-1,-1
83,7,1677.00,405.00,57.00,180.00,0.428274,-1,-1,-1
83,8,123.00,526.00,76.00,218.00,0.771748,-1,-1,-1
83,17,46.00,572.00,69.00,175.00,0.325290,-1,-1,-1
83,24,1149.00,383.00,126.00,355.00,0.864317,-1,-1,-1
83,33,1609.00,425.00,63.00,252.00,0.747861,-1,-1,-1
83,37,1521.00,379.00,72.00,112.00,0.347595,-1,-1,-1
84,1,1351.00,388.00,118.00,335.00,0.870469,-1,-1,-1
84,2,1755.00,409.00,99.00,247.00,0.823577,-1,-1,-1
84,4,1460.00,399.00,140.00,329.00,0.900029,-1,-1,-1
84,6,1676.00,528.00,80.00,201.00,0.774115,-1,-1,-1
84,7,1684.00,404.00,55.00,169.00,0.546842,-1,-1,-1
84,8,123.00,527.00,76.00,217.00,0.755208,-1,-1,-1
84,17,47.00,572.00,68.00,175.00,0.204527,-1,-1,-1
84,24,1148.00,383.00,127.00,358.00,0.866748,-1,-1,-1
84,33,1613.00,423.00,65.00,252.00,0.750746,-1,-1,-1
84,37,1526.00,381.00,76.00,120.00,0.313641,-1,-1,-1
84,40,1734.00,466.00,52.00,241.00,0.478376,-1,-1,-1
85,1,1355.00,387.00,118.00,336.00,0.873812,-1,-1,-1
85,2,1758.00,410.00,97.00,243.00,0.815315,-1,-1,-1
85,4,1461.00,398.00,140.00,329.00,0.897884,-1,-1,-1
85,6,1677.00,528.00,81.00,201.00,0.794815,-1,-1,-1
85,7,1690.00,403.00,51.00,153.00,0.175436,-1,-1,-1
85,8,123.00,527.00,76.00,217.00,0.764127,-1,-1,-1
85,17,52.00,572.00,66.00,175.00,0.117738,-1,-1,-1
85,24,1146.00,385.00,127.00,358.00,0.872560,-1,-1,-1
85,33,1616.00,422.00,66.00,251.00,0.767114,-1,-1,-1
85,37,1530.00,384.00,75.00,119.00,0.265414,-1,-1,-1
85,40,1737.00,467.00,52.00,238.00,0.369687,-1,-1,-1
86,1,1359.00,386.00,118.00,336.00,0.892159,-1,-1,-1
86,2,1761.00,410.00,94.00,240.00,0.790813,-1,-1,-1
86,4,1464.00,398.00,138.00,325.00,0.898899,-1,-1,-1
86,6,1679.00,528.00,80.00,201.00,0.771023,-1,-1,-1
86,8,124.00,529.00,74.00,215.00,0.774377,-1,-1,-1
86,17,52.00,568.00,67.00,179.00,0.134374,-1,-1,-1
86,24,1144.00,385.00,127.00,360.00,0.854239,-1,-1,-1
86,33,1620.00,421.00,68.00,249.00,0.796093,-1,-1,-1
86,37,1534.00,386.00,72.00,115.00,0.181796,-1,-1,-1
86,40,1740.00,461.00,53.00,244.00,0.264776,-1,-1,-1
86,42,1686.00,400.00,85.00,312.00,0.729315,-1,-1,-1
87,1,1364.00,390.00,116.00,332.00,0.894626,-1,-1,-1
87,2,1763.00,408.00,95.00,241.00,0.790219,-1,-1,-1
87,4,1468.00,397.00,138.00,324.00,0.887832,-1,-1,-1
87,6,1679.00,530.00,80.00,200.00,0.722192,-1,-1,-1
87,8,123.00,529.00,74.00,215.00,0.780277,-1,-1,-1
87,17,37.00,566.00,70.00,181.00,0.139212,-1,-1,-1
87,22,1544.00,388.00,73.00,293.00,0.604821,-1,-1,-1
87,24,1140.00,386.00,128.00,361.00,0.863696,-1,-1,-1
87,33,1624.00,419.00,70.00,251.00,0.812378,-1,-1,-1
87,42,1690.00,398.00,85.00,310.00,0.774715,-1,-1,-1
88,1,1370.00,396.00,112.00,325.00,0.883359,-1,-1,-1
88,2,1765.00,407.00,94.00,242.00,0.791834,-1,-1,-1
88,4,1470.00,396.00,138.00,324.00,0.870953,-1,-1,-1
88,6,1678.00,532.00,79.00,197.00,0.631125,-1,-1,-1
88,8,123.00,529.00,74.00,215.00,0.776918,-1,-1,-1
88,17,26.00,527.00,85.00,221.00,0.101475,-1,-1,-1
88,22,1548.00,389.00,74.00,292.00,0.688295,-1,-1,-1
88,24,1137.00,386.00,129.00,364.00,0.861323,-1,-1,-1
88,33,1627.00,419.00,71.00,251.00,0.829761,-1,-1,-1
88,42,1693.00,398.00,85.00,311.00,0.779478,-1,-1,-1
89,1,1376.00,400.00,109.00,319.00,0.880299,-1,-1,-1
89,2,1767.00,406.00,93.00,242.00,0.746712,-1,-1,-1
89,4,1475.00,395.00,138.00,324.00,0.850661,-1,-1,-1
89,6,1679.00,532.00,80.00,197.00,0.773275,-1,-1,-1
89,8,122.00,529.00,74.00,215.00,0.773865,-1,-1,-1
89,17,15.00,508.00,95.00,240.00,0.193267,-1,-1,-1
89,22,1552.00,387.00,74.00,295.00,0.762241,-1,-1,-1
89,24,1134.00,384.00,129.00,367.00,0.850670,-1,-1,-1
89,33,1630.00,419.00,73.00,251.00,0.752978,-1,-1,-1
89,42,1701.00,399.00,85.00,310.00,0.788350,-1,-1,-1
90,1,1381.00,402.00,106.00,312.00,0.870908,-1,-1,-1
90,2,1769.00,406.00,92.00,242.00,0.738547,-1,-1,-1
90,4,1476.00,396.00,137.00,322.00,0.852608,-1,-1,-1
90,6,1679.00,533.00,80.00,196.00,0.748640,-1,-1,-1
90,8,122.00,530.00,74.00,215.00,0.787230,-1,-1,-1
90,17,26.00,540.00,82.00,207.00,0.102565,-1,-1,-1
90,22,1552.00,390.00,74.00,294.00,0.612010,-1,-1,-1
90,24,1131.00,383.00,130.00,368.00,0.819192,-1,-1,-1
90,33,1632.00,420.00,75.00,250.00,0.731187,-1,-1,-1
90,42,1708.00,399.00,86.00,311.00,0.827815,-1,-1,-1
91,1,1384.00,402.00,105.00,309.00,0.870078,-1,-1,-1
91,2,1774.00,405.00,89.00,241.00,0.692149,-1,-1,-1
91,4,1478.00,396.00,135.00,321.00,0.845859,-1,-1,-1
91,6,1678.00,532.00,80.00,197.00,0.670023,-1,-1,-1
91,8,123.00,531.00,73.00,214.00,0.780957,-1,-1,-1
91,17,25.00,555.00,79.00,193.00,0.101108,-1,-1,-1
91,22,1554.00,386.00,74.00,296.00,0.591398,-1,-1,-1
91,24,1126.00,381.00,131.00,371.00,0.827690,-1,-1,-1
91,33,1632.00,419.00,76.00,251.00,0.646707,-1,-1,-1
91,42,1716.00,398.00,88.00,313.00,0.830452,-1,-1,-1
92,1,1389.00,404.00,104.00,307.00,0.887282,-1,-1,-1
92,2,1779.00,406.00,89.00,241.00,0.755710,-1,-1,-1
92,4,1482.00,398.00,134.00,319.00,0.872600,-1,-1,-1
92,6,1679.00,534.00,79.00,195.00,0.686528,-1,-1,-1
92,8,123.00,531.00,73.00,213.00,0.781686,-1,-1,-1
92,9,1890.00,444.00,26.00,135.00,0.323356,-1,-1,-1
92,22,1559.00,387.00,74.00,295.00,0.479495,-1,-1,-1
92,24,1121.00,377.00,133.00,375.00,0.853387,-1,-1,-1
92,33,1637.00,421.00,76.00,250.00,0.623470,-1,-1,-1
92,42,1722.00,399.00,90.00,314.00,0.824228,-1,-1,-1
93,1,1391.00,405.00,104.00,306.00,0.891412,-1,-1,-1
93,2,1784.00,407.00,88.00,241.00,0.721367,-1,-1,-1
93,4,1485.00,400.00,133.00,317.00,0.875536,-1,-1,-1
93,6,1680.00,535.00,80.00,194.00,0.737534,-1,-1,-1
93,8,123.00,531.00,72.00,213.00,0.787337,-1,-1,-1
93,9,1889.00,444.00,28.00,136.00,0.271040,-1,-1,-1
93,22,1564.00,389.00,74.00,292.00,0.630023,-1,-1,-1
93,24,1119.00,375.00,134.00,377.00,0.848585,-1,-1,-1
93,33,1643.00,422.00,78.00,248.00,0.706841,-1,-1,-1
93,42,1724.00,401.00,91.00,314.00,0.806614,-1,-1,-1
94,1,1394.00,403.00,103.00,306.00,0.852104,-1,-1,-1
94,2,1785.00,407.00,87.00,239.00,0.565548,-1,-1,-1
94,4,1489.00,402.00,132.00,315.00,0.866156,-1,-1,-1
94,6,1683.00,534.00,80.00,197.00,0.680196,-1,-1,-1
94,8,123.00,531.00,72.00,213.00,0.786193,-1,-1,-1
94,9,1890.00,444.00,28.00,136.00,0.225740,-1,-1,-1
94,22,1570.00,387.00,76.00,292.00,0.702104,-1,-1,-1
94,24,1116.00,373.00,135.00,378.00,0.860679,-1,-1,-1
94,33,1646.00,422.00,80.00,247.00,0.691829,-1,-1,-1
94,42,1726.00,401.00,94.00,316.00,0.807709,-1,-1,-1
95,1,1397.00,403.00,103.00,305.00,0.788753,-1,-1,-1
95,2,1787.00,406.00,86.00,240.00,0.592010,-1,-1,-1
95,4,1493.00,404.00,130.00,313.00,0.849096,-1,-1,-1
95,6,1686.00,533.00,81.00,199.00,0.730985,-1,-1,-1
95,8,123.00,531.00,71.00,213.00,0.776928,-1,-1,-1
95,9,1890.00,444.00,28.00,135.00,0.139563,-1,-1,-1
95,22,1575.00,385.00,79.00,295.00,0.701771,-1,-1,-1
95,24,1112.00,371.00,137.00,381.00,0.884447,-1,-1,-1
95,33,1648.00,422.00,81.00,246.00,0.665438,-1,-1,-1
95,42,1727.00,399.00,95.00,319.00,0.784529,-1,-1,-1
95,47,1639.00,428.00,69.00,239.00,0.411117,-1,-1,-1
96,1,1402.00,406.00,103.00,302.00,0.771232,-1,-1,-1
96,2,1790.00,408.00,83.00,238.00,0.595481,-1,-1,-1
96,4,1495.00,404.00,130.00,312.00,0.834472,-1,-1,-1
96,6,1689.00,533.00,81.00,200.00,0.738514,-1,-1,-1
96,8,122.00,527.00,73.00,217.00,0.781896,-1,-1,-1
96,22,1577.00,385.00,80.00,294.00,0.660631,-1,-1,-1
96,24,1110.00,371.00,139.00,384.00,0.867337,-1,-1,-1
96,33,1652.00,421.00,82.00,246.00,0.693226,-1,-1,-1
96,42,1728.00,398.00,96.00,320.00,0.791355,-1,-1,-1
96,49,1392.00,393.00,66.00,311.00,0.568450,-1,-1,-1
97,1,1411.00,407.00,104.00,300.00,0.815708,-1,-1,-1
97,2,1795.00,409.00,81.00,236.00,0.331696,-1,-1,-1
97,4,1500.00,405.00,129.00,310.00,0.838965,-1,-1,-1
97,6,1693.00,533.00,81.00,200.00,0.752441,-1,-1,-1
97,8,121.00,525.00,73.00,219.00,0.801532,-1,-1,-1
97,22,1584.00,386.00,80.00,290.00,0.736917,-1,-1,-1
97,24,1107.00,371.00,140.00,388.00,0.888401,-1,-1,-1
97,33,1656.00,424.00,80.00,234.00,0.599646,-1,-1,-1
97,42,1729.00,397.00,97.00,323.00,0.814496,-1,-1,-1
97,49,1393.00,394.00,60.00,279.00,0.512118,-1,-1,-1
98,1,1420.00,411.00,103.00,293.00,0.819436,-1,-1,-1
98,2,1800.00,409.00,79.00,236.00,0.362226,-1,-1,-1
98,4,1506.00,405.00,127.00,306.00,0.855539,-1,-1,-1
98,6,1698.00,530.00,82.00,203.00,0.751227,-1,-1,-1
98,8,121.00,524.00,73.00,220.00,0.801947,-1,-1,-1
98,22,1587.00,390.00,81.00,282.00,0.770815,-1,-1,-1
98,24,1107.00,371.00,141.00,390.00,0.879697,-1,-1,-1
98,33,1659.00,427.00,81.00,235.00,0.649979,-1,-1,-1
98,42,1731.00,396.00,98.00,325.00,0.812072,-1,-1,-1
98,49,1390.00,395.00,61.00,282.00,0.549195,-1,-1,-1
98,51,0.00,546.00,199.00,434.00,0.622129,-1,-1,-1
99,1,1424.00,410.00,104.00,294.00,0.847483,-1,-1,-1
99,2,1805.00,407.00,78.00,240.00,0.313691,-1,-1,-1
99,4,1512.00,404.00,126.00,304.00,0.851551,-1,-1,-1
99,6,1717.00,525.00,87.00,208.00,0.765095,-1,-1,-1
99,8,121.00,522.00,73.00,222.00,0.783305,-1,-1,-1
99,22,1591.00,393.00,81.00,275.00,0.772063,-1,-1,-1
99,24,1104.00,372.00,143.00,392.00,0.893874,-1,-1,-1
99,33,1661.00,425.00,84.00,238.00,0.836128,-1,-1,-1
99,42,1738.00,393.00,94.00,306.00,0.794721,-1,-1,-1
99,49,1389.00,404.00,54.00,245.00,0.234807,-1,-1,-1
99,51,0.00,474.00,223.00,505.00,0.594876,-1,-1,-1
100,1,1427.00,410.00,104.00,294.00,0.851040,-1,-1,-1
100,2,1806.00,439.00,68.00,204.00,0.330713,-1,-1,-1
100,4,1516.00,403.00,126.00,305.00,0.851224,-1,-1,-1
100,6,1719.00,525.00,85.00,208.00,0.658471,-1,-1,-1
100,8,124.00,521.00,74.00,223.00,0.772320,-1,-1,-1
100,22,1594.00,394.00,81.00,269.00,0.729267,-1,-1,-1
100,24,1103.00,372.00,145.00,394.00,0.871905,-1,-1,-1
100,33,1664.00,424.00,85.00,238.00,0.720546,-1,-1,-1
100,40,1748.00,520.00,53.00,212.00,0.595328,-1,-1,-1
100,42,1742.00,391.00,97.00,316.00,0.783673,-1,-1,-1
100,51,0.00,318.00,267.00,662.00,0.869667,-1,-1,-1
101,1,1430.00,410.00,104.00,294.00,0.840539,-1,-1,-1
101,2,1816.00,449.00,61.00,188.00,0.104274,-1,-1,-1
101,4,1521.00,401.00,126.00,307.00,0.864583,-1,-1,-1
101,6,1720.00,523.00,84.00,209.00,0.827312,-1,-1,-1
101,8,125.00,518.00,75.00,225.00,0.787735,-1,-1,-1
101,22,1596.00,394.00,81.00,267.00,0.705121,-1,-1,-1
101,24,1103.00,372.00,146.00,395.00,0.868477,-1,-1,-1
101,33,1667.00,422.00,85.00,239.00,0.694728,-1,-1,-1
101,42,1746.00,390.00,100.00,322.00,0.763020,-1,-1,-1
101,51,0.00,250.00,284.00,732.00,0.860376,-1,-1,-1
102,1,1434.00,410.00,103.00,292.00,0.889772,-1,-1,-1
102,4,1526.00,403.00,125.00,305.00,0.879336,-1,-1,-1
102,6,1726.00,522.00,85.00,212.00,0.820344,-1,-1,-1
102,8,123.00,515.00,74.00,222.00,0.671443,-1,-1,-1
102,22,1598.00,393.00,83.00,269.00,0.728726,-1,-1,-1
102,24,1102.00,371.00,147.00,396.00,0.879818,-1,-1,-1
102,33,1671.00,420.00,86.00,242.00,0.781480,-1,-1,-1
102,42,1747.00,390.00,94.00,306.00,0.587443,-1,-1,-1
102,51,0.00,222.00,287.00,759.00,0.904148,-1,-1,-1
103,1,1438.00,409.00,103.00,291.00,0.888636,-1,-1,-1
103,2,1801.00,432.00,87.00,270.00,0.418066,-1,-1,-1
103,4,1531.00,404.00,123.00,303.00,0.878199,-1,-1,-1
103,6,1732.00,521.00,87.00,213.00,0.849776,-1,-1,-1
103,8,126.00,518.00,62.00,184.00,0.478425,-1,-1,-1
103,9,1890.00,443.00,28.00,129.00,0.253555,-1,-1,-1
103,22,1601.00,393.00,83.00,269.00,0.726367,-1,-1,-1
103,24,1100.00,369.00,150.00,398.00,0.887336,-1,-1,-1
103,33,1675.00,420.00,87.00,242.00,0.726366,-1,-1,-1
103,42,1747.00,389.00,92.00,304.00,0.514747,-1,-1,-1
103,51,0.00,212.00,282.00,768.00,0.912705,-1,-1,-1
103,56,1426.00,394.00,58.00,196.00,0.484712,-1,-1,-1
104,1,1443.00,407.00,103.00,291.00,0.864377,-1,-1,-1
104,4,1539.00,406.00,122.00,300.00,0.884972,-1,-1,-1
104,6,1740.00,522.00,89.00,212.00,0.851421,-1,-1,-1
104,9,1891.00,442.00,27.00,127.00,0.171439,-1,-1,-1
104,22,1604.00,391.00,83.00,268.00,0.719521,-1,-1,-1
104,24,1098.00,366.00,152.00,402.00,0.881345,-1,-1,-1
104,33,1678.00,420.00,89.00,242.00,0.717187,-1,-1,-1
104,42,1764.00,389.00,102.00,321.00,0.828297,-1,-1,-1
104,51,0.00,209.00,278.00,775.00,0.906020,-1,-1,-1
104,56,1429.00,394.00,55.00,183.00,0.389941,-1,-1,-1
105,1,1450.00,407.00,102.00,290.00,0.853112,-1,-1,-1
105,4,1545.00,408.00,122.00,298.00,0.885590,-1,-1,-1
105,6,1746.00,523.00,92.00,212.00,0.875109,-1,-1,-1
105,9,1891.00,442.00,28.00,129.00,0.160097,-1,-1,-1
105,22,1608.00,390.00,84.00,270.00,0.553687,-1,-1,-1
105,24,1095.00,363.00,154.00,406.00,0.877942,-1,-1,-1
105,33,1682.00,422.00,88.00,239.00,0.694819,-1,-1,-1
105,42,1774.00,388.00,109.00,330.00,0.652711,-1,-1,-1
105,51,0.00,211.00,278.00,772.00,0.891489,-1,-1,-1
105,56,1422.00,392.00,75.00,255.00,0.369316,-1,-1,-1
105,59,923.00,520.00,35.00,109.00,0.527582,-1,-1,-1
106,1,1454.00,406.00,103.00,291.00,0.832579,-1,-1,-1
106,4,1549.00,409.00,122.00,296.00,0.890465,-1,-1,-1
106,6,1749.00,523.00,95.00,213.00,0.845477,-1,-1,-1
106,9,1892.00,442.00,28.00,131.00,0.112905,-1,-1,-1
106,22,1613.00,389.00,83.00,269.00,0.550322,-1,-1,-1
106,24,1095.00,360.00,154.00,408.00,0.868700,-1,-1,-1
106,33,1683.00,426.00,87.00,235.00,0.646529,-1,-1,-1
106,42,1777.00,387.00,116.00,333.00,0.738910,-1,-1,-1
106,51,0.00,213.00,290.00,768.00,0.884090,-1,-1,-1
106,56,1422.00,394.00,84.00,287.00,0.624438,-1,-1,-1
106,59,923.00,518.00,35.00,111.00,0.439772,-1,-1,-1
107,1,1459.00,407.00,103.00,290.00,0.790115,-1,-1,-1
107,4,1554.00,410.00,120.00,294.00,0.893731,-1,-1,-1
107,6,1754.00,520.00,98.00,215.00,0.771743,-1,-1,-1
107,22,1617.00,386.00,81.00,266.00,0.566484,-1,-1,-1
107,24,1092.00,358.00,156.00,414.00,0.874712,-1,-1,-1
107,33,1689.00,428.00,87.00,232.00,0.725625,-1,-1,-1
107,42,1780.00,387.00,121.00,337.00,0.814049,-1,-1,-1
107,51,0.00,219.00,331.00,760.00,0.905352,-1,-1,-1
107,56,1424.00,394.00,87.00,302.00,0.658500,-1,-1,-1
107,59,922.00,518.00,35.00,111.00,0.485431,-1,-1,-1
108,1,1462.00,407.00,104.00,289.00,0.797564,-1,-1,-1
108,2,1822.00,412.00,98.00,313.00,0.552144,-1,-1,-1
108,4,1557.00,410.00,120.00,292.00,0.882232,-1,-1,-1
108,6,1759.00,520.00,100.00,216.00,0.770974,-1,-1,-1
108,22,1618.00,386.00,83.00,275.00,0.626309,-1,-1,-1
108,24,1089.00,357.00,158.00,419.00,0.864059,-1,-1,-1
108,33,1692.00,429.00,88.00,231.00,0.671021,-1,-1,-1
108,42,1778.00,389.00,125.00,337.00,0.292063,-1,-1,-1
108,51,25.00,226.00,338.00,751.00,0.902079,-1,-1,-1
108,56,1429.00,395.00,86.00,306.00,0.638271,-1,-1,-1
108,59,921.00,517.00,35.00,113.00,0.459929,-1,-1,-1
108,63,1687.00,431.00,69.00,228.00,0.573082,-1,-1,-1
109,1,1465.00,409.00,105.00,287.00,0.837086,-1,-1,-1
109,4,1562.00,409.00,119.00,292.00,0.885915,-1,-1,-1
109,6,1769.00,520.00,100.00,217.00,0.816152,-1,-1,-1
109,22,1622.00,387.00,82.00,279.00,0.534962,-1,-1,-1
109,24,1084.00,357.00,159.00,421.00,0.871309,-1,-1,-1
109,42,1782.00,391.00,127.00,337.00,0.382134,-1,-1,-1
109,51,59.00,237.00,337.00,738.00,0.928609,-1,-1,-1
109,56,1434.00,396.00,84.00,299.00,0.532993,-1,-1,-1
109,59,919.00,517.00,35.00,111.00,0.118144,-1,-1,-1
109,63,1691.00,432.00,69.00,227.00,0.634001,-1,-1,-1
110,1,1469.00,412.00,105.00,283.00,0.760312,-1,-1,-1
110,2,1836.00,433.00,84.00,295.00,0.357587,-1,-1,-1
110,4,1569.00,408.00,118.00,291.00,0.873011,-1,-1,-1
110,6,1781.00,522.00,97.00,215.00,0.751916,-1,-1,-1
110,22,1625.00,387.00,81.00,281.00,0.551482,-1,-1,-1
110,24,1079.00,357.00,160.00,423.00,0.877303,-1,-1,-1
110,33,1698.00,431.00,90.00,233.00,0.515420,-1,-1,-1
110,42,1781.00,389.00,129.00,339.00,0.360156,-1,-1,-1
110,51,80.00,246.00,339.00,725.00,0.929051,-1,-1,-1
110,56,1437.00,396.00,82.00,299.00,0.608056,-1,-1,-1
110,63,1694.00,432.00,69.00,226.00,0.568284,-1,-1,-1
111,1,1471.00,414.00,106.00,280.00,0.825018,-1,-1,-1
111,2,1841.00,433.00,79.00,295.00,0.128786,-1,-1,-1
111,4,1575.00,408.00,116.00,290.00,0.847308,-1,-1,-1
111,6,1789.00,523.00,98.00,216.00,0.780169,-1,-1,-1
111,22,1633.00,388.00,81.00,282.00,0.534781,-1,-1,-1
111,24,1076.00,359.00,160.00,422.00,0.870376,-1,-1,-1
111,42,1787.00,387.00,130.00,340.00,0.648784,-1,-1,-1
111,51,89.00,253.00,341.00,714.00,0.934301,-1,-1,-1
111,56,1441.00,397.00,77.00,282.00,0.558960,-1,-1,-1
111,63,1697.00,431.00,70.00,227.00,0.627501,-1,-1,-1
112,1,1478.00,415.00,105.00,277.00,0.844698,-1,-1,-1
112,4,1581.00,406.00,116.00,292.00,0.835314,-1,-1,-1
112,6,1801.00,524.00,98.00,217.00,0.750118,-1,-1,-1
112,8,121.00,519.00,76.00,223.00,0.639288,-1,-1,-1
112,22,1640.00,390.00,79.00,278.00,0.472575,-1,-1,-1
112,24,1075.00,360.00,159.00,424.00,0.864791,-1,-1,-1
112,33,1703.00,430.00,89.00,227.00,0.590890,-1,-1,-1
112,42,1785.00,385.00,132.00,343.00,0.137681,-1,-1,-1
112,51,97.00,259.00,343.00,704.00,0.932124,-1,-1,-1
112,56,1446.00,397.00,72.00,266.00,0.531586,-1,-1,-1
112,64,1765.00,445.00,54.00,194.00,0.405566,-1,-1,-1
113,1,1483.00,416.00,106.00,276.00,0.869697,-1,-1,-1
113,4,1584.00,404.00,117.00,294.00,0.851317,-1,-1,-1
113,6,1811.00,525.00,99.00,215.00,0.823943,-1,-1,-1
113,8,121.00,516.00,77.00,228.00,0.705667,-1,-1,-1
113,22,1648.00,389.00,80.00,280.00,0.501143,-1,-1,-1
113,24,1069.00,358.00,161.00,429.00,0.876734,-1,-1,-1
113,33,1705.00,430.00,90.00,225.00,0.647448,-1,-1,-1
113,42,1794.00,382.00,126.00,333.00,0.217100,-1,-1,-1
113,51,108.00,264.00,344.00,693.00,0.936463,-1,-1,-1
113,56,1450.00,397.00,68.00,250.00,0.589182,-1,-1,-1
113,59,912.00,516.00,35.00,112.00,0.267958,-1,-1,-1
113,63,1700.00,431.00,70.00,227.00,0.268361,-1,-1,-1
113,64,1768.00,445.00,54.00,195.00,0.499009,-1,-1,-1
114,1,1487.00,416.00,107.00,274.00,0.874421,-1,-1,-1
114,4,1589.00,404.00,116.00,294.00,0.868005,-1,-1,-1
114,6,1818.00,526.00,99.00,215.00,0.866613,-1,-1,-1
114,8,120.00,518.00,76.00,227.00,0.735570,-1,-1,-1
114,22,1651.00,393.00,79.00,278.00,0.696786,-1,-1,-1
114,24,1061.00,355.00,162.00,435.00,0.889017,-1,-1,-1
114,42,1812.00,380.00,102.00,263.00,0.528333,-1,-1,-1
114,51,130.00,267.00,339.00,683.00,0.926237,-1,-1,-1
114,56,1451.00,397.00,69.00,256.00,0.572176,-1,-1,-1
114,59,909.00,517.00,36.00,111.00,0.134473,-1,-1,-1
114,63,1706.00,430.00,70.00,226.00,0.652387,-1,-1,-1
114,64,1772.00,448.00,53.00,191.00,0.628114,-1,-1,-1
115,1,1490.00,416.00,106.00,271.00,0.875580,-1,-1,-1
115,4,1594.00,405.00,116.00,292.00,0.869003,-1,-1,-1
115,6,1822.00,526.00,98.00,217.00,0.860150,-1,-1,-1
115,8,119.00,519.00,76.00,227.00,0.764771,-1,-1,-1
115,22,1655.00,394.00,78.00,278.00,0.708445,-1,-1,-1
115,24,1055.00,354.00,163.00,436.00,0.882851,-1,-1,-1
115,42,1821.00,379.00,93.00,235.00,0.675151,-1,-1,-1
115,51,155.00,269.00,329.00,666.00,0.930955,-1,-1,-1
115,56,1453.00,396.00,70.00,267.00,0.541336,-1,-1,-1
115,63,1708.00,429.00,70.00,225.00,0.609762,-1,-1,-1
115,64,1774.00,449.00,54.00,190.00,0.657626,-1,-1,-1
116,1,1490.00,415.00,106.00,272.00,0.848500,-1,-1,-1
116,4,1598.00,407.00,116.00,290.00,0.864051,-1,-1,-1
116,6,1826.00,527.00,94.00,215.00,0.743980,-1,-1,-1
116,8,120.00,519.00,74.00,227.00,0.752107,-1,-1,-1
116,22,1659.00,394.00,77.00,278.00,0.688638,-1,-1,-1
116,24,1049.00,351.00,164.00,441.00,0.892400,-1,-1,-1
116,42,1825.00,378.00,90.00,227.00,0.761024,-1,-1,-1
116,51,181.00,271.00,318.00,652.00,0.878901,-1,-1,-1
116,56,1454.00,396.00,74.00,281.00,0.416281,-1,-1,-1
116,63,1712.00,428.00,70.00,225.00,0.546983,-1,-1,-1
116,64,1775.00,450.00,53.00,190.00,0.678738,-1,-1,-1
116,65,51.00,564.00,58.00,182.00,0.446935,-1,-1,-1
117,1,1490.00,415.00,104.00,272.00,0.849083,-1,-1,-1
117,4,1602.00,411.00,115.00,285.00,0.880618,-1,-1,-1
117,6,1836.00,525.00,84.00,218.00,0.683553,-1,-1,-1
117,8,120.00,517.00,74.00,228.00,0.766163,-1,-1,-1
117,22,1665.00,393.00,76.00,276.00,0.784934,-1,-1,-1
117,24,1043.00,348.00,165.00,444.00,0.890202,-1,-1,-1
117,42,1825.00,377.00,95.00,244.00,0.828799,-1,-1,-1
117,51,218.00,271.00,302.00,642.00,0.889683,-1,-1,-1
117,56,1457.00,396.00,75.00,292.00,0.565104,-1,-1,-1
117,63,1721.00,429.00,69.00,224.00,0.675077,-1,-1,-1
117,64,1779.00,452.00,52.00,186.00,0.700425,-1,-1,-1
117,65,52.00,564.00,58.00,183.00,0.436845,-1,-1,-1
118,1,1490.00,414.00,103.00,272.00,0.828483,-1,-1,-1
118,4,1606.00,413.00,113.00,282.00,0.861755,-1,-1,-1
118,6,1848.00,526.00,72.00,217.00,0.500294,-1,-1,-1
118,8,121.00,516.00,74.00,229.00,0.767679,-1,-1,-1
118,22,1669.00,392.00,76.00,276.00,0.795717,-1,-1,-1
118,24,1038.00,344.00,166.00,447.00,0.894563,-1,-1,-1
118,42,1826.00,376.00,94.00,254.00,0.795830,-1,-1,-1
118,51,256.00,274.00,287.00,635.00,0.902455,-1,-1,-1
118,56,1460.00,397.00,73.00,287.00,0.587817,-1,-1,-1
118,63,1727.00,435.00,66.00,217.00,0.585560,-1,-1,-1
118,64,1779.00,451.00,53.00,185.00,0.751228,-1,-1,-1
118,65,53.00,566.00,58.00,181.00,0.226940,-1,-1,-1
119,1,1492.00,415.00,101.00,271.00,0.800453,-1,-1,-1
119,4,1612.00,413.00,112.00,281.00,0.840633,-1,-1,-1
119,8,121.00,512.00,76.00,233.00,0.778724,-1,-1,-1
119,22,1675.00,389.00,77.00,278.00,0.692949,-1,-1,-1
119,24,1033.00,342.00,167.00,450.00,0.893010,-1,-1,-1
119,42,1818.00,375.00,102.00,326.00,0.788036,-1,-1,-1
119,51,292.00,276.00,274.00,632.00,0.909545,-1,-1,-1
119,56,1465.00,400.00,72.00,286.00,0.597988,-1,-1,-1
119,63,1733.00,434.00,67.00,216.00,0.633077,-1,-1,-1
119,64,1783.00,451.00,53.00,185.00,0.680018,-1,-1,-1
119,65,51.00,568.00,57.00,179.00,0.188384,-1,-1,-1
120,1,1498.00,416.00,98.00,267.00,0.765488,-1,-1,-1
120,4,1617.00,412.00,111.00,280.00,0.827932,-1,-1,-1
120,8,122.00,509.00,77.00,236.00,0.769699,-1,-1,-1
120,22,1681.00,389.00,78.00,276.00,0.747627,-1,-1,-1
120,24,1029.00,340.00,167.00,454.00,0.890229,-1,-1,-1
120,42,1819.00,376.00,101.00,348.00,0.802975,-1,-1,-1
120,51,321.00,278.00,262.00,626.00,0.887128,-1,-1,-1
120,56,1470.00,401.00,72.00,285.00,0.637754,-1,-1,-1
120,63,1738.00,435.00,66.00,212.00,0.665072,-1,-1,-1
120,64,1785.00,451.00,52.00,182.00,0.673561,-1,-1,-1
120,65,38.00,565.00,60.00,183.00,0.196311,-1,-1,-1
121,1,1500.00,417.00,98.00,266.00,0.767796,-1,-1,-1
121,4,1621.00,411.00,112.00,279.00,0.824535,-1,-1,-1
121,8,121.00,518.00,74.00,227.00,0.743398,-1,-1,-1
121,22,1685.00,389.00,80.00,274.00,0.775239,-1,-1,-1
121,24,1025.00,339.00,169.00,458.00,0.870653,-1,-1,-1
121,42,1822.00,375.00,98.00,361.00,0.830198,-1,-1,-1
121,51,349.00,284.00,255.00,621.00,0.915600,-1,-1,-1
121,56,1474.00,402.00,72.00,284.00,0.638904,-1,-1,-1
121,63,1739.00,434.00,66.00,210.00,0.593218,-1,-1,-1
121,64,1786.00,447.00,53.00,185.00,0.716030,-1,-1,-1
121,65,32.00,563.00,63.00,187.00,0.172757,-1,-1,-1
122,1,1505.00,416.00,97.00,269.00,0.749387,-1,-1,-1
122,4,1625.00,410.00,111.00,277.00,0.845407,-1,-1,-1
122,8,121.00,527.00,71.00,218.00,0.743308,-1,-1,-1
122,22,1693.00,391.00,80.00,268.00,0.720934,-1,-1,-1
122,24,1021.00,339.00,171.00,462.00,0.845794,-1,-1,-1
122,42,1828.00,375.00,92.00,357.00,0.803955,-1,-1,-1
122,51,374.00,292.00,252.00,612.00,0.920731,-1,-1,-1
122,56,1479.00,402.00,71.00,282.00,0.493375,-1,-1,-1
122,63,1740.00,439.00,65.00,208.00,0.410357,-1,-1,-1
122,64,1788.00,446.00,55.00,187.00,0.721136,-1,-1,-1
122,65,32.00,566.00,64.00,183.00,0.435757,-1,-1,-1
123,1,1509.00,415.00,97.00,270.00,0.732696,-1,-1,-1
123,4,1629.00,411.00,111.00,275.00,0.858010,-1,-1,-1
123,8,120.00,530.00,71.00,215.00,0.799142,-1,-1,-1
123,22,1701.00,393.00,83.00,264.00,0.687941,-1,-1,-1
123,24,1019.00,339.00,173.00,466.00,0.866446,-1,-1,-1
123,42,1834.00,374.00,86.00,351.00,0.804951,-1,-1,-1
123,51,389.00,300.00,250.00,602.00,0.925507,-1,-1,-1
123,56,1482.00,402.00,70.00,279.00,0.592029,-1,-1,-1
123,63,1740.00,440.00,68.00,209.00,0.384172,-1,-1,-1
123,64,1792.00,448.00,55.00,184.00,0.741341,-1,-1,-1
123,65,28.00,560.00,69.00,191.00,0.211237,-1,-1,-1
124,1,1511.00,417.00,96.00,267.00,0.798951,-1,-1,-1
124,4,1632.00,410.00,112.00,276.00,0.864589,-1,-1,-1
124,8,121.00,531.00,70.00,214.00,0.753605,-1,-1,-1
124,22,1705.00,394.00,87.00,264.00,0.589371,-1,-1,-1
124,24,1012.00,339.00,175.00,468.00,0.879088,-1,-1,-1
124,42,1838.00,373.00,82.00,359.00,0.774051,-1,-1,-1
124,51,400.00,302.00,251.00,597.00,0.927997,-1,-1,-1
124,56,1488.00,402.00,69.00,276.00,0.593980,-1,-1,-1
124,63,1741.00,438.00,68.00,209.00,0.446281,-1,-1,-1
124,64,1796.00,450.00,54.00,181.00,0.691229,-1,-1,-1
125,1,1515.00,419.00,94.00,264.00,0.803917,-1,-1,-1
125,4,1635.00,410.00,112.00,277.00,0.858208,-1,-1,-1
125,8,121.00,531.00,70.00,214.00,0.711373,-1,-1,-1
125,22,1708.00,395.00,89.00,263.00,0.663693,-1,-1,-1
125,24,1008.00,339.00,176.00,473.00,0.888947,-1,-1,-1
125,42,1843.00,371.00,77.00,359.00,0.706913,-1,-1,-1
125,51,409.00,304.00,253.00,594.00,0.937800,-1,-1,-1
125,56,1493.00,403.00,67.00,274.00,0.556275,-1,-1,-1
125,63,1742.00,435.00,69.00,212.00,0.404538,-1,-1,-1
125,64,1799.00,451.00,55.00,180.00,0.706265,-1,-1,-1
125,71,1165.00,455.00,52.00,192.00,0.697381,-1,-1,-1
126,1,1516.00,418.00,94.00,265.00,0.801672,-1,-1,-1
126,4,1637.00,410.00,111.00,277.00,0.867124,-1,-1,-1
126,8,119.00,513.00,75.00,232.00,0.526219,-1,-1,-1
126,22,1710.00,396.00,90.00,263.00,0.693888,-1,-1,-1
126,24,1003.00,339.00,178.00,477.00,0.904983,-1,-1,-1
126,51,415.00,309.00,254.00,587.00,0.928260,-1,-1,-1
126,56,1496.00,402.00,67.00,274.00,0.451472,-1,-1,-1
126,63,1745.00,432.00,70.00,215.00,0.268473,-1,-1,-1
126,64,1803.00,452.00,56.00,179.00,0.702821,-1,-1,-1
126,71,1165.00,454.00,53.00,193.00,0.712964,-1,-1,-1
126,73,1872.00,374.00,48.00,254.00,0.633114,-1,-1,-1
127,1,1514.00,417.00,94.00,263.00,0.826891,-1,-1,-1
127,4,1642.00,410.00,113.00,278.00,0.873065,-1,-1,-1
127,8,121.00,527.00,70.00,218.00,0.618171,-1,-1,-1
127,22,1706.00,397.00,91.00,263.00,0.562532,-1,-1,-1
127,24,995.00,338.00,181.00,480.00,0.907857,-1,-1,-1
127,51,429.00,306.00,254.00,585.00,0.896291,-1,-1,-1
127,63,1751.00,430.00,70.00,217.00,0.631399,-1,-1,-1
127,64,1808.00,454.00,56.00,177.00,0.743690,-1,-1,-1
127,71,1167.00,454.00,53.00,192.00,0.715437,-1,-1,-1
127,73,1873.00,371.00,47.00,258.00,0.698643,-1,-1,-1
128,1,1520.00,418.00,92.00,260.00,0.793503,-1,-1,-1
128,4,1649.00,412.00,112.00,275.00,0.855256,-1,-1,-1
128,8,121.00,526.00,70.00,218.00,0.658818,-1,-1,-1
128,22,1709.00,396.00,89.00,257.00,0.441319,-1,-1,-1
128,24,990.00,336.00,183.00,482.00,0.902673,-1,-1,-1
128,51,445.00,306.00,248.00,578.00,0.905110,-1,-1,-1
128,56,1509.00,401.00,66.00,271.00,0.295233,-1,-1,-1
128,63,1754.00,429.00,69.00,218.00,0.561028,-1,-1,-1
128,64,1810.00,454.00,57.00,177.00,0.724851,-1,-1,-1
128,71,1169.00,453.00,53.00,193.00,0.732317,-1,-1,-1
128,73,1876.00,374.00,44.00,254.00,0.623045,-1,-1,-1
129,1,1525.00,415.00,94.00,262.00,0.836534,-1,-1,-1
129,4,1654.00,414.00,112.00,271.00,0.879443,-1,-1,-1
129,8,123.00,527.00,70.00,217.00,0.657719,-1,-1,-1
129,22,1713.00,396.00,89.00,255.00,0.406814,-1,-1,-1
129,24,983.00,332.00,185.00,486.00,0.896150,-1,-1,-1
129,51,469.00,307.00,237.00,564.00,0.892689,-1,-1,-1
129,56,1518.00,400.00,66.00,273.00,0.184092,-1,-1,-1
129,63,1757.00,430.00,69.00,218.00,0.610141,-1,-1,-1
129,64,1812.00,457.00,57.00,173.00,0.768784,-1,-1,-1
129,71,1176.00,453.00,53.00,192.00,0.764212,-1,-1,-1
129,73,1880.00,380.00,40.00,245.00,0.465319,-1,-1,-1
130,1,1532.00,413.00,95.00,264.00,0.845912,-1,-1,-1
130,4,1658.00,416.00,111.00,268.00,0.881397,-1,-1,-1
130,8,123.00,527.00,70.00,217.00,0.643375,-1,-1,-1
130,9,1888.00,410.00,32.00,170.00,0.422043,-1,-1,-1
130,22,1714.00,397.00,89.00,259.00,0.513320,-1,-1,-1
130,24,980.00,328.00,186.00,490.00,0.901172,-1,-1,-1
130,51,496.00,304.00,226.00,557.00,0.871605,-1,-1,-1
130,56,1524.00,398.00,59.00,253.00,0.177082,-1,-1,-1
130,63,1757.00,427.00,68.00,220.00,0.654760,-1,-1,-1
130,64,1813.00,458.00,58.00,172.00,0.766529,-1,-1,-1
130,71,1180.00,453.00,53.00,192.00,0.797687,-1,-1,-1
131,1,1538.00,410.00,96.00,267.00,0.847700,-1,-1,-1
131,4,1662.00,417.00,110.00,267.00,0.872049,-1,-1,-1
131,8,123.00,521.00,72.00,223.00,0.636863,-1,-1,-1
131,9,1889.00,419.00,31.00,161.00,0.410733,-1,-1,-1
131,22,1716.00,397.00,88.00,259.00,0.533733,-1,-1,-1
131,24,975.00,324.00,188.00,494.00,0.903346,-1,-1,-1
131,51,519.00,301.00,218.00,556.00,0.904954,-1,-1,-1
131,56,1526.00,397.00,63.00,268.00,0.183018,-1,-1,-1
131,63,1759.00,423.00,68.00,225.00,0.639314,-1,-1,-1
131,64,1814.00,457.00,58.00,173.00,0.775410,-1,-1,-1
131,71,1184.00,452.00,54.00,193.00,0.800933,-1,-1,-1
132,1,1544.00,408.00,97.00,269.00,0.869062,-1,-1,-1
132,4,1666.00,415.00,110.00,268.00,0.888428,-1,-1,-1
132,8,123.00,522.00,72.00,222.00,0.673635,-1,-1,-1
132,9,1888.00,427.00,31.00,153.00,0.563039,-1,-1,-1
132,22,1718.00,395.00,84.00,255.00,0.544462,-1,-1,-1
132,24,970.00,321.00,189.00,499.00,0.905626,-1,-1,-1
132,51,541.00,302.00,210.00,553.00,0.899664,-1,-1,-1
132,63,1762.00,425.00,66.00,223.00,0.628577,-1,-1,-1
132,64,1815.00,454.00,60.00,175.00,0.761273,-1,-1,-1
132,71,1190.00,452.00,54.00,194.00,0.796974,-1,-1,-1
133,1,1547.00,405.00,100.00,272.00,0.851723,-1,-1,-1
133,4,1670.00,414.00,111.00,270.00,0.882292,-1,-1,-1
133,8,122.00,526.00,71.00,218.00,0.685436,-1,-1,-1
133,9,1889.00,436.00,29.00,141.00,0.342137,-1,-1,-1
133,22,1729.00,397.00,84.00,253.00,0.586915,-1,-1,-1
133,24,964.00,320.00,191.00,504.00,0.909114,-1,-1,-1
133,51,561.00,302.00,204.00,551.00,0.891994,-1,-1,-1
133,63,1761.00,423.00,64.00,225.00,0.435534,-1,-1,-1
133,64,1814.00,452.00,61.00,177.00,0.780355,-1,-1,-1
133,71,1194.00,452.00,55.00,194.00,0.808905,-1,-1,-1
134,1,1553.00,410.00,98.00,267.00,0.860072,-1,-1,-1
134,4,1676.00,413.00,110.00,268.00,0.877323,-1,-1,-1
134,8,121.00,524.00,71.00,220.00,0.689175,-1,-1,-1
134,9,1890.00,442.00,28.00,135.00,0.461062,-1,-1,-1
134,22,1734.00,395.00,84.00,254.00,0.686804,-1,-1,-1
134,24,953.00,320.00,191.00,505.00,0.914894,-1,-1,-1
134,51,591.00,310.00,200.00,543.00,0.908209,-1,-1,-1
134,64,1814.00,451.00,62.00,178.00,0.785833,-1,-1,-1
134,71,1197.00,453.00,56.00,193.00,0.804308,-1,-1,-1
135,1,1558.00,416.00,97.00,260.00,0.861610,-1,-1,-1
135,4,1680.00,414.00,110.00,265.00,0.858797,-1,-1,-1
135,8,122.00,531.00,69.00,213.00,0.623487,-1,-1,-1
135,9,1890.00,444.00,27.00,132.00,0.505226,-1,-1,-1
135,22,1738.00,394.00,83.00,258.00,0.710623,-1,-1,-1
135,24,939.00,320.00,194.00,508.00,0.919100,-1,-1,-1
135,51,611.00,314.00,202.00,539.00,0.924139,-1,-1,-1
135,64,1816.00,451.00,64.00,178.00,0.780524,-1,-1,-1
135,71,1200.00,453.00,58.00,193.00,0.828928,-1,-1,-1
136,1,1562.00,419.00,97.00,256.00,0.827323,-1,-1,-1
136,4,1682.00,412.00,111.00,266.00,0.866069,-1,-1,-1
136,8,122.00,533.00,69.00,211.00,0.620672,-1,-1,-1
136,9,1889.00,444.00,28.00,133.00,0.489732,-1,-1,-1
136,22,1740.00,393.00,83.00,263.00,0.734324,-1,-1,-1
136,24,927.00,320.00,196.00,512.00,0.916127,-1,-1,-1
136,51,624.00,318.00,204.00,534.00,0.927166,-1,-1,-1
136,64,1816.00,451.00,65.00,179.00,0.743369,-1,-1,-1
136,71,1202.00,453.00,60.00,193.00,0.853039,-1,-1,-1
137,1,1564.00,411.00,99.00,264.00,0.825049,-1,-1,-1
137,4,1686.00,411.00,111.00,267.00,0.857934,-1,-1,-1
137,8,123.00,534.00,67.00,210.00,0.676810,-1,-1,-1
137,9,1890.00,444.00,28.00,135.00,0.515389,-1,-1,-1
137,22,1744.00,393.00,84.00,265.00,0.667128,-1,-1,-1
137,24,919.00,321.00,198.00,515.00,0.909910,-1,-1,-1
137,51,633.00,323.00,206.00,526.00,0.920947,-1,-1,-1
137,64,1814.00,451.00,67.00,178.00,0.665198,-1,-1,-1
137,71,1203.00,453.00,62.00,194.00,0.840092,-1,-1,-1
138,1,1566.00,411.00,100.00,263.00,0.842840,-1,-1,-1
138,4,1689.00,411.00,112.00,267.00,0.851168,-1,-1,-1
138,8,123.00,535.00,67.00,209.00,0.676531,-1,-1,-1
138,9,1890.00,444.00,28.00,134.00,0.421282,-1,-1,-1
138,22,1752.00,396.00,83.00,260.00,0.665540,-1,-1,-1
138,24,914.00,321.00,199.00,520.00,0.910130,-1,-1,-1
138,51,635.00,328.00,208.00,518.00,0.912333,-1,-1,-1
138,64,1816.00,450.00,68.00,178.00,0.675030,-1,-1,-1
138,71,1204.00,453.00,64.00,193.00,0.833274,-1,-1,-1
139,1,1568.00,410.00,99.00,261.00,0.842961,-1,-1,-1
139,4,1692.00,411.00,114.00,267.00,0.848086,-1,-1,-1
139,8,123.00,536.00,67.00,208.00,0.671179,-1,-1,-1
139,9,1890.00,445.00,28.00,132.00,0.523008,-1,-1,-1
139,22,1759.00,399.00,82.00,255.00,0.641186,-1,-1,-1
139,24,908.00,319.00,202.00,526.00,0.912700,-1,-1,-1
139,51,639.00,331.00,210.00,514.00,0.916722,-1,-1,-1
139,64,1821.00,449.00,68.00,178.00,0.752233,-1,-1,-1
139,71,1206.00,452.00,65.00,193.00,0.813476,-1,-1,-1
140,1,1572.00,413.00,97.00,257.00,0.843557,-1,-1,-1
140,4,1695.00,412.00,114.00,267.00,0.838174,-1,-1,-1
140,8,123.00,536.00,67.00,208.00,0.714891,-1,-1,-1
140,9,1890.00,445.00,28.00,130.00,0.504520,-1,-1,-1
140,22,1764.00,406.00,80.00,247.00,0.555917,-1,-1,-1
140,24,900.00,318.00,204.00,528.00,0.905256,-1,-1,-1
140,51,646.00,332.00,211.00,509.00,0.911450,-1,-1,-1
140,64,1825.00,449.00,68.00,178.00,0.781134,-1,-1,-1
140,71,1209.00,451.00,65.00,193.00,0.831564,-1,-1,-1
141,1,1575.00,416.00,95.00,253.00,0.858588,-1,-1,-1
141,4,1697.00,414.00,114.00,265.00,0.838760,-1,-1,-1
141,8,122.00,536.00,68.00,208.00,0.685548,-1,-1,-1
141,9,1890.00,445.00,28.00,129.00,0.530411,-1,-1,-1
141,22,1766.00,402.00,81.00,253.00,0.662772,-1,-1,-1
141,24,894.00,315.00,204.00,531.00,0.905871,-1,-1,-1
141,51,655.00,331.00,209.00,503.00,0.908018,-1,-1,-1
141,64,1828.00,451.00,66.00,175.00,0.794122,-1,-1,-1
141,71,1211.00,450.00,65.00,193.00,0.814778,-1,-1,-1
142,1,1577.00,414.00,95.00,256.00,0.849790,-1,-1,-1
142,4,1700.00,417.00,113.00,261.00,0.819467,-1,-1,-1
142,8,122.00,536.00,68.00,208.00,0.661908,-1,-1,-1
142,9,1890.00,444.00,28.00,132.00,0.528721,-1,-1,-1
142,22,1769.00,401.00,82.00,256.00,0.739413,-1,-1,-1
142,24,879.00,311.00,204.00,536.00,0.895851,-1,-1,-1
142,51,671.00,328.00,204.00,498.00,0.901689,-1,-1,-1
142,64,1831.00,449.00,66.00,176.00,0.770438,-1,-1,-1
142,71,1217.00,449.00,63.00,193.00,0.759377,-1,-1,-1
143,1,1580.00,415.00,93.00,254.00,0.831059,-1,-1,-1
143,4,1704.00,417.00,114.00,261.00,0.828811,-1,-1,-1
143,8,122.00,535.00,68.00,209.00,0.706511,-1,-1,-1
143,9,1890.00,444.00,29.00,131.00,0.541043,-1,-1,-1
143,22,1769.00,401.00,82.00,256.00,0.749058,-1,-1,-1
143,24,868.00,306.00,205.00,541.00,0.907593,-1,-1,-1
143,51,686.00,327.00,198.00,493.00,0.899883,-1,-1,-1
143,64,1833.00,447.00,65.00,176.00,0.786581,-1,-1,-1
143,71,1221.00,450.00,63.00,191.00,0.786788,-1,-1,-1
144,1,1589.00,418.00,92.00,251.00,0.836381,-1,-1,-1
144,4,1709.00,416.00,114.00,260.00,0.823100,-1,-1,-1
144,8,122.00,534.00,68.00,210.00,0.697851,-1,-1,-1
144,9,1891.00,444.00,28.00,131.00,0.515489,-1,-1,-1
144,22,1771.00,400.00,82.00,257.00,0.756530,-1,-1,-1
144,24,859.00,303.00,206.00,545.00,0.907574,-1,-1,-1
144,51,709.00,327.00,190.00,490.00,0.850993,-1,-1,-1
144,56,1571.00,400.00,56.00,239.00,0.427686,-1,-1,-1
144,64,1834.00,445.00,65.00,177.00,0.764825,-1,-1,-1
144,71,1226.00,449.00,62.00,192.00,0.811105,-1,-1,-1
145,1,1596.00,418.00,93.00,251.00,0.806313,-1,-1,-1
145,4,1712.00,413.00,114.00,260.00,0.826544,-1,-1,-1
145,8,122.00,535.00,68.00,209.00,0.671894,-1,-1,-1
145,9,1890.00,444.00,29.00,133.00,0.483353,-1,-1,-1
145,22,1773.00,398.00,83.00,259.00,0.729340,-1,-1,-1
145,24,856.00,300.00,206.00,553.00,0.905288,-1,-1,-1
145,51,728.00,327.00,182.00,490.00,0.814733,-1,-1,-1
145,56,1577.00,401.00,55.00,236.00,0.318530,-1,-1,-1
145,64,1838.00,448.00,64.00,174.00,0.758613,-1,-1,-1
145,71,1229.00,448.00,62.00,193.00,0.814846,-1,-1,-1
145,77,1681.00,470.00,41.00,115.00,0.461105,-1,-1,-1
146,1,1602.00,420.00,93.00,249.00,0.733462,-1,-1,-1
146,4,1714.00,414.00,113.00,256.00,0.831759,-1,-1,-1
146,8,122.00,534.00,69.00,210.00,0.710977,-1,-1,-1
146,9,1889.00,444.00,29.00,138.00,0.403520,-1,-1,-1
146,22,1777.00,397.00,83.00,260.00,0.754561,-1,-1,-1
146,24,851.00,297.00,207.00,561.00,0.879293,-1,-1,-1
146,51,744.00,328.00,176.00,488.00,0.856445,-1,-1,-1
146,56,1581.00,403.00,57.00,242.00,0.396259,-1,-1,-1
146,64,1841.00,448.00,62.00,174.00,0.664222,-1,-1,-1
146,71,1233.00,448.00,62.00,194.00,0.830472,-1,-1,-1
146,77,1680.00,470.00,42.00,115.00,0.352389,-1,-1,-1
147,1,1609.00,424.00,92.00,244.00,0.748180,-1,-1,-1
147,4,1716.00,414.00,112.00,255.00,0.830258,-1,-1,-1
147,8,122.00,533.00,69.00,211.00,0.710352,-1,-1,-1
147,9,1888.00,444.00,31.00,144.00,0.282481,-1,-1,-1
147,22,1782.00,395.00,84.00,262.00,0.814978,-1,-1,-1
147,24,842.00,298.00,208.00,568.00,0.903579,-1,-1,-1
147,51,766.00,352.00,162.00,462.00,0.694183,-1,-1,-1
147,56,1588.00,403.00,60.00,257.00,0.514479,-1,-1,-1
147,64,1848.00,448.00,62.00,174.00,0.648007,-1,-1,-1
147,71,1240.00,448.00,62.00,194.00,0.818177,-1,-1,-1
147,77,1679.00,468.00,42.00,118.00,0.314392,-1,-1,-1
148,1,1611.00,426.00,93.00,242.00,0.770270,-1,-1,-1
148,4,1718.00,415.00,111.00,254.00,0.825567,-1,-1,-1
148,8,122.00,534.00,69.00,210.00,0.703254,-1,-1,-1
148,9,1886.00,443.00,33.00,155.00,0.276413,-1,-1,-1
148,22,1787.00,396.00,84.00,260.00,0.804191,-1,-1,-1
148,24,835.00,298.00,209.00,574.00,0.892053,-1,-1,-1
148,51,768.00,341.00,162.00,472.00,0.709715,-1,-1,-1
148,56,1592.00,404.00,60.00,262.00,0.583696,-1,-1,-1
148,64,1852.00,447.00,62.00,176.00,0.502837,-1,-1,-1
148,71,1245.00,448.00,63.00,195.00,0.810150,-1,-1,-1
148,77,1682.00,467.00,44.00,120.00,0.285952,-1,-1,-1
149,1,1613.00,423.00,94.00,245.00,0.818240,-1,-1,-1
149,4,1722.00,417.00,111.00,252.00,0.834077,-1,-1,-1
149,8,122.00,533.00,69.00,211.00,0.727919,-1,-1,-1
149,9,1885.00,444.00,33.00,152.00,0.335400,-1,-1,-1
149,22,1793.00,397.00,85.00,255.00,0.714336,-1,-1,-1
149,24,818.00,299.00,210.00,577.00,0.897457,-1,-1,-1
149,51,766.00,341.00,157.00,470.00,0.673318,-1,-1,-1
149,56,1596.00,403.00,57.00,256.00,0.583032,-1,-1,-1
149,64,1851.00,445.00,65.00,183.00,0.314039,-1,-1,-1
149,71,1251.00,448.00,65.00,195.00,0.850843,-1,-1,-1
149,77,1684.00,462.00,45.00,124.00,0.124102,-1,-1,-1
150,1,1615.00,421.00,95.00,245.00,0.801536,-1,-1,-1
150,4,1725.00,418.00,110.00,251.00,0.855092,-1,-1,-1
150,8,122.00,534.00,68.00,210.00,0.718749,-1,-1,-1
150,9,1885.00,444.00,34.00,158.00,0.221928,-1,-1,-1
150,22,1796.00,398.00,86.00,254.00,0.724451,-1,-1,-1
150,24,806.00,300.00,213.00,580.00,0.890951,-1,-1,-1
150,51,767.00,342.00,151.00,468.00,0.386505,-1,-1,-1
150,56,1602.00,404.00,57.00,257.00,0.609579,-1,-1,-1
150,64,1853.00,447.00,65.00,181.00,0.583191,-1,-1,-1
150,71,1254.00,450.00,66.00,192.00,0.828456,-1,-1,-1
151,1,1620.00,419.00,94.00,245.00,0.844606,-1,-1,-1
151,4,1727.00,418.00,110.00,251.00,0.866276,-1,-1,-1
151,8,122.00,534.00,68.00,210.00,0.717256,-1,-1,-1
151,9,1886.00,444.00,34.00,160.00,0.374512,-1,-1,-1
151,22,1802.00,398.00,89.00,255.00,0.745407,-1,-1,-1
151,24,793.00,299.00,217.00,585.00,0.894249,-1,-1,-1
151,56,1607.00,406.00,55.00,252.00,0.565995,-1,-1,-1
151,64,1855.00,444.00,65.00,181.00,0.376661,-1,-1,-1
151,71,1256.00,452.00,67.00,190.00,0.839848,-1,-1,-1
152,1,1623.00,418.00,94.00,245.00,0.858367,-1,-1,-1
152,4,1732.00,417.00,111.00,252.00,0.887303,-1,-1,-1
152,8,122.00,535.00,68.00,209.00,0.710662,-1,-1,-1
152,9,1888.00,444.00,32.00,170.00,0.408615,-1,-1,-1
152,22,1806.00,400.00,89.00,250.00,0.776680,-1,-1,-1
152,24,779.00,297.00,220.00,590.00,0.900434,-1,-1,-1
152,56,1612.00,408.00,55.00,251.00,0.626642,-1,-1,-1
152,64,1861.00,444.00,59.00,180.00,0.477428,-1,-1,-1
152,71,1258.00,452.00,70.00,190.00,0.860057,-1,-1,-1
153,1,1631.00,418.00,94.00,245.00,0.834492,-1,-1,-1
153,4,1737.00,418.00,109.00,251.00,0.889442,-1,-1,-1
153,8,122.00,534.00,68.00,209.00,0.704766,-1,-1,-1
153,9,1888.00,444.00,32.00,174.00,0.387756,-1,-1,-1
153,22,1806.00,402.00,89.00,248.00,0.809632,-1,-1,-1
153,24,762.00,292.00,226.00,596.00,0.849669,-1,-1,-1
153,56,1616.00,409.00,55.00,250.00,0.645815,-1,-1,-1
153,64,1868.00,444.00,52.00,178.00,0.381345,-1,-1,-1
153,71,1258.00,451.00,74.00,192.00,0.860181,-1,-1,-1
154,1,1633.00,416.00,96.00,246.00,0.870520,-1,-1,-1
154,4,1741.00,420.00,108.00,249.00,0.878450,-1,-1,-1
154,8,125.00,519.00,74.00,225.00,0.661823,-1,-1,-1
154,9,1886.00,447.00,34.00,174.00,0.341601,-1,-1,-1
154,22,1811.00,403.00,90.00,247.00,0.810962,-1,-1,-1
154,24,751.00,288.00,230.00,599.00,0.890017,-1,-1,-1
154,56,1623.00,407.00,51.00,226.00,0.321445,-1,-1,-1
154,64,1866.00,444.00,54.00,182.00,0.308086,-1,-1,-1
154,71,1259.00,448.00,77.00,195.00,0.834923,-1,-1,-1
155,1,1637.00,417.00,97.00,244.00,0.891641,-1,-1,-1
155,4,1744.00,420.00,108.00,248.00,0.886280,-1,-1,-1
155,8,122.00,520.00,73.00,224.00,0.679606,-1,-1,-1
155,9,1885.00,446.00,35.00,176.00,0.487478,-1,-1,-1
155,22,1814.00,403.00,90.00,247.00,0.808890,-1,-1,-1
155,24,743.00,283.00,235.00,605.00,0.860485,-1,-1,-1
155,56,1629.00,406.00,46.00,201.00,0.463889,-1,-1,-1
155,64,1866.00,442.00,54.00,183.00,0.208445,-1,-1,-1
155,71,1257.00,445.00,81.00,198.00,0.802895,-1,-1,-1
156,1,1640.00,417.00,99.00,244.00,0.878825,-1,-1,-1
156,4,1746.00,420.00,108.00,249.00,0.880230,-1,-1,-1
156,8,121.00,524.00,72.00,219.00,0.678880,-1,-1,-1
156,9,1883.00,450.00,35.00,172.00,0.461278,-1,-1,-1
156,22,1813.00,402.00,91.00,250.00,0.774109,-1,-1,-1
156,24,730.00,279.00,237.00,608.00,0.878141,-1,-1,-1
156,51,887.00,345.00,135.00,439.00,0.792378,-1,-1,-1
156,56,1633.00,404.00,46.00,193.00,0.444344,-1,-1,-1
156,64,1866.00,441.00,54.00,184.00,0.127841,-1,-1,-1
156,71,1258.00,445.00,83.00,199.00,0.751667,-1,-1,-1
157,1,1649.00,419.00,99.00,242.00,0.840030,-1,-1,-1
157,4,1750.00,420.00,108.00,247.00,0.856729,-1,-1,-1
157,8,121.00,523.00,72.00,220.00,0.766756,-1,-1,-1
157,9,1882.00,450.00,36.00,172.00,0.472627,-1,-1,-1
157,22,1818.00,402.00,90.00,249.00,0.753495,-1,-1,-1
157,24,720.00,276.00,238.00,613.00,0.910268,-1,-1,-1
157,51,901.00,344.00,133.00,439.00,0.852161,-1,-1,-1
157,56,1635.00,404.00,54.00,227.00,0.546223,-1,-1,-1
157,71,1270.00,444.00,82.00,199.00,0.649374,-1,-1,-1
158,1,1657.00,423.00,98.00,238.00,0.818791,-1,-1,-1
158,4,1755.00,419.00,106.00,245.00,0.855899,-1,-1,-1
158,8,121.00,522.00,71.00,221.00,0.739973,-1,-1,-1
158,9,1883.00,449.00,35.00,171.00,0.455145,-1,-1,-1
158,22,1823.00,402.00,89.00,247.00,0.747973,-1,-1,-1
158,24,712.00,274.00,239.00,617.00,0.914419,-1,-1,-1
158,51,911.00,344.00,130.00,440.00,0.881605,-1,-1,-1
158,56,1639.00,404.00,53.00,223.00,0.574320,-1,-1,-1
158,71,1276.00,443.00,81.00,201.00,0.729431,-1,-1,-1
159,1,1664.00,424.00,98.00,237.00,0.843761,-1,-1,-1
159,4,1760.00,419.00,107.00,244.00,0.828709,-1,-1,-1
159,8,121.00,527.00,70.00,216.00,0.786244,-1,-1,-1
159,9,1886.00,448.00,34.00,171.00,0.466860,-1,-1,-1
159,22,1829.00,401.00,86.00,240.00,0.754415,-1,-1,-1
159,24,694.00,272.00,242.00,624.00,0.906514,-1,-1,-1
159,51,920.00,345.00,128.00,438.00,0.889986,-1,-1,-1
159,56,1645.00,405.00,47.00,192.00,0.538137,-1,-1,-1
159,71,1280.00,441.00,79.00,202.00,0.746166,-1,-1,-1
160,1,1668.00,425.00,98.00,236.00,0.865156,-1,-1,-1
160,4,1763.00,419.00,107.00,244.00,0.785075,-1,-1,-1
160,8,120.00,529.00,70.00,214.00,0.785772,-1,-1,-1
160,9,1887.00,447.00,33.00,173.00,0.431632,-1,-1,-1
160,22,1830.00,400.00,86.00,241.00,0.728591,-1,-1,-1
160,24,675.00,273.00,246.00,628.00,0.916315,-1,-1,-1
160,51,929.00,347.00,128.00,435.00,0.890477,-1,-1,-1
160,56,1647.00,405.00,45.00,180.00,0.523586,-1,-1,-1
160,71,1284.00,442.00,76.00,201.00,0.740732,-1,-1,-1
161,1,1670.00,426.00,98.00,235.00,0.854385,-1,-1,-1
161,4,1766.00,419.00,108.00,244.00,0.777664,-1,-1,-1
161,8,121.00,530.00,69.00,214.00,0.778793,-1,-1,-1
161,9,1888.00,445.00,32.00,177.00,0.329727,-1,-1,-1
161,22,1832.00,399.00,87.00,245.00,0.791609,-1,-1,-1
161,24,658.00,274.00,250.00,634.00,0.930188,-1,-1,-1
161,51,939.00,350.00,132.00,432.00,0.907170,-1,-1,-1
161,56,1651.00,408.00,43.00,168.00,0.433475,-1,-1,-1
161,71,1290.00,445.00,74.00,198.00,0.781094,-1,-1,-1
162,1,1674.00,426.00,98.00,234.00,0.834480,-1,-1,-1
162,4,1772.00,419.00,107.00,242.00,0.662629,-1,-1,-1
162,8,121.00,530.00,69.00,213.00,0.783956,-1,-1,-1
162,9,1887.00,436.00,33.00,193.00,0.174537,-1,-1,-1
162,22,1834.00,399.00,86.00,247.00,0.818163,-1,-1,-1
162,24,649.00,276.00,255.00,639.00,0.919402,-1,-1,-1
162,51,952.00,354.00,135.00,428.00,0.918053,-1,-1,-1
162,56,1655.00,409.00,43.00,165.00,0.481160,-1,-1,-1
162,71,1296.00,445.00,73.00,199.00,0.824741,-1,-1,-1
163,1,1676.00,425.00,97.00,233.00,0.781271,-1,-1,-1
163,4,1780.00,420.00,108.00,241.00,0.642709,-1,-1,-1
163,8,121.00,530.00,68.00,213.00,0.757480,-1,-1,-1
163,9,1885.00,427.00,35.00,208.00,0.122556,-1,-1,-1
163,22,1836.00,401.00,84.00,246.00,0.776753,-1,-1,-1
163,24,644.00,276.00,258.00,644.00,0.923459,-1,-1,-1
163,51,959.00,358.00,138.00,423.00,0.912404,-1,-1,-1
163,56,1653.00,409.00,51.00,195.00,0.409584,-1,-1,-1
163,71,1301.00,446.00,72.00,198.00,0.811798,-1,-1,-1
163,86,1768.00,424.00,52.00,208.00,0.630975,-1,-1,-1
164,1,1677.00,425.00,95.00,232.00,0.816966,-1,-1,-1
164,4,1784.00,421.00,107.00,241.00,0.746698,-1,-1,-1
164,8,121.00,530.00,68.00,213.00,0.787053,-1,-1,-1
164,22,1838.00,400.00,82.00,247.00,0.707852,-1,-1,-1
164,24,637.00,273.00,263.00,652.00,0.914623,-1,-1,-1
164,51,961.00,361.00,141.00,418.00,0.923964,-1,-1,-1
164,56,1656.00,412.00,47.00,175.00,0.388670,-1,-1,-1
164,71,1306.00,444.00,72.00,200.00,0.771247,-1,-1,-1
164,86,1769.00,426.00,52.00,205.00,0.557228,-1,-1,-1
165,1,1678.00,423.00,96.00,233.00,0.808702,-1,-1,-1
165,4,1786.00,422.00,107.00,240.00,0.786499,-1,-1,-1
165,8,121.00,531.00,68.00,212.00,0.776579,-1,-1,-1
165,22,1842.00,402.00,78.00,243.00,0.734882,-1,-1,-1
165,24,625.00,269.00,267.00,661.00,0.915534,-1,-1,-1
165,51,961.00,363.00,144.00,415.00,0.918613,-1,-1,-1
165,56,1661.00,411.00,46.00,171.00,0.392409,-1,-1,-1
165,71,1312.00,444.00,72.00,200.00,0.829746,-1,-1,-1
165,86,1775.00,428.00,51.00,202.00,0.541688,-1,-1,-1
166,1,1685.00,422.00,94.00,232.00,0.744232,-1,-1,-1
166,4,1790.00,423.00,105.00,237.00,0.783037,-1,-1,-1
166,8,121.00,532.00,68.00,211.00,0.773325,-1,-1,-1
166,22,1845.00,404.00,75.00,239.00,0.737868,-1,-1,-1
166,24,610.00,266.00,271.00,666.00,0.924666,-1,-1,-1
166,51,964.00,363.00,146.00,415.00,0.910529,-1,-1,-1
166,56,1664.00,412.00,47.00,171.00,0.310386,-1,-1,-1
166,71,1315.00,444.00,73.00,200.00,0.814627,-1,-1,-1
166,86,1774.00,430.00,51.00,200.00,0.629153,-1,-1,-1
166,87,1162.00,474.00,40.00,168.00,0.611759,-1,-1,-1
167,1,1690.00,423.00,92.00,230.00,0.697693,-1,-1,-1
167,4,1794.00,422.00,106.00,239.00,0.770516,-1,-1,-1
167,8,121.00,532.00,68.00,211.00,0.768576,-1,-1,-1
167,22,1848.00,407.00,72.00,235.00,0.731018,-1,-1,-1
167,24,586.00,261.00,273.00,672.00,0.911583,-1,-1,-1
167,51,971.00,364.00,145.00,409.00,0.910806,-1,-1,-1
167,56,1666.00,412.00,50.00,180.00,0.374249,-1,-1,-1
167,71,1320.00,447.00,73.00,198.00,0.863029,-1,-1,-1
167,86,1773.00,431.00,50.00,198.00,0.636100,-1,-1,-1
167,87,1167.00,474.00,39.00,167.00,0.690435,-1,-1,-1
167,88,1662.00,412.00,62.00,242.00,0.426205,-1,-1,-1
168,1,1694.00,421.00,93.00,233.00,0.658895,-1,-1,-1
168,4,1795.00,422.00,107.00,239.00,0.791324,-1,-1,-1
168,8,121.00,532.00,68.00,212.00,0.725182,-1,-1,-1
168,22,1851.00,407.00,69.00,234.00,0.725868,-1,-1,-1
168,24,568.00,255.00,274.00,678.00,0.916559,-1,-1,-1
168,51,980.00,362.00,143.00,405.00,0.912576,-1,-1,-1
168,56,1669.00,413.00,50.00,182.00,0.123626,-1,-1,-1
168,71,1322.00,449.00,74.00,196.00,0.857604,-1,-1,-1
168,86,1774.00,431.00,51.00,199.00,0.608593,-1,-1,-1
168,87,1171.00,475.00,39.00,165.00,0.559088,-1,-1,-1
168,88,1664.00,410.00,63.00,245.00,0.456373,-1,-1,-1
168,89,817.00,515.00,47.00,120.00,0.557900,-1,-1,-1
169,1,1701.00,425.00,92.00,228.00,0.689802,-1,-1,-1
169,4,1799.00,423.00,105.00,237.00,0.814349,-1,-1,-1
169,8,121.00,530.00,69.00,214.00,0.769118,-1,-1,-1
169,22,1854.00,407.00,66.00,232.00,0.766605,-1,-1,-1
169,24,557.00,252.00,273.00,681.00,0.922879,-1,-1,-1
169,51,989.00,361.00,141.00,400.00,0.896019,-1,-1,-1
169,56,1671.00,410.00,53.00,191.00,0.202736,-1,-1,-1
169,71,1324.00,449.00,75.00,196.00,0.841272,-1,-1,-1
169,86,1774.00,430.00,52.00,201.00,0.671448,-1,-1,-1
169,87,1180.00,477.00,40.00,164.00,0.628522,-1,-1,-1
169,88,1671.00,409.00,64.00,247.00,0.547921,-1,-1,-1
169,89,817.00,516.00,46.00,120.00,0.585669,-1,-1,-1
170,1,1706.00,426.00,92.00,227.00,0.683388,-1,-1,-1
170,4,1804.00,423.00,104.00,235.00,0.855924,-1,-1,-1
170,8,122.00,533.00,68.00,210.00,0.748786,-1,-1,-1
170,22,1856.00,407.00,64.00,231.00,0.699224,-1,-1,-1
170,24,540.00,248.00,277.00,691.00,0.912689,-1,-1,-1
170,51,1009.00,360.00,138.00,397.00,0.895161,-1,-1,-1
170,56,1676.00,409.00,53.00,186.00,0.170682,-1,-1,-1
170,71,1327.00,450.00,75.00,195.00,0.823051,-1,-1,-1
170,86,1776.00,430.00,51.00,199.00,0.733574,-1,-1,-1
170,87,1185.00,477.00,42.00,163.00,0.679183,-1,-1,-1
170,88,1676.00,408.00,64.00,247.00,0.579693,-1,-1,-1
170,89,814.00,516.00,46.00,119.00,0.580365,-1,-1,-1
171,1,1711.00,428.00,91.00,226.00,0.752015,-1,-1,-1
171,4,1808.00,422.00,104.00,235.00,0.868815,-1,-1,-1
171,8,122.00,532.00,68.00,212.00,0.747742,-1,-1,-1
171,22,1856.00,404.00,64.00,238.00,0.612487,-1,-1,-1
171,24,527.00,246.00,280.00,700.00,0.921357,-1,-1,-1
171,51,1021.00,359.00,136.00,397.00,0.903724,-1,-1,-1
171,56,1678.00,412.00,53.00,187.00,0.162483,-1,-1,-1
171,71,1330.00,450.00,75.00,195.00,0.816122,-1,-1,-1
171,86,1778.00,430.00,51.00,195.00,0.752351,-1,-1,-1
171,87,1188.00,477.00,43.00,163.00,0.734711,-1,-1,-1
171,88,1677.00,409.00,63.00,241.00,0.527358,-1,-1,-1
171,89,813.00,516.00,46.00,119.00,0.671111,-1,-1,-1
171,92,929.00,533.00,31.00,77.00,0.397288,-1,-1,-1
172,1,1716.00,429.00,90.00,224.00,0.737814,-1,-1,-1
172,4,1811.00,422.00,103.00,235.00,0.855894,-1,-1,-1
172,8,122.00,533.00,68.00,211.00,0.743332,-1,-1,-1
172,22,1859.00,403.00,61.00,241.00,0.633518,-1,-1,-1
172,24,511.00,242.00,284.00,717.00,0.934842,-1,-1,-1
172,51,1034.00,360.00,133.00,397.00,0.872885,-1,-1,-1
172,71,1333.00,449.00,75.00,195.00,0.699296,-1,-1,-1
172,86,1781.00,430.00,52.00,196.00,0.763893,-1,-1,-1
172,87,1190.00,477.00,45.00,162.00,0.629589,-1,-1,-1
172,88,1683.00,408.00,64.00,243.00,0.718557,-1,-1,-1
172,89,812.00,517.00,45.00,117.00,0.451128,-1,-1,-1
172,92,929.00,533.00,31.00,75.00,0.162974,-1,-1,-1
173,1,1719.00,426.00,90.00,225.00,0.758164,-1,-1,-1
173,4,1814.00,422.00,102.00,236.00,0.841110,-1,-1,-1
173,8,122.00,534.00,68.00,209.00,0.735766,-1,-1,-1
173,22,1862.00,403.00,58.00,232.00,0.587453,-1,-1,-1
173,24,497.00,242.00,286.00,724.00,0.904127,-1,-1,-1
173,51,1045.00,361.00,130.00,395.00,0.895558,-1,-1,-1
173,71,1338.00,449.00,73.00,194.00,0.659575,-1,-1,-1
173,86,1784.00,429.00,52.00,197.00,0.733609,-1,-1,-1
173,87,1195.00,476.00,46.00,163.00,0.710920,-1,-1,-1
173,88,1686.00,408.00,65.00,244.00,0.722292,-1,-1,-1
173,89,810.00,517.00,45.00,118.00,0.568691,-1,-1,-1
173,92,930.00,534.00,30.00,74.00,0.223409,-1,-1,-1
174,1,1722.00,425.00,88.00,225.00,0.716246,-1,-1,-1
174,4,1815.00,421.00,105.00,241.00,0.812559,-1,-1,-1
174,8,122.00,535.00,68.00,209.00,0.730809,-1,-1,-1
174,22,1862.00,402.00,58.00,248.00,0.523180,-1,-1,-1
174,24,481.00,242.00,288.00,730.00,0.924486,-1,-1,-1
174,51,1052.00,363.00,129.00,394.00,0.894846,-1,-1,-1
174,71,1342.00,448.00,72.00,195.00,0.707414,-1,-1,-1
174,86,1788.00,427.00,53.00,200.00,0.716400,-1,-1,-1
174,87,1198.00,474.00,46.00,163.00,0.545328,-1,-1,-1
174,88,1690.00,409.00,65.00,244.00,0.741365,-1,-1,-1
174,89,810.00,518.00,45.00,116.00,0.331343,-1,-1,-1
175,1,1724.00,426.00,86.00,224.00,0.841876,-1,-1,-1
175,4,1818.00,421.00,102.00,242.00,0.829910,-1,-1,-1
175,8,122.00,534.00,68.00,210.00,0.691646,-1,-1,-1
175,22,1864.00,402.00,56.00,258.00,0.414702,-1,-1,-1
175,24,460.00,242.00,293.00,741.00,0.925321,-1,-1,-1
175,51,1061.00,366.00,128.00,391.00,0.883800,-1,-1,-1
175,71,1350.00,449.00,70.00,195.00,0.764914,-1,-1,-1
175,86,1789.00,427.00,52.00,199.00,0.667266,-1,-1,-1
175,87,1201.00,472.00,47.00,164.00,0.655630,-1,-1,-1
175,88,1689.00,412.00,63.00,237.00,0.744714,-1,-1,-1
175,89,813.00,517.00,35.00,90.00,0.124549,-1,-1,-1
176,1,1728.00,425.00,85.00,225.00,0.827948,-1,-1,-1
176,4,1820.00,422.00,100.00,243.00,0.755160,-1,-1,-1
176,8,122.00,532.00,69.00,212.00,0.722581,-1,-1,-1
176,22,1863.00,424.00,57.00,246.00,0.127230,-1,-1,-1
176,24,443.00,241.00,298.00,752.00,0.925951,-1,-1,-1
176,51,1068.00,369.00,127.00,387.00,0.883526,-1,-1,-1
176,71,1356.00,448.00,69.00,196.00,0.814971,-1,-1,-1
176,86,1791.00,427.00,52.00,200.00,0.677314,-1,-1,-1
176,87,1203.00,471.00,47.00,164.00,0.595007,-1,-1,-1
176,88,1691.00,413.00,63.00,235.00,0.797245,-1,-1,-1
176,95,6.00,273.00,51.00,664.00,0.742497,-1,-1,-1
177,1,1733.00,423.00,85.00,226.00,0.820530,-1,-1,-1
177,4,1817.00,424.00,99.00,238.00,0.743021,-1,-1,-1
177,8,122.00,530.00,69.00,214.00,0.680672,-1,-1,-1
177,9,1878.00,397.00,42.00,273.00,0.436407,-1,-1,-1
177,22,1860.00,415.00,60.00,260.00,0.555153,-1,-1,-1
177,24,424.00,239.00,302.00,758.00,0.917813,-1,-1,-1
177,51,1075.00,370.00,128.00,386.00,0.896838,-1,-1,-1
177,71,1362.00,449.00,68.00,195.00,0.797872,-1,-1,-1
177,86,1796.00,428.00,50.00,199.00,0.667041,-1,-1,-1
177,87,1209.00,470.00,46.00,162.00,0.620474,-1,-1,-1
177,88,1695.00,417.00,60.00,231.00,0.756771,-1,-1,-1
177,95,24.00,273.00,53.00,663.00,0.868681,-1,-1,-1
178,1,1738.00,424.00,85.00,226.00,0.829284,-1,-1,-1
178,4,1817.00,425.00,93.00,234.00,0.771868,-1,-1,-1
178,8,121.00,525.00,70.00,219.00,0.608473,-1,-1,-1
178,9,1877.00,389.00,43.00,290.00,0.584984,-1,-1,-1
178,22,1858.00,400.00,62.00,277.00,0.648954,-1,-1,-1
178,24,408.00,235.00,304.00,763.00,0.921594,-1,-1,-1
178,51,1078.00,371.00,130.00,384.00,0.897038,-1,-1,-1
178,71,1367.00,448.00,67.00,196.00,0.819571,-1,-1,-1
178,86,1799.00,429.00,49.00,197.00,0.612946,-1,-1,-1
178,87,1212.00,469.00,47.00,167.00,0.589310,-1,-1,-1
178,88,1698.00,416.00,61.00,233.00,0.757486,-1,-1,-1
178,95,48.00,270.00,57.00,664.00,0.897422,-1,-1,-1
179,1,1743.00,423.00,85.00,227.00,0.833651,-1,-1,-1
179,4,1817.00,427.00,88.00,231.00,0.715633,-1,-1,-1
179,8,120.00,518.00,73.00,226.00,0.611751,-1,-1,-1
179,22,1857.00,390.00,63.00,288.00,0.704602,-1,-1,-1
179,24,392.00,230.00,307.00,769.00,0.923346,-1,-1,-1
179,51,1082.00,372.00,130.00,384.00,0.892344,-1,-1,-1
179,71,1372.00,449.00,68.00,196.00,0.823784,-1,-1,-1
179,86,1800.00,430.00,47.00,196.00,0.459531,-1,-1,-1
179,87,1211.00,470.00,49.00,167.00,0.596811,-1,-1,-1
179,88,1701.00,412.00,62.00,237.00,0.742820,-1,-1,-1
179,95,69.00,271.00,62.00,661.00,0.913814,-1,-1,-1
180,1,1746.00,424.00,85.00,226.00,0.857585,-1,-1,-1
180,4,1815.00,429.00,84.00,226.00,0.504000,-1,-1,-1
180,8,118.00,521.00,72.00,222.00,0.440285,-1,-1,-1
180,22,1854.00,386.00,66.00,291.00,0.691906,-1,-1,-1
180,24,374.00,221.00,310.00,778.00,0.936256,-1,-1,-1
180,51,1091.00,372.00,129.00,381.00,0.858292,-1,-1,-1
180,71,1379.00,450.00,69.00,195.00,0.834522,-1,-1,-1
180,86,1805.00,432.00,48.00,201.00,0.346597,-1,-1,-1
180,87,1213.00,469.00,51.00,169.00,0.645035,-1,-1,-1
180,88,1705.00,411.00,62.00,237.00,0.724545,-1,-1,-1
180,95,89.00,275.00,70.00,652.00,0.912048,-1,-1,-1
181,1,1750.00,425.00,84.00,225.00,0.847062,-1,-1,-1
181,4,1809.00,430.00,81.00,225.00,0.292535,-1,-1,-1
181,8,119.00,518.00,73.00,224.00,0.553638,-1,-1,-1
181,22,1849.00,384.00,71.00,294.00,0.807191,-1,-1,-1
181,24,358.00,214.00,313.00,785.00,0.925074,-1,-1,-1
181,51,1100.00,371.00,126.00,377.00,0.860682,-1,-1,-1
181,71,1381.00,451.00,72.00,194.00,0.840347,-1,-1,-1
181,86,1810.00,433.00,48.00,201.00,0.427129,-1,-1,-1
181,87,1216.00,467.00,53.00,169.00,0.573437,-1,-1,-1
181,88,1709.00,409.00,60.00,238.00,0.719212,-1,-1,-1
181,95,97.00,278.00,80.00,647.00,0.925541,-1,-1,-1
182,1,1755.00,426.00,83.00,222.00,0.857990,-1,-1,-1
182,8,115.00,513.00,74.00,226.00,0.293147,-1,-1,-1
182,22,1843.00,384.00,72.00,293.00,0.829551,-1,-1,-1
182,24,339.00,207.00,315.00,793.00,0.915442,-1,-1,-1
182,51,1116.00,369.00,123.00,371.00,0.848918,-1,-1,-1
182,71,1382.00,451.00,74.00,194.00,0.841902,-1,-1,-1
182,86,1813.00,433.00,46.00,191.00,0.103598,-1,-1,-1
182,87,1222.00,465.00,56.00,175.00,0.441411,-1,-1,-1
182,88,1712.00,409.00,61.00,236.00,0.752839,-1,-1,-1
182,95,99.00,282.00,90.00,644.00,0.923165,-1,-1,-1
182,98,1682.00,471.00,40.00,115.00,0.488524,-1,-1,-1
183,1,1758.00,428.00,82.00,220.00,0.888098,-1,-1,-1
183,22,1840.00,383.00,73.00,294.00,0.837648,-1,-1,-1
183,24,320.00,204.00,318.00,800.00,0.918274,-1,-1,-1
183,51,1128.00,369.00,120.00,369.00,0.852255,-1,-1,-1
183,71,1383.00,451.00,76.00,194.00,0.854164,-1,-1,-1
183,87,1228.00,469.00,54.00,167.00,0.380004,-1,-1,-1
183,88,1717.00,408.00,60.00,235.00,0.761807,-1,-1,-1
183,95,95.00,283.00,103.00,646.00,0.931787,-1,-1,-1
183,98,1682.00,470.00,40.00,115.00,0.448235,-1,-1,-1
184,1,1760.00,429.00,81.00,218.00,0.842764,-1,-1,-1
184,22,1830.00,383.00,77.00,295.00,0.848182,-1,-1,-1
184,24,303.00,201.00,322.00,811.00,0.925853,-1,-1,-1
184,51,1137.00,368.00,119.00,370.00,0.865098,-1,-1,-1
184,71,1383.00,451.00,78.00,194.00,0.855554,-1,-1,-1
184,87,1234.00,469.00,54.00,165.00,0.376490,-1,-1,-1
184,88,1721.00,409.00,59.00,233.00,0.759264,-1,-1,-1
184,95,91.00,285.00,116.00,646.00,0.939605,-1,-1,-1
184,98,1681.00,469.00,40.00,116.00,0.460749,-1,-1,-1
185,1,1761.00,430.00,80.00,221.00,0.776700,-1,-1,-1
185,9,1874.00,380.00,46.00,283.00,0.435156,-1,-1,-1
185,22,1815.00,383.00,83.00,295.00,0.801025,-1,-1,-1
185,24,263.00,200.00,332.00,821.00,0.923024,-1,-1,-1
185,51,1148.00,368.00,117.00,369.00,0.861311,-1,-1,-1
185,71,1384.00,450.00,80.00,195.00,0.865803,-1,-1,-1
185,87,1242.00,469.00,45.00,134.00,0.355340,-1,-1,-1
185,88,1724.00,409.00,61.00,233.00,0.762519,-1,-1,-1
185,95,85.00,284.00,129.00,646.00,0.930410,-1,-1,-1
185,98,1680.00,469.00,41.00,117.00,0.531698,-1,-1,-1
186,1,1761.00,429.00,78.00,220.00,0.530487,-1,-1,-1
186,9,1872.00,379.00,47.00,286.00,0.545344,-1,-1,-1
186,22,1802.00,387.00,89.00,291.00,0.803540,-1,-1,-1
186,24,233.00,200.00,343.00,831.00,0.931308,-1,-1,-1
186,51,1157.00,370.00,116.00,368.00,0.874815,-1,-1,-1
186,71,1385.00,451.00,81.00,195.00,0.848345,-1,-1,-1
186,87,1247.00,469.00,43.00,127.00,0.153072,-1,-1,-1
186,88,1726.00,408.00,61.00,234.00,0.732644,-1,-1,-1
186,95,79.00,284.00,140.00,646.00,0.926315,-1,-1,-1
186,98,1680.00,469.00,41.00,118.00,0.462861,-1,-1,-1
187,9,1869.00,381.00,47.00,281.00,0.698633,-1,-1,-1
187,22,1795.00,391.00,93.00,286.00,0.847077,-1,-1,-1
187,24,215.00,201.00,354.00,839.00,0.929324,-1,-1,-1
187,51,1169.00,371.00,118.00,366.00,0.894473,-1,-1,-1
187,71,1388.00,450.00,82.00,195.00,0.769496,-1,-1,-1
187,87,1255.00,467.00,42.00,122.00,0.109470,-1,-1,-1
187,88,1730.00,410.00,61.00,231.00,0.772725,-1,-1,-1
187,95,71.00,283.00,152.00,646.00,0.929359,-1,-1,-1
187,98,1681.00,469.00,40.00,117.00,0.496780,-1,-1,-1
188,9,1861.00,383.00,51.00,286.00,0.711669,-1,-1,-1
188,22,1788.00,394.00,97.00,282.00,0.843129,-1,-1,-1
188,24,202.00,202.00,364.00,845.00,0.919009,-1,-1,-1
188,51,1180.00,375.00,120.00,361.00,0.898203,-1,-1,-1
188,71,1392.00,449.00,82.00,196.00,0.749030,-1,-1,-1
188,87,1260.00,466.00,43.00,120.00,0.124733,-1,-1,-1
188,88,1732.00,411.00,62.00,230.00,0.778882,-1,-1,-1
188,89,792.00,514.00,40.00,101.00,0.493329,-1,-1,-1
188,95,65.00,282.00,162.00,640.00,0.923893,-1,-1,-1
188,98,1681.00,469.00,40.00,116.00,0.465736,-1,-1,-1
189,9,1852.00,386.00,55.00,285.00,0.711453,-1,-1,-1
189,22,1783.00,394.00,103.00,281.00,0.825465,-1,-1,-1
189,24,189.00,200.00,376.00,857.00,0.923961,-1,-1,-1
189,51,1187.00,378.00,123.00,357.00,0.896408,-1,-1,-1
189,71,1398.00,449.00,80.00,196.00,0.782165,-1,-1,-1
189,88,1733.00,412.00,61.00,225.00,0.732723,-1,-1,-1
189,89,793.00,515.00,38.00,99.00,0.421555,-1,-1,-1
189,95,61.00,279.00,168.00,634.00,0.884382,-1,-1,-1
189,98,1680.00,470.00,41.00,116.00,0.467297,-1,-1,-1
190,9,1847.00,388.00,58.00,275.00,0.696396,-1,-1,-1
190,22,1773.00,395.00,105.00,281.00,0.832776,-1,-1,-1
190,24,173.00,195.00,384.00,869.00,0.922756,-1,-1,-1
190,51,1190.00,380.00,127.00,355.00,0.901596,-1,-1,-1
190,71,1406.00,447.00,79.00,198.00,0.787269,-1,-1,-1
190,88,1734.00,413.00,57.00,207.00,0.680482,-1,-1,-1
190,89,792.00,516.00,39.00,102.00,0.255014,-1,-1,-1
190,95,68.00,278.00,172.00,632.00,0.863799,-1,-1,-1
190,98,1679.00,470.00,41.00,116.00,0.540053,-1,-1,-1
191,9,1844.00,388.00,60.00,267.00,0.740330,-1,-1,-1
191,22,1766.00,397.00,105.00,279.00,0.813110,-1,-1,-1
191,24,160.00,187.00,391.00,880.00,0.929937,-1,-1,-1
191,51,1191.00,382.00,129.00,353.00,0.906165,-1,-1,-1
191,71,1411.00,446.00,78.00,199.00,0.781917,-1,-1,-1
191,88,1733.00,417.00,54.00,194.00,0.612464,-1,-1,-1
191,89,793.00,517.00,38.00,102.00,0.264937,-1,-1,-1
191,95,83.00,278.00,171.00,629.00,0.854505,-1,-1,-1
191,98,1679.00,470.00,41.00,116.00,0.561459,-1,-1,-1
192,9,1835.00,391.00,66.00,274.00,0.778250,-1,-1,-1
192,22,1751.00,396.00,106.00,278.00,0.776593,-1,-1,-1
192,24,122.00,179.00,396.00,888.00,0.908853,-1,-1,-1
192,51,1194.00,384.00,131.00,350.00,0.902344,-1,-1,-1
192,71,1417.00,447.00,76.00,199.00,0.812537,-1,-1,-1
192,88,1728.00,407.00,54.00,200.00,0.156230,-1,-1,-1
192,95,101.00,282.00,169.00,624.00,0.732921,-1,-1,-1
192,98,1679.00,471.00,41.00,116.00,0.574963,-1,-1,-1
193,9,1830.00,393.00,70.00,275.00,0.828226,-1,-1,-1
193,22,1740.00,397.00,105.00,277.00,0.825687,-1,-1,-1
193,24,89.00,172.00,397.00,895.00,0.911531,-1,-1,-1
193,51,1201.00,384.00,131.00,347.00,0.895225,-1,-1,-1
193,71,1423.00,447.00,76.00,200.00,0.845299,-1,-1,-1
193,95,102.00,283.00,168.00,624.00,0.288260,-1,-1,-1
193,98,1680.00,471.00,40.00,116.00,0.572823,-1,-1,-1
193,102,1881.00,428.00,36.00,206.00,0.656345,-1,-1,-1
194,9,1823.00,394.00,76.00,276.00,0.845639,-1,-1,-1
194,22,1729.00,397.00,104.00,276.00,0.790878,-1,-1,-1
194,24,58.00,164.00,396.00,904.00,0.917010,-1,-1,-1
194,51,1207.00,382.00,131.00,346.00,0.886042,-1,-1,-1
194,71,1429.00,448.00,75.00,197.00,0.837424,-1,-1,-1
194,98,1680.00,470.00,41.00,117.00,0.564823,-1,-1,-1
194,102,1877.00,427.00,38.00,217.00,0.736290,-1,-1,-1
195,9,1818.00,394.00,80.00,275.00,0.833206,-1,-1,-1
195,22,1721.00,395.00,102.00,280.00,0.766939,-1,-1,-1
195,24,24.00,160.00,397.00,914.00,0.932682,-1,-1,-1
195,51,1220.00,379.00,131.00,346.00,0.881640,-1,-1,-1
195,71,1434.00,448.00,75.00,198.00,0.835388,-1,-1,-1
195,98,1681.00,470.00,41.00,117.00,0.515762,-1,-1,-1
195,102,1876.00,427.00,38.00,217.00,0.724103,-1,-1,-1
196,9,1808.00,394.00,82.00,275.00,0.800108,-1,-1,-1
196,22,1712.00,396.00,102.00,278.00,0.834889,-1,-1,-1
196,24,0.00,154.00,396.00,919.00,0.938542,-1,-1,-1
196,51,1232.00,377.00,129.00,347.00,0.882878,-1,-1,-1
196,71,1438.00,447.00,76.00,200.00,0.825285,-1,-1,-1
196,98,1680.00,470.00,42.00,117.00,0.358792,-1,-1,-1
196,102,1876.00,427.00,39.00,217.00,0.790353,-1,-1,-1
197,1,1776.00,391.00,94.00,276.00,0.701157,-1,-1,-1
197,9,1811.00,392.00,78.00,270.00,0.319771,-1,-1,-1
197,22,1701.00,398.00,102.00,276.00,0.879366,-1,-1,-1
197,24,0.00,151.00,379.00,921.00,0.946723,-1,-1,-1
197,51,1242.00,374.00,128.00,349.00,0.863420,-1,-1,-1
197,71,1440.00,448.00,77.00,198.00,0.820936,-1,-1,-1
197,86,1839.00,434.00,46.00,198.00,0.740639,-1,-1,-1
197,102,1878.00,428.00,38.00,214.00,0.759657,-1,-1,-1
197,104,304.00,667.00,127.00,206.00,0.529407,-1,-1,-1
198,1,1774.00,390.00,93.00,279.00,0.765215,-1,-1,-1
198,22,1690.00,399.00,106.00,275.00,0.863130,-1,-1,-1
198,24,0.00,149.00,369.00,921.00,0.902577,-1,-1,-1
198,51,1248.00,373.00,128.00,350.00,0.880065,-1,-1,-1
198,71,1443.00,449.00,77.00,196.00,0.812165,-1,-1,-1
198,86,1836.00,433.00,48.00,204.00,0.774234,-1,-1,-1
198,102,1880.00,428.00,37.00,212.00,0.767873,-1,-1,-1
199,1,1768.00,391.00,90.00,278.00,0.709813,-1,-1,-1
199,22,1678.00,400.00,110.00,274.00,0.860339,-1,-1,-1
199,24,0.00,148.00,354.00,923.00,0.927864,-1,-1,-1
199,51,1255.00,372.00,127.00,351.00,0.867314,-1,-1,-1
199,71,1445.00,449.00,79.00,197.00,0.837241,-1,-1,-1
199,86,1834.00,431.00,50.00,208.00,0.826451,-1,-1,-1
199,102,1881.00,429.00,37.00,208.00,0.743199,-1,-1,-1
199,105,265.00,295.00,188.00,578.00,0.879072,-1,-1,-1
200,1,1762.00,392.00,88.00,277.00,0.665312,-1,-1,-1
200,22,1669.00,403.00,114.00,272.00,0.889662,-1,-1,-1
200,24,0.00,146.00,344.00,925.00,0.948691,-1,-1,-1
200,51,1264.00,374.00,124.00,348.00,0.862713,-1,-1,-1
200,71,1446.00,449.00,81.00,198.00,0.802051,-1,-1,-1
200,86,1831.00,430.00,53.00,209.00,0.851518,-1,-1,-1
200,102,1883.00,432.00,36.00,203.00,0.700729,-1,-1,-1
200,105,257.00,300.00,189.00,578.00,0.902042,-1,-1,-1
201,1,1757.00,393.00,88.00,277.00,0.719694,-1,-1,-1
201,22,1663.00,405.00,117.00,268.00,0.886673,-1,-1,-1
201,24,0.00,146.00,339.00,925.00,0.949926,-1,-1,-1
201,51,1272.00,380.00,122.00,343.00,0.880583,-1,-1,-1
201,71,1452.00,450.00,81.00,197.00,0.794260,-1,-1,-1
201,86,1829.00,429.00,56.00,210.00,0.855432,-1,-1,-1
201,102,1885.00,433.00,35.00,199.00,0.664634,-1,-1,-1
201,105,244.00,303.00,195.00,590.00,0.906882,-1,-1,-1
202,1,1747.00,396.00,90.00,274.00,0.604094,-1,-1,-1
202,22,1659.00,407.00,120.00,265.00,0.856383,-1,-1,-1
202,24,0.00,138.00,331.00,933.00,0.926685,-1,-1,-1
202,51,1283.00,384.00,121.00,338.00,0.902578,-1,-1,-1
202,56,1765.00,402.00,75.00,264.00,0.420387,-1,-1,-1
202,71,1457.00,448.00,80.00,198.00,0.734659,-1,-1,-1
202,86,1827.00,428.00,59.00,212.00,0.858212,-1,-1,-1
202,102,1888.00,439.00,32.00,190.00,0.573821,-1,-1,-1
202,105,236.00,302.00,202.00,599.00,0.913238,-1,-1,-1
203,1,1742.00,403.00,90.00,267.00,0.468416,-1,-1,-1
203,22,1654.00,407.00,124.00,267.00,0.802584,-1,-1,-1
203,24,0.00,131.00,319.00,939.00,0.876317,-1,-1,-1
203,51,1291.00,386.00,121.00,336.00,0.910280,-1,-1,-1
203,56,1768.00,405.00,73.00,263.00,0.658549,-1,-1,-1
203,71,1462.00,447.00,78.00,197.00,0.716935,-1,-1,-1
203,86,1829.00,428.00,61.00,211.00,0.858768,-1,-1,-1
203,102,1892.00,442.00,28.00,170.00,0.417270,-1,-1,-1
203,105,243.00,297.00,206.00,601.00,0.893591,-1,-1,-1
204,1,1746.00,408.00,89.00,261.00,0.425714,-1,-1,-1
204,22,1649.00,408.00,125.00,265.00,0.804038,-1,-1,-1
204,24,0.00,124.00,303.00,948.00,0.913394,-1,-1,-1
204,51,1297.00,387.00,121.00,335.00,0.905455,-1,-1,-1
204,56,1778.00,412.00,64.00,230.00,0.615259,-1,-1,-1
204,71,1466.00,446.00,78.00,199.00,0.757102,-1,-1,-1
204,86,1829.00,428.00,64.00,211.00,0.847437,-1,-1,-1
204,102,1896.00,443.00,24.00,143.00,0.330699,-1,-1,-1
204,105,254.00,294.00,207.00,601.00,0.881749,-1,-1,-1
204,107,1690.00,402.00,98.00,271.00,0.515673,-1,-1,-1
205,1,1738.00,405.00,93.00,264.00,0.706737,-1,-1,-1
205,9,1765.00,409.00,76.00,257.00,0.458374,-1,-1,-1
205,22,1640.00,408.00,124.00,265.00,0.826424,-1,-1,-1
205,24,0.00,112.00,268.00,959.00,0.916380,-1,-1,-1
205,51,1303.00,388.00,120.00,333.00,0.900920,-1,-1,-1
205,56,1780.00,416.00,61.00,212.00,0.749180,-1,-1,-1
205,71,1472.00,445.00,77.00,201.00,0.764563,-1,-1,-1
205,86,1830.00,429.00,66.00,211.00,0.811568,-1,-1,-1
205,102,1895.00,444.00,25.00,157.00,0.310026,-1,-1,-1
205,105,274.00,293.00,204.00,591.00,0.910227,-1,-1,-1
206,1,1731.00,405.00,96.00,264.00,0.847853,-1,-1,-1
206,8,111.00,474.00,86.00,272.00,0.714053,-1,-1,-1
206,9,1761.00,410.00,76.00,254.00,0.264721,-1,-1,-1
206,22,1631.00,408.00,121.00,264.00,0.824246,-1,-1,-1
206,24,0.00,103.00,242.00,966.00,0.909604,-1,-1,-1
206,51,1309.00,388.00,118.00,331.00,0.889816,-1,-1,-1
206,56,1780.00,417.00,60.00,206.00,0.768538,-1,-1,-1
206,71,1477.00,447.00,76.00,200.00,0.775528,-1,-1,-1
206,86,1833.00,430.00,68.00,210.00,0.815777,-1,-1,-1
206,102,1893.00,443.00,27.00,164.00,0.299062,-1,-1,-1
206,105,287.00,295.00,199.00,582.00,0.894540,-1,-1,-1
207,1,1718.00,404.00,101.00,266.00,0.879921,-1,-1,-1
207,8,118.00,511.00,74.00,233.00,0.775718,-1,-1,-1
207,22,1619.00,407.00,118.00,265.00,0.797641,-1,-1,-1
207,24,0.00,104.00,216.00,965.00,0.876649,-1,-1,-1
207,51,1317.00,387.00,115.00,327.00,0.880626,-1,-1,-1
207,56,1779.00,419.00,60.00,204.00,0.805350,-1,-1,-1
207,71,1483.00,449.00,75.00,197.00,0.676760,-1,-1,-1
207,86,1834.00,431.00,70.00,210.00,0.825422,-1,-1,-1
207,102,1891.00,444.00,28.00,166.00,0.306802,-1,-1,-1
207,105,302.00,297.00,197.00,577.00,0.915879,-1,-1,-1
207,109,1161.00,466.00,31.00,177.00,0.541128,-1,-1,-1
208,1,1707.00,403.00,106.00,267.00,0.866738,-1,-1,-1
208,8,120.00,526.00,70.00,217.00,0.744177,-1,-1,-1
208,22,1608.00,407.00,115.00,263.00,0.792209,-1,-1,-1
208,24,0.00,129.00,191.00,940.00,0.834225,-1,-1,-1
208,51,1323.00,387.00,113.00,324.00,0.870426,-1,-1,-1
208,56,1780.00,419.00,63.00,209.00,0.817746,-1,-1,-1
208,71,1490.00,447.00,76.00,199.00,0.702245,-1,-1,-1
208,86,1834.00,432.00,69.00,209.00,0.844614,-1,-1,-1
208,102,1893.00,449.00,27.00,164.00,0.209486,-1,-1,-1
208,105,314.00,297.00,196.00,575.00,0.922489,-1,-1,-1
208,109,1162.00,465.00,32.00,179.00,0.661764,-1,-1,-1
209,1,1699.00,401.00,110.00,269.00,0.849535,-1,-1,-1
209,8,121.00,530.00,69.00,213.00,0.746335,-1,-1,-1
209,22,1602.00,407.00,111.00,265.00,0.797045,-1,-1,-1
209,51,1328.00,385.00,112.00,325.00,0.864731,-1,-1,-1
209,56,1782.00,419.00,64.00,210.00,0.798975,-1,-1,-1
209,71,1497.00,448.00,76.00,198.00,0.746195,-1,-1,-1
209,86,1835.00,434.00,70.00,206.00,0.817956,-1,-1,-1
209,102,1893.00,449.00,27.00,166.00,0.230625,-1,-1,-1
209,105,324.00,298.00,195.00,574.00,0.916099,-1,-1,-1
209,109,1164.00,464.00,32.00,179.00,0.678676,-1,-1,-1
210,8,122.00,530.00,68.00,213.00,0.726866,-1,-1,-1
210,22,1595.00,410.00,108.00,261.00,0.821552,-1,-1,-1
210,51,1334.00,383.00,112.00,327.00,0.864953,-1,-1,-1
210,56,1783.00,418.00,66.00,215.00,0.797203,-1,-1,-1
210,71,1504.00,449.00,78.00,196.00,0.810352,-1,-1,-1
210,86,1839.00,434.00,70.00,205.00,0.837011,-1,-1,-1
210,102,1893.00,447.00,27.00,168.00,0.266158,-1,-1,-1
210,105,341.00,299.00,197.00,573.00,0.923199,-1,-1,-1
210,107,1691.00,402.00,98.00,265.00,0.887521,-1,-1,-1
210,109,1170.00,464.00,33.00,179.00,0.739475,-1,-1,-1
210,110,0.00,360.00,68.00,712.00,0.673413,-1,-1,-1
211,8,120.00,529.00,69.00,215.00,0.617660,-1,-1,-1
211,22,1585.00,411.00,106.00,260.00,0.866272,-1,-1,-1
211,51,1340.00,382.00,111.00,327.00,0.862632,-1,-1,-1
211,56,1785.00,417.00,66.00,216.00,0.787966,-1,-1,-1
211,71,1507.00,450.00,79.00,195.00,0.802536,-1,-1,-1
211,86,1842.00,434.00,69.00,203.00,0.846998,-1,-1,-1
211,102,1895.00,448.00,25.00,163.00,0.233555,-1,-1,-1
211,105,358.00,299.00,199.00,573.00,0.913643,-1,-1,-1
211,107,1685.00,402.00,98.00,264.00,0.873858,-1,-1,-1
211,109,1175.00,463.00,34.00,180.00,0.805484,-1,-1,-1
212,8,120.00,527.00,69.00,216.00,0.711308,-1,-1,-1
212,22,1575.00,414.00,106.00,258.00,0.869946,-1,-1,-1
212,51,1354.00,383.00,111.00,326.00,0.888511,-1,-1,-1
212,56,1787.00,417.00,66.00,215.00,0.782718,-1,-1,-1
212,71,1506.00,452.00,82.00,195.00,0.789777,-1,-1,-1
212,86,1843.00,434.00,69.00,201.00,0.832835,-1,-1,-1
212,102,1896.00,447.00,24.00,159.00,0.183548,-1,-1,-1
212,105,380.00,301.00,203.00,571.00,0.921471,-1,-1,-1
212,107,1669.00,401.00,97.00,265.00,0.765196,-1,-1,-1
212,109,1182.00,464.00,35.00,179.00,0.792874,-1,-1,-1
212,111,2.00,899.00,39.00,178.00,0.445852,-1,-1,-1
213,8,120.00,527.00,70.00,217.00,0.733148,-1,-1,-1
213,22,1568.00,417.00,108.00,255.00,0.876212,-1,-1,-1
213,51,1366.00,386.00,112.00,322.00,0.893676,-1,-1,-1
213,56,1787.00,416.00,66.00,215.00,0.764136,-1,-1,-1
213,71,1504.00,451.00,83.00,198.00,0.777188,-1,-1,-1
213,86,1843.00,434.00,70.00,200.00,0.829153,-1,-1,-1
213,102,1891.00,442.00,26.00,162.00,0.220190,-1,-1,-1
213,105,393.00,303.00,209.00,570.00,0.928478,-1,-1,-1
213,107,1657.00,403.00,96.00,264.00,0.846862,-1,-1,-1
213,109,1185.00,465.00,38.00,179.00,0.821702,-1,-1,-1
213,111,8.00,950.00,29.00,129.00,0.133218,-1,-1,-1
214,8,120.00,526.00,70.00,218.00,0.711804,-1,-1,-1
214,22,1563.00,418.00,109.00,254.00,0.889820,-1,-1,-1
214,51,1375.00,389.00,113.00,318.00,0.893999,-1,-1,-1
214,56,1788.00,416.00,66.00,215.00,0.772662,-1,-1,-1
214,71,1501.00,451.00,84.00,197.00,0.734283,-1,-1,-1
214,86,1843.00,433.00,71.00,201.00,0.825614,-1,-1,-1
214,102,1892.00,439.00,28.00,180.00,0.114045,-1,-1,-1
214,105,403.00,305.00,213.00,568.00,0.933993,-1,-1,-1
214,107,1646.00,405.00,94.00,263.00,0.842806,-1,-1,-1
214,109,1187.00,465.00,41.00,179.00,0.870863,-1,-1,-1
215,8,121.00,527.00,69.00,217.00,0.771108,-1,-1,-1
215,22,1558.00,419.00,112.00,253.00,0.884729,-1,-1,-1
215,51,1383.00,390.00,114.00,317.00,0.899525,-1,-1,-1
215,56,1790.00,417.00,66.00,214.00,0.759164,-1,-1,-1
215,71,1504.00,450.00,82.00,196.00,0.662970,-1,-1,-1
215,86,1843.00,432.00,72.00,201.00,0.825581,-1,-1,-1
215,102,1889.00,437.00,29.00,186.00,0.362113,-1,-1,-1
215,105,410.00,308.00,214.00,565.00,0.923685,-1,-1,-1
215,107,1641.00,405.00,94.00,263.00,0.830353,-1,-1,-1
215,109,1187.00,464.00,44.00,179.00,0.878196,-1,-1,-1
216,8,121.00,526.00,70.00,217.00,0.773592,-1,-1,-1
216,22,1556.00,420.00,112.00,251.00,0.841438,-1,-1,-1
216,51,1386.00,391.00,116.00,316.00,0.907331,-1,-1,-1
216,56,1791.00,417.00,66.00,214.00,0.770764,-1,-1,-1
216,71,1507.00,449.00,80.00,195.00,0.563594,-1,-1,-1
216,86,1843.00,432.00,73.00,201.00,0.813392,-1,-1,-1
216,102,1887.00,436.00,31.00,189.00,0.400630,-1,-1,-1
216,105,415.00,312.00,215.00,560.00,0.920706,-1,-1,-1
216,107,1636.00,406.00,94.00,263.00,0.840363,-1,-1,-1
216,109,1187.00,461.00,47.00,182.00,0.834232,-1,-1,-1
216,116,45.00,500.00,66.00,248.00,0.588724,-1,-1,-1
217,8,121.00,529.00,69.00,215.00,0.752296,-1,-1,-1
217,22,1549.00,420.00,112.00,251.00,0.861738,-1,-1,-1
217,51,1391.00,393.00,116.00,314.00,0.900286,-1,-1,-1
217,56,1794.00,419.00,66.00,214.00,0.775579,-1,-1,-1
217,71,1513.00,450.00,75.00,190.00,0.491541,-1,-1,-1
217,86,1844.00,432.00,73.00,200.00,0.820954,-1,-1,-1
217,102,1886.00,435.00,31.00,193.00,0.280261,-1,-1,-1
217,105,416.00,314.00,217.00,554.00,0.921957,-1,-1,-1
217,107,1631.00,408.00,94.00,260.00,0.864528,-1,-1,-1
217,109,1191.00,461.00,48.00,180.00,0.785819,-1,-1,-1
217,116,47.00,501.00,65.00,247.00,0.382142,-1,-1,-1
218,8,121.00,529.00,69.00,215.00,0.715612,-1,-1,-1
218,22,1541.00,417.00,111.00,254.00,0.837870,-1,-1,-1
218,51,1393.00,392.00,117.00,314.00,0.905077,-1,-1,-1
218,56,1796.00,420.00,66.00,212.00,0.799987,-1,-1,-1
218,86,1846.00,433.00,72.00,198.00,0.829851,-1,-1,-1
218,102,1885.00,435.00,32.00,194.00,0.218226,-1,-1,-1
218,105,417.00,315.00,218.00,551.00,0.927107,-1,-1,-1
218,107,1627.00,410.00,95.00,258.00,0.872947,-1,-1,-1
218,109,1196.00,461.00,48.00,180.00,0.787054,-1,-1,-1
218,116,48.00,502.00,65.00,246.00,0.377407,-1,-1,-1
219,8,121.00,526.00,70.00,218.00,0.690275,-1,-1,-1
219,22,1535.00,414.00,110.00,256.00,0.825919,-1,-1,-1
219,51,1396.00,392.00,116.00,313.00,0.883658,-1,-1,-1
219,56,1797.00,421.00,67.00,211.00,0.822542,-1,-1,-1
219,86,1847.00,434.00,72.00,197.00,0.846597,-1,-1,-1
219,98,1680.00,467.00,43.00,119.00,0.263442,-1,-1,-1
219,105,418.00,314.00,219.00,550.00,0.923123,-1,-1,-1
219,107,1622.00,410.00,97.00,258.00,0.877386,-1,-1,-1
219,109,1201.00,460.00,50.00,181.00,0.783218,-1,-1,-1
219,110,29.00,526.00,54.00,476.00,0.761327,-1,-1,-1
219,116,57.00,560.00,50.00,187.00,0.129221,-1,-1,-1
220,8,120.00,518.00,72.00,226.00,0.673835,-1,-1,-1
220,22,1528.00,415.00,106.00,255.00,0.743911,-1,-1,-1
220,51,1402.00,392.00,114.00,309.00,0.880356,-1,-1,-1
220,56,1799.00,422.00,66.00,210.00,0.822213,-1,-1,-1
220,86,1848.00,436.00,71.00,195.00,0.868196,-1,-1,-1
220,98,1681.00,467.00,43.00,119.00,0.371131,-1,-1,-1
220,105,422.00,316.00,218.00,545.00,0.922982,-1,-1,-1
220,107,1612.00,411.00,100.00,257.00,0.874732,-1,-1,-1
220,109,1208.00,460.00,50.00,181.00,0.766199,-1,-1,-1
221,8,119.00,509.00,75.00,235.00,0.681000,-1,-1,-1
221,22,1522.00,414.00,102.00,255.00,0.723815,-1,-1,-1
221,51,1408.00,392.00,112.00,308.00,0.881422,-1,-1,-1
221,56,1799.00,423.00,66.00,208.00,0.808513,-1,-1,-1
221,86,1849.00,437.00,71.00,195.00,0.865689,-1,-1,-1
221,98,1681.00,468.00,42.00,118.00,0.457703,-1,-1,-1
221,105,428.00,316.00,217.00,542.00,0.912528,-1,-1,-1
221,107,1604.00,413.00,103.00,255.00,0.880849,-1,-1,-1
221,109,1212.00,459.00,52.00,182.00,0.806438,-1,-1,-1
221,118,14.00,226.00,192.00,755.00,0.915145,-1,-1,-1
222,8,119.00,510.00,74.00,234.00,0.456424,-1,-1,-1
222,22,1512.00,417.00,100.00,253.00,0.717410,-1,-1,-1
222,51,1414.00,389.00,111.00,311.00,0.853352,-1,-1,-1
222,56,1799.00,424.00,66.00,207.00,0.785100,-1,-1,-1
222,86,1850.00,439.00,70.00,193.00,0.851474,-1,-1,-1
222,98,1680.00,469.00,42.00,116.00,0.509166,-1,-1,-1
222,105,440.00,315.00,213.00,534.00,0.906258,-1,-1,-1
222,107,1599.00,413.00,103.00,254.00,0.872613,-1,-1,-1
222,109,1219.00,460.00,52.00,181.00,0.786142,-1,-1,-1
222,118,24.00,230.00,191.00,751.00,0.923487,-1,-1,-1
223,8,117.00,502.00,78.00,242.00,0.142999,-1,-1,-1
223,22,1502.00,418.00,98.00,252.00,0.773548,-1,-1,-1
223,51,1420.00,389.00,109.00,310.00,0.832330,-1,-1,-1
223,56,1801.00,424.00,66.00,206.00,0.776286,-1,-1,-1
223,86,1852.00,438.00,68.00,193.00,0.836344,-1,-1,-1
223,98,1680.00,469.00,42.00,116.00,0.463244,-1,-1,-1
223,105,452.00,315.00,209.00,528.00,0.915471,-1,-1,-1
223,107,1588.00,414.00,103.00,252.00,0.874630,-1,-1,-1
223,109,1225.00,459.00,54.00,183.00,0.811927,-1,-1,-1
223,118,28.00,233.00,192.00,747.00,0.932777,-1,-1,-1
224,22,1497.00,418.00,98.00,252.00,0.747114,-1,-1,-1
224,51,1423.00,388.00,106.00,310.00,0.816945,-1,-1,-1
224,56,1804.00,424.00,65.00,203.00,0.774827,-1,-1,-1
224,86,1852.00,438.00,68.00,192.00,0.832958,-1,-1,-1
224,98,1680.00,470.00,42.00,115.00,0.466676,-1,-1,-1
224,105,464.00,313.00,205.00,526.00,0.924581,-1,-1,-1
224,107,1581.00,414.00,102.00,251.00,0.866122,-1,-1,-1
224,109,1231.00,458.00,57.00,184.00,0.839868,-1,-1,-1
224,118,29.00,236.00,193.00,744.00,0.934023,-1,-1,-1
225,22,1497.00,420.00,96.00,249.00,0.775673,-1,-1,-1
225,51,1431.00,390.00,104.00,306.00,0.815148,-1,-1,-1
225,56,1806.00,423.00,65.00,204.00,0.813288,-1,-1,-1
225,86,1853.00,437.00,67.00,191.00,0.842399,-1,-1,-1
225,98,1679.00,469.00,43.00,116.00,0.540760,-1,-1,-1
225,105,474.00,313.00,202.00,525.00,0.928754,-1,-1,-1
225,107,1570.00,413.00,100.00,252.00,0.827627,-1,-1,-1
225,109,1237.00,458.00,60.00,184.00,0.844455,-1,-1,-1
225,118,28.00,235.00,196.00,745.00,0.923203,-1,-1,-1
226,22,1499.00,423.00,94.00,246.00,0.649760,-1,-1,-1
226,51,1438.00,390.00,102.00,304.00,0.831064,-1,-1,-1
226,56,1808.00,422.00,64.00,203.00,0.804908,-1,-1,-1
226,86,1854.00,436.00,66.00,192.00,0.832774,-1,-1,-1
226,98,1679.00,469.00,42.00,117.00,0.488616,-1,-1,-1
226,105,482.00,312.00,199.00,525.00,0.927327,-1,-1,-1
226,107,1559.00,413.00,99.00,253.00,0.767536,-1,-1,-1
226,109,1240.00,460.00,62.00,182.00,0.850640,-1,-1,-1
226,118,27.00,233.00,199.00,747.00,0.927370,-1,-1,-1
227,22,1504.00,437.00,87.00,231.00,0.506206,-1,-1,-1
227,51,1446.00,393.00,102.00,302.00,0.843795,-1,-1,-1
227,56,1810.00,422.00,64.00,204.00,0.807361,-1,-1,-1
227,86,1856.00,434.00,64.00,194.00,0.842224,-1,-1,-1
227,98,1679.00,470.00,42.00,116.00,0.464248,-1,-1,-1
227,105,492.00,313.00,197.00,525.00,0.920229,-1,-1,-1
227,107,1551.00,414.00,96.00,251.00,0.815798,-1,-1,-1
227,109,1243.00,461.00,65.00,180.00,0.869223,-1,-1,-1
227,118,26.00,228.00,205.00,760.00,0.929887,-1,-1,-1
228,22,1508.00,436.00,85.00,231.00,0.500304,-1,-1,-1
228,51,1452.00,394.00,101.00,300.00,0.847934,-1,-1,-1
228,56,1812.00,422.00,64.00,204.00,0.818500,-1,-1,-1
228,86,1858.00,433.00,62.00,196.00,0.829991,-1,-1,-1
228,98,1679.00,470.00,42.00,116.00,0.500099,-1,-1,-1
228,105,501.00,314.00,195.00,523.00,0.922667,-1,-1,-1
228,107,1547.00,415.00,94.00,250.00,0.779121,-1,-1,-1
228,109,1244.00,459.00,68.00,182.00,0.859340,-1,-1,-1
228,118,39.00,224.00,208.00,759.00,0.913321,-1,-1,-1
229,22,1511.00,423.00,87.00,242.00,0.464933,-1,-1,-1
229,51,1456.00,397.00,102.00,298.00,0.837934,-1,-1,-1
229,56,1814.00,422.00,65.00,204.00,0.808525,-1,-1,-1
229,86,1859.00,433.00,61.00,196.00,0.808363,-1,-1,-1
229,98,1679.00,469.00,42.00,116.00,0.504665,-1,-1,-1
229,105,510.00,316.00,192.00,522.00,0.935746,-1,-1,-1
229,107,1538.00,415.00,96.00,251.00,0.636166,-1,-1,-1
229,109,1246.00,458.00,69.00,183.00,0.866093,-1,-1,-1
229,118,77.00,221.00,207.00,756.00,0.890065,-1,-1,-1
230,51,1463.00,398.00,102.00,297.00,0.865162,-1,-1,-1
230,56,1816.00,423.00,64.00,203.00,0.809086,-1,-1,-1
230,86,1861.00,433.00,59.00,196.00,0.786736,-1,-1,-1
230,98,1680.00,470.00,41.00,114.00,0.511916,-1,-1,-1
230,105,519.00,318.00,189.00,520.00,0.928316,-1,-1,-1
230,107,1536.00,420.00,94.00,245.00,0.704027,-1,-1,-1
230,109,1250.00,456.00,70.00,184.00,0.830057,-1,-1,-1
230,118,112.00,219.00,207.00,756.00,0.908986,-1,-1,-1
231,51,1465.00,398.00,103.00,296.00,0.854533,-1,-1,-1
231,56,1818.00,424.00,64.00,202.00,0.808656,-1,-1,-1
231,71,1585.00,447.00,73.00,189.00,0.548932,-1,-1,-1
231,86,1862.00,434.00,58.00,194.00,0.782523,-1,-1,-1
231,98,1680.00,469.00,41.00,115.00,0.476531,-1,-1,-1
231,105,528.00,321.00,187.00,518.00,0.922755,-1,-1,-1
231,107,1535.00,423.00,94.00,242.00,0.743291,-1,-1,-1
231,109,1255.00,453.00,70.00,187.00,0.826716,-1,-1,-1
231,118,141.00,222.00,209.00,752.00,0.922873,-1,-1,-1
232,8,119.00,526.00,70.00,218.00,0.668962,-1,-1,-1
232,51,1466.00,397.00,103.00,296.00,0.768536,-1,-1,-1
232,56,1819.00,424.00,64.00,201.00,0.838186,-1,-1,-1
232,71,1591.00,447.00,71.00,188.00,0.653769,-1,-1,-1
232,86,1864.00,437.00,56.00,191.00,0.784376,-1,-1,-1
232,98,1680.00,469.00,42.00,115.00,0.463322,-1,-1,-1
232,105,540.00,324.00,187.00,516.00,0.912289,-1,-1,-1
232,107,1543.00,440.00,86.00,225.00,0.641902,-1,-1,-1
232,109,1264.00,451.00,69.00,189.00,0.772560,-1,-1,-1
232,118,178.00,231.00,218.00,741.00,0.928839,-1,-1,-1
232,124,34.00,497.00,82.00,251.00,0.374805,-1,-1,-1
233,4,1399.00,425.00,163.00,247.00,0.612670,-1,-1,-1
233,8,122.00,524.00,71.00,221.00,0.760822,-1,-1,-1
233,51,1476.00,396.00,101.00,293.00,0.774446,-1,-1,-1
233,56,1820.00,425.00,64.00,199.00,0.837331,-1,-1,-1
233,71,1595.00,446.00,66.00,182.00,0.685300,-1,-1,-1
233,86,1865.00,439.00,55.00,189.00,0.792349,-1,-1,-1
233,98,1680.00,469.00,42.00,115.00,0.464774,-1,-1,-1
233,105,549.00,328.00,186.00,511.00,0.916078,-1,-1,-1
233,107,1546.00,437.00,87.00,229.00,0.499472,-1,-1,-1
233,109,1272.00,450.00,69.00,190.00,0.794719,-1,-1,-1
233,118,198.00,238.00,231.00,735.00,0.939612,-1,-1,-1
233,124,35.00,497.00,83.00,251.00,0.399312,-1,-1,-1
234,4,1400.00,425.00,151.00,250.00,0.711860,-1,-1,-1
234,8,123.00,527.00,70.00,217.00,0.724174,-1,-1,-1
234,51,1482.00,397.00,99.00,290.00,0.790020,-1,-1,-1
234,56,1821.00,426.00,64.00,198.00,0.842374,-1,-1,-1
234,71,1596.00,441.00,69.00,194.00,0.613163,-1,-1,-1
234,86,1865.00,439.00,55.00,190.00,0.793850,-1,-1,-1
234,98,1680.00,469.00,42.00,116.00,0.468694,-1,-1,-1
234,105,557.00,331.00,184.00,507.00,0.913622,-1,-1,-1
234,107,1548.00,439.00,84.00,227.00,0.218411,-1,-1,-1
234,109,1279.00,452.00,67.00,188.00,0.786789,-1,-1,-1
234,118,210.00,244.00,244.00,728.00,0.943873,-1,-1,-1
234,124,36.00,498.00,83.00,251.00,0.402001,-1,-1,-1
235,4,1397.00,424.00,139.00,251.00,0.775730,-1,-1,-1
235,8,122.00,525.00,71.00,219.00,0.730667,-1,-1,-1
235,51,1489.00,394.00,99.00,293.00,0.795801,-1,-1,-1
235,56,1822.00,426.00,63.00,198.00,0.832699,-1,-1,-1
235,71,1598.00,438.00,70.00,199.00,0.540164,-1,-1,-1
235,86,1867.00,439.00,53.00,190.00,0.783401,-1,-1,-1
235,98,1680.00,469.00,42.00,117.00,0.414348,-1,-1,-1
235,105,565.00,330.00,183.00,506.00,0.917330,-1,-1,-1
235,109,1285.00,452.00,67.00,189.00,0.783776,-1,-1,-1
235,118,214.00,252.00,257.00,718.00,0.945548,-1,-1,-1
235,124,37.00,498.00,82.00,250.00,0.362135,-1,-1,-1
236,4,1395.00,425.00,128.00,249.00,0.726747,-1,-1,-1
236,8,122.00,526.00,71.00,217.00,0.713248,-1,-1,-1
236,51,1493.00,393.00,99.00,294.00,0.843883,-1,-1,-1
236,56,1823.00,426.00,63.00,198.00,0.848309,-1,-1,-1
236,71,1600.00,437.00,70.00,202.00,0.507744,-1,-1,-1
236,86,1869.00,440.00,51.00,188.00,0.787058,-1,-1,-1
236,98,1680.00,469.00,42.00,118.00,0.434232,-1,-1,-1
236,105,571.00,332.00,182.00,504.00,0.901149,-1,-1,-1
236,109,1292.00,452.00,66.00,189.00,0.816698,-1,-1,-1
236,118,212.00,256.00,270.00,713.00,0.944263,-1,-1,-1
236,124,36.00,499.00,82.00,249.00,0.359152,-1,-1,-1
237,4,1390.00,429.00,121.00,245.00,0.767659,-1,-1,-1
237,8,121.00,524.00,72.00,220.00,0.683936,-1,-1,-1
237,22,1470.00,422.00,81.00,242.00,0.450156,-1,-1,-1
237,51,1499.00,396.00,98.00,290.00,0.842269,-1,-1,-1
237,56,1825.00,426.00,63.00,198.00,0.841914,-1,-1,-1
237,71,1605.00,440.00,69.00,200.00,0.646322,-1,-1,-1
237,98,1680.00,470.00,41.00,117.00,0.496415,-1,-1,-1
237,102,1882.00,440.00,33.00,183.00,0.773408,-1,-1,-1
237,105,580.00,333.00,179.00,500.00,0.908290,-1,-1,-1
237,109,1300.00,451.00,68.00,190.00,0.868801,-1,-1,-1
237,118,214.00,258.00,280.00,706.00,0.939827,-1,-1,-1
237,124,37.00,499.00,82.00,251.00,0.471744,-1,-1,-1
238,4,1386.00,431.00,117.00,242.00,0.811345,-1,-1,-1
238,8,122.00,521.00,72.00,223.00,0.708404,-1,-1,-1
238,22,1468.00,422.00,77.00,241.00,0.633252,-1,-1,-1
238,51,1507.00,396.00,97.00,290.00,0.866530,-1,-1,-1
238,56,1826.00,426.00,63.00,199.00,0.847184,-1,-1,-1
238,71,1609.00,442.00,69.00,198.00,0.634995,-1,-1,-1
238,98,1680.00,470.00,41.00,118.00,0.458217,-1,-1,-1
238,102,1881.00,439.00,35.00,184.00,0.766712,-1,-1,-1
238,105,590.00,333.00,177.00,497.00,0.923904,-1,-1,-1
238,109,1305.00,453.00,69.00,188.00,0.861581,-1,-1,-1
238,118,226.00,259.00,285.00,696.00,0.936168,-1,-1,-1
238,124,41.00,499.00,80.00,251.00,0.495211,-1,-1,-1
239,4,1383.00,433.00,115.00,240.00,0.824555,-1,-1,-1
239,8,122.00,521.00,73.00,224.00,0.689244,-1,-1,-1
239,22,1467.00,420.00,75.00,241.00,0.715920,-1,-1,-1
239,51,1516.00,398.00,98.00,286.00,0.876820,-1,-1,-1
239,56,1828.00,425.00,63.00,200.00,0.836735,-1,-1,-1
239,71,1613.00,439.00,71.00,202.00,0.591723,-1,-1,-1
239,98,1680.00,470.00,42.00,118.00,0.391054,-1,-1,-1
239,102,1881.00,438.00,35.00,184.00,0.766002,-1,-1,-1
239,105,599.00,333.00,173.00,491.00,0.919704,-1,-1,-1
239,109,1307.00,454.00,71.00,188.00,0.833787,-1,-1,-1
239,118,253.00,258.00,284.00,685.00,0.931259,-1,-1,-1
239,124,51.00,536.00,68.00,212.00,0.350325,-1,-1,-1
240,4,1380.00,435.00,113.00,237.00,0.845875,-1,-1,-1
240,8,123.00,524.00,72.00,221.00,0.680171,-1,-1,-1
240,22,1461.00,420.00,74.00,242.00,0.767039,-1,-1,-1
240,51,1523.00,398.00,101.00,286.00,0.863105,-1,-1,-1
240,56,1829.00,425.00,63.00,199.00,0.826515,-1,-1,-1
240,71,1616.00,438.00,72.00,202.00,0.693217,-1,-1,-1
240,98,1680.00,471.00,42.00,117.00,0.418041,-1,-1,-1
240,102,1881.00,437.00,36.00,185.00,0.758726,-1,-1,-1
240,105,608.00,333.00,171.00,484.00,0.918558,-1,-1,-1
240,109,1309.00,455.00,73.00,188.00,0.838770,-1,-1,-1
240,118,282.00,257.00,278.00,672.00,0.923167,-1,-1,-1
240,124,56.00,552.00,62.00,196.00,0.278881,-1,-1,-1
241,4,1380.00,437.00,110.00,234.00,0.857496,-1,-1,-1
241,8,123.00,516.00,76.00,229.00,0.692825,-1,-1,-1
241,22,1455.00,421.00,73.00,243.00,0.786670,-1,-1,-1
241,51,1529.00,399.00,102.00,285.00,0.875407,-1,-1,-1
241,56,1829.00,425.00,63.00,198.00,0.834885,-1,-1,-1
241,71,1616.00,435.00,74.00,205.00,0.709311,-1,-1,-1
241,98,1680.00,470.00,42.00,117.00,0.446807,-1,-1,-1
241,102,1880.00,436.00,37.00,185.00,0.769271,-1,-1,-1
241,105,614.00,332.00,169.00,481.00,0.923675,-1,-1,-1
241,109,1310.00,453.00,76.00,191.00,0.851753,-1,-1,-1
241,118,309.00,254.00,271.00,669.00,0.906814,-1,-1,-1
241,124,58.00,558.00,60.00,190.00,0.162856,-1,-1,-1
242,4,1376.00,436.00,107.00,233.00,0.770885,-1,-1,-1
242,8,122.00,523.00,74.00,222.00,0.621516,-1,-1,-1
242,22,1450.00,425.00,74.00,241.00,0.823400,-1,-1,-1
242,51,1533.00,401.00,102.00,283.00,0.882617,-1,-1,-1
242,56,1829.00,424.00,63.00,199.00,0.845066,-1,-1,-1
242,71,1616.00,431.00,75.00,207.00,0.647000,-1,-1,-1
242,98,1680.00,469.00,42.00,118.00,0.366813,-1,-1,-1
242,102,1880.00,436.00,38.00,185.00,0.770058,-1,-1,-1
242,105,621.00,332.00,167.00,481.00,0.923919,-1,-1,-1
242,109,1313.00,452.00,77.00,192.00,0.789268,-1,-1,-1
242,118,357.00,253.00,263.00,667.00,0.904897,-1,-1,-1
243,4,1369.00,436.00,105.00,231.00,0.834386,-1,-1,-1
243,8,122.00,528.00,72.00,217.00,0.648854,-1,-1,-1
243,22,1447.00,427.00,74.00,239.00,0.849716,-1,-1,-1
243,51,1536.00,402.00,102.00,281.00,0.874543,-1,-1,-1
243,56,1830.00,424.00,64.00,198.00,0.838749,-1,-1,-1
243,71,1618.00,432.00,74.00,205.00,0.622589,-1,-1,-1
243,98,1680.00,469.00,42.00,118.00,0.362536,-1,-1,-1
243,102,1881.00,437.00,37.00,184.00,0.741720,-1,-1,-1
243,105,627.00,332.00,166.00,480.00,0.917189,-1,-1,-1
243,109,1317.00,451.00,75.00,191.00,0.778411,-1,-1,-1
243,118,398.00,253.00,254.00,666.00,0.904123,-1,-1,-1
244,4,1367.00,436.00,102.00,230.00,0.775044,-1,-1,-1
244,8,121.00,522.00,73.00,222.00,0.639139,-1,-1,-1
244,22,1444.00,428.00,76.00,238.00,0.844075,-1,-1,-1
244,51,1538.00,402.00,102.00,281.00,0.878364,-1,-1,-1
244,56,1831.00,423.00,64.00,200.00,0.830181,-1,-1,-1
244,71,1619.00,433.00,73.00,204.00,0.634039,-1,-1,-1
244,98,1681.00,469.00,41.00,117.00,0.390925,-1,-1,-1
244,102,1882.00,438.00,37.00,184.00,0.746062,-1,-1,-1
244,105,633.00,332.00,164.00,479.00,0.912882,-1,-1,-1
244,109,1323.00,453.00,73.00,189.00,0.718876,-1,-1,-1
244,118,423.00,254.00,249.00,666.00,0.912448,-1,-1,-1
245,4,1358.00,436.00,97.00,230.00,0.741521,-1,-1,-1
245,8,122.00,518.00,75.00,228.00,0.503249,-1,-1,-1
245,22,1437.00,430.00,79.00,236.00,0.856701,-1,-1,-1
245,51,1540.00,402.00,101.00,279.00,0.840223,-1,-1,-1
245,56,1833.00,424.00,64.00,197.00,0.853182,-1,-1,-1
245,71,1620.00,432.00,73.00,205.00,0.658439,-1,-1,-1
245,98,1680.00,468.00,42.00,119.00,0.409405,-1,-1,-1
245,102,1884.00,440.00,36.00,182.00,0.733779,-1,-1,-1
245,105,647.00,333.00,165.00,478.00,0.910387,-1,-1,-1
245,109,1330.00,455.00,71.00,188.00,0.708258,-1,-1,-1
245,118,443.00,258.00,246.00,662.00,0.913924,-1,-1,-1
246,4,1352.00,436.00,94.00,229.00,0.775614,-1,-1,-1
246,8,121.00,516.00,76.00,229.00,0.577576,-1,-1,-1
246,22,1432.00,431.00,81.00,232.00,0.865518,-1,-1,-1
246,51,1544.00,402.00,100.00,277.00,0.856455,-1,-1,-1
246,56,1834.00,425.00,65.00,197.00,0.845812,-1,-1,-1
246,71,1623.00,438.00,71.00,200.00,0.656251,-1,-1,-1
246,98,1681.00,468.00,41.00,120.00,0.300660,-1,-1,-1
246,102,1885.00,442.00,35.00,179.00,0.701459,-1,-1,-1
246,105,657.00,335.00,167.00,477.00,0.910720,-1,-1,-1
246,109,1343.00,444.00,74.00,207.00,0.102934,-1,-1,-1
246,118,460.00,264.00,248.00,656.00,0.933624,-1,-1,-1
247,4,1347.00,435.00,92.00,230.00,0.822144,-1,-1,-1
247,8,120.00,526.00,73.00,219.00,0.724024,-1,-1,-1
247,22,1425.00,431.00,84.00,233.00,0.851043,-1,-1,-1
247,51,1549.00,402.00,98.00,275.00,0.848106,-1,-1,-1
247,56,1837.00,426.00,66.00,195.00,0.805864,-1,-1,-1
247,71,1627.00,439.00,70.00,198.00,0.714572,-1,-1,-1
247,98,1679.00,464.00,41.00,120.00,0.131919,-1,-1,-1
247,102,1887.00,438.00,33.00,181.00,0.435967,-1,-1,-1
247,105,673.00,336.00,168.00,475.00,0.902433,-1,-1,-1
247,118,476.00,271.00,251.00,649.00,0.927835,-1,-1,-1
247,124,64.00,565.00,57.00,184.00,0.323927,-1,-1,-1
248,8,119.00,529.00,72.00,216.00,0.790382,-1,-1,-1
248,22,1420.00,432.00,85.00,232.00,0.855880,-1,-1,-1
248,51,1550.00,401.00,97.00,276.00,0.822165,-1,-1,-1
248,56,1837.00,428.00,67.00,193.00,0.824647,-1,-1,-1
248,71,1630.00,441.00,70.00,196.00,0.695568,-1,-1,-1
248,102,1890.00,432.00,30.00,188.00,0.373556,-1,-1,-1
248,105,685.00,338.00,169.00,473.00,0.909076,-1,-1,-1
248,109,1351.00,437.00,79.00,223.00,0.827461,-1,-1,-1
248,118,484.00,276.00,256.00,643.00,0.924135,-1,-1,-1
248,124,64.00,564.00,56.00,185.00,0.343782,-1,-1,-1
249,4,1340.00,435.00,90.00,228.00,0.798395,-1,-1,-1
249,8,120.00,529.00,72.00,216.00,0.775577,-1,-1,-1
249,22,1416.00,431.00,85.00,232.00,0.831419,-1,-1,-1
249,51,1554.00,400.00,96.00,278.00,0.825921,-1,-1,-1
249,56,1835.00,429.00,67.00,193.00,0.815022,-1,-1,-1
249,71,1634.00,443.00,69.00,194.00,0.708482,-1,-1,-1
249,105,692.00,339.00,170.00,471.00,0.905138,-1,-1,-1
249,118,488.00,281.00,261.00,638.00,0.917834,-1,-1,-1
249,124,64.00,566.00,55.00,183.00,0.408059,-1,-1,-1
250,4,1329.00,438.00,88.00,222.00,0.832763,-1,-1,-1
250,8,121.00,531.00,71.00,214.00,0.770136,-1,-1,-1
250,22,1407.00,432.00,85.00,229.00,0.815864,-1,-1,-1
250,51,1551.00,400.00,96.00,277.00,0.760433,-1,-1,-1
250,56,1834.00,430.00,66.00,192.00,0.779428,-1,-1,-1
250,71,1639.00,444.00,69.00,194.00,0.637118,-1,-1,-1
250,102,1887.00,413.00,33.00,204.00,0.509008,-1,-1,-1
250,105,702.00,343.00,168.00,464.00,0.888599,-1,-1,-1
250,118,499.00,285.00,262.00,631.00,0.888876,-1,-1,-1
250,124,65.00,562.00,55.00,187.00,0.332836,-1,-1,-1
251,4,1321.00,441.00,87.00,218.00,0.823377,-1,-1,-1
251,8,121.00,532.00,70.00,213.00,0.779674,-1,-1,-1
251,22,1397.00,433.00,85.00,228.00,0.790819,-1,-1,-1
251,51,1555.00,400.00,96.00,278.00,0.819682,-1,-1,-1
251,56,1831.00,430.00,66.00,192.00,0.749218,-1,-1,-1
251,71,1644.00,443.00,69.00,194.00,0.716412,-1,-1,-1
251,102,1882.00,393.00,38.00,226.00,0.489519,-1,-1,-1
251,105,710.00,344.00,165.00,462.00,0.894678,-1,-1,-1
251,118,518.00,284.00,261.00,626.00,0.891987,-1,-1,-1
251,124,64.00,560.00,55.00,189.00,0.380627,-1,-1,-1
252,4,1314.00,443.00,88.00,216.00,0.821487,-1,-1,-1
252,8,121.00,532.00,70.00,214.00,0.748117,-1,-1,-1
252,22,1389.00,435.00,83.00,226.00,0.793347,-1,-1,-1
252,51,1563.00,402.00,94.00,276.00,0.840323,-1,-1,-1
252,56,1834.00,431.00,64.00,191.00,0.637312,-1,-1,-1
252,71,1646.00,436.00,72.00,202.00,0.708017,-1,-1,-1
252,102,1879.00,383.00,41.00,244.00,0.528157,-1,-1,-1
252,105,716.00,346.00,162.00,457.00,0.885916,-1,-1,-1
252,118,544.00,285.00,255.00,613.00,0.903765,-1,-1,-1
252,124,62.00,561.00,55.00,187.00,0.327317,-1,-1,-1
253,4,1312.00,445.00,89.00,215.00,0.860711,-1,-1,-1
253,8,120.00,528.00,72.00,217.00,0.760430,-1,-1,-1
253,51,1570.00,404.00,93.00,273.00,0.864887,-1,-1,-1
253,56,1837.00,432.00,62.00,188.00,0.578629,-1,-1,-1
253,71,1649.00,434.00,72.00,203.00,0.709272,-1,-1,-1
253,102,1874.00,378.00,46.00,280.00,0.555095,-1,-1,-1
253,105,727.00,347.00,156.00,449.00,0.801579,-1,-1,-1
253,118,571.00,281.00,249.00,606.00,0.844495,-1,-1,-1
253,124,64.00,559.00,55.00,189.00,0.347623,-1,-1,-1
253,133,0.00,547.00,53.00,121.00,0.395574,-1,-1,-1
254,4,1309.00,446.00,91.00,215.00,0.847959,-1,-1,-1
254,8,120.00,521.00,72.00,224.00,0.737712,-1,-1,-1
254,22,1383.00,433.00,83.00,229.00,0.792907,-1,-1,-1
254,51,1576.00,407.00,91.00,271.00,0.850109,-1,-1,-1
254,56,1840.00,411.00,66.00,208.00,0.345755,-1,-1,-1
254,71,1652.00,438.00,70.00,199.00,0.719787,-1,-1,-1
254,102,1873.00,374.00,47.00,297.00,0.475401,-1,-1,-1
254,105,734.00,347.00,152.00,446.00,0.791932,-1,-1,-1
254,118,596.00,280.00,239.00,600.00,0.878392,-1,-1,-1
254,124,65.00,556.00,55.00,192.00,0.352151,-1,-1,-1
254,133,0.00,546.00,52.00,120.00,0.397203,-1,-1,-1
255,4,1306.00,444.00,93.00,216.00,0.828428,-1,-1,-1
255,8,120.00,518.00,73.00,227.00,0.705881,-1,-1,-1
255,22,1379.00,434.00,84.00,229.00,0.792017,-1,-1,-1
255,51,1582.00,408.00,90.00,269.00,0.847460,-1,-1,-1
255,56,1841.00,393.00,70.00,227.00,0.426728,-1,-1,-1
255,71,1653.00,441.00,70.00,196.00,0.740224,-1,-1,-1
255,86,1859.00,377.00,61.00,302.00,0.564442,-1,-1,-1
255,102,1866.00,373.00,52.00,304.00,0.649708,-1,-1,-1
255,105,744.00,346.00,147.00,447.00,0.807787,-1,-1,-1
255,118,627.00,279.00,229.00,593.00,0.879598,-1,-1,-1
255,124,66.00,555.00,53.00,193.00,0.266350,-1,-1,-1
255,133,0.00,559.00,48.00,110.00,0.234672,-1,-1,-1
256,4,1301.00,442.00,93.00,217.00,0.816317,-1,-1,-1
256,8,120.00,522.00,72.00,224.00,0.748473,-1,-1,-1
256,22,1371.00,434.00,83.00,228.00,0.732889,-1,-1,-1
256,51,1585.00,409.00,90.00,267.00,0.854704,-1,-1,-1
256,56,1844.00,406.00,65.00,212.00,0.393933,-1,-1,-1
256,71,1656.00,444.00,67.00,192.00,0.660460,-1,-1,-1
256,86,1854.00,375.00,66.00,305.00,0.686797,-1,-1,-1
256,102,1869.00,374.00,51.00,306.00,0.599626,-1,-1,-1
256,105,756.00,346.00,145.00,448.00,0.870854,-1,-1,-1
256,118,648.00,279.00,221.00,592.00,0.867877,-1,-1,-1
256,124,66.00,559.00,53.00,189.00,0.308959,-1,-1,-1
256,133,3.00,567.00,43.00,100.00,0.366665,-1,-1,-1
257,4,1299.00,442.00,92.00,216.00,0.834103,-1,-1,-1
257,8,120.00,521.00,72.00,224.00,0.734290,-1,-1,-1
257,22,1369.00,435.00,82.00,227.00,0.781032,-1,-1,-1
257,51,1588.00,409.00,89.00,266.00,0.852122,-1,-1,-1
257,56,1843.00,389.00,70.00,230.00,0.449651,-1,-1,-1
257,71,1656.00,439.00,69.00,196.00,0.752570,-1,-1,-1
257,86,1851.00,376.00,69.00,303.00,0.630749,-1,-1,-1
257,102,1873.00,372.00,47.00,309.00,0.515668,-1,-1,-1
257,105,767.00,346.00,141.00,445.00,0.853165,-1,-1,-1
257,118,667.00,280.00,216.00,592.00,0.875597,-1,-1,-1
257,124,46.00,558.00,57.00,190.00,0.447265,-1,-1,-1
257,127,1383.00,457.00,132.00,194.00,0.589710,-1,-1,-1
257,133,0.00,571.00,38.00,85.00,0.216380,-1,-1,-1
258,4,1294.00,448.00,88.00,209.00,0.764078,-1,-1,-1
258,8,122.00,519.00,73.00,227.00,0.726743,-1,-1,-1
258,22,1363.00,437.00,81.00,223.00,0.774357,-1,-1,-1
258,51,1592.00,408.00,88.00,265.00,0.843613,-1,-1,-1
258,56,1840.00,381.00,72.00,239.00,0.442236,-1,-1,-1
258,71,1659.00,441.00,69.00,196.00,0.661148,-1,-1,-1
258,86,1848.00,376.00,72.00,305.00,0.688511,-1,-1,-1
258,102,1874.00,377.00,46.00,304.00,0.472310,-1,-1,-1
258,105,762.00,347.00,143.00,448.00,0.693188,-1,-1,-1
258,118,691.00,279.00,217.00,593.00,0.867880,-1,-1,-1
258,124,37.00,555.00,63.00,194.00,0.440608,-1,-1,-1
258,127,1388.00,455.00,124.00,200.00,0.763231,-1,-1,-1
258,133,0.00,570.00,37.00,92.00,0.417523,-1,-1,-1
259,4,1288.00,442.00,87.00,215.00,0.797837,-1,-1,-1
259,8,121.00,518.00,72.00,227.00,0.712562,-1,-1,-1
259,22,1360.00,439.00,81.00,221.00,0.823646,-1,-1,-1
259,51,1596.00,407.00,87.00,264.00,0.835467,-1,-1,-1
259,71,1662.00,440.00,68.00,197.00,0.709768,-1,-1,-1
259,86,1839.00,377.00,76.00,304.00,0.817493,-1,-1,-1
259,102,1874.00,379.00,46.00,302.00,0.123263,-1,-1,-1
259,105,771.00,347.00,144.00,446.00,0.527882,-1,-1,-1
259,118,709.00,286.00,217.00,585.00,0.905169,-1,-1,-1
259,124,31.00,550.00,68.00,199.00,0.364682,-1,-1,-1
259,127,1396.00,454.00,114.00,196.00,0.793568,-1,-1,-1
259,133,0.00,569.00,36.00,94.00,0.425692,-1,-1,-1
260,4,1282.00,440.00,86.00,217.00,0.715017,-1,-1,-1
260,8,122.00,515.00,74.00,230.00,0.701374,-1,-1,-1
260,22,1357.00,440.00,82.00,220.00,0.776821,-1,-1,-1
260,51,1599.00,405.00,87.00,265.00,0.838237,-1,-1,-1
260,71,1666.00,442.00,68.00,196.00,0.707472,-1,-1,-1
260,86,1843.00,379.00,76.00,305.00,0.791689,-1,-1,-1
260,118,721.00,294.00,220.00,575.00,0.917442,-1,-1,-1
260,124,27.00,549.00,72.00,200.00,0.396680,-1,-1,-1
260,127,1407.00,454.00,107.00,198.00,0.820056,-1,-1,-1
260,133,0.00,573.00,31.00,91.00,0.338052,-1,-1,-1
261,4,1279.00,443.00,82.00,212.00,0.707333,-1,-1,-1
261,8,123.00,511.00,76.00,235.00,0.704258,-1,-1,-1
261,22,1351.00,439.00,83.00,221.00,0.799383,-1,-1,-1
261,51,1602.00,401.00,88.00,269.00,0.845115,-1,-1,-1
261,71,1669.00,443.00,67.00,195.00,0.673014,-1,-1,-1
261,86,1845.00,379.00,75.00,306.00,0.814083,-1,-1,-1
261,118,725.00,299.00,223.00,570.00,0.935318,-1,-1,-1
261,124,26.00,559.00,72.00,190.00,0.485938,-1,-1,-1
261,127,1415.00,454.00,105.00,199.00,0.831416,-1,-1,-1
261,133,0.00,577.00,28.00,85.00,0.376906,-1,-1,-1
262,4,1276.00,445.00,79.00,210.00,0.625137,-1,-1,-1
262,8,123.00,516.00,74.00,229.00,0.667476,-1,-1,-1
262,22,1345.00,438.00,85.00,221.00,0.838136,-1,-1,-1
262,51,1607.00,400.00,87.00,268.00,0.846999,-1,-1,-1
262,71,1670.00,443.00,66.00,197.00,0.688079,-1,-1,-1
262,86,1844.00,379.00,76.00,307.00,0.833314,-1,-1,-1
262,118,726.00,301.00,228.00,568.00,0.918146,-1,-1,-1
262,124,24.00,557.00,75.00,192.00,0.409931,-1,-1,-1
262,127,1424.00,454.00,103.00,199.00,0.841662,-1,-1,-1
262,133,0.00,583.00,27.00,81.00,0.218985,-1,-1,-1
