1,2,190.00,786.00,96.00,282.00,0.860003,-1,-1,-1
1,3,266.00,825.00,81.00,253.00,0.824866,-1,-1,-1
1,4,1768.00,212.00,62.00,176.00,0.819057,-1,-1,-1
1,5,1715.00,457.00,81.00,209.00,0.792385,-1,-1,-1
1,6,824.00,604.00,70.00,259.00,0.777651,-1,-1,-1
1,7,959.00,724.00,80.00,254.00,0.743341,-1,-1,-1
1,8,384.00,193.00,64.00,190.00,0.737421,-1,-1,-1
1,9,1705.00,305.00,71.00,193.00,0.736273,-1,-1,-1
1,10,1033.00,743.00,91.00,232.00,0.733325,-1,-1,-1
1,11,162.00,321.00,68.00,193.00,0.732799,-1,-1,-1
1,12,1042.00,927.00,73.00,152.00,0.725296,-1,-1,-1
1,13,1577.00,599.00,65.00,236.00,0.702433,-1,-1,-1
1,14,1869.00,222.00,50.00,196.00,0.669557,-1,-1,-1
1,15,465.00,124.00,60.00,180.00,0.614998,-1,-1,-1
1,16,1608.00,1.00,58.00,168.00,0.614571,-1,-1,-1
1,17,1667.00,13.00,60.00,158.00,0.583533,-1,-1,-1
1,18,994.00,0.00,49.00,113.00,0.580428,-1,-1,-1
1,19,1766.00,651.00,72.00,154.00,0.542095,-1,-1,-1
1,20,677.00,283.00,59.00,126.00,0.515488,-1,-1,-1
1,21,1484.00,0.00,55.00,136.00,0.512825,-1,-1,-1
1,23,359.00,88.00,62.00,237.00,0.508505,-1,-1,-1
1,26,776.00,145.00,59.00,172.00,0.476726,-1,-1,-1
1,27,884.00,0.00,50.00,117.00,0.474839,-1,-1,-1
1,28,931.00,0.00,50.00,105.00,0.464457,-1,-1,-1
1,29,519.00,100.00,56.00,180.00,0.453937,-1,-1,-1
1,30,279.00,126.00,62.00,166.00,0.392073,-1,-1,-1
2,2,190.00,787.00,95.00,280.00,0.855612,-1,-1,-1
2,3,266.00,827.00,80.00,251.00,0.822265,-1,-1,-1
2,4,1769.00,213.00,62.00,175.00,0.840903,-1,-1,-1
2,5,1715.00,458.00,81.00,208.00,0.802883,-1,-1,-1
2,6,824.00,604.00,70.00,259.00,0.772570,-1,-1,-1
2,7,960.00,726.00,81.00,255.00,0.712233,-1,-1,-1
2,8,385.00,195.00,63.00,189.00,0.744136,-1,-1,-1
2,9,1703.00,305.00,71.00,191.00,0.767188,-1,-1,-1
2,10,1035.00,744.00,92.00,234.00,0.705167,-1,-1,-1
2,11,162.00,320.00,68.00,192.00,0.701126,-1,-1,-1
2,12,1042.00,928.00,72.00,151.00,0.767983,-1,-1,-1
2,13,1577.00,597.00,65.00,237.00,0.715446,-1,-1,-1
2,14,1869.00,224.00,49.00,195.00,0.595926,-1,-1,-1
2,15,466.00,124.00,59.00,180.00,0.633847,-1,-1,-1
2,16,1607.00,1.00,60.00,172.00,0.649543,-1,-1,-1
2,17,1667.00,14.00,59.00,158.00,0.610778,-1,-1,-1
2,18,995.00,0.00,48.00,111.00,0.522803,-1,-1,-1
2,19,1767.00,651.00,73.00,158.00,0.552305,-1,-1,-1
2,20,677.00,283.00,58.00,126.00,0.523405,-1,-1,-1
2,21,1484.00,0.00,55.00,137.00,0.548354,-1,-1,-1
2,23,359.00,90.00,62.00,236.00,0.525543,-1,-1,-1
2,26,775.00,144.00,60.00,173.00,0.433858,-1,-1,-1
2,27,884.00,0.00,51.00,117.00,0.440486,-1,-1,-1
2,28,931.00,0.00,51.00,106.00,0.465459,-1,-1,-1
2,29,519.00,100.00,56.00,179.00,0.457115,-1,-1,-1
2,30,279.00,124.00,63.00,167.00,0.478062,-1,-1,-1
3,2,189.00,789.00,95.00,279.00,0.853254,-1,-1,-1
3,3,265.00,829.00,80.00,249.00,0.819652,-1,-1,-1
3,4,1769.00,214.00,62.00,174.00,0.816853,-1,-1,-1
3,5,1715.00,459.00,80.00,207.00,0.800162,-1,-1,-1
3,6,824.00,603.00,70.00,259.00,0.766120,-1,-1,-1
3,7,961.00,727.00,82.00,259.00,0.661766,-1,-1,-1
3,8,382.00,196.00,65.00,192.00,0.705275,-1,-1,-1
3,9,1702.00,305.00,70.00,189.00,0.827226,-1,-1,-1
3,10,1040.00,744.00,91.00,233.00,0.723499,-1,-1,-1
3,11,162.00,319.00,68.00,193.00,0.734703,-1,-1,-1
3,12,1041.00,929.00,72.00,151.00,0.757030,-1,-1,-1
3,13,1578.00,598.00,65.00,237.00,0.688833,-1,-1,-1
3,14,1869.00,225.00,49.00,196.00,0.565595,-1,-1,-1
3,15,466.00,125.00,59.00,179.00,0.630901,-1,-1,-1
3,16,1607.00,1.00,60.00,173.00,0.593104,-1,-1,-1
3,17,1666.00,13.00,59.00,158.00,0.572748,-1,-1,-1
3,18,995.00,0.00,48.00,109.00,0.459071,-1,-1,-1
3,19,1760.00,652.00,90.00,197.00,0.468994,-1,-1,-1
3,20,677.00,284.00,59.00,125.00,0.495003,-1,-1,-1
3,21,1483.00,0.00,56.00,136.00,0.530017,-1,-1,-1
3,23,359.00,91.00,61.00,233.00,0.450801,-1,-1,-1
3,26,775.00,143.00,60.00,173.00,0.446059,-1,-1,-1
3,27,884.00,0.00,50.00,117.00,0.447326,-1,-1,-1
3,28,932.00,0.00,50.00,106.00,0.462828,-1,-1,-1
3,29,519.00,98.00,57.00,181.00,0.478332,-1,-1,-1
3,30,279.00,124.00,63.00,167.00,0.455352,-1,-1,-1
3,33,223.00,108.00,58.00,183.00,0.341832,-1,-1,-1
4,2,189.00,791.00,95.00,277.00,0.841971,-1,-1,-1
4,3,265.00,831.00,79.00,248.00,0.823704,-1,-1,-1
4,4,1769.00,215.00,62.00,171.00,0.813376,-1,-1,-1
4,5,1715.00,458.00,81.00,209.00,0.801183,-1,-1,-1
4,6,822.00,602.00,69.00,259.00,0.765846,-1,-1,-1
4,7,961.00,730.00,83.00,261.00,0.707537,-1,-1,-1
4,8,379.00,196.00,66.00,194.00,0.720520,-1,-1,-1
4,9,1701.00,305.00,68.00,184.00,0.837874,-1,-1,-1
4,10,1044.00,746.00,91.00,230.00,0.673831,-1,-1,-1
4,11,163.00,317.00,68.00,195.00,0.742449,-1,-1,-1
4,12,1041.00,929.00,71.00,150.00,0.741996,-1,-1,-1
4,13,1581.00,599.00,64.00,232.00,0.600767,-1,-1,-1
4,14,1867.00,228.00,50.00,197.00,0.534643,-1,-1,-1
4,15,465.00,125.00,59.00,178.00,0.600470,-1,-1,-1
4,16,1606.00,1.00,59.00,171.00,0.580781,-1,-1,-1
4,17,1665.00,14.00,59.00,157.00,0.560696,-1,-1,-1
4,18,995.00,0.00,47.00,108.00,0.544872,-1,-1,-1
4,19,1760.00,653.00,95.00,209.00,0.442024,-1,-1,-1
4,20,677.00,282.00,59.00,127.00,0.479019,-1,-1,-1
4,21,1483.00,0.00,56.00,136.00,0.541215,-1,-1,-1
4,23,360.00,90.00,61.00,232.00,0.299047,-1,-1,-1
4,26,776.00,144.00,59.00,172.00,0.428433,-1,-1,-1
4,27,883.00,0.00,50.00,116.00,0.416102,-1,-1,-1
4,28,931.00,0.00,50.00,105.00,0.459449,-1,-1,-1
4,29,519.00,99.00,56.00,180.00,0.465585,-1,-1,-1
4,30,280.00,124.00,62.00,167.00,0.439435,-1,-1,-1
4,33,222.00,107.00,59.00,185.00,0.327018,-1,-1,-1
5,2,188.00,792.00,94.00,277.00,0.839052,-1,-1,-1
5,3,264.00,834.00,78.00,244.00,0.829791,-1,-1,-1
5,4,1769.00,216.00,62.00,171.00,0.793469,-1,-1,-1
5,5,1715.00,458.00,81.00,209.00,0.795167,-1,-1,-1
5,6,818.00,602.00,70.00,259.00,0.767074,-1,-1,-1
5,7,963.00,732.00,82.00,262.00,0.677382,-1,-1,-1
5,8,378.00,196.00,66.00,195.00,0.746123,-1,-1,-1
5,9,1700.00,305.00,68.00,182.00,0.801084,-1,-1,-1
5,10,1047.00,748.00,89.00,226.00,0.717462,-1,-1,-1
5,11,163.00,316.00,68.00,195.00,0.750554,-1,-1,-1
5,12,1040.00,931.00,71.00,148.00,0.711716,-1,-1,-1
5,13,1583.00,598.00,63.00,232.00,0.580863,-1,-1,-1
5,14,1868.00,230.00,50.00,198.00,0.493714,-1,-1,-1
5,15,465.00,124.00,59.00,177.00,0.588807,-1,-1,-1
5,16,1605.00,0.00,59.00,172.00,0.588059,-1,-1,-1
5,17,1665.00,13.00,59.00,157.00,0.548909,-1,-1,-1
5,18,995.00,0.00,47.00,107.00,0.567743,-1,-1,-1
5,19,1760.00,654.00,95.00,214.00,0.519142,-1,-1,-1
5,20,678.00,283.00,58.00,126.00,0.505315,-1,-1,-1
5,21,1483.00,0.00,56.00,137.00,0.513168,-1,-1,-1
5,23,364.00,90.00,51.00,192.00,0.289516,-1,-1,-1
5,26,777.00,146.00,59.00,170.00,0.430384,-1,-1,-1
5,27,882.00,0.00,50.00,116.00,0.442525,-1,-1,-1
5,28,932.00,0.00,49.00,105.00,0.461416,-1,-1,-1
5,29,519.00,100.00,56.00,180.00,0.459948,-1,-1,-1
5,30,280.00,124.00,63.00,167.00,0.465249,-1,-1,-1
5,33,222.00,108.00,59.00,185.00,0.370292,-1,-1,-1
6,2,189.00,794.00,93.00,275.00,0.842059,-1,-1,-1
6,3,264.00,834.00,78.00,245.00,0.818855,-1,-1,-1
6,4,1770.00,217.00,62.00,172.00,0.805758,-1,-1,-1
6,5,1714.00,456.00,82.00,211.00,0.799871,-1,-1,-1
6,6,814.00,603.00,70.00,259.00,0.757577,-1,-1,-1
6,7,963.00,735.00,83.00,262.00,0.727713,-1,-1,-1
6,8,377.00,197.00,67.00,195.00,0.733851,-1,-1,-1
6,9,1698.00,305.00,68.00,181.00,0.757989,-1,-1,-1
6,10,1048.00,750.00,90.00,230.00,0.698014,-1,-1,-1
6,11,163.00,314.00,69.00,195.00,0.784577,-1,-1,-1
6,12,1039.00,932.00,70.00,147.00,0.701150,-1,-1,-1
6,13,1582.00,596.00,64.00,235.00,0.619265,-1,-1,-1
6,14,1870.00,231.00,49.00,198.00,0.509887,-1,-1,-1
6,15,464.00,123.00,60.00,179.00,0.592493,-1,-1,-1
6,16,1605.00,0.00,59.00,171.00,0.595686,-1,-1,-1
6,17,1664.00,12.00,59.00,158.00,0.532366,-1,-1,-1
6,18,996.00,0.00,46.00,105.00,0.531273,-1,-1,-1
6,19,1762.00,655.00,94.00,215.00,0.455218,-1,-1,-1
6,20,678.00,284.00,58.00,125.00,0.521515,-1,-1,-1
6,21,1483.00,0.00,56.00,137.00,0.516765,-1,-1,-1
6,23,365.00,89.00,48.00,180.00,0.346889,-1,-1,-1
6,26,777.00,147.00,58.00,170.00,0.394164,-1,-1,-1
6,27,881.00,0.00,50.00,115.00,0.451351,-1,-1,-1
6,28,932.00,0.00,49.00,104.00,0.475955,-1,-1,-1
6,29,519.00,99.00,56.00,180.00,0.460588,-1,-1,-1
6,30,280.00,125.00,63.00,167.00,0.431673,-1,-1,-1
6,33,222.00,107.00,59.00,185.00,0.313866,-1,-1,-1
6,36,1595.00,282.00,49.00,185.00,0.377641,-1,-1,-1
7,2,188.00,795.00,93.00,273.00,0.847138,-1,-1,-1
7,3,263.00,836.00,78.00,243.00,0.828333,-1,-1,-1
7,4,1770.00,219.00,63.00,173.00,0.800228,-1,-1,-1
7,5,1714.00,456.00,82.00,211.00,0.794876,-1,-1,-1
7,6,811.00,602.00,70.00,258.00,0.789681,-1,-1,-1
7,7,965.00,739.00,82.00,258.00,0.723261,-1,-1,-1
7,8,378.00,197.00,66.00,194.00,0.728666,-1,-1,-1
7,9,1697.00,303.00,68.00,183.00,0.732865,-1,-1,-1
7,10,1049.00,753.00,90.00,233.00,0.706665,-1,-1,-1
7,11,164.00,313.00,68.00,194.00,0.762990,-1,-1,-1
7,12,1038.00,933.00,70.00,146.00,0.728320,-1,-1,-1
7,13,1581.00,596.00,65.00,235.00,0.615082,-1,-1,-1
7,14,1873.00,232.00,47.00,198.00,0.480201,-1,-1,-1
7,15,464.00,121.00,60.00,180.00,0.561191,-1,-1,-1
7,16,1604.00,0.00,59.00,171.00,0.590041,-1,-1,-1
7,17,1663.00,10.00,59.00,160.00,0.575948,-1,-1,-1
7,18,995.00,0.00,46.00,105.00,0.490758,-1,-1,-1
7,19,1766.00,657.00,90.00,212.00,0.219423,-1,-1,-1
7,20,678.00,283.00,58.00,126.00,0.466260,-1,-1,-1
7,21,1483.00,0.00,56.00,137.00,0.512728,-1,-1,-1
7,26,776.00,146.00,59.00,171.00,0.328084,-1,-1,-1
7,27,880.00,0.00,50.00,116.00,0.435121,-1,-1,-1
7,28,932.00,0.00,49.00,104.00,0.409567,-1,-1,-1
7,29,519.00,101.00,56.00,177.00,0.418723,-1,-1,-1
7,30,281.00,125.00,62.00,167.00,0.372927,-1,-1,-1
7,33,222.00,107.00,59.00,186.00,0.277506,-1,-1,-1
7,38,1540.00,596.00,108.00,239.00,0.475428,-1,-1,-1
8,2,188.00,796.00,93.00,272.00,0.852267,-1,-1,-1
8,3,262.00,837.00,78.00,242.00,0.823381,-1,-1,-1
8,4,1770.00,220.00,64.00,173.00,0.810351,-1,-1,-1
8,5,1714.00,455.00,82.00,213.00,0.791122,-1,-1,-1
8,6,808.00,602.00,69.00,253.00,0.790953,-1,-1,-1
8,7,967.00,741.00,83.00,258.00,0.762436,-1,-1,-1
8,8,380.00,199.00,67.00,193.00,0.745412,-1,-1,-1
8,9,1695.00,303.00,68.00,183.00,0.772791,-1,-1,-1
8,10,1051.00,755.00,92.00,237.00,0.768707,-1,-1,-1
8,11,165.00,312.00,67.00,192.00,0.761994,-1,-1,-1
8,12,1037.00,934.00,70.00,145.00,0.707309,-1,-1,-1
8,13,1584.00,596.00,64.00,232.00,0.644235,-1,-1,-1
8,14,1876.00,231.00,44.00,199.00,0.367747,-1,-1,-1
8,15,464.00,119.00,60.00,179.00,0.565549,-1,-1,-1
8,16,1603.00,0.00,59.00,170.00,0.598214,-1,-1,-1
8,17,1662.00,9.00,60.00,160.00,0.599750,-1,-1,-1
8,18,995.00,0.00,46.00,105.00,0.495728,-1,-1,-1
8,20,677.00,283.00,59.00,126.00,0.470117,-1,-1,-1
8,21,1483.00,0.00,55.00,137.00,0.521857,-1,-1,-1
8,26,776.00,146.00,59.00,171.00,0.334270,-1,-1,-1
8,27,880.00,0.00,49.00,115.00,0.431172,-1,-1,-1
8,28,932.00,0.00,49.00,103.00,0.406890,-1,-1,-1
8,29,520.00,101.00,55.00,177.00,0.416890,-1,-1,-1
8,30,281.00,126.00,62.00,166.00,0.343778,-1,-1,-1
8,33,222.00,107.00,59.00,186.00,0.223837,-1,-1,-1
8,38,1540.00,596.00,108.00,238.00,0.569305,-1,-1,-1
9,2,188.00,797.00,93.00,272.00,0.862107,-1,-1,-1
9,3,262.00,838.00,78.00,241.00,0.817827,-1,-1,-1
9,4,1770.00,222.00,65.00,174.00,0.752564,-1,-1,-1
9,5,1713.00,454.00,83.00,214.00,0.793711,-1,-1,-1
9,6,804.00,601.00,69.00,250.00,0.799640,-1,-1,-1
9,7,969.00,744.00,82.00,256.00,0.793119,-1,-1,-1
9,8,382.00,200.00,67.00,192.00,0.761105,-1,-1,-1
9,9,1693.00,302.00,68.00,184.00,0.770296,-1,-1,-1
9,10,1050.00,758.00,92.00,239.00,0.763900,-1,-1,-1
9,11,166.00,312.00,67.00,190.00,0.762454,-1,-1,-1
9,12,1033.00,934.00,71.00,145.00,0.693358,-1,-1,-1
9,13,1578.00,595.00,65.00,234.00,0.631997,-1,-1,-1
9,14,1874.00,234.00,46.00,197.00,0.274244,-1,-1,-1
9,15,464.00,117.00,59.00,178.00,0.549389,-1,-1,-1
9,16,1602.00,0.00,59.00,171.00,0.530679,-1,-1,-1
9,17,1662.00,8.00,59.00,159.00,0.514640,-1,-1,-1
9,18,995.00,0.00,46.00,104.00,0.524044,-1,-1,-1
9,20,677.00,283.00,59.00,126.00,0.513274,-1,-1,-1
9,21,1483.00,0.00,56.00,137.00,0.508791,-1,-1,-1
9,26,776.00,147.00,60.00,170.00,0.312208,-1,-1,-1
9,27,880.00,0.00,48.00,113.00,0.410739,-1,-1,-1
9,28,933.00,0.00,49.00,104.00,0.378046,-1,-1,-1
9,29,521.00,102.00,55.00,177.00,0.442336,-1,-1,-1
9,30,281.00,125.00,62.00,167.00,0.383267,-1,-1,-1
9,33,222.00,109.00,57.00,182.00,0.209976,-1,-1,-1
10,2,188.00,798.00,93.00,273.00,0.854974,-1,-1,-1
10,3,262.00,840.00,78.00,238.00,0.830222,-1,-1,-1
10,4,1770.00,222.00,66.00,175.00,0.734774,-1,-1,-1
10,5,1714.00,455.00,82.00,213.00,0.780649,-1,-1,-1
10,6,802.00,601.00,68.00,246.00,0.786214,-1,-1,-1
10,7,972.00,746.00,81.00,254.00,0.744664,-1,-1,-1
10,8,384.00,200.00,66.00,191.00,0.758135,-1,-1,-1
10,9,1692.00,300.00,68.00,186.00,0.784972,-1,-1,-1
10,10,1052.00,761.00,92.00,239.00,0.758158,-1,-1,-1
10,11,166.00,311.00,67.00,189.00,0.770946,-1,-1,-1
10,12,1029.00,935.00,72.00,144.00,0.663136,-1,-1,-1
10,13,1581.00,595.00,65.00,233.00,0.639310,-1,-1,-1
10,15,464.00,115.00,59.00,177.00,0.528882,-1,-1,-1
10,16,1601.00,0.00,59.00,170.00,0.515434,-1,-1,-1
10,17,1660.00,7.00,58.00,157.00,0.468677,-1,-1,-1
10,18,995.00,0.00,47.00,104.00,0.504207,-1,-1,-1
10,20,677.00,284.00,59.00,126.00,0.502000,-1,-1,-1
10,21,1484.00,0.00,56.00,137.00,0.467742,-1,-1,-1
10,26,777.00,148.00,59.00,170.00,0.342803,-1,-1,-1
10,27,880.00,0.00,48.00,113.00,0.450517,-1,-1,-1
10,28,932.00,0.00,50.00,104.00,0.394875,-1,-1,-1
10,29,521.00,103.00,55.00,176.00,0.446829,-1,-1,-1
10,30,280.00,122.00,64.00,170.00,0.310690,-1,-1,-1
10,33,222.00,107.00,58.00,184.00,0.233879,-1,-1,-1
10,36,1596.00,280.00,44.00,165.00,0.335987,-1,-1,-1
10,38,1540.00,594.00,108.00,239.00,0.413260,-1,-1,-1
11,2,188.00,800.00,93.00,275.00,0.858476,-1,-1,-1
11,3,262.00,842.00,77.00,237.00,0.816140,-1,-1,-1
11,4,1771.00,222.00,67.00,177.00,0.772287,-1,-1,-1
11,5,1714.00,456.00,82.00,211.00,0.787263,-1,-1,-1
11,6,799.00,601.00,70.00,249.00,0.786816,-1,-1,-1
11,7,974.00,747.00,81.00,253.00,0.758722,-1,-1,-1
11,8,385.00,201.00,66.00,190.00,0.777208,-1,-1,-1
11,9,1690.00,298.00,68.00,189.00,0.787816,-1,-1,-1
11,10,1053.00,763.00,91.00,240.00,0.745472,-1,-1,-1
11,11,168.00,309.00,66.00,190.00,0.699791,-1,-1,-1
11,12,1029.00,936.00,72.00,143.00,0.699952,-1,-1,-1
11,13,1580.00,593.00,67.00,238.00,0.660093,-1,-1,-1
11,15,462.00,113.00,60.00,177.00,0.589680,-1,-1,-1
11,16,1600.00,0.00,58.00,166.00,0.616670,-1,-1,-1
11,17,1660.00,5.00,58.00,156.00,0.569462,-1,-1,-1
11,18,994.00,0.00,47.00,104.00,0.490255,-1,-1,-1
11,20,677.00,284.00,59.00,125.00,0.474876,-1,-1,-1
11,21,1484.00,0.00,56.00,137.00,0.542146,-1,-1,-1
11,26,776.00,147.00,60.00,170.00,0.310939,-1,-1,-1
11,27,880.00,0.00,48.00,113.00,0.455016,-1,-1,-1
11,28,931.00,0.00,50.00,106.00,0.407895,-1,-1,-1
11,29,521.00,103.00,55.00,176.00,0.463160,-1,-1,-1
11,30,280.00,118.00,64.00,175.00,0.314804,-1,-1,-1
11,33,221.00,107.00,59.00,185.00,0.221952,-1,-1,-1
11,36,1594.00,279.00,44.00,164.00,0.374738,-1,-1,-1
11,38,1540.00,594.00,109.00,240.00,0.465929,-1,-1,-1
12,2,188.00,801.00,93.00,276.00,0.865374,-1,-1,-1
12,3,261.00,844.00,77.00,235.00,0.814436,-1,-1,-1
12,4,1771.00,223.00,68.00,176.00,0.781341,-1,-1,-1
12,5,1715.00,458.00,81.00,209.00,0.804273,-1,-1,-1
12,6,797.00,601.00,71.00,250.00,0.788597,-1,-1,-1
12,7,976.00,748.00,81.00,252.00,0.745994,-1,-1,-1
12,8,385.00,201.00,66.00,190.00,0.765098,-1,-1,-1
12,9,1688.00,296.00,69.00,190.00,0.816379,-1,-1,-1
12,10,1050.00,764.00,92.00,241.00,0.763594,-1,-1,-1
12,11,169.00,308.00,66.00,190.00,0.680597,-1,-1,-1
12,12,1028.00,937.00,73.00,142.00,0.735090,-1,-1,-1
12,13,1583.00,592.00,66.00,234.00,0.541066,-1,-1,-1
12,15,460.00,112.00,60.00,176.00,0.528407,-1,-1,-1
12,16,1600.00,0.00,57.00,163.00,0.685141,-1,-1,-1
12,17,1659.00,4.00,58.00,156.00,0.602250,-1,-1,-1
12,18,993.00,0.00,47.00,103.00,0.482069,-1,-1,-1
12,20,677.00,283.00,59.00,126.00,0.475798,-1,-1,-1
12,21,1485.00,0.00,55.00,137.00,0.573790,-1,-1,-1
12,26,777.00,147.00,60.00,170.00,0.402733,-1,-1,-1
12,27,880.00,0.00,48.00,113.00,0.464035,-1,-1,-1
12,28,931.00,0.00,50.00,105.00,0.373865,-1,-1,-1
12,29,521.00,103.00,55.00,176.00,0.391646,-1,-1,-1
12,30,278.00,101.00,69.00,192.00,0.312446,-1,-1,-1
12,33,221.00,108.00,59.00,185.00,0.240755,-1,-1,-1
12,38,1540.00,592.00,108.00,238.00,0.457106,-1,-1,-1
12,43,635.00,759.00,43.00,158.00,0.326679,-1,-1,-1
13,2,190.00,803.00,92.00,275.00,0.866523,-1,-1,-1
13,3,260.00,846.00,78.00,233.00,0.839633,-1,-1,-1
13,4,1772.00,223.00,68.00,176.00,0.791202,-1,-1,-1
13,5,1714.00,458.00,82.00,209.00,0.789553,-1,-1,-1
13,6,795.00,600.00,72.00,252.00,0.769216,-1,-1,-1
13,7,978.00,748.00,82.00,252.00,0.785236,-1,-1,-1
13,8,385.00,201.00,66.00,190.00,0.766392,-1,-1,-1
13,9,1685.00,293.00,70.00,194.00,0.787891,-1,-1,-1
13,10,1053.00,766.00,91.00,240.00,0.770752,-1,-1,-1
13,11,169.00,307.00,67.00,192.00,0.696091,-1,-1,-1
13,12,1026.00,937.00,74.00,142.00,0.726365,-1,-1,-1
13,13,1589.00,591.00,63.00,227.00,0.496021,-1,-1,-1
13,15,460.00,109.00,60.00,177.00,0.539799,-1,-1,-1
13,16,1599.00,0.00,56.00,159.00,0.577789,-1,-1,-1
13,17,1659.00,3.00,57.00,156.00,0.566665,-1,-1,-1
13,18,993.00,0.00,47.00,102.00,0.423826,-1,-1,-1
13,20,677.00,283.00,59.00,126.00,0.501133,-1,-1,-1
13,21,1486.00,0.00,55.00,137.00,0.553762,-1,-1,-1
13,26,778.00,147.00,60.00,171.00,0.382478,-1,-1,-1
13,27,880.00,0.00,48.00,112.00,0.472728,-1,-1,-1
13,28,931.00,0.00,50.00,105.00,0.313571,-1,-1,-1
13,29,521.00,102.00,55.00,176.00,0.407711,-1,-1,-1
13,30,277.00,97.00,71.00,195.00,0.284981,-1,-1,-1
13,33,222.00,108.00,59.00,185.00,0.197698,-1,-1,-1
13,38,1541.00,592.00,105.00,232.00,0.491055,-1,-1,-1
13,43,635.00,758.00,43.00,158.00,0.239812,-1,-1,-1
13,44,359.00,93.00,54.00,185.00,0.342636,-1,-1,-1
14,2,191.00,805.00,92.00,273.00,0.875875,-1,-1,-1
14,3,260.00,848.00,77.00,231.00,0.841609,-1,-1,-1
14,4,1774.00,223.00,67.00,173.00,0.804548,-1,-1,-1
14,5,1714.00,458.00,81.00,209.00,0.801846,-1,-1,-1
14,6,793.00,600.00,73.00,251.00,0.773319,-1,-1,-1
14,7,980.00,749.00,81.00,250.00,0.762917,-1,-1,-1
14,8,385.00,201.00,66.00,190.00,0.764536,-1,-1,-1
14,9,1682.00,291.00,70.00,195.00,0.802995,-1,-1,-1
14,10,1054.00,767.00,90.00,239.00,0.753522,-1,-1,-1
14,11,170.00,305.00,67.00,194.00,0.676727,-1,-1,-1
14,12,1025.00,937.00,76.00,142.00,0.724279,-1,-1,-1
14,13,1592.00,592.00,61.00,222.00,0.437048,-1,-1,-1
14,14,1882.00,257.00,38.00,172.00,0.374114,-1,-1,-1
14,15,459.00,106.00,61.00,179.00,0.532144,-1,-1,-1
14,16,1599.00,0.00,55.00,156.00,0.537781,-1,-1,-1
14,17,1659.00,2.00,57.00,156.00,0.547629,-1,-1,-1
14,18,993.00,0.00,47.00,102.00,0.436009,-1,-1,-1
14,20,677.00,282.00,59.00,127.00,0.491069,-1,-1,-1
14,21,1486.00,0.00,56.00,137.00,0.527844,-1,-1,-1
14,26,779.00,146.00,62.00,172.00,0.386017,-1,-1,-1
14,27,879.00,0.00,48.00,111.00,0.478719,-1,-1,-1
14,28,931.00,0.00,50.00,104.00,0.344206,-1,-1,-1
14,29,522.00,103.00,55.00,176.00,0.402191,-1,-1,-1
14,30,277.00,99.00,69.00,194.00,0.279177,-1,-1,-1
14,33,222.00,111.00,58.00,182.00,0.256913,-1,-1,-1
14,38,1543.00,592.00,105.00,230.00,0.390823,-1,-1,-1
14,43,635.00,761.00,42.00,156.00,0.219486,-1,-1,-1
14,44,358.00,91.00,55.00,188.00,0.365988,-1,-1,-1
15,2,194.00,807.00,91.00,271.00,0.862501,-1,-1,-1
15,3,260.00,852.00,76.00,226.00,0.848375,-1,-1,-1
15,4,1775.00,224.00,67.00,173.00,0.814588,-1,-1,-1
15,5,1714.00,458.00,82.00,209.00,0.804487,-1,-1,-1
15,6,792.00,599.00,74.00,251.00,0.734995,-1,-1,-1
15,7,982.00,751.00,80.00,246.00,0.739393,-1,-1,-1
15,8,385.00,203.00,65.00,190.00,0.734536,-1,-1,-1
15,9,1680.00,289.00,70.00,195.00,0.806862,-1,-1,-1
15,10,1056.00,769.00,89.00,237.00,0.755639,-1,-1,-1
15,11,170.00,305.00,68.00,195.00,0.669476,-1,-1,-1
15,12,1024.00,937.00,77.00,142.00,0.744447,-1,-1,-1
15,13,1594.00,591.00,60.00,225.00,0.475389,-1,-1,-1
15,14,1884.00,260.00,36.00,165.00,0.358404,-1,-1,-1
15,15,455.00,105.00,62.00,181.00,0.463849,-1,-1,-1
15,16,1599.00,0.00,54.00,154.00,0.479763,-1,-1,-1
15,17,1659.00,2.00,56.00,156.00,0.532480,-1,-1,-1
15,18,992.00,0.00,48.00,102.00,0.461819,-1,-1,-1
15,20,677.00,283.00,59.00,126.00,0.450591,-1,-1,-1
15,21,1487.00,0.00,56.00,137.00,0.536638,-1,-1,-1
15,26,779.00,139.00,64.00,179.00,0.362594,-1,-1,-1
15,27,879.00,0.00,47.00,109.00,0.483383,-1,-1,-1
15,28,931.00,0.00,50.00,103.00,0.324535,-1,-1,-1
15,29,524.00,102.00,56.00,176.00,0.373716,-1,-1,-1
15,30,277.00,96.00,69.00,197.00,0.239005,-1,-1,-1
15,33,222.00,111.00,58.00,182.00,0.246055,-1,-1,-1
15,38,1545.00,591.00,105.00,228.00,0.112614,-1,-1,-1
15,43,636.00,761.00,42.00,157.00,0.149752,-1,-1,-1
15,44,358.00,91.00,56.00,189.00,0.357454,-1,-1,-1
16,2,196.00,809.00,89.00,269.00,0.853818,-1,-1,-1
16,3,260.00,855.00,75.00,223.00,0.836572,-1,-1,-1
16,4,1776.00,224.00,67.00,174.00,0.807697,-1,-1,-1
16,5,1714.00,458.00,81.00,208.00,0.800113,-1,-1,-1
16,6,790.00,599.00,74.00,251.00,0.773128,-1,-1,-1
16,7,984.00,752.00,81.00,245.00,0.728207,-1,-1,-1
16,8,385.00,205.00,65.00,189.00,0.754271,-1,-1,-1
16,9,1677.00,287.00,72.00,196.00,0.817441,-1,-1,-1
16,10,1057.00,770.00,87.00,236.00,0.770431,-1,-1,-1
16,11,171.00,305.00,68.00,194.00,0.674707,-1,-1,-1
16,12,1024.00,938.00,77.00,141.00,0.665154,-1,-1,-1
16,13,1596.00,589.00,60.00,228.00,0.538306,-1,-1,-1
16,14,1886.00,264.00,34.00,162.00,0.352840,-1,-1,-1
16,15,453.00,104.00,63.00,181.00,0.497428,-1,-1,-1
16,16,1599.00,0.00,52.00,150.00,0.381079,-1,-1,-1
16,17,1658.00,1.00,57.00,157.00,0.543911,-1,-1,-1
16,18,992.00,0.00,47.00,102.00,0.449722,-1,-1,-1
16,20,677.00,282.00,58.00,127.00,0.488423,-1,-1,-1
16,21,1488.00,0.00,55.00,137.00,0.580874,-1,-1,-1
16,26,780.00,138.00,65.00,181.00,0.453264,-1,-1,-1
16,27,878.00,0.00,47.00,109.00,0.444863,-1,-1,-1
16,28,932.00,0.00,49.00,101.00,0.334627,-1,-1,-1
16,29,525.00,104.00,56.00,175.00,0.420933,-1,-1,-1
16,30,277.00,96.00,69.00,197.00,0.270291,-1,-1,-1
16,33,222.00,110.00,58.00,183.00,0.263829,-1,-1,-1
16,38,1559.00,586.00,105.00,235.00,0.147675,-1,-1,-1
16,43,636.00,761.00,42.00,157.00,0.178287,-1,-1,-1
16,44,359.00,90.00,55.00,190.00,0.376548,-1,-1,-1
17,2,198.00,811.00,88.00,267.00,0.843750,-1,-1,-1
17,3,259.00,858.00,76.00,221.00,0.849187,-1,-1,-1
17,4,1777.00,225.00,67.00,176.00,0.776960,-1,-1,-1
17,5,1714.00,458.00,81.00,208.00,0.804342,-1,-1,-1
17,6,787.00,599.00,75.00,251.00,0.783355,-1,-1,-1
17,7,988.00,753.00,81.00,244.00,0.722864,-1,-1,-1
17,8,386.00,208.00,64.00,188.00,0.754808,-1,-1,-1
17,9,1674.00,286.00,73.00,197.00,0.818786,-1,-1,-1
17,10,1058.00,771.00,87.00,234.00,0.805746,-1,-1,-1
17,11,173.00,305.00,68.00,196.00,0.689153,-1,-1,-1
17,12,1018.00,939.00,79.00,140.00,0.657742,-1,-1,-1
17,13,1597.00,589.00,59.00,229.00,0.574809,-1,-1,-1
17,14,1887.00,268.00,33.00,158.00,0.370871,-1,-1,-1
17,15,452.00,105.00,63.00,181.00,0.541307,-1,-1,-1
17,16,1598.00,0.00,52.00,147.00,0.223919,-1,-1,-1
17,17,1657.00,0.00,57.00,158.00,0.566443,-1,-1,-1
17,18,992.00,0.00,47.00,102.00,0.496221,-1,-1,-1
17,20,677.00,283.00,58.00,126.00,0.493725,-1,-1,-1
17,21,1488.00,0.00,55.00,136.00,0.585019,-1,-1,-1
17,26,780.00,136.00,67.00,182.00,0.410390,-1,-1,-1
17,27,877.00,0.00,48.00,109.00,0.479075,-1,-1,-1
17,28,933.00,0.00,47.00,98.00,0.354875,-1,-1,-1
17,29,525.00,104.00,57.00,175.00,0.450441,-1,-1,-1
17,30,277.00,94.00,69.00,198.00,0.259525,-1,-1,-1
17,33,223.00,111.00,57.00,182.00,0.270506,-1,-1,-1
17,38,1563.00,582.00,105.00,240.00,0.124763,-1,-1,-1
17,43,637.00,764.00,41.00,153.00,0.117071,-1,-1,-1
17,44,359.00,90.00,56.00,190.00,0.409414,-1,-1,-1
18,2,199.00,813.00,88.00,264.00,0.843409,-1,-1,-1
18,3,259.00,861.00,75.00,217.00,0.835954,-1,-1,-1
18,4,1778.00,226.00,66.00,175.00,0.753308,-1,-1,-1
18,5,1713.00,457.00,82.00,209.00,0.804430,-1,-1,-1
18,6,782.00,598.00,77.00,251.00,0.774438,-1,-1,-1
18,7,987.00,754.00,83.00,249.00,0.750704,-1,-1,-1
18,8,386.00,210.00,63.00,187.00,0.740255,-1,-1,-1
18,9,1670.00,285.00,75.00,200.00,0.831346,-1,-1,-1
18,10,1060.00,772.00,86.00,234.00,0.766782,-1,-1,-1
18,11,174.00,304.00,68.00,197.00,0.721670,-1,-1,-1
18,12,1022.00,939.00,79.00,140.00,0.678321,-1,-1,-1
18,13,1597.00,587.00,59.00,233.00,0.645316,-1,-1,-1
18,14,1888.00,274.00,32.00,154.00,0.322278,-1,-1,-1
18,15,451.00,104.00,64.00,181.00,0.513887,-1,-1,-1
18,16,1597.00,0.00,51.00,146.00,0.256441,-1,-1,-1
18,17,1657.00,0.00,57.00,158.00,0.576966,-1,-1,-1
18,18,991.00,0.00,47.00,101.00,0.445715,-1,-1,-1
18,20,677.00,283.00,59.00,126.00,0.504306,-1,-1,-1
18,21,1489.00,0.00,55.00,137.00,0.571785,-1,-1,-1
18,26,781.00,133.00,68.00,185.00,0.446195,-1,-1,-1
18,27,876.00,0.00,48.00,108.00,0.464199,-1,-1,-1
18,28,933.00,0.00,47.00,96.00,0.337461,-1,-1,-1
18,29,527.00,104.00,58.00,176.00,0.379860,-1,-1,-1
18,30,277.00,90.00,69.00,202.00,0.349305,-1,-1,-1
18,33,222.00,111.00,57.00,182.00,0.290689,-1,-1,-1
18,43,637.00,763.00,41.00,155.00,0.157280,-1,-1,-1
18,44,359.00,88.00,56.00,191.00,0.420415,-1,-1,-1
19,2,201.00,814.00,87.00,264.00,0.844495,-1,-1,-1
19,3,258.00,865.00,75.00,213.00,0.845742,-1,-1,-1
19,4,1779.00,227.00,65.00,176.00,0.748873,-1,-1,-1
19,5,1713.00,458.00,82.00,208.00,0.798500,-1,-1,-1
19,6,778.00,598.00,79.00,251.00,0.763012,-1,-1,-1
19,7,987.00,755.00,85.00,255.00,0.752457,-1,-1,-1
19,8,386.00,212.00,62.00,187.00,0.733821,-1,-1,-1
19,9,1667.00,284.00,77.00,202.00,0.826078,-1,-1,-1
19,10,1063.00,773.00,85.00,234.00,0.760155,-1,-1,-1
19,11,175.00,304.00,68.00,196.00,0.726726,-1,-1,-1
19,12,1020.00,938.00,81.00,141.00,0.733542,-1,-1,-1
19,13,1597.00,586.00,60.00,236.00,0.651312,-1,-1,-1
19,14,1889.00,279.00,31.00,150.00,0.320981,-1,-1,-1
19,15,450.00,103.00,65.00,182.00,0.486599,-1,-1,-1
19,16,1596.00,0.00,51.00,148.00,0.315721,-1,-1,-1
19,17,1657.00,0.00,57.00,158.00,0.567754,-1,-1,-1
19,18,990.00,0.00,48.00,100.00,0.440897,-1,-1,-1
19,20,677.00,284.00,58.00,125.00,0.506475,-1,-1,-1
19,21,1489.00,0.00,55.00,137.00,0.557389,-1,-1,-1
19,26,781.00,133.00,68.00,184.00,0.400894,-1,-1,-1
19,27,875.00,0.00,48.00,108.00,0.441213,-1,-1,-1
19,28,933.00,0.00,47.00,94.00,0.328615,-1,-1,-1
19,29,528.00,104.00,59.00,176.00,0.372622,-1,-1,-1
19,30,277.00,92.00,68.00,201.00,0.321822,-1,-1,-1
19,33,221.00,111.00,57.00,182.00,0.344896,-1,-1,-1
19,43,637.00,763.00,41.00,155.00,0.106029,-1,-1,-1
19,44,359.00,88.00,56.00,190.00,0.399684,-1,-1,-1
19,47,141.00,306.00,47.00,178.00,0.419561,-1,-1,-1
20,2,204.00,815.00,86.00,263.00,0.840049,-1,-1,-1
20,3,257.00,868.00,75.00,211.00,0.840220,-1,-1,-1
20,4,1781.00,228.00,65.00,178.00,0.727460,-1,-1,-1
20,5,1711.00,457.00,83.00,209.00,0.797816,-1,-1,-1
20,6,774.00,599.00,80.00,251.00,0.739663,-1,-1,-1
20,7,989.00,758.00,84.00,249.00,0.738301,-1,-1,-1
20,8,385.00,214.00,62.00,187.00,0.750200,-1,-1,-1
20,9,1665.00,285.00,78.00,202.00,0.808193,-1,-1,-1
20,10,1067.00,775.00,84.00,231.00,0.718241,-1,-1,-1
20,11,177.00,304.00,67.00,195.00,0.752950,-1,-1,-1
20,12,1019.00,939.00,82.00,140.00,0.756502,-1,-1,-1
20,13,1597.00,584.00,60.00,238.00,0.621996,-1,-1,-1
20,14,1890.00,282.00,30.00,147.00,0.266792,-1,-1,-1
20,15,449.00,103.00,65.00,181.00,0.461683,-1,-1,-1
20,16,1596.00,0.00,51.00,146.00,0.406991,-1,-1,-1
20,17,1657.00,0.00,56.00,157.00,0.595742,-1,-1,-1
20,18,990.00,0.00,47.00,99.00,0.445812,-1,-1,-1
20,20,678.00,284.00,58.00,125.00,0.485249,-1,-1,-1
20,21,1489.00,0.00,55.00,137.00,0.596072,-1,-1,-1
20,26,782.00,127.00,69.00,190.00,0.435870,-1,-1,-1
20,27,874.00,0.00,48.00,108.00,0.475562,-1,-1,-1
20,28,934.00,0.00,46.00,94.00,0.342573,-1,-1,-1
20,29,528.00,105.00,60.00,176.00,0.369886,-1,-1,-1
20,30,278.00,92.00,67.00,200.00,0.351356,-1,-1,-1
20,33,221.00,111.00,57.00,183.00,0.321290,-1,-1,-1
20,44,359.00,87.00,56.00,191.00,0.452953,-1,-1,-1
20,47,141.00,300.00,48.00,183.00,0.467907,-1,-1,-1
21,2,206.00,817.00,85.00,261.00,0.828601,-1,-1,-1
21,3,256.00,870.00,75.00,209.00,0.837328,-1,-1,-1
21,4,1784.00,230.00,64.00,177.00,0.719531,-1,-1,-1
21,5,1711.00,458.00,83.00,208.00,0.788873,-1,-1,-1
21,6,772.00,598.00,82.00,252.00,0.730653,-1,-1,-1
21,7,990.00,761.00,84.00,247.00,0.699350,-1,-1,-1
21,8,385.00,215.00,62.00,190.00,0.743835,-1,-1,-1
21,9,1663.00,285.00,79.00,203.00,0.800451,-1,-1,-1
21,10,1068.00,777.00,83.00,232.00,0.706071,-1,-1,-1
21,11,178.00,303.00,68.00,197.00,0.733715,-1,-1,-1
21,12,1024.00,939.00,82.00,140.00,0.710478,-1,-1,-1
21,13,1597.00,584.00,60.00,240.00,0.641168,-1,-1,-1
21,14,1890.00,286.00,30.00,144.00,0.316511,-1,-1,-1
21,15,448.00,102.00,66.00,181.00,0.412048,-1,-1,-1
21,16,1596.00,0.00,50.00,145.00,0.363940,-1,-1,-1
21,17,1657.00,0.00,56.00,157.00,0.557709,-1,-1,-1
21,18,989.00,0.00,47.00,97.00,0.372152,-1,-1,-1
21,20,678.00,284.00,58.00,125.00,0.483297,-1,-1,-1
21,21,1489.00,0.00,56.00,138.00,0.602030,-1,-1,-1
21,26,783.00,129.00,69.00,188.00,0.423572,-1,-1,-1
21,27,873.00,0.00,48.00,108.00,0.435127,-1,-1,-1
21,28,934.00,0.00,46.00,93.00,0.329920,-1,-1,-1
21,29,528.00,105.00,60.00,176.00,0.339618,-1,-1,-1
21,30,279.00,91.00,67.00,201.00,0.350818,-1,-1,-1
21,33,220.00,109.00,58.00,184.00,0.345662,-1,-1,-1
21,44,357.00,78.00,59.00,201.00,0.403359,-1,-1,-1
21,47,140.00,284.00,51.00,197.00,0.377909,-1,-1,-1
21,48,1871.00,681.00,47.00,162.00,0.391948,-1,-1,-1
22,2,208.00,819.00,84.00,260.00,0.830208,-1,-1,-1
22,3,255.00,872.00,74.00,207.00,0.832196,-1,-1,-1
22,4,1788.00,231.00,63.00,177.00,0.736285,-1,-1,-1
22,5,1711.00,457.00,83.00,209.00,0.791983,-1,-1,-1
22,6,769.00,599.00,84.00,252.00,0.742639,-1,-1,-1
22,7,994.00,765.00,82.00,239.00,0.700825,-1,-1,-1
22,8,384.00,216.00,62.00,191.00,0.739102,-1,-1,-1
22,9,1662.00,286.00,80.00,202.00,0.811843,-1,-1,-1
22,10,1070.00,780.00,84.00,235.00,0.695102,-1,-1,-1
22,11,179.00,300.00,69.00,201.00,0.716398,-1,-1,-1
22,12,1024.00,940.00,82.00,139.00,0.725569,-1,-1,-1
22,13,1599.00,583.00,60.00,242.00,0.541986,-1,-1,-1
22,14,1892.00,289.00,28.00,142.00,0.212649,-1,-1,-1
22,15,447.00,102.00,66.00,181.00,0.452053,-1,-1,-1
22,16,1595.00,0.00,50.00,147.00,0.341333,-1,-1,-1
22,17,1657.00,0.00,56.00,156.00,0.617132,-1,-1,-1
22,18,989.00,0.00,46.00,95.00,0.389361,-1,-1,-1
22,20,677.00,283.00,59.00,125.00,0.494669,-1,-1,-1
22,21,1490.00,0.00,55.00,138.00,0.608758,-1,-1,-1
22,26,782.00,126.00,69.00,191.00,0.389524,-1,-1,-1
22,27,872.00,0.00,49.00,108.00,0.498626,-1,-1,-1
22,28,934.00,0.00,46.00,93.00,0.343221,-1,-1,-1
22,29,527.00,104.00,61.00,178.00,0.400167,-1,-1,-1
22,30,279.00,91.00,66.00,201.00,0.356143,-1,-1,-1
22,33,219.00,108.00,59.00,186.00,0.344566,-1,-1,-1
22,38,1566.00,576.00,104.00,246.00,0.346040,-1,-1,-1
22,44,357.00,71.00,59.00,202.00,0.406661,-1,-1,-1
22,47,138.00,278.00,53.00,204.00,0.431599,-1,-1,-1
22,48,1870.00,681.00,48.00,165.00,0.316487,-1,-1,-1
23,2,210.00,820.00,83.00,257.00,0.712610,-1,-1,-1
23,3,250.00,873.00,75.00,206.00,0.811160,-1,-1,-1
23,4,1790.00,233.00,64.00,176.00,0.747340,-1,-1,-1
23,5,1711.00,456.00,84.00,210.00,0.762976,-1,-1,-1
23,6,767.00,599.00,85.00,252.00,0.751727,-1,-1,-1
23,7,996.00,768.00,81.00,236.00,0.675462,-1,-1,-1
23,8,383.00,217.00,62.00,190.00,0.751294,-1,-1,-1
23,9,1661.00,286.00,81.00,201.00,0.818483,-1,-1,-1
23,10,1071.00,782.00,85.00,240.00,0.725332,-1,-1,-1
23,11,181.00,300.00,68.00,200.00,0.711504,-1,-1,-1
23,12,1024.00,940.00,81.00,139.00,0.724818,-1,-1,-1
23,13,1601.00,584.00,59.00,241.00,0.642809,-1,-1,-1
23,14,1889.00,292.00,30.00,140.00,0.132153,-1,-1,-1
23,15,449.00,101.00,66.00,181.00,0.468624,-1,-1,-1
23,16,1593.00,0.00,51.00,148.00,0.424009,-1,-1,-1
23,17,1658.00,0.00,55.00,156.00,0.618020,-1,-1,-1
23,18,989.00,0.00,46.00,94.00,0.377757,-1,-1,-1
23,20,678.00,284.00,58.00,125.00,0.478529,-1,-1,-1
23,21,1490.00,0.00,55.00,138.00,0.600632,-1,-1,-1
23,26,783.00,128.00,68.00,189.00,0.409962,-1,-1,-1
23,27,872.00,0.00,49.00,108.00,0.455416,-1,-1,-1
23,28,934.00,0.00,46.00,92.00,0.315480,-1,-1,-1
23,29,528.00,105.00,61.00,178.00,0.463583,-1,-1,-1
23,30,279.00,93.00,66.00,199.00,0.326726,-1,-1,-1
23,33,219.00,106.00,59.00,189.00,0.348287,-1,-1,-1
23,38,1567.00,576.00,102.00,247.00,0.157328,-1,-1,-1
23,44,358.00,77.00,57.00,190.00,0.434839,-1,-1,-1
23,47,138.00,279.00,52.00,203.00,0.425137,-1,-1,-1
23,48,1872.00,682.00,47.00,163.00,0.145988,-1,-1,-1
24,2,213.00,821.00,81.00,255.00,0.712782,-1,-1,-1
24,3,245.00,875.00,76.00,204.00,0.817038,-1,-1,-1
24,4,1792.00,234.00,63.00,176.00,0.749795,-1,-1,-1
24,5,1712.00,456.00,84.00,210.00,0.786651,-1,-1,-1
24,6,764.00,599.00,87.00,252.00,0.780106,-1,-1,-1
24,7,1003.00,771.00,73.00,211.00,0.623729,-1,-1,-1
24,8,382.00,218.00,61.00,190.00,0.750329,-1,-1,-1
24,9,1661.00,286.00,81.00,202.00,0.813808,-1,-1,-1
24,10,1075.00,784.00,87.00,244.00,0.750134,-1,-1,-1
24,11,182.00,299.00,69.00,200.00,0.704544,-1,-1,-1
24,12,1022.00,939.00,82.00,140.00,0.742856,-1,-1,-1
24,13,1600.00,586.00,59.00,239.00,0.690935,-1,-1,-1
24,14,1889.00,293.00,30.00,142.00,0.144499,-1,-1,-1
24,15,451.00,100.00,64.00,178.00,0.510781,-1,-1,-1
24,16,1593.00,0.00,50.00,149.00,0.404523,-1,-1,-1
24,17,1659.00,0.00,55.00,155.00,0.605434,-1,-1,-1
24,18,988.00,0.00,46.00,93.00,0.339465,-1,-1,-1
24,20,678.00,284.00,58.00,125.00,0.498515,-1,-1,-1
24,21,1490.00,0.00,55.00,138.00,0.600847,-1,-1,-1
24,26,783.00,126.00,69.00,192.00,0.405213,-1,-1,-1
24,27,872.00,0.00,49.00,108.00,0.438953,-1,-1,-1
24,28,932.00,0.00,47.00,92.00,0.327002,-1,-1,-1
24,29,530.00,106.00,60.00,177.00,0.479265,-1,-1,-1
24,30,279.00,92.00,66.00,200.00,0.320392,-1,-1,-1
24,33,219.00,106.00,59.00,187.00,0.308018,-1,-1,-1
24,38,1565.00,575.00,102.00,249.00,0.217260,-1,-1,-1
24,44,359.00,81.00,55.00,180.00,0.406282,-1,-1,-1
24,47,137.00,273.00,54.00,208.00,0.445975,-1,-1,-1
25,2,217.00,823.00,80.00,253.00,0.662704,-1,-1,-1
25,3,243.00,876.00,78.00,203.00,0.803814,-1,-1,-1
25,4,1793.00,235.00,63.00,175.00,0.734321,-1,-1,-1
25,5,1712.00,456.00,84.00,210.00,0.790594,-1,-1,-1
25,6,764.00,598.00,87.00,253.00,0.789476,-1,-1,-1
25,7,1004.00,775.00,75.00,212.00,0.503225,-1,-1,-1
25,8,381.00,219.00,62.00,189.00,0.759696,-1,-1,-1
25,9,1660.00,285.00,82.00,203.00,0.801951,-1,-1,-1
25,10,1077.00,787.00,87.00,245.00,0.774191,-1,-1,-1
25,11,184.00,298.00,68.00,200.00,0.714335,-1,-1,-1
25,12,1021.00,939.00,82.00,140.00,0.757430,-1,-1,-1
25,13,1602.00,587.00,58.00,238.00,0.643049,-1,-1,-1
25,15,452.00,98.00,64.00,177.00,0.508730,-1,-1,-1
25,16,1593.00,0.00,51.00,150.00,0.464254,-1,-1,-1
25,17,1659.00,0.00,54.00,154.00,0.588867,-1,-1,-1
25,18,988.00,0.00,47.00,92.00,0.354725,-1,-1,-1
25,20,678.00,285.00,58.00,123.00,0.496151,-1,-1,-1
25,21,1490.00,0.00,55.00,139.00,0.593743,-1,-1,-1
25,26,785.00,131.00,67.00,187.00,0.375761,-1,-1,-1
25,27,871.00,0.00,50.00,108.00,0.447936,-1,-1,-1
25,28,932.00,0.00,46.00,92.00,0.345599,-1,-1,-1
25,29,531.00,106.00,60.00,177.00,0.487701,-1,-1,-1
25,30,279.00,91.00,66.00,201.00,0.320415,-1,-1,-1
25,33,219.00,107.00,58.00,185.00,0.332284,-1,-1,-1
25,38,1568.00,576.00,99.00,247.00,0.299602,-1,-1,-1
25,44,360.00,83.00,53.00,174.00,0.410215,-1,-1,-1
25,47,137.00,266.00,55.00,216.00,0.501970,-1,-1,-1
26,2,220.00,824.00,79.00,250.00,0.537158,-1,-1,-1
26,3,243.00,876.00,79.00,203.00,0.807685,-1,-1,-1
26,4,1794.00,236.00,63.00,175.00,0.757193,-1,-1,-1
26,5,1713.00,455.00,84.00,210.00,0.779085,-1,-1,-1
26,6,763.00,598.00,89.00,252.00,0.794554,-1,-1,-1
26,7,1005.00,777.00,76.00,213.00,0.415753,-1,-1,-1
26,8,380.00,218.00,62.00,191.00,0.739360,-1,-1,-1
26,9,1659.00,283.00,84.00,204.00,0.798399,-1,-1,-1
26,10,1077.00,789.00,88.00,245.00,0.759548,-1,-1,-1
26,11,186.00,297.00,67.00,198.00,0.692027,-1,-1,-1
26,12,1021.00,938.00,82.00,141.00,0.743644,-1,-1,-1
26,13,1605.00,588.00,58.00,237.00,0.669859,-1,-1,-1
26,15,454.00,96.00,63.00,176.00,0.485673,-1,-1,-1
26,16,1592.00,0.00,51.00,150.00,0.503022,-1,-1,-1
26,17,1659.00,0.00,53.00,151.00,0.582872,-1,-1,-1
26,18,988.00,0.00,47.00,93.00,0.329769,-1,-1,-1
26,20,678.00,284.00,58.00,125.00,0.506212,-1,-1,-1
26,21,1490.00,1.00,55.00,138.00,0.605483,-1,-1,-1
26,26,785.00,130.00,67.00,188.00,0.409531,-1,-1,-1
26,27,871.00,0.00,50.00,108.00,0.449280,-1,-1,-1
26,28,932.00,0.00,46.00,92.00,0.349191,-1,-1,-1
26,29,532.00,106.00,59.00,177.00,0.485065,-1,-1,-1
26,30,279.00,92.00,65.00,200.00,0.273447,-1,-1,-1
26,33,219.00,108.00,58.00,184.00,0.302880,-1,-1,-1
26,38,1571.00,578.00,97.00,246.00,0.159801,-1,-1,-1
26,44,361.00,84.00,53.00,172.00,0.352214,-1,-1,-1
26,47,137.00,265.00,55.00,218.00,0.453123,-1,-1,-1
26,48,1875.00,694.00,45.00,163.00,0.315594,-1,-1,-1
27,2,222.00,825.00,79.00,248.00,0.549812,-1,-1,-1
27,3,243.00,876.00,79.00,203.00,0.802586,-1,-1,-1
27,4,1794.00,237.00,63.00,174.00,0.781691,-1,-1,-1
27,5,1713.00,454.00,84.00,211.00,0.801099,-1,-1,-1
27,6,762.00,597.00,89.00,250.00,0.786415,-1,-1,-1
27,7,1011.00,778.00,71.00,195.00,0.399759,-1,-1,-1
27,8,379.00,218.00,62.00,190.00,0.738288,-1,-1,-1
27,9,1659.00,281.00,85.00,207.00,0.823467,-1,-1,-1
27,10,1080.00,792.00,88.00,246.00,0.702154,-1,-1,-1
27,11,188.00,296.00,67.00,196.00,0.695564,-1,-1,-1
27,12,1021.00,938.00,82.00,142.00,0.716155,-1,-1,-1
27,13,1607.00,587.00,57.00,238.00,0.663618,-1,-1,-1
27,15,456.00,94.00,62.00,175.00,0.449381,-1,-1,-1
27,16,1592.00,0.00,51.00,149.00,0.569867,-1,-1,-1
27,17,1661.00,0.00,52.00,148.00,0.572932,-1,-1,-1
27,18,988.00,0.00,47.00,93.00,0.268830,-1,-1,-1
27,20,678.00,283.00,58.00,126.00,0.470689,-1,-1,-1
27,21,1489.00,1.00,56.00,139.00,0.627128,-1,-1,-1
27,26,786.00,130.00,67.00,188.00,0.390159,-1,-1,-1
27,27,871.00,0.00,51.00,108.00,0.410054,-1,-1,-1
27,28,932.00,0.00,46.00,91.00,0.301633,-1,-1,-1
27,29,532.00,106.00,60.00,177.00,0.412773,-1,-1,-1
27,30,279.00,93.00,65.00,199.00,0.246951,-1,-1,-1
27,33,219.00,108.00,58.00,186.00,0.314608,-1,-1,-1
27,38,1574.00,580.00,95.00,243.00,0.231057,-1,-1,-1
27,44,360.00,81.00,55.00,175.00,0.313808,-1,-1,-1
27,47,139.00,271.00,53.00,210.00,0.453318,-1,-1,-1
27,48,1877.00,697.00,43.00,164.00,0.161307,-1,-1,-1
27,49,223.00,826.00,77.00,177.00,0.352879,-1,-1,-1
28,3,243.00,879.00,78.00,200.00,0.815179,-1,-1,-1
28,4,1795.00,237.00,64.00,175.00,0.754014,-1,-1,-1
28,5,1714.00,455.00,83.00,210.00,0.775567,-1,-1,-1
28,6,761.00,596.00,89.00,249.00,0.782538,-1,-1,-1
28,7,1016.00,780.00,66.00,178.00,0.441120,-1,-1,-1
28,8,379.00,219.00,62.00,189.00,0.732541,-1,-1,-1
28,9,1661.00,279.00,83.00,203.00,0.811634,-1,-1,-1
28,10,1082.00,795.00,89.00,246.00,0.692552,-1,-1,-1
28,11,191.00,295.00,65.00,192.00,0.680754,-1,-1,-1
28,12,1021.00,938.00,82.00,141.00,0.713696,-1,-1,-1
28,13,1608.00,586.00,58.00,239.00,0.602156,-1,-1,-1
28,15,456.00,92.00,62.00,176.00,0.406301,-1,-1,-1
28,16,1593.00,0.00,51.00,143.00,0.462023,-1,-1,-1
28,17,1661.00,0.00,52.00,147.00,0.597869,-1,-1,-1
28,18,987.00,0.00,47.00,92.00,0.309159,-1,-1,-1
28,20,678.00,283.00,58.00,126.00,0.481293,-1,-1,-1
28,21,1489.00,1.00,56.00,141.00,0.624003,-1,-1,-1
28,26,788.00,133.00,66.00,185.00,0.413011,-1,-1,-1
28,27,871.00,0.00,50.00,108.00,0.408100,-1,-1,-1
28,28,932.00,0.00,47.00,92.00,0.327808,-1,-1,-1
28,29,533.00,105.00,59.00,178.00,0.379413,-1,-1,-1
28,30,278.00,92.00,66.00,200.00,0.264616,-1,-1,-1
28,33,218.00,108.00,58.00,187.00,0.306625,-1,-1,-1
28,38,1577.00,580.00,92.00,243.00,0.257772,-1,-1,-1
28,44,360.00,82.00,55.00,174.00,0.320617,-1,-1,-1
28,47,142.00,279.00,50.00,200.00,0.385695,-1,-1,-1
28,48,1879.00,702.00,41.00,161.00,0.271589,-1,-1,-1
28,49,223.00,827.00,82.00,189.00,0.538947,-1,-1,-1
29,3,243.00,883.00,79.00,196.00,0.829175,-1,-1,-1
29,4,1796.00,237.00,64.00,175.00,0.753717,-1,-1,-1
29,5,1716.00,455.00,82.00,210.00,0.767098,-1,-1,-1
29,6,760.00,596.00,90.00,248.00,0.785223,-1,-1,-1
29,7,1015.00,781.00,74.00,198.00,0.500535,-1,-1,-1
29,8,378.00,219.00,62.00,190.00,0.716859,-1,-1,-1
29,9,1663.00,278.00,81.00,195.00,0.840807,-1,-1,-1
29,10,1085.00,797.00,88.00,245.00,0.715118,-1,-1,-1
29,11,192.00,295.00,64.00,190.00,0.687892,-1,-1,-1
29,12,1020.00,938.00,82.00,141.00,0.709434,-1,-1,-1
29,13,1607.00,586.00,58.00,239.00,0.583712,-1,-1,-1
29,15,456.00,90.00,62.00,178.00,0.479810,-1,-1,-1
29,16,1595.00,1.00,49.00,137.00,0.409047,-1,-1,-1
29,17,1662.00,0.00,51.00,145.00,0.595232,-1,-1,-1
29,18,987.00,0.00,47.00,92.00,0.318461,-1,-1,-1
29,20,678.00,284.00,58.00,125.00,0.489812,-1,-1,-1
29,21,1488.00,1.00,57.00,142.00,0.627721,-1,-1,-1
29,26,789.00,137.00,65.00,181.00,0.394804,-1,-1,-1
29,27,871.00,0.00,51.00,108.00,0.412292,-1,-1,-1
29,28,932.00,0.00,47.00,92.00,0.329621,-1,-1,-1
29,29,534.00,105.00,59.00,179.00,0.376504,-1,-1,-1
29,30,277.00,90.00,67.00,202.00,0.279727,-1,-1,-1
29,33,219.00,110.00,57.00,183.00,0.270816,-1,-1,-1
29,38,1574.00,581.00,92.00,242.00,0.336380,-1,-1,-1
29,44,359.00,80.00,57.00,177.00,0.305686,-1,-1,-1
29,47,144.00,295.00,46.00,182.00,0.395025,-1,-1,-1
29,48,1880.00,705.00,40.00,160.00,0.355029,-1,-1,-1
29,49,229.00,830.00,76.00,173.00,0.490038,-1,-1,-1
30,3,245.00,885.00,79.00,194.00,0.813889,-1,-1,-1
30,4,1798.00,237.00,65.00,175.00,0.744769,-1,-1,-1
30,5,1716.00,454.00,82.00,211.00,0.777177,-1,-1,-1
30,6,758.00,593.00,90.00,251.00,0.768518,-1,-1,-1
30,7,1018.00,782.00,76.00,201.00,0.507806,-1,-1,-1
30,8,377.00,221.00,62.00,188.00,0.706214,-1,-1,-1
30,9,1664.00,275.00,79.00,193.00,0.855292,-1,-1,-1
30,10,1085.00,798.00,88.00,244.00,0.723359,-1,-1,-1
30,11,193.00,295.00,64.00,188.00,0.702403,-1,-1,-1
30,12,1019.00,938.00,82.00,141.00,0.721627,-1,-1,-1
30,13,1606.00,589.00,58.00,236.00,0.605412,-1,-1,-1
30,15,456.00,89.00,62.00,179.00,0.379856,-1,-1,-1
30,16,1595.00,0.00,49.00,138.00,0.475321,-1,-1,-1
30,17,1662.00,0.00,51.00,145.00,0.588395,-1,-1,-1
30,18,986.00,0.00,47.00,93.00,0.338687,-1,-1,-1
30,20,678.00,283.00,59.00,126.00,0.478902,-1,-1,-1
30,21,1488.00,1.00,57.00,142.00,0.602776,-1,-1,-1
30,26,789.00,140.00,65.00,178.00,0.384491,-1,-1,-1
30,27,871.00,0.00,51.00,108.00,0.362586,-1,-1,-1
30,28,931.00,0.00,47.00,92.00,0.280183,-1,-1,-1
30,29,536.00,106.00,59.00,179.00,0.362104,-1,-1,-1
30,30,281.00,105.00,62.00,187.00,0.220369,-1,-1,-1
30,33,220.00,112.00,55.00,179.00,0.309867,-1,-1,-1
30,38,1572.00,583.00,93.00,240.00,0.375949,-1,-1,-1
30,44,360.00,85.00,56.00,172.00,0.332419,-1,-1,-1
30,47,144.00,300.00,45.00,175.00,0.368091,-1,-1,-1
30,48,1881.00,708.00,39.00,158.00,0.325125,-1,-1,-1
30,49,238.00,832.00,66.00,150.00,0.501646,-1,-1,-1
31,3,244.00,887.00,79.00,191.00,0.811113,-1,-1,-1
31,4,1801.00,237.00,65.00,175.00,0.746084,-1,-1,-1
31,5,1718.00,455.00,81.00,210.00,0.782842,-1,-1,-1
31,6,758.00,593.00,90.00,250.00,0.758277,-1,-1,-1
31,7,1020.00,783.00,84.00,214.00,0.481793,-1,-1,-1
31,8,376.00,223.00,62.00,186.00,0.701332,-1,-1,-1
31,9,1665.00,273.00,79.00,193.00,0.847851,-1,-1,-1
31,10,1090.00,799.00,87.00,242.00,0.695558,-1,-1,-1
31,11,194.00,294.00,64.00,188.00,0.689220,-1,-1,-1
31,12,1018.00,936.00,83.00,143.00,0.703737,-1,-1,-1
31,13,1608.00,590.00,58.00,235.00,0.543434,-1,-1,-1
31,15,457.00,88.00,62.00,180.00,0.373909,-1,-1,-1
31,16,1595.00,2.00,48.00,133.00,0.380279,-1,-1,-1
31,17,1661.00,0.00,51.00,145.00,0.553898,-1,-1,-1
31,18,985.00,0.00,47.00,92.00,0.325270,-1,-1,-1
31,20,678.00,282.00,59.00,127.00,0.485156,-1,-1,-1
31,21,1488.00,2.00,56.00,141.00,0.600284,-1,-1,-1
31,26,790.00,141.00,64.00,177.00,0.395304,-1,-1,-1
31,27,871.00,0.00,51.00,109.00,0.366548,-1,-1,-1
31,28,931.00,0.00,46.00,91.00,0.294235,-1,-1,-1
31,29,537.00,109.00,57.00,175.00,0.345932,-1,-1,-1
31,30,282.00,110.00,61.00,183.00,0.247943,-1,-1,-1
31,33,221.00,115.00,54.00,176.00,0.302518,-1,-1,-1
31,38,1573.00,583.00,93.00,240.00,0.352101,-1,-1,-1
31,44,360.00,91.00,55.00,166.00,0.274643,-1,-1,-1
31,47,141.00,283.00,50.00,191.00,0.400679,-1,-1,-1
31,48,1882.00,711.00,38.00,157.00,0.345855,-1,-1,-1
31,49,249.00,835.00,52.00,116.00,0.510268,-1,-1,-1
32,3,244.00,889.00,79.00,189.00,0.815085,-1,-1,-1
32,4,1804.00,237.00,65.00,175.00,0.744225,-1,-1,-1
32,5,1719.00,455.00,80.00,210.00,0.771727,-1,-1,-1
32,6,755.00,594.00,89.00,246.00,0.733476,-1,-1,-1
32,7,1018.00,785.00,81.00,208.00,0.685640,-1,-1,-1
32,8,375.00,223.00,63.00,188.00,0.716201,-1,-1,-1
32,9,1665.00,271.00,79.00,194.00,0.848133,-1,-1,-1
32,10,1090.00,801.00,86.00,241.00,0.729007,-1,-1,-1
32,11,195.00,293.00,64.00,188.00,0.675019,-1,-1,-1
32,12,1018.00,938.00,82.00,141.00,0.741314,-1,-1,-1
32,13,1606.00,590.00,59.00,235.00,0.498364,-1,-1,-1
32,15,457.00,88.00,64.00,181.00,0.320420,-1,-1,-1
32,16,1594.00,1.00,49.00,136.00,0.391319,-1,-1,-1
32,17,1660.00,0.00,51.00,144.00,0.558340,-1,-1,-1
32,18,985.00,0.00,47.00,93.00,0.339099,-1,-1,-1
32,20,678.00,282.00,59.00,127.00,0.477692,-1,-1,-1
32,21,1487.00,2.00,57.00,141.00,0.612425,-1,-1,-1
32,26,790.00,144.00,64.00,174.00,0.381393,-1,-1,-1
32,27,871.00,0.00,51.00,109.00,0.385554,-1,-1,-1
32,28,930.00,0.00,46.00,91.00,0.315804,-1,-1,-1
32,29,539.00,111.00,55.00,173.00,0.289348,-1,-1,-1
32,30,281.00,106.00,62.00,186.00,0.237955,-1,-1,-1
32,33,221.00,114.00,54.00,176.00,0.293345,-1,-1,-1
32,38,1566.00,584.00,95.00,239.00,0.178656,-1,-1,-1
32,44,360.00,91.00,55.00,166.00,0.264861,-1,-1,-1
32,47,141.00,280.00,50.00,191.00,0.348708,-1,-1,-1
32,48,1883.00,714.00,37.00,157.00,0.295330,-1,-1,-1
32,49,255.00,835.00,50.00,107.00,0.432559,-1,-1,-1
33,3,244.00,891.00,79.00,187.00,0.815843,-1,-1,-1
33,4,1807.00,237.00,65.00,174.00,0.726259,-1,-1,-1
33,5,1720.00,455.00,79.00,210.00,0.771967,-1,-1,-1
33,6,752.00,593.00,88.00,244.00,0.730917,-1,-1,-1
33,7,1012.00,786.00,86.00,219.00,0.687392,-1,-1,-1
33,8,375.00,224.00,64.00,190.00,0.728524,-1,-1,-1
33,9,1665.00,270.00,79.00,194.00,0.847367,-1,-1,-1
33,10,1092.00,803.00,85.00,238.00,0.733620,-1,-1,-1
33,11,195.00,292.00,64.00,188.00,0.655569,-1,-1,-1
33,12,1016.00,938.00,83.00,141.00,0.705468,-1,-1,-1
33,13,1608.00,590.00,58.00,235.00,0.645329,-1,-1,-1
33,15,458.00,88.00,64.00,181.00,0.312391,-1,-1,-1
33,16,1594.00,4.00,49.00,133.00,0.281351,-1,-1,-1
33,17,1659.00,0.00,51.00,144.00,0.513633,-1,-1,-1
33,18,986.00,0.00,47.00,92.00,0.394109,-1,-1,-1
33,20,678.00,282.00,59.00,127.00,0.490302,-1,-1,-1
33,21,1487.00,2.00,56.00,141.00,0.610464,-1,-1,-1
33,26,790.00,143.00,65.00,176.00,0.406738,-1,-1,-1
33,27,871.00,0.00,50.00,108.00,0.371759,-1,-1,-1
33,28,929.00,0.00,46.00,90.00,0.364172,-1,-1,-1
33,29,539.00,113.00,55.00,171.00,0.290806,-1,-1,-1
33,30,279.00,101.00,64.00,191.00,0.266959,-1,-1,-1
33,33,221.00,113.00,54.00,176.00,0.278980,-1,-1,-1
33,38,1565.00,585.00,96.00,238.00,0.113053,-1,-1,-1
33,44,359.00,90.00,56.00,167.00,0.295768,-1,-1,-1
33,47,141.00,276.00,51.00,195.00,0.346485,-1,-1,-1
33,48,1884.00,719.00,36.00,154.00,0.225898,-1,-1,-1
34,3,244.00,893.00,79.00,185.00,0.800616,-1,-1,-1
34,4,1811.00,238.00,64.00,174.00,0.715748,-1,-1,-1
34,5,1720.00,455.00,79.00,211.00,0.757840,-1,-1,-1
34,6,747.00,593.00,87.00,243.00,0.720687,-1,-1,-1
34,7,1015.00,787.00,83.00,212.00,0.659647,-1,-1,-1
34,8,374.00,224.00,65.00,192.00,0.723997,-1,-1,-1
34,9,1665.00,269.00,77.00,192.00,0.841844,-1,-1,-1
34,10,1096.00,803.00,85.00,236.00,0.671777,-1,-1,-1
34,11,196.00,292.00,64.00,186.00,0.616517,-1,-1,-1
34,12,1014.00,940.00,83.00,139.00,0.654810,-1,-1,-1
34,13,1601.00,591.00,60.00,234.00,0.630278,-1,-1,-1
34,15,460.00,87.00,64.00,183.00,0.350481,-1,-1,-1
34,16,1590.00,2.00,50.00,135.00,0.176948,-1,-1,-1
34,17,1659.00,0.00,52.00,144.00,0.448750,-1,-1,-1
34,18,985.00,0.00,47.00,92.00,0.373679,-1,-1,-1
34,20,678.00,283.00,58.00,127.00,0.506584,-1,-1,-1
34,21,1486.00,2.00,56.00,141.00,0.601991,-1,-1,-1
34,26,789.00,142.00,65.00,177.00,0.455763,-1,-1,-1
34,27,871.00,0.00,50.00,108.00,0.361084,-1,-1,-1
34,28,929.00,0.00,45.00,89.00,0.349224,-1,-1,-1
34,29,540.00,112.00,55.00,172.00,0.371617,-1,-1,-1
34,30,279.00,98.00,65.00,194.00,0.359034,-1,-1,-1
34,33,221.00,111.00,54.00,178.00,0.276188,-1,-1,-1
34,38,1558.00,589.00,99.00,237.00,0.224887,-1,-1,-1
34,44,358.00,90.00,57.00,168.00,0.375723,-1,-1,-1
34,47,143.00,290.00,49.00,180.00,0.318829,-1,-1,-1
34,50,246.00,840.00,83.00,112.00,0.379766,-1,-1,-1
35,2,260.00,840.00,77.00,238.00,0.477782,-1,-1,-1
35,3,246.00,898.00,78.00,180.00,0.797687,-1,-1,-1
35,4,1814.00,239.00,64.00,174.00,0.745146,-1,-1,-1
35,5,1720.00,457.00,78.00,209.00,0.774569,-1,-1,-1
35,6,743.00,592.00,85.00,243.00,0.679086,-1,-1,-1
35,7,1018.00,788.00,81.00,210.00,0.697174,-1,-1,-1
35,8,374.00,227.00,65.00,191.00,0.700757,-1,-1,-1
35,9,1663.00,268.00,77.00,193.00,0.850840,-1,-1,-1
35,10,1097.00,804.00,86.00,235.00,0.739090,-1,-1,-1
35,11,198.00,292.00,63.00,186.00,0.491139,-1,-1,-1
35,12,1016.00,939.00,82.00,140.00,0.635292,-1,-1,-1
35,13,1601.00,592.00,61.00,233.00,0.652460,-1,-1,-1
35,15,461.00,87.00,63.00,181.00,0.286153,-1,-1,-1
35,16,1587.00,2.00,52.00,135.00,0.278394,-1,-1,-1
35,17,1659.00,0.00,52.00,144.00,0.525164,-1,-1,-1
35,18,985.00,0.00,48.00,92.00,0.378293,-1,-1,-1
35,20,678.00,283.00,58.00,126.00,0.490416,-1,-1,-1
35,21,1485.00,2.00,56.00,141.00,0.643928,-1,-1,-1
35,26,790.00,143.00,65.00,176.00,0.428571,-1,-1,-1
35,27,872.00,0.00,50.00,107.00,0.334883,-1,-1,-1
35,28,928.00,0.00,45.00,87.00,0.303741,-1,-1,-1
35,29,542.00,113.00,54.00,171.00,0.294456,-1,-1,-1
35,30,278.00,100.00,65.00,192.00,0.251600,-1,-1,-1
35,33,220.00,110.00,55.00,181.00,0.229011,-1,-1,-1
35,38,1554.00,590.00,102.00,237.00,0.166441,-1,-1,-1
35,44,358.00,91.00,56.00,167.00,0.297519,-1,-1,-1
35,47,142.00,280.00,52.00,191.00,0.343199,-1,-1,-1
36,2,263.00,841.00,78.00,236.00,0.685107,-1,-1,-1
36,3,248.00,902.00,77.00,176.00,0.789480,-1,-1,-1
36,4,1816.00,240.00,64.00,174.00,0.726331,-1,-1,-1
36,5,1721.00,457.00,77.00,209.00,0.765966,-1,-1,-1
36,6,739.00,592.00,84.00,242.00,0.697000,-1,-1,-1
36,7,1018.00,791.00,84.00,216.00,0.735788,-1,-1,-1
36,8,373.00,228.00,66.00,191.00,0.758381,-1,-1,-1
36,9,1661.00,268.00,78.00,193.00,0.847191,-1,-1,-1
36,10,1100.00,805.00,86.00,236.00,0.712876,-1,-1,-1
36,11,198.00,290.00,64.00,188.00,0.526317,-1,-1,-1
36,12,1014.00,935.00,84.00,144.00,0.582564,-1,-1,-1
36,13,1602.00,592.00,62.00,233.00,0.732602,-1,-1,-1
36,15,463.00,87.00,61.00,174.00,0.293595,-1,-1,-1
36,16,1585.00,1.00,53.00,137.00,0.476138,-1,-1,-1
36,17,1658.00,0.00,53.00,144.00,0.535400,-1,-1,-1
36,18,985.00,0.00,47.00,92.00,0.272418,-1,-1,-1
36,20,678.00,283.00,58.00,126.00,0.491567,-1,-1,-1
36,21,1485.00,2.00,56.00,141.00,0.634301,-1,-1,-1
36,26,790.00,144.00,64.00,174.00,0.401805,-1,-1,-1
36,27,873.00,0.00,49.00,106.00,0.320171,-1,-1,-1
36,28,928.00,0.00,45.00,86.00,0.257853,-1,-1,-1
36,29,541.00,113.00,54.00,171.00,0.305921,-1,-1,-1
36,30,279.00,97.00,65.00,195.00,0.302934,-1,-1,-1
36,33,219.00,110.00,56.00,182.00,0.200713,-1,-1,-1
36,38,1562.00,587.00,102.00,238.00,0.135359,-1,-1,-1
36,44,357.00,90.00,57.00,168.00,0.359622,-1,-1,-1
36,47,144.00,282.00,52.00,187.00,0.331577,-1,-1,-1
36,51,429.00,133.00,51.00,154.00,0.477778,-1,-1,-1
37,2,267.00,842.00,78.00,235.00,0.787868,-1,-1,-1
37,3,247.00,905.00,76.00,173.00,0.823497,-1,-1,-1
37,4,1818.00,241.00,63.00,177.00,0.700502,-1,-1,-1
37,5,1721.00,458.00,77.00,208.00,0.764231,-1,-1,-1
37,6,736.00,591.00,84.00,244.00,0.732610,-1,-1,-1
37,7,1017.00,792.00,87.00,227.00,0.734513,-1,-1,-1
37,8,373.00,230.00,65.00,190.00,0.770195,-1,-1,-1
37,9,1660.00,268.00,78.00,194.00,0.828959,-1,-1,-1
37,10,1103.00,807.00,87.00,238.00,0.654447,-1,-1,-1
37,11,199.00,289.00,64.00,189.00,0.525353,-1,-1,-1
37,12,1013.00,932.00,85.00,147.00,0.478715,-1,-1,-1
37,13,1601.00,591.00,63.00,232.00,0.767889,-1,-1,-1
37,15,464.00,85.00,61.00,175.00,0.303598,-1,-1,-1
37,16,1582.00,0.00,55.00,138.00,0.494341,-1,-1,-1
37,17,1657.00,0.00,53.00,144.00,0.550556,-1,-1,-1
37,18,986.00,0.00,46.00,91.00,0.243960,-1,-1,-1
37,20,678.00,283.00,58.00,127.00,0.489426,-1,-1,-1
37,21,1483.00,2.00,57.00,142.00,0.632582,-1,-1,-1
37,26,790.00,142.00,65.00,177.00,0.411791,-1,-1,-1
37,27,874.00,0.00,48.00,105.00,0.278923,-1,-1,-1
37,28,929.00,0.00,43.00,83.00,0.246411,-1,-1,-1
37,29,541.00,115.00,52.00,168.00,0.253780,-1,-1,-1
37,30,279.00,95.00,66.00,197.00,0.357576,-1,-1,-1
37,33,220.00,109.00,56.00,184.00,0.272189,-1,-1,-1
37,38,1565.00,586.00,103.00,238.00,0.111262,-1,-1,-1
37,44,357.00,90.00,57.00,168.00,0.389509,-1,-1,-1
37,47,146.00,285.00,52.00,184.00,0.332397,-1,-1,-1
37,51,431.00,133.00,51.00,153.00,0.468036,-1,-1,-1
38,2,269.00,843.00,79.00,234.00,0.789366,-1,-1,-1
38,3,247.00,907.00,76.00,171.00,0.843855,-1,-1,-1
38,4,1821.00,243.00,64.00,177.00,0.697510,-1,-1,-1
38,5,1721.00,457.00,77.00,209.00,0.766525,-1,-1,-1
38,6,732.00,590.00,84.00,245.00,0.732286,-1,-1,-1
38,7,1017.00,796.00,88.00,233.00,0.690425,-1,-1,-1
38,8,373.00,232.00,65.00,190.00,0.763018,-1,-1,-1
38,9,1660.00,268.00,76.00,192.00,0.809942,-1,-1,-1
38,10,1102.00,810.00,89.00,243.00,0.691829,-1,-1,-1
38,11,199.00,288.00,64.00,189.00,0.551572,-1,-1,-1
38,12,1002.00,931.00,89.00,148.00,0.520482,-1,-1,-1
38,13,1599.00,591.00,65.00,232.00,0.746942,-1,-1,-1
38,15,464.00,85.00,61.00,174.00,0.323748,-1,-1,-1
38,16,1580.00,0.00,55.00,137.00,0.541324,-1,-1,-1
38,17,1657.00,0.00,53.00,143.00,0.595406,-1,-1,-1
38,18,986.00,0.00,47.00,90.00,0.221904,-1,-1,-1
38,20,678.00,283.00,58.00,126.00,0.500225,-1,-1,-1
38,21,1482.00,2.00,57.00,142.00,0.628820,-1,-1,-1
38,26,791.00,144.00,64.00,175.00,0.405242,-1,-1,-1
38,27,874.00,0.00,48.00,104.00,0.271962,-1,-1,-1
38,28,929.00,0.00,43.00,82.00,0.269371,-1,-1,-1
38,29,542.00,115.00,51.00,167.00,0.281130,-1,-1,-1
38,30,279.00,95.00,66.00,197.00,0.365107,-1,-1,-1
38,33,220.00,109.00,55.00,182.00,0.281725,-1,-1,-1
38,44,357.00,90.00,59.00,171.00,0.372978,-1,-1,-1
38,47,145.00,272.00,57.00,196.00,0.322866,-1,-1,-1
38,51,432.00,131.00,51.00,155.00,0.468132,-1,-1,-1
39,2,273.00,844.00,79.00,233.00,0.796389,-1,-1,-1
39,3,248.00,908.00,76.00,170.00,0.859186,-1,-1,-1
39,4,1823.00,244.00,63.00,177.00,0.733729,-1,-1,-1
39,5,1721.00,459.00,76.00,207.00,0.762943,-1,-1,-1
39,6,730.00,590.00,83.00,245.00,0.777122,-1,-1,-1
39,7,1019.00,797.00,91.00,243.00,0.607204,-1,-1,-1
39,8,374.00,233.00,65.00,192.00,0.808436,-1,-1,-1
39,9,1660.00,268.00,76.00,193.00,0.803513,-1,-1,-1
39,10,1102.00,812.00,92.00,248.00,0.700475,-1,-1,-1
39,11,199.00,288.00,64.00,189.00,0.618148,-1,-1,-1
39,12,996.00,930.00,91.00,149.00,0.477610,-1,-1,-1
39,13,1596.00,593.00,66.00,231.00,0.754804,-1,-1,-1
39,15,467.00,85.00,61.00,175.00,0.349051,-1,-1,-1
39,16,1578.00,0.00,57.00,137.00,0.678547,-1,-1,-1
39,17,1656.00,0.00,53.00,143.00,0.590531,-1,-1,-1
39,20,677.00,284.00,59.00,125.00,0.489706,-1,-1,-1
39,21,1482.00,3.00,56.00,141.00,0.640956,-1,-1,-1
39,26,791.00,144.00,66.00,175.00,0.350217,-1,-1,-1
39,27,875.00,0.00,47.00,104.00,0.314840,-1,-1,-1
39,28,929.00,0.00,43.00,82.00,0.315742,-1,-1,-1
39,29,542.00,113.00,52.00,168.00,0.271896,-1,-1,-1
39,30,279.00,93.00,67.00,199.00,0.396000,-1,-1,-1
39,33,220.00,109.00,56.00,184.00,0.328042,-1,-1,-1
39,44,357.00,90.00,59.00,172.00,0.410619,-1,-1,-1
39,47,144.00,261.00,61.00,206.00,0.509459,-1,-1,-1
39,51,433.00,129.00,52.00,157.00,0.354864,-1,-1,-1
40,2,278.00,846.00,80.00,232.00,0.819293,-1,-1,-1
40,3,248.00,909.00,77.00,169.00,0.863053,-1,-1,-1
40,4,1824.00,245.00,64.00,175.00,0.742056,-1,-1,-1
40,5,1720.00,459.00,76.00,207.00,0.756609,-1,-1,-1
40,6,728.00,589.00,83.00,246.00,0.771561,-1,-1,-1
40,7,1020.00,800.00,93.00,250.00,0.621018,-1,-1,-1
40,8,373.00,233.00,66.00,194.00,0.822708,-1,-1,-1
40,9,1660.00,268.00,76.00,195.00,0.799797,-1,-1,-1
40,10,1104.00,814.00,92.00,248.00,0.695027,-1,-1,-1
40,11,199.00,287.00,64.00,190.00,0.627222,-1,-1,-1
40,12,992.00,929.00,93.00,150.00,0.456299,-1,-1,-1
40,15,468.00,84.00,60.00,172.00,0.366335,-1,-1,-1
40,16,1577.00,0.00,57.00,138.00,0.639753,-1,-1,-1
40,17,1654.00,0.00,53.00,143.00,0.589851,-1,-1,-1
40,18,987.00,0.00,45.00,86.00,0.239284,-1,-1,-1
40,20,676.00,282.00,59.00,128.00,0.521281,-1,-1,-1
40,21,1481.00,3.00,57.00,141.00,0.660454,-1,-1,-1
40,26,784.00,98.00,81.00,222.00,0.348588,-1,-1,-1
40,27,875.00,0.00,46.00,103.00,0.332859,-1,-1,-1
40,28,928.00,0.00,44.00,81.00,0.295097,-1,-1,-1
40,29,543.00,112.00,52.00,168.00,0.243471,-1,-1,-1
40,30,279.00,92.00,67.00,200.00,0.398195,-1,-1,-1
40,33,218.00,109.00,56.00,185.00,0.338813,-1,-1,-1
40,38,1576.00,593.00,99.00,230.00,0.757720,-1,-1,-1
40,44,355.00,89.00,60.00,173.00,0.414761,-1,-1,-1
40,47,144.00,254.00,63.00,214.00,0.487668,-1,-1,-1
40,51,436.00,138.00,49.00,146.00,0.335933,-1,-1,-1
41,2,282.00,847.00,82.00,232.00,0.813334,-1,-1,-1
41,3,249.00,909.00,77.00,169.00,0.859079,-1,-1,-1
41,4,1826.00,246.00,63.00,174.00,0.757618,-1,-1,-1
41,5,1719.00,459.00,77.00,208.00,0.767692,-1,-1,-1
41,6,726.00,590.00,82.00,245.00,0.829209,-1,-1,-1
41,7,1023.00,802.00,95.00,255.00,0.588401,-1,-1,-1
41,8,374.00,233.00,66.00,195.00,0.810652,-1,-1,-1
41,9,1661.00,268.00,75.00,196.00,0.784108,-1,-1,-1
41,10,1103.00,817.00,92.00,247.00,0.680034,-1,-1,-1
41,11,201.00,287.00,64.00,190.00,0.655306,-1,-1,-1
41,12,991.00,929.00,94.00,150.00,0.784488,-1,-1,-1
41,15,469.00,83.00,59.00,170.00,0.371345,-1,-1,-1
41,16,1576.00,0.00,57.00,138.00,0.579532,-1,-1,-1
41,17,1653.00,0.00,53.00,141.00,0.654105,-1,-1,-1
41,18,986.00,0.00,45.00,84.00,0.209861,-1,-1,-1
41,20,677.00,283.00,58.00,126.00,0.504207,-1,-1,-1
41,21,1481.00,3.00,57.00,141.00,0.649092,-1,-1,-1
41,26,784.00,94.00,82.00,225.00,0.319684,-1,-1,-1
41,27,875.00,0.00,46.00,101.00,0.275375,-1,-1,-1
41,28,927.00,0.00,44.00,81.00,0.265939,-1,-1,-1
41,29,545.00,114.00,51.00,167.00,0.235730,-1,-1,-1
41,30,279.00,95.00,65.00,197.00,0.335229,-1,-1,-1
41,33,217.00,108.00,57.00,186.00,0.381594,-1,-1,-1
41,38,1578.00,592.00,98.00,231.00,0.758237,-1,-1,-1
41,44,355.00,89.00,61.00,174.00,0.383084,-1,-1,-1
41,47,143.00,255.00,65.00,213.00,0.644896,-1,-1,-1
41,51,437.00,132.00,50.00,152.00,0.293210,-1,-1,-1
42,2,286.00,848.00,83.00,231.00,0.818051,-1,-1,-1
42,3,249.00,910.00,77.00,168.00,0.858248,-1,-1,-1
42,4,1826.00,248.00,63.00,172.00,0.762646,-1,-1,-1
42,5,1718.00,459.00,77.00,209.00,0.766865,-1,-1,-1
42,6,724.00,588.00,83.00,247.00,0.789711,-1,-1,-1
42,7,1029.00,806.00,96.00,254.00,0.579605,-1,-1,-1
42,8,374.00,234.00,66.00,194.00,0.798502,-1,-1,-1
42,9,1663.00,268.00,72.00,192.00,0.789582,-1,-1,-1
42,10,1107.00,820.00,92.00,249.00,0.680899,-1,-1,-1
42,11,202.00,285.00,64.00,192.00,0.670716,-1,-1,-1
42,12,991.00,929.00,96.00,150.00,0.675504,-1,-1,-1
42,15,472.00,82.00,57.00,169.00,0.406563,-1,-1,-1
42,16,1576.00,0.00,57.00,138.00,0.492690,-1,-1,-1
42,17,1653.00,0.00,53.00,140.00,0.647740,-1,-1,-1
42,18,986.00,0.00,45.00,83.00,0.222723,-1,-1,-1
42,20,677.00,282.00,58.00,127.00,0.491354,-1,-1,-1
42,21,1481.00,3.00,57.00,141.00,0.677336,-1,-1,-1
42,26,783.00,81.00,86.00,239.00,0.320462,-1,-1,-1
42,27,876.00,0.00,45.00,100.00,0.315537,-1,-1,-1
42,28,927.00,0.00,44.00,81.00,0.281952,-1,-1,-1
42,29,548.00,113.00,50.00,169.00,0.256171,-1,-1,-1
42,30,279.00,94.00,65.00,199.00,0.376510,-1,-1,-1
42,33,217.00,107.00,56.00,186.00,0.374265,-1,-1,-1
42,38,1580.00,591.00,97.00,233.00,0.641252,-1,-1,-1
42,44,354.00,89.00,63.00,177.00,0.419732,-1,-1,-1
42,47,143.00,254.00,66.00,215.00,0.608463,-1,-1,-1
42,51,439.00,131.00,50.00,153.00,0.226109,-1,-1,-1
43,2,290.00,849.00,84.00,230.00,0.820792,-1,-1,-1
43,3,250.00,912.00,77.00,166.00,0.862998,-1,-1,-1
43,4,1827.00,249.00,64.00,177.00,0.729277,-1,-1,-1
43,5,1717.00,459.00,78.00,209.00,0.768835,-1,-1,-1
43,6,722.00,588.00,83.00,248.00,0.786570,-1,-1,-1
43,7,1033.00,808.00,100.00,262.00,0.679252,-1,-1,-1
43,8,375.00,235.00,65.00,193.00,0.807129,-1,-1,-1
43,9,1663.00,267.00,71.00,194.00,0.793850,-1,-1,-1
43,10,1111.00,823.00,92.00,249.00,0.700537,-1,-1,-1
43,11,203.00,284.00,64.00,191.00,0.672893,-1,-1,-1
43,12,987.00,928.00,96.00,151.00,0.673398,-1,-1,-1
43,15,473.00,81.00,57.00,170.00,0.446793,-1,-1,-1
43,16,1575.00,0.00,57.00,138.00,0.571188,-1,-1,-1
43,17,1652.00,0.00,52.00,137.00,0.653619,-1,-1,-1
43,18,986.00,0.00,45.00,82.00,0.226234,-1,-1,-1
43,20,677.00,282.00,58.00,127.00,0.509861,-1,-1,-1
43,21,1481.00,3.00,57.00,141.00,0.677270,-1,-1,-1
43,26,783.00,78.00,87.00,243.00,0.325145,-1,-1,-1
43,27,876.00,0.00,45.00,100.00,0.292354,-1,-1,-1
43,28,927.00,0.00,44.00,81.00,0.287340,-1,-1,-1
43,29,550.00,112.00,51.00,170.00,0.256149,-1,-1,-1
43,30,279.00,95.00,66.00,198.00,0.362973,-1,-1,-1
43,33,215.00,105.00,57.00,188.00,0.378571,-1,-1,-1
43,38,1583.00,592.00,95.00,232.00,0.576895,-1,-1,-1
43,44,353.00,89.00,63.00,176.00,0.466175,-1,-1,-1
43,47,143.00,253.00,67.00,216.00,0.622040,-1,-1,-1
43,51,441.00,134.00,49.00,150.00,0.225934,-1,-1,-1
44,2,293.00,851.00,86.00,228.00,0.819629,-1,-1,-1
44,3,251.00,914.00,77.00,164.00,0.867665,-1,-1,-1
44,4,1826.00,251.00,66.00,179.00,0.770709,-1,-1,-1
44,5,1717.00,459.00,77.00,208.00,0.778394,-1,-1,-1
44,6,720.00,586.00,84.00,250.00,0.789949,-1,-1,-1
44,7,1036.00,810.00,102.00,266.00,0.746171,-1,-1,-1
44,8,375.00,236.00,66.00,193.00,0.808512,-1,-1,-1
44,9,1662.00,266.00,71.00,197.00,0.792673,-1,-1,-1
44,10,1115.00,825.00,91.00,249.00,0.773202,-1,-1,-1
44,11,202.00,283.00,64.00,192.00,0.604802,-1,-1,-1
44,12,985.00,928.00,97.00,151.00,0.718955,-1,-1,-1
44,15,474.00,80.00,57.00,170.00,0.405450,-1,-1,-1
44,16,1575.00,1.00,56.00,135.00,0.502665,-1,-1,-1
44,17,1652.00,0.00,52.00,136.00,0.665755,-1,-1,-1
44,18,986.00,0.00,45.00,82.00,0.239941,-1,-1,-1
44,20,676.00,282.00,59.00,127.00,0.580511,-1,-1,-1
44,21,1481.00,3.00,57.00,141.00,0.683161,-1,-1,-1
44,26,783.00,71.00,88.00,249.00,0.425967,-1,-1,-1
44,27,875.00,0.00,46.00,100.00,0.330188,-1,-1,-1
44,28,928.00,0.00,44.00,81.00,0.304671,-1,-1,-1
44,29,550.00,111.00,50.00,171.00,0.265692,-1,-1,-1
44,30,280.00,94.00,65.00,199.00,0.406898,-1,-1,-1
44,33,214.00,105.00,56.00,186.00,0.310867,-1,-1,-1
44,38,1583.00,593.00,94.00,231.00,0.596753,-1,-1,-1
44,44,352.00,88.00,63.00,178.00,0.426975,-1,-1,-1
44,47,143.00,253.00,68.00,215.00,0.613704,-1,-1,-1
44,51,441.00,127.00,52.00,157.00,0.380539,-1,-1,-1
45,2,296.00,854.00,87.00,224.00,0.830894,-1,-1,-1
45,3,251.00,916.00,77.00,162.00,0.872965,-1,-1,-1
45,4,1827.00,251.00,67.00,183.00,0.764712,-1,-1,-1
45,5,1716.00,457.00,79.00,211.00,0.768282,-1,-1,-1
45,6,719.00,587.00,83.00,249.00,0.768793,-1,-1,-1
45,7,1034.00,813.00,101.00,264.00,0.793322,-1,-1,-1
45,8,376.00,236.00,65.00,193.00,0.793676,-1,-1,-1
45,9,1660.00,264.00,72.00,199.00,0.805947,-1,-1,-1
45,10,1117.00,827.00,90.00,248.00,0.776911,-1,-1,-1
45,11,203.00,282.00,63.00,191.00,0.675176,-1,-1,-1
45,12,984.00,927.00,96.00,152.00,0.771500,-1,-1,-1
45,13,1596.00,597.00,67.00,227.00,0.283399,-1,-1,-1
45,15,474.00,77.00,56.00,172.00,0.385196,-1,-1,-1
45,16,1575.00,0.00,55.00,133.00,0.483358,-1,-1,-1
45,17,1651.00,0.00,52.00,133.00,0.640190,-1,-1,-1
45,18,983.00,0.00,45.00,81.00,0.210508,-1,-1,-1
45,20,676.00,281.00,59.00,128.00,0.543642,-1,-1,-1
45,21,1481.00,4.00,57.00,140.00,0.677564,-1,-1,-1
45,26,784.00,67.00,89.00,253.00,0.444350,-1,-1,-1
45,27,876.00,0.00,46.00,100.00,0.353924,-1,-1,-1
45,28,927.00,0.00,44.00,81.00,0.321062,-1,-1,-1
45,29,552.00,110.00,49.00,172.00,0.220401,-1,-1,-1
45,30,280.00,93.00,65.00,199.00,0.372530,-1,-1,-1
45,33,213.00,103.00,58.00,189.00,0.374648,-1,-1,-1
45,38,1571.00,592.00,97.00,233.00,0.616343,-1,-1,-1
45,44,352.00,88.00,64.00,178.00,0.486879,-1,-1,-1
45,47,142.00,249.00,70.00,219.00,0.529256,-1,-1,-1
45,51,444.00,128.00,51.00,156.00,0.381797,-1,-1,-1
46,2,298.00,855.00,88.00,223.00,0.836848,-1,-1,-1
46,3,251.00,918.00,77.00,160.00,0.892076,-1,-1,-1
46,4,1828.00,251.00,66.00,182.00,0.736804,-1,-1,-1
46,5,1716.00,457.00,80.00,211.00,0.764565,-1,-1,-1
46,6,718.00,586.00,83.00,250.00,0.778141,-1,-1,-1
46,7,1033.00,815.00,99.00,261.00,0.842693,-1,-1,-1
46,8,376.00,236.00,66.00,193.00,0.798980,-1,-1,-1
46,9,1660.00,262.00,70.00,199.00,0.812738,-1,-1,-1
46,10,1117.00,829.00,90.00,247.00,0.733451,-1,-1,-1
46,11,203.00,281.00,64.00,190.00,0.638405,-1,-1,-1
46,12,984.00,926.00,95.00,153.00,0.792889,-1,-1,-1
46,13,1601.00,594.00,68.00,230.00,0.344235,-1,-1,-1
46,15,474.00,76.00,56.00,172.00,0.357430,-1,-1,-1
46,16,1575.00,1.00,54.00,130.00,0.456019,-1,-1,-1
46,17,1650.00,0.00,52.00,133.00,0.609333,-1,-1,-1
46,18,984.00,0.00,45.00,81.00,0.206390,-1,-1,-1
46,20,677.00,282.00,58.00,127.00,0.550320,-1,-1,-1
46,21,1481.00,3.00,57.00,140.00,0.643123,-1,-1,-1
46,26,791.00,113.00,73.00,206.00,0.417030,-1,-1,-1
46,27,875.00,0.00,46.00,99.00,0.277606,-1,-1,-1
46,28,927.00,0.00,44.00,81.00,0.240120,-1,-1,-1
46,29,552.00,112.00,49.00,170.00,0.325309,-1,-1,-1
46,30,281.00,93.00,64.00,200.00,0.369144,-1,-1,-1
46,33,213.00,103.00,57.00,188.00,0.265647,-1,-1,-1
46,38,1561.00,593.00,100.00,232.00,0.611355,-1,-1,-1
46,44,352.00,87.00,64.00,179.00,0.452893,-1,-1,-1
46,47,143.00,253.00,69.00,215.00,0.479379,-1,-1,-1
46,51,445.00,127.00,51.00,157.00,0.441514,-1,-1,-1
47,2,299.00,858.00,89.00,219.00,0.848196,-1,-1,-1
47,3,251.00,919.00,77.00,159.00,0.895662,-1,-1,-1
47,4,1829.00,252.00,67.00,182.00,0.748983,-1,-1,-1
47,5,1716.00,456.00,80.00,212.00,0.761165,-1,-1,-1
47,6,715.00,585.00,84.00,252.00,0.769948,-1,-1,-1
47,7,1034.00,816.00,96.00,259.00,0.827058,-1,-1,-1
47,8,376.00,236.00,66.00,192.00,0.809461,-1,-1,-1
47,9,1659.00,261.00,69.00,195.00,0.830133,-1,-1,-1
47,10,1118.00,831.00,89.00,246.00,0.733822,-1,-1,-1
47,11,204.00,280.00,64.00,189.00,0.700526,-1,-1,-1
47,12,986.00,926.00,94.00,153.00,0.693421,-1,-1,-1
47,13,1594.00,597.00,71.00,227.00,0.303909,-1,-1,-1
47,15,474.00,75.00,56.00,173.00,0.357579,-1,-1,-1
47,16,1574.00,1.00,54.00,128.00,0.452269,-1,-1,-1
47,17,1650.00,0.00,51.00,132.00,0.598313,-1,-1,-1
47,18,984.00,0.00,45.00,80.00,0.199170,-1,-1,-1
47,20,676.00,281.00,59.00,128.00,0.532122,-1,-1,-1
47,21,1481.00,4.00,57.00,139.00,0.657974,-1,-1,-1
47,26,787.00,83.00,84.00,236.00,0.437423,-1,-1,-1
47,27,874.00,0.00,47.00,99.00,0.251021,-1,-1,-1
47,28,927.00,0.00,45.00,81.00,0.261200,-1,-1,-1
47,29,553.00,112.00,49.00,169.00,0.321610,-1,-1,-1
47,30,281.00,92.00,64.00,201.00,0.446877,-1,-1,-1
47,33,214.00,103.00,56.00,185.00,0.371952,-1,-1,-1
47,38,1556.00,592.00,104.00,233.00,0.723655,-1,-1,-1
47,44,353.00,87.00,63.00,177.00,0.548589,-1,-1,-1
47,47,143.00,255.00,68.00,212.00,0.570013,-1,-1,-1
47,51,446.00,127.00,50.00,156.00,0.515633,-1,-1,-1
48,2,301.00,861.00,89.00,216.00,0.874556,-1,-1,-1
48,3,251.00,922.00,77.00,156.00,0.900518,-1,-1,-1
48,4,1831.00,252.00,66.00,182.00,0.752519,-1,-1,-1
48,5,1716.00,454.00,80.00,213.00,0.774592,-1,-1,-1
48,6,714.00,584.00,85.00,252.00,0.761953,-1,-1,-1
48,7,1035.00,818.00,96.00,259.00,0.803886,-1,-1,-1
48,8,377.00,236.00,65.00,191.00,0.818533,-1,-1,-1
48,9,1659.00,258.00,67.00,193.00,0.821286,-1,-1,-1
48,10,1122.00,832.00,89.00,245.00,0.720718,-1,-1,-1
48,11,205.00,280.00,63.00,187.00,0.701835,-1,-1,-1
48,12,988.00,926.00,92.00,153.00,0.759393,-1,-1,-1
48,13,1593.00,593.00,74.00,231.00,0.599573,-1,-1,-1
48,15,475.00,75.00,55.00,174.00,0.384406,-1,-1,-1
48,16,1573.00,1.00,53.00,128.00,0.393140,-1,-1,-1
48,17,1650.00,0.00,51.00,131.00,0.574991,-1,-1,-1
48,18,983.00,0.00,46.00,80.00,0.239666,-1,-1,-1
48,20,677.00,282.00,58.00,127.00,0.550614,-1,-1,-1
48,21,1481.00,4.00,57.00,140.00,0.656061,-1,-1,-1
48,26,786.00,71.00,87.00,249.00,0.421068,-1,-1,-1
48,27,874.00,0.00,46.00,99.00,0.247907,-1,-1,-1
48,28,927.00,0.00,44.00,81.00,0.295434,-1,-1,-1
48,29,554.00,106.00,51.00,175.00,0.243425,-1,-1,-1
48,30,281.00,93.00,64.00,200.00,0.444507,-1,-1,-1
48,33,214.00,103.00,56.00,185.00,0.358028,-1,-1,-1
48,38,1557.00,588.00,107.00,236.00,0.115505,-1,-1,-1
48,44,352.00,87.00,64.00,176.00,0.559493,-1,-1,-1
48,47,145.00,260.00,66.00,205.00,0.516859,-1,-1,-1
48,51,447.00,127.00,51.00,155.00,0.536663,-1,-1,-1
49,2,302.00,865.00,89.00,213.00,0.892829,-1,-1,-1
49,3,252.00,927.00,76.00,151.00,0.899547,-1,-1,-1
49,4,1833.00,253.00,66.00,181.00,0.763553,-1,-1,-1
49,5,1716.00,455.00,80.00,212.00,0.771312,-1,-1,-1
49,6,714.00,583.00,84.00,252.00,0.780978,-1,-1,-1
49,7,1037.00,819.00,95.00,261.00,0.783913,-1,-1,-1
49,8,377.00,237.00,65.00,191.00,0.839672,-1,-1,-1
49,9,1657.00,256.00,67.00,191.00,0.823628,-1,-1,-1
49,10,1123.00,833.00,87.00,244.00,0.693235,-1,-1,-1
49,11,206.00,279.00,63.00,187.00,0.661037,-1,-1,-1
49,12,991.00,926.00,90.00,153.00,0.794021,-1,-1,-1
49,13,1591.00,591.00,75.00,233.00,0.654280,-1,-1,-1
49,15,475.00,74.00,55.00,175.00,0.404969,-1,-1,-1
49,16,1572.00,1.00,52.00,126.00,0.279258,-1,-1,-1
49,17,1649.00,0.00,52.00,131.00,0.554067,-1,-1,-1
49,18,983.00,0.00,46.00,80.00,0.199666,-1,-1,-1
49,20,677.00,282.00,58.00,127.00,0.550376,-1,-1,-1
49,21,1481.00,4.00,57.00,139.00,0.658050,-1,-1,-1
49,26,792.00,113.00,74.00,206.00,0.369275,-1,-1,-1
49,27,873.00,0.00,48.00,99.00,0.210009,-1,-1,-1
49,28,926.00,0.00,45.00,81.00,0.283294,-1,-1,-1
49,29,556.00,107.00,51.00,174.00,0.329773,-1,-1,-1
49,30,281.00,92.00,64.00,200.00,0.534933,-1,-1,-1
49,33,213.00,103.00,57.00,185.00,0.351038,-1,-1,-1
49,44,352.00,87.00,65.00,180.00,0.594045,-1,-1,-1
49,47,149.00,274.00,61.00,191.00,0.429810,-1,-1,-1
49,51,449.00,125.00,50.00,156.00,0.535645,-1,-1,-1
50,2,302.00,868.00,90.00,210.00,0.895825,-1,-1,-1
50,3,253.00,930.00,75.00,148.00,0.897481,-1,-1,-1
50,4,1836.00,253.00,68.00,183.00,0.751631,-1,-1,-1
50,5,1717.00,456.00,79.00,211.00,0.776390,-1,-1,-1
50,6,713.00,582.00,84.00,253.00,0.774864,-1,-1,-1
50,7,1040.00,821.00,93.00,257.00,0.761393,-1,-1,-1
50,8,377.00,239.00,65.00,191.00,0.824916,-1,-1,-1
50,9,1656.00,253.00,67.00,191.00,0.837126,-1,-1,-1
50,10,1125.00,834.00,88.00,243.00,0.727270,-1,-1,-1
50,11,207.00,278.00,63.00,185.00,0.688154,-1,-1,-1
50,12,993.00,925.00,89.00,153.00,0.741147,-1,-1,-1
50,13,1592.00,591.00,77.00,237.00,0.311578,-1,-1,-1
50,15,474.00,73.00,55.00,176.00,0.369969,-1,-1,-1
50,16,1572.00,1.00,51.00,126.00,0.308494,-1,-1,-1
50,17,1649.00,0.00,51.00,131.00,0.521985,-1,-1,-1
50,18,982.00,0.00,47.00,80.00,0.217881,-1,-1,-1
50,20,677.00,283.00,58.00,126.00,0.538708,-1,-1,-1
50,21,1481.00,4.00,57.00,139.00,0.656053,-1,-1,-1
50,26,797.00,133.00,67.00,185.00,0.178305,-1,-1,-1
50,27,873.00,0.00,48.00,99.00,0.222693,-1,-1,-1
50,28,926.00,0.00,44.00,81.00,0.307397,-1,-1,-1
50,29,556.00,108.00,52.00,173.00,0.377048,-1,-1,-1
50,30,282.00,91.00,63.00,202.00,0.422268,-1,-1,-1
50,33,213.00,105.00,56.00,181.00,0.335050,-1,-1,-1
50,38,1558.00,591.00,107.00,233.00,0.617917,-1,-1,-1
50,44,352.00,87.00,64.00,178.00,0.519867,-1,-1,-1
50,47,150.00,279.00,60.00,185.00,0.553442,-1,-1,-1
50,51,450.00,126.00,50.00,154.00,0.515990,-1,-1,-1
51,2,302.00,871.00,91.00,207.00,0.885995,-1,-1,-1
51,3,253.00,934.00,75.00,144.00,0.890943,-1,-1,-1
51,4,1838.00,253.00,69.00,183.00,0.754392,-1,-1,-1
51,5,1717.00,457.00,79.00,210.00,0.772205,-1,-1,-1
51,6,712.00,580.00,84.00,254.00,0.766648,-1,-1,-1
51,7,1042.00,822.00,92.00,256.00,0.805538,-1,-1,-1
51,8,377.00,242.00,65.00,191.00,0.812590,-1,-1,-1
51,9,1654.00,250.00,69.00,193.00,0.842914,-1,-1,-1
51,10,1125.00,835.00,87.00,242.00,0.702530,-1,-1,-1
51,11,208.00,278.00,63.00,185.00,0.684585,-1,-1,-1
51,12,995.00,925.00,86.00,153.00,0.803004,-1,-1,-1
51,13,1591.00,593.00,78.00,232.00,0.667376,-1,-1,-1
51,15,474.00,72.00,56.00,179.00,0.338405,-1,-1,-1
51,16,1572.00,1.00,52.00,129.00,0.389583,-1,-1,-1
51,17,1648.00,0.00,51.00,131.00,0.590414,-1,-1,-1
51,18,981.00,0.00,47.00,80.00,0.242585,-1,-1,-1
51,20,677.00,282.00,58.00,127.00,0.530748,-1,-1,-1
51,21,1481.00,4.00,57.00,140.00,0.668798,-1,-1,-1
51,26,794.00,86.00,82.00,232.00,0.386340,-1,-1,-1
51,27,873.00,0.00,49.00,100.00,0.224988,-1,-1,-1
51,28,925.00,0.00,45.00,81.00,0.317921,-1,-1,-1
51,29,556.00,106.00,52.00,175.00,0.368309,-1,-1,-1
51,30,284.00,103.00,59.00,189.00,0.327899,-1,-1,-1
51,33,212.00,105.00,56.00,181.00,0.302343,-1,-1,-1
51,44,352.00,88.00,64.00,177.00,0.461183,-1,-1,-1
51,47,148.00,263.00,65.00,202.00,0.551702,-1,-1,-1
51,51,452.00,125.00,49.00,154.00,0.471700,-1,-1,-1
52,2,302.00,872.00,91.00,206.00,0.876451,-1,-1,-1
52,3,253.00,937.00,74.00,141.00,0.885145,-1,-1,-1
52,4,1842.00,253.00,68.00,182.00,0.754177,-1,-1,-1
52,5,1717.00,458.00,80.00,209.00,0.763396,-1,-1,-1
52,6,707.00,577.00,85.00,257.00,0.721761,-1,-1,-1
52,7,1045.00,823.00,90.00,254.00,0.816877,-1,-1,-1
52,8,376.00,244.00,66.00,193.00,0.816066,-1,-1,-1
52,9,1653.00,248.00,69.00,193.00,0.863486,-1,-1,-1
52,10,1127.00,836.00,86.00,241.00,0.696354,-1,-1,-1
52,11,208.00,278.00,63.00,184.00,0.655065,-1,-1,-1
52,12,997.00,925.00,85.00,153.00,0.782654,-1,-1,-1
52,13,1585.00,594.00,80.00,231.00,0.723965,-1,-1,-1
52,15,474.00,70.00,56.00,180.00,0.342829,-1,-1,-1
52,16,1571.00,1.00,52.00,129.00,0.339312,-1,-1,-1
52,17,1648.00,0.00,51.00,131.00,0.587268,-1,-1,-1
52,18,979.00,0.00,47.00,79.00,0.234549,-1,-1,-1
52,20,677.00,282.00,58.00,127.00,0.530175,-1,-1,-1
52,21,1481.00,4.00,57.00,139.00,0.670356,-1,-1,-1
52,26,793.00,73.00,85.00,245.00,0.352328,-1,-1,-1
52,27,874.00,0.00,48.00,100.00,0.228289,-1,-1,-1
52,28,925.00,0.00,45.00,80.00,0.307918,-1,-1,-1
52,29,556.00,106.00,52.00,175.00,0.386625,-1,-1,-1
52,30,284.00,103.00,59.00,189.00,0.358741,-1,-1,-1
52,33,211.00,103.00,57.00,185.00,0.305966,-1,-1,-1
52,44,351.00,88.00,63.00,173.00,0.468614,-1,-1,-1
52,47,149.00,257.00,65.00,206.00,0.597345,-1,-1,-1
52,51,454.00,123.00,49.00,153.00,0.503875,-1,-1,-1
53,2,301.00,874.00,92.00,204.00,0.872675,-1,-1,-1
53,3,252.00,940.00,75.00,138.00,0.878577,-1,-1,-1
53,4,1843.00,254.00,68.00,180.00,0.744342,-1,-1,-1
53,5,1717.00,458.00,80.00,209.00,0.768845,-1,-1,-1
53,6,704.00,575.00,85.00,256.00,0.721065,-1,-1,-1
53,7,1048.00,825.00,88.00,250.00,0.782858,-1,-1,-1
53,8,376.00,245.00,66.00,193.00,0.813816,-1,-1,-1
53,9,1652.00,247.00,70.00,194.00,0.859829,-1,-1,-1
53,10,1127.00,838.00,86.00,239.00,0.723446,-1,-1,-1
53,11,209.00,277.00,63.00,183.00,0.612932,-1,-1,-1
53,12,1002.00,924.00,85.00,154.00,0.764615,-1,-1,-1
53,13,1584.00,594.00,81.00,231.00,0.668755,-1,-1,-1
53,15,474.00,68.00,55.00,179.00,0.322085,-1,-1,-1
53,16,1571.00,0.00,52.00,130.00,0.378849,-1,-1,-1
53,17,1647.00,0.00,52.00,131.00,0.587189,-1,-1,-1
53,18,978.00,0.00,47.00,78.00,0.255851,-1,-1,-1
53,20,677.00,281.00,58.00,128.00,0.524677,-1,-1,-1
53,21,1481.00,4.00,57.00,139.00,0.627483,-1,-1,-1
53,26,796.00,66.00,86.00,253.00,0.310769,-1,-1,-1
53,27,874.00,0.00,49.00,100.00,0.279221,-1,-1,-1
53,28,926.00,0.00,44.00,80.00,0.353089,-1,-1,-1
53,29,554.00,98.00,55.00,185.00,0.309235,-1,-1,-1
53,30,284.00,109.00,58.00,183.00,0.349907,-1,-1,-1
53,33,209.00,103.00,57.00,186.00,0.294909,-1,-1,-1
53,44,349.00,86.00,65.00,176.00,0.483841,-1,-1,-1
53,47,149.00,252.00,66.00,210.00,0.586329,-1,-1,-1
53,51,455.00,121.00,49.00,153.00,0.478532,-1,-1,-1
53,55,421.00,59.00,49.00,168.00,0.388696,-1,-1,-1
54,2,301.00,875.00,92.00,203.00,0.863516,-1,-1,-1
54,3,252.00,942.00,74.00,136.00,0.872913,-1,-1,-1
54,4,1844.00,254.00,69.00,179.00,0.760522,-1,-1,-1
54,5,1717.00,457.00,80.00,211.00,0.778114,-1,-1,-1
54,6,701.00,574.00,85.00,256.00,0.711752,-1,-1,-1
54,7,1049.00,828.00,88.00,248.00,0.763488,-1,-1,-1
54,8,376.00,247.00,66.00,193.00,0.812914,-1,-1,-1
54,9,1652.00,246.00,70.00,192.00,0.863806,-1,-1,-1
54,10,1128.00,839.00,87.00,239.00,0.704404,-1,-1,-1
54,11,209.00,276.00,63.00,183.00,0.582879,-1,-1,-1
54,12,1003.00,924.00,84.00,154.00,0.792820,-1,-1,-1
54,13,1586.00,593.00,82.00,231.00,0.664767,-1,-1,-1
54,15,473.00,67.00,55.00,176.00,0.359750,-1,-1,-1
54,16,1570.00,0.00,51.00,130.00,0.361927,-1,-1,-1
54,17,1647.00,0.00,51.00,130.00,0.587865,-1,-1,-1
54,18,979.00,0.00,46.00,78.00,0.234118,-1,-1,-1
54,20,677.00,281.00,58.00,128.00,0.556455,-1,-1,-1
54,21,1481.00,4.00,57.00,139.00,0.652461,-1,-1,-1
54,26,797.00,63.00,85.00,256.00,0.361750,-1,-1,-1
54,27,875.00,0.00,48.00,100.00,0.257818,-1,-1,-1
54,28,926.00,0.00,44.00,79.00,0.322468,-1,-1,-1
54,29,555.00,98.00,55.00,185.00,0.283254,-1,-1,-1
54,30,285.00,117.00,56.00,176.00,0.398501,-1,-1,-1
54,33,208.00,102.00,58.00,190.00,0.262205,-1,-1,-1
54,44,350.00,86.00,66.00,178.00,0.481695,-1,-1,-1
54,47,149.00,250.00,66.00,211.00,0.551186,-1,-1,-1
54,51,458.00,122.00,47.00,150.00,0.405915,-1,-1,-1
54,55,421.00,61.00,49.00,165.00,0.394255,-1,-1,-1
55,2,301.00,876.00,92.00,203.00,0.856933,-1,-1,-1
55,3,252.00,944.00,74.00,134.00,0.866274,-1,-1,-1
55,4,1844.00,255.00,70.00,181.00,0.777035,-1,-1,-1
55,5,1718.00,456.00,79.00,211.00,0.787891,-1,-1,-1
55,6,700.00,572.00,83.00,252.00,0.707086,-1,-1,-1
55,7,1050.00,830.00,88.00,248.00,0.775002,-1,-1,-1
55,8,376.00,250.00,65.00,192.00,0.808698,-1,-1,-1
55,9,1651.00,246.00,71.00,191.00,0.848294,-1,-1,-1
55,10,1132.00,840.00,87.00,239.00,0.675159,-1,-1,-1
55,11,211.00,277.00,62.00,182.00,0.640433,-1,-1,-1
55,12,1001.00,925.00,82.00,153.00,0.758101,-1,-1,-1
55,13,1581.00,592.00,84.00,233.00,0.678292,-1,-1,-1
55,15,474.00,67.00,55.00,175.00,0.283479,-1,-1,-1
55,16,1569.00,1.00,51.00,128.00,0.315581,-1,-1,-1
55,17,1646.00,0.00,52.00,130.00,0.571600,-1,-1,-1
55,18,978.00,0.00,47.00,77.00,0.181367,-1,-1,-1
55,20,677.00,281.00,58.00,128.00,0.549370,-1,-1,-1
55,21,1481.00,4.00,57.00,139.00,0.618115,-1,-1,-1
55,26,795.00,59.00,84.00,259.00,0.190467,-1,-1,-1
55,27,876.00,0.00,48.00,100.00,0.222648,-1,-1,-1
55,28,927.00,0.00,43.00,78.00,0.246890,-1,-1,-1
55,29,555.00,102.00,54.00,182.00,0.301423,-1,-1,-1
55,30,286.00,121.00,55.00,172.00,0.392612,-1,-1,-1
55,33,207.00,101.00,58.00,192.00,0.247564,-1,-1,-1
55,44,350.00,86.00,65.00,178.00,0.443927,-1,-1,-1
55,47,150.00,249.00,66.00,211.00,0.567234,-1,-1,-1
55,51,459.00,119.00,48.00,152.00,0.449714,-1,-1,-1
55,55,421.00,61.00,49.00,165.00,0.317411,-1,-1,-1
55,59,1578.00,233.00,41.00,78.00,0.397880,-1,-1,-1
56,2,301.00,878.00,93.00,201.00,0.852301,-1,-1,-1
56,3,251.00,945.00,75.00,133.00,0.859143,-1,-1,-1
56,4,1846.00,254.00,69.00,183.00,0.759399,-1,-1,-1
56,5,1718.00,454.00,79.00,213.00,0.794737,-1,-1,-1
56,6,698.00,570.00,83.00,255.00,0.702767,-1,-1,-1
56,7,1052.00,833.00,88.00,246.00,0.777529,-1,-1,-1
56,8,375.00,252.00,66.00,191.00,0.805957,-1,-1,-1
56,9,1651.00,245.00,71.00,192.00,0.835609,-1,-1,-1
56,10,1134.00,843.00,85.00,236.00,0.731945,-1,-1,-1
56,11,212.00,277.00,63.00,182.00,0.689528,-1,-1,-1
56,12,1002.00,925.00,81.00,153.00,0.767477,-1,-1,-1
56,13,1581.00,592.00,86.00,233.00,0.744251,-1,-1,-1
56,15,474.00,65.00,55.00,174.00,0.249980,-1,-1,-1
56,16,1569.00,0.00,50.00,129.00,0.253060,-1,-1,-1
56,17,1646.00,0.00,51.00,129.00,0.561004,-1,-1,-1
56,18,979.00,0.00,46.00,77.00,0.182232,-1,-1,-1
56,20,677.00,282.00,58.00,127.00,0.542229,-1,-1,-1
56,21,1481.00,4.00,57.00,139.00,0.603229,-1,-1,-1
56,26,796.00,57.00,83.00,261.00,0.329968,-1,-1,-1
56,27,876.00,0.00,48.00,100.00,0.211688,-1,-1,-1
56,28,927.00,0.00,42.00,76.00,0.162642,-1,-1,-1
56,29,556.00,107.00,53.00,177.00,0.304240,-1,-1,-1
56,30,286.00,120.00,56.00,173.00,0.352884,-1,-1,-1
56,33,206.00,102.00,58.00,192.00,0.227990,-1,-1,-1
56,44,348.00,86.00,68.00,183.00,0.451810,-1,-1,-1
56,47,152.00,249.00,64.00,210.00,0.594253,-1,-1,-1
56,51,459.00,116.00,49.00,154.00,0.476695,-1,-1,-1
56,55,421.00,61.00,49.00,165.00,0.291195,-1,-1,-1
56,59,1579.00,232.00,41.00,79.00,0.448956,-1,-1,-1
57,2,301.00,880.00,93.00,199.00,0.858142,-1,-1,-1
57,3,250.00,947.00,76.00,131.00,0.859202,-1,-1,-1
57,4,1847.00,254.00,70.00,184.00,0.765503,-1,-1,-1
57,5,1718.00,453.00,80.00,214.00,0.811880,-1,-1,-1
57,6,697.00,569.00,79.00,241.00,0.604261,-1,-1,-1
57,7,1052.00,836.00,88.00,244.00,0.795705,-1,-1,-1
57,8,375.00,253.00,65.00,192.00,0.811047,-1,-1,-1
57,9,1650.00,245.00,72.00,192.00,0.854067,-1,-1,-1
57,10,1135.00,846.00,84.00,232.00,0.737734,-1,-1,-1
57,11,212.00,277.00,64.00,183.00,0.693563,-1,-1,-1
57,12,1001.00,925.00,81.00,153.00,0.742034,-1,-1,-1
57,13,1581.00,591.00,86.00,234.00,0.757439,-1,-1,-1
57,15,474.00,64.00,55.00,178.00,0.270732,-1,-1,-1
57,16,1567.00,0.00,51.00,130.00,0.291920,-1,-1,-1
57,17,1646.00,0.00,51.00,128.00,0.564804,-1,-1,-1
57,18,978.00,0.00,46.00,75.00,0.272829,-1,-1,-1
57,20,677.00,281.00,58.00,128.00,0.552444,-1,-1,-1
57,21,1481.00,4.00,58.00,140.00,0.653862,-1,-1,-1
57,26,796.00,55.00,82.00,262.00,0.270005,-1,-1,-1
57,27,876.00,0.00,47.00,100.00,0.257470,-1,-1,-1
57,28,928.00,0.00,41.00,73.00,0.158528,-1,-1,-1
57,29,556.00,105.00,53.00,179.00,0.301167,-1,-1,-1
57,30,286.00,117.00,57.00,176.00,0.392412,-1,-1,-1
57,33,206.00,109.00,57.00,187.00,0.235442,-1,-1,-1
57,44,348.00,85.00,67.00,182.00,0.481882,-1,-1,-1
57,47,154.00,249.00,64.00,209.00,0.620152,-1,-1,-1
57,51,461.00,111.00,50.00,159.00,0.388250,-1,-1,-1
57,55,422.00,61.00,49.00,167.00,0.296859,-1,-1,-1
57,59,1578.00,231.00,41.00,78.00,0.428142,-1,-1,-1
58,2,302.00,882.00,93.00,197.00,0.862295,-1,-1,-1
58,3,250.00,948.00,75.00,131.00,0.857130,-1,-1,-1
58,4,1849.00,254.00,70.00,186.00,0.755223,-1,-1,-1
58,5,1719.00,452.00,79.00,215.00,0.807113,-1,-1,-1
58,6,693.00,568.00,83.00,258.00,0.554116,-1,-1,-1
58,7,1055.00,840.00,87.00,240.00,0.754342,-1,-1,-1
58,8,373.00,253.00,67.00,195.00,0.805226,-1,-1,-1
58,9,1649.00,246.00,73.00,192.00,0.846731,-1,-1,-1
58,10,1138.00,850.00,82.00,228.00,0.774816,-1,-1,-1
58,11,214.00,274.00,64.00,185.00,0.675333,-1,-1,-1
58,12,1002.00,926.00,81.00,152.00,0.725219,-1,-1,-1
58,15,474.00,62.00,57.00,183.00,0.225121,-1,-1,-1
58,16,1567.00,0.00,50.00,129.00,0.250151,-1,-1,-1
58,17,1646.00,0.00,51.00,127.00,0.605371,-1,-1,-1
58,18,977.00,0.00,46.00,74.00,0.195403,-1,-1,-1
58,20,676.00,280.00,59.00,129.00,0.529830,-1,-1,-1
58,21,1481.00,4.00,58.00,140.00,0.678026,-1,-1,-1
58,27,876.00,0.00,47.00,100.00,0.238562,-1,-1,-1
58,28,929.00,0.00,40.00,70.00,0.179024,-1,-1,-1
58,29,557.00,107.00,53.00,177.00,0.318661,-1,-1,-1
58,30,286.00,118.00,57.00,175.00,0.393790,-1,-1,-1
58,33,209.00,119.00,54.00,177.00,0.192992,-1,-1,-1
58,38,1560.00,592.00,108.00,233.00,0.744787,-1,-1,-1
58,44,349.00,85.00,66.00,179.00,0.472966,-1,-1,-1
58,47,156.00,251.00,62.00,206.00,0.609516,-1,-1,-1
58,51,462.00,110.00,51.00,160.00,0.382503,-1,-1,-1
58,55,422.00,62.00,49.00,167.00,0.235926,-1,-1,-1
58,59,1578.00,232.00,39.00,73.00,0.404818,-1,-1,-1
59,2,302.00,883.00,93.00,196.00,0.867789,-1,-1,-1
59,3,249.00,949.00,76.00,129.00,0.857356,-1,-1,-1
59,4,1850.00,256.00,70.00,186.00,0.743306,-1,-1,-1
59,5,1719.00,454.00,79.00,214.00,0.814917,-1,-1,-1
59,6,681.00,569.00,83.00,255.00,0.515759,-1,-1,-1
59,7,1057.00,843.00,85.00,237.00,0.793218,-1,-1,-1
59,8,372.00,255.00,66.00,194.00,0.810290,-1,-1,-1
59,9,1649.00,246.00,74.00,193.00,0.840372,-1,-1,-1
59,10,1141.00,853.00,81.00,225.00,0.783326,-1,-1,-1
59,11,215.00,274.00,65.00,185.00,0.677465,-1,-1,-1
59,12,998.00,927.00,78.00,152.00,0.751016,-1,-1,-1
59,13,1583.00,590.00,87.00,234.00,0.706657,-1,-1,-1
59,15,477.00,60.00,56.00,182.00,0.283536,-1,-1,-1
59,16,1567.00,0.00,50.00,128.00,0.153843,-1,-1,-1
59,17,1647.00,0.00,49.00,125.00,0.607317,-1,-1,-1
59,18,976.00,0.00,45.00,73.00,0.199319,-1,-1,-1
59,20,677.00,280.00,58.00,129.00,0.513072,-1,-1,-1
59,21,1481.00,4.00,58.00,140.00,0.692744,-1,-1,-1
59,26,807.00,128.00,60.00,189.00,0.462864,-1,-1,-1
59,27,876.00,0.00,47.00,101.00,0.284902,-1,-1,-1
59,28,929.00,0.00,40.00,70.00,0.195980,-1,-1,-1
59,29,557.00,109.00,52.00,174.00,0.327776,-1,-1,-1
59,30,285.00,114.00,58.00,179.00,0.366262,-1,-1,-1
59,33,211.00,129.00,51.00,167.00,0.182801,-1,-1,-1
59,44,349.00,85.00,66.00,180.00,0.481180,-1,-1,-1
59,47,156.00,251.00,61.00,204.00,0.583771,-1,-1,-1
59,51,462.00,111.00,51.00,159.00,0.456346,-1,-1,-1
59,55,424.00,65.00,49.00,166.00,0.205098,-1,-1,-1
59,59,1577.00,232.00,39.00,73.00,0.419402,-1,-1,-1
60,2,302.00,885.00,93.00,194.00,0.863583,-1,-1,-1
60,3,249.00,952.00,76.00,127.00,0.842031,-1,-1,-1
60,4,1850.00,255.00,70.00,188.00,0.705152,-1,-1,-1
60,5,1719.00,453.00,79.00,215.00,0.817781,-1,-1,-1
60,6,684.00,566.00,84.00,264.00,0.372809,-1,-1,-1
60,7,1059.00,845.00,85.00,235.00,0.771139,-1,-1,-1
60,8,372.00,256.00,66.00,193.00,0.795476,-1,-1,-1
60,9,1649.00,246.00,75.00,194.00,0.838666,-1,-1,-1
60,10,1147.00,854.00,82.00,225.00,0.759779,-1,-1,-1
60,11,216.00,275.00,64.00,185.00,0.631499,-1,-1,-1
60,12,997.00,928.00,77.00,151.00,0.758174,-1,-1,-1
60,13,1580.00,593.00,88.00,232.00,0.722117,-1,-1,-1
60,15,478.00,58.00,57.00,189.00,0.252170,-1,-1,-1
60,17,1647.00,0.00,48.00,122.00,0.588375,-1,-1,-1
60,18,975.00,0.00,45.00,73.00,0.193589,-1,-1,-1
60,20,677.00,281.00,58.00,129.00,0.495769,-1,-1,-1
60,21,1481.00,4.00,58.00,139.00,0.670780,-1,-1,-1
60,26,809.00,148.00,55.00,170.00,0.408389,-1,-1,-1
60,27,876.00,0.00,46.00,100.00,0.214616,-1,-1,-1
60,28,929.00,0.00,40.00,69.00,0.166447,-1,-1,-1
60,29,559.00,111.00,52.00,172.00,0.273003,-1,-1,-1
60,30,285.00,117.00,58.00,176.00,0.439463,-1,-1,-1
60,33,211.00,126.00,51.00,169.00,0.216651,-1,-1,-1
60,44,347.00,85.00,67.00,180.00,0.424553,-1,-1,-1
60,47,157.00,251.00,61.00,205.00,0.598492,-1,-1,-1
60,51,463.00,110.00,51.00,160.00,0.459657,-1,-1,-1
60,55,426.00,66.00,49.00,167.00,0.187071,-1,-1,-1
60,59,1578.00,231.00,39.00,72.00,0.410669,-1,-1,-1
61,2,303.00,888.00,92.00,190.00,0.855499,-1,-1,-1
61,3,249.00,955.00,75.00,124.00,0.837391,-1,-1,-1
61,4,1851.00,256.00,69.00,189.00,0.697998,-1,-1,-1
61,5,1720.00,451.00,79.00,216.00,0.826534,-1,-1,-1
61,6,685.00,565.00,83.00,267.00,0.333428,-1,-1,-1
61,7,1060.00,847.00,84.00,233.00,0.819304,-1,-1,-1
61,8,370.00,256.00,66.00,194.00,0.789862,-1,-1,-1
61,9,1649.00,246.00,75.00,194.00,0.850661,-1,-1,-1
61,10,1149.00,856.00,82.00,223.00,0.764942,-1,-1,-1
61,11,216.00,274.00,65.00,186.00,0.647040,-1,-1,-1
61,12,997.00,929.00,75.00,150.00,0.790892,-1,-1,-1
61,13,1582.00,592.00,88.00,232.00,0.693374,-1,-1,-1
61,15,481.00,59.00,55.00,181.00,0.208655,-1,-1,-1
61,17,1646.00,0.00,48.00,119.00,0.610950,-1,-1,-1
61,18,974.00,0.00,44.00,72.00,0.176048,-1,-1,-1
61,20,677.00,281.00,59.00,128.00,0.481986,-1,-1,-1
61,21,1481.00,4.00,58.00,138.00,0.674903,-1,-1,-1
61,26,809.00,151.00,55.00,167.00,0.442100,-1,-1,-1
61,27,876.00,0.00,45.00,99.00,0.183996,-1,-1,-1
61,28,928.00,0.00,41.00,69.00,0.162228,-1,-1,-1
61,29,560.00,114.00,51.00,170.00,0.317555,-1,-1,-1
61,30,285.00,118.00,57.00,175.00,0.428824,-1,-1,-1
61,33,209.00,112.00,55.00,182.00,0.205566,-1,-1,-1
61,44,348.00,86.00,67.00,180.00,0.451622,-1,-1,-1
61,47,157.00,249.00,61.00,206.00,0.562377,-1,-1,-1
61,51,464.00,112.00,51.00,158.00,0.448330,-1,-1,-1
61,55,426.00,70.00,48.00,164.00,0.230077,-1,-1,-1
61,59,1578.00,230.00,37.00,70.00,0.117141,-1,-1,-1
62,2,304.00,891.00,90.00,187.00,0.859760,-1,-1,-1
62,3,249.00,957.00,76.00,122.00,0.837994,-1,-1,-1
62,4,1852.00,261.00,68.00,185.00,0.629684,-1,-1,-1
62,5,1721.00,451.00,79.00,217.00,0.829626,-1,-1,-1
62,6,675.00,564.00,84.00,270.00,0.330258,-1,-1,-1
62,7,1062.00,848.00,83.00,232.00,0.804124,-1,-1,-1
62,8,370.00,256.00,66.00,194.00,0.770342,-1,-1,-1
62,9,1650.00,244.00,75.00,193.00,0.841029,-1,-1,-1
62,10,1152.00,858.00,83.00,221.00,0.776509,-1,-1,-1
62,11,217.00,274.00,65.00,187.00,0.608239,-1,-1,-1
62,12,996.00,930.00,74.00,149.00,0.790636,-1,-1,-1
62,15,483.00,59.00,54.00,177.00,0.223279,-1,-1,-1
62,17,1646.00,0.00,48.00,118.00,0.612403,-1,-1,-1
62,18,974.00,0.00,45.00,72.00,0.139514,-1,-1,-1
62,20,678.00,282.00,58.00,127.00,0.444141,-1,-1,-1
62,21,1482.00,4.00,57.00,138.00,0.705845,-1,-1,-1
62,26,809.00,154.00,55.00,163.00,0.412742,-1,-1,-1
62,27,876.00,0.00,45.00,98.00,0.154992,-1,-1,-1
62,28,928.00,0.00,41.00,70.00,0.159937,-1,-1,-1
62,29,560.00,114.00,52.00,170.00,0.355941,-1,-1,-1
62,30,285.00,119.00,57.00,174.00,0.481729,-1,-1,-1
62,33,210.00,121.00,53.00,172.00,0.219819,-1,-1,-1
62,38,1560.00,592.00,110.00,233.00,0.728681,-1,-1,-1
62,44,348.00,86.00,67.00,182.00,0.444973,-1,-1,-1
62,47,158.00,248.00,60.00,207.00,0.613798,-1,-1,-1
62,51,465.00,113.00,50.00,156.00,0.452603,-1,-1,-1
62,55,426.00,72.00,48.00,162.00,0.250589,-1,-1,-1
62,59,1577.00,230.00,38.00,69.00,0.231262,-1,-1,-1
63,2,305.00,894.00,89.00,184.00,0.851821,-1,-1,-1
63,3,250.00,959.00,75.00,120.00,0.833907,-1,-1,-1
63,4,1853.00,261.00,67.00,184.00,0.628555,-1,-1,-1
63,5,1722.00,452.00,77.00,215.00,0.829535,-1,-1,-1
63,6,671.00,568.00,84.00,266.00,0.245554,-1,-1,-1
63,7,1064.00,849.00,82.00,231.00,0.770612,-1,-1,-1
63,8,368.00,257.00,66.00,192.00,0.784850,-1,-1,-1
63,9,1649.00,242.00,77.00,196.00,0.845299,-1,-1,-1
63,10,1156.00,859.00,83.00,219.00,0.768989,-1,-1,-1
63,11,220.00,275.00,64.00,185.00,0.575359,-1,-1,-1
63,12,997.00,930.00,72.00,149.00,0.777754,-1,-1,-1
63,13,1578.00,593.00,89.00,231.00,0.768768,-1,-1,-1
63,15,485.00,59.00,52.00,172.00,0.236800,-1,-1,-1
63,17,1646.00,0.00,48.00,117.00,0.648158,-1,-1,-1
63,18,975.00,0.00,44.00,72.00,0.151351,-1,-1,-1
63,20,678.00,281.00,58.00,128.00,0.471626,-1,-1,-1
63,21,1481.00,4.00,58.00,139.00,0.739341,-1,-1,-1
63,26,809.00,154.00,56.00,163.00,0.395686,-1,-1,-1
63,27,875.00,0.00,45.00,98.00,0.189760,-1,-1,-1
63,28,928.00,0.00,40.00,70.00,0.179714,-1,-1,-1
63,29,560.00,111.00,52.00,173.00,0.381719,-1,-1,-1
63,30,285.00,122.00,57.00,172.00,0.528104,-1,-1,-1
63,33,210.00,119.00,55.00,175.00,0.281789,-1,-1,-1
63,44,348.00,86.00,68.00,184.00,0.495736,-1,-1,-1
63,47,158.00,248.00,61.00,207.00,0.563115,-1,-1,-1
63,51,465.00,112.00,51.00,157.00,0.485922,-1,-1,-1
63,55,428.00,80.00,45.00,154.00,0.223170,-1,-1,-1
63,59,1575.00,230.00,37.00,68.00,0.165579,-1,-1,-1
64,2,306.00,897.00,88.00,181.00,0.859771,-1,-1,-1
64,3,250.00,962.00,76.00,117.00,0.834819,-1,-1,-1
64,4,1855.00,267.00,65.00,178.00,0.627569,-1,-1,-1
64,5,1721.00,451.00,78.00,216.00,0.833955,-1,-1,-1
64,6,673.00,574.00,80.00,252.00,0.230142,-1,-1,-1
64,7,1066.00,850.00,82.00,230.00,0.761313,-1,-1,-1
64,8,368.00,258.00,65.00,191.00,0.797742,-1,-1,-1
64,9,1650.00,241.00,77.00,196.00,0.850608,-1,-1,-1
64,10,1158.00,861.00,83.00,217.00,0.743770,-1,-1,-1
64,11,221.00,274.00,65.00,186.00,0.621197,-1,-1,-1
64,12,997.00,931.00,71.00,148.00,0.771691,-1,-1,-1
64,13,1581.00,592.00,90.00,232.00,0.592956,-1,-1,-1
64,15,485.00,58.00,52.00,168.00,0.200784,-1,-1,-1
64,17,1645.00,0.00,49.00,118.00,0.611552,-1,-1,-1
64,18,974.00,0.00,44.00,72.00,0.177382,-1,-1,-1
64,20,678.00,282.00,58.00,127.00,0.467581,-1,-1,-1
64,21,1481.00,4.00,58.00,139.00,0.735748,-1,-1,-1
64,26,809.00,154.00,56.00,163.00,0.364198,-1,-1,-1
64,27,874.00,0.00,45.00,97.00,0.190442,-1,-1,-1
64,28,927.00,0.00,41.00,69.00,0.169511,-1,-1,-1
64,29,560.00,113.00,52.00,171.00,0.325043,-1,-1,-1
64,30,285.00,123.00,57.00,170.00,0.507390,-1,-1,-1
64,33,212.00,133.00,52.00,161.00,0.252038,-1,-1,-1
64,38,1553.00,591.00,113.00,234.00,0.671368,-1,-1,-1
64,44,351.00,95.00,64.00,175.00,0.450655,-1,-1,-1
64,47,159.00,250.00,60.00,205.00,0.606825,-1,-1,-1
64,51,466.00,111.00,52.00,159.00,0.432679,-1,-1,-1
64,55,428.00,78.00,46.00,156.00,0.185742,-1,-1,-1
64,59,1573.00,228.00,39.00,71.00,0.227672,-1,-1,-1
65,2,307.00,900.00,88.00,178.00,0.861815,-1,-1,-1
65,3,251.00,965.00,75.00,114.00,0.838741,-1,-1,-1
65,4,1857.00,270.00,63.00,176.00,0.659971,-1,-1,-1
65,5,1721.00,452.00,77.00,215.00,0.837539,-1,-1,-1
65,6,672.00,576.00,76.00,234.00,0.166399,-1,-1,-1
65,7,1068.00,852.00,80.00,227.00,0.736141,-1,-1,-1
65,8,367.00,259.00,66.00,190.00,0.807290,-1,-1,-1
65,9,1651.00,239.00,77.00,196.00,0.856024,-1,-1,-1
65,10,1161.00,862.00,83.00,216.00,0.782739,-1,-1,-1
65,11,222.00,271.00,66.00,189.00,0.556603,-1,-1,-1
65,12,996.00,931.00,70.00,148.00,0.779895,-1,-1,-1
65,13,1582.00,591.00,90.00,233.00,0.636485,-1,-1,-1
65,15,485.00,58.00,51.00,163.00,0.177500,-1,-1,-1
65,17,1643.00,0.00,50.00,118.00,0.652579,-1,-1,-1
65,18,974.00,0.00,44.00,71.00,0.201783,-1,-1,-1
65,20,678.00,282.00,58.00,127.00,0.453785,-1,-1,-1
65,21,1481.00,4.00,58.00,139.00,0.734274,-1,-1,-1
65,26,807.00,151.00,57.00,166.00,0.395205,-1,-1,-1
65,27,874.00,0.00,43.00,95.00,0.218320,-1,-1,-1
65,28,927.00,0.00,40.00,69.00,0.159850,-1,-1,-1
65,29,560.00,114.00,52.00,169.00,0.351960,-1,-1,-1
65,30,285.00,122.00,57.00,171.00,0.499816,-1,-1,-1
65,33,213.00,133.00,52.00,161.00,0.235259,-1,-1,-1
65,38,1550.00,590.00,115.00,235.00,0.707478,-1,-1,-1
65,44,351.00,99.00,64.00,173.00,0.446942,-1,-1,-1
65,47,161.00,249.00,59.00,206.00,0.586362,-1,-1,-1
65,51,469.00,112.00,51.00,156.00,0.371963,-1,-1,-1
65,55,428.00,82.00,45.00,151.00,0.241200,-1,-1,-1
66,2,309.00,903.00,87.00,176.00,0.873284,-1,-1,-1
66,3,252.00,968.00,74.00,111.00,0.829081,-1,-1,-1
66,4,1859.00,271.00,61.00,176.00,0.658836,-1,-1,-1
66,5,1721.00,451.00,76.00,215.00,0.831802,-1,-1,-1
66,6,673.00,583.00,74.00,221.00,0.102119,-1,-1,-1
66,7,1072.00,852.00,80.00,226.00,0.670012,-1,-1,-1
66,8,367.00,259.00,65.00,189.00,0.785882,-1,-1,-1
66,9,1652.00,237.00,76.00,193.00,0.876602,-1,-1,-1
66,10,1162.00,864.00,84.00,214.00,0.766856,-1,-1,-1
66,11,225.00,272.00,65.00,188.00,0.555250,-1,-1,-1
66,12,996.00,932.00,68.00,147.00,0.793993,-1,-1,-1
66,13,1583.00,591.00,90.00,233.00,0.560561,-1,-1,-1
66,15,485.00,58.00,51.00,161.00,0.135478,-1,-1,-1
66,17,1641.00,0.00,50.00,117.00,0.610704,-1,-1,-1
66,18,974.00,0.00,45.00,71.00,0.198644,-1,-1,-1
66,20,678.00,282.00,58.00,127.00,0.461888,-1,-1,-1
66,21,1481.00,4.00,58.00,139.00,0.728687,-1,-1,-1
66,26,806.00,151.00,57.00,166.00,0.365829,-1,-1,-1
66,27,874.00,0.00,43.00,93.00,0.182148,-1,-1,-1
66,28,926.00,0.00,41.00,69.00,0.126338,-1,-1,-1
66,29,560.00,113.00,52.00,170.00,0.403811,-1,-1,-1
66,30,285.00,122.00,57.00,171.00,0.472027,-1,-1,-1
66,33,213.00,133.00,54.00,164.00,0.236293,-1,-1,-1
66,38,1551.00,590.00,117.00,235.00,0.603652,-1,-1,-1
66,44,353.00,107.00,61.00,166.00,0.455602,-1,-1,-1
66,47,161.00,248.00,59.00,206.00,0.558910,-1,-1,-1
66,51,473.00,111.00,51.00,156.00,0.356663,-1,-1,-1
66,55,430.00,84.00,44.00,149.00,0.246518,-1,-1,-1
67,2,310.00,905.00,87.00,174.00,0.876820,-1,-1,-1
67,3,253.00,971.00,73.00,108.00,0.826373,-1,-1,-1
67,4,1861.00,270.00,59.00,176.00,0.687460,-1,-1,-1
67,5,1720.00,451.00,77.00,216.00,0.829870,-1,-1,-1
67,7,1072.00,854.00,79.00,224.00,0.722843,-1,-1,-1
67,8,366.00,259.00,66.00,191.00,0.801399,-1,-1,-1
67,9,1654.00,236.00,74.00,189.00,0.873978,-1,-1,-1
67,10,1161.00,866.00,85.00,213.00,0.796386,-1,-1,-1
67,11,226.00,270.00,66.00,190.00,0.614455,-1,-1,-1
67,12,996.00,934.00,67.00,145.00,0.793123,-1,-1,-1
67,13,1584.00,591.00,89.00,233.00,0.460881,-1,-1,-1
67,15,478.00,60.00,57.00,185.00,0.327524,-1,-1,-1
67,17,1638.00,0.00,51.00,117.00,0.672801,-1,-1,-1
67,18,974.00,0.00,46.00,74.00,0.234117,-1,-1,-1
67,20,678.00,283.00,57.00,126.00,0.536667,-1,-1,-1
67,21,1481.00,4.00,58.00,139.00,0.746778,-1,-1,-1
67,26,806.00,148.00,57.00,169.00,0.381998,-1,-1,-1
67,27,873.00,0.00,43.00,92.00,0.237983,-1,-1,-1
67,28,926.00,0.00,40.00,69.00,0.106591,-1,-1,-1
67,29,561.00,113.00,52.00,170.00,0.391700,-1,-1,-1
67,30,285.00,123.00,57.00,171.00,0.460771,-1,-1,-1
67,33,214.00,133.00,53.00,160.00,0.257948,-1,-1,-1
67,38,1548.00,590.00,118.00,235.00,0.723020,-1,-1,-1
67,44,354.00,110.00,60.00,163.00,0.472665,-1,-1,-1
67,47,161.00,249.00,59.00,205.00,0.593217,-1,-1,-1
67,51,476.00,111.00,49.00,150.00,0.461240,-1,-1,-1
67,55,431.00,85.00,44.00,148.00,0.269401,-1,-1,-1
68,2,312.00,907.00,87.00,172.00,0.884327,-1,-1,-1
68,3,254.00,975.00,73.00,104.00,0.848548,-1,-1,-1
68,4,1864.00,270.00,56.00,176.00,0.673679,-1,-1,-1
68,5,1719.00,451.00,77.00,215.00,0.835287,-1,-1,-1
68,7,1074.00,856.00,78.00,221.00,0.708311,-1,-1,-1
68,8,364.00,259.00,67.00,194.00,0.814258,-1,-1,-1
68,9,1655.00,234.00,74.00,189.00,0.870253,-1,-1,-1
68,10,1161.00,868.00,86.00,211.00,0.795127,-1,-1,-1
68,11,228.00,269.00,65.00,188.00,0.615312,-1,-1,-1
68,12,996.00,935.00,66.00,144.00,0.798241,-1,-1,-1
68,15,477.00,59.00,59.00,193.00,0.358164,-1,-1,-1
68,17,1636.00,0.00,51.00,116.00,0.624305,-1,-1,-1
68,18,974.00,0.00,45.00,72.00,0.231807,-1,-1,-1
68,20,677.00,282.00,58.00,127.00,0.525352,-1,-1,-1
68,21,1481.00,4.00,58.00,139.00,0.717513,-1,-1,-1
68,26,806.00,148.00,57.00,169.00,0.376559,-1,-1,-1
68,27,872.00,0.00,44.00,91.00,0.214831,-1,-1,-1
68,28,925.00,0.00,41.00,69.00,0.105164,-1,-1,-1
68,29,561.00,112.00,53.00,171.00,0.446532,-1,-1,-1
68,30,284.00,122.00,58.00,171.00,0.475926,-1,-1,-1
68,33,215.00,134.00,53.00,159.00,0.298478,-1,-1,-1
68,38,1556.00,592.00,116.00,232.00,0.773126,-1,-1,-1
68,44,354.00,111.00,60.00,161.00,0.488608,-1,-1,-1
68,47,162.00,249.00,58.00,204.00,0.614517,-1,-1,-1
68,51,477.00,107.00,49.00,151.00,0.443310,-1,-1,-1
68,55,431.00,83.00,44.00,151.00,0.300084,-1,-1,-1
69,2,314.00,909.00,87.00,170.00,0.879690,-1,-1,-1
69,3,255.00,978.00,72.00,101.00,0.845173,-1,-1,-1
69,4,1866.00,270.00,54.00,176.00,0.669254,-1,-1,-1
69,5,1716.00,451.00,77.00,215.00,0.818983,-1,-1,-1
69,7,1074.00,857.00,78.00,221.00,0.703304,-1,-1,-1
69,8,363.00,261.00,68.00,197.00,0.814313,-1,-1,-1
69,9,1655.00,232.00,74.00,190.00,0.864636,-1,-1,-1
69,10,1161.00,870.00,86.00,209.00,0.809732,-1,-1,-1
69,11,229.00,267.00,65.00,188.00,0.609564,-1,-1,-1
69,12,996.00,936.00,65.00,143.00,0.791914,-1,-1,-1
69,15,480.00,58.00,59.00,196.00,0.121906,-1,-1,-1
69,17,1633.00,0.00,52.00,116.00,0.615601,-1,-1,-1
69,18,974.00,0.00,44.00,72.00,0.209869,-1,-1,-1
69,20,677.00,281.00,58.00,128.00,0.545512,-1,-1,-1
69,21,1481.00,3.00,57.00,140.00,0.732458,-1,-1,-1
69,26,806.00,146.00,58.00,171.00,0.346210,-1,-1,-1
69,27,872.00,0.00,44.00,90.00,0.212989,-1,-1,-1
69,28,925.00,0.00,40.00,69.00,0.104878,-1,-1,-1
69,29,561.00,112.00,53.00,171.00,0.407751,-1,-1,-1
69,30,284.00,124.00,58.00,169.00,0.474551,-1,-1,-1
69,33,216.00,136.00,53.00,157.00,0.308049,-1,-1,-1
69,38,1561.00,592.00,114.00,232.00,0.752321,-1,-1,-1
69,44,353.00,109.00,61.00,165.00,0.475444,-1,-1,-1
69,47,163.00,249.00,58.00,205.00,0.636606,-1,-1,-1
69,51,480.00,106.00,48.00,150.00,0.472268,-1,-1,-1
69,55,430.00,81.00,45.00,153.00,0.295122,-1,-1,-1
70,2,315.00,911.00,86.00,167.00,0.870463,-1,-1,-1
70,3,255.00,980.00,73.00,99.00,0.849074,-1,-1,-1
70,4,1869.00,272.00,51.00,173.00,0.629611,-1,-1,-1
70,5,1714.00,451.00,79.00,215.00,0.817504,-1,-1,-1
70,7,1079.00,858.00,80.00,220.00,0.766261,-1,-1,-1
70,8,362.00,261.00,69.00,201.00,0.832247,-1,-1,-1
70,9,1656.00,230.00,73.00,190.00,0.854304,-1,-1,-1
70,10,1162.00,873.00,86.00,206.00,0.788169,-1,-1,-1
70,11,230.00,267.00,64.00,184.00,0.706357,-1,-1,-1
70,12,997.00,937.00,63.00,142.00,0.785748,-1,-1,-1
70,15,482.00,58.00,59.00,196.00,0.162874,-1,-1,-1
70,17,1632.00,0.00,53.00,116.00,0.619035,-1,-1,-1
70,18,973.00,0.00,44.00,71.00,0.226543,-1,-1,-1
70,20,678.00,283.00,58.00,126.00,0.490286,-1,-1,-1
70,21,1481.00,4.00,57.00,139.00,0.713706,-1,-1,-1
70,26,806.00,146.00,58.00,172.00,0.353036,-1,-1,-1
70,27,872.00,0.00,45.00,91.00,0.224176,-1,-1,-1
70,28,924.00,0.00,40.00,69.00,0.113146,-1,-1,-1
70,29,561.00,111.00,53.00,172.00,0.480236,-1,-1,-1
70,30,284.00,124.00,58.00,170.00,0.476915,-1,-1,-1
70,33,216.00,139.00,54.00,156.00,0.278742,-1,-1,-1
70,38,1565.00,592.00,112.00,232.00,0.733407,-1,-1,-1
70,44,352.00,104.00,63.00,170.00,0.457659,-1,-1,-1
70,47,165.00,250.00,57.00,204.00,0.649814,-1,-1,-1
70,51,481.00,108.00,48.00,147.00,0.463459,-1,-1,-1
70,55,432.00,83.00,45.00,152.00,0.351731,-1,-1,-1
71,2,317.00,912.00,87.00,166.00,0.853227,-1,-1,-1
71,3,255.00,981.00,73.00,98.00,0.841074,-1,-1,-1
71,4,1870.00,269.00,50.00,180.00,0.606890,-1,-1,-1
71,5,1714.00,451.00,80.00,215.00,0.817672,-1,-1,-1
71,7,1076.00,861.00,79.00,218.00,0.763682,-1,-1,-1
71,8,362.00,265.00,68.00,199.00,0.797786,-1,-1,-1
71,9,1656.00,228.00,72.00,190.00,0.856915,-1,-1,-1
71,10,1164.00,875.00,86.00,204.00,0.768878,-1,-1,-1
71,11,230.00,264.00,64.00,185.00,0.692623,-1,-1,-1
71,12,997.00,938.00,62.00,141.00,0.793797,-1,-1,-1
71,13,1579.00,592.00,90.00,233.00,0.689650,-1,-1,-1
71,15,480.00,58.00,59.00,197.00,0.473560,-1,-1,-1
71,17,1631.00,0.00,53.00,115.00,0.624071,-1,-1,-1
71,18,972.00,0.00,45.00,71.00,0.207283,-1,-1,-1
71,20,678.00,283.00,58.00,126.00,0.508262,-1,-1,-1
71,21,1481.00,4.00,57.00,139.00,0.734283,-1,-1,-1
71,26,805.00,145.00,58.00,173.00,0.361685,-1,-1,-1
71,27,872.00,0.00,45.00,91.00,0.262717,-1,-1,-1
71,28,923.00,0.00,41.00,69.00,0.124671,-1,-1,-1
71,29,562.00,112.00,52.00,172.00,0.473056,-1,-1,-1
71,30,283.00,123.00,59.00,171.00,0.474202,-1,-1,-1
71,33,216.00,140.00,54.00,154.00,0.295125,-1,-1,-1
71,44,351.00,104.00,65.00,176.00,0.441729,-1,-1,-1
71,47,165.00,250.00,58.00,203.00,0.631007,-1,-1,-1
71,51,483.00,112.00,47.00,143.00,0.162741,-1,-1,-1
71,55,433.00,85.00,45.00,150.00,0.397610,-1,-1,-1
71,59,1566.00,217.00,38.00,67.00,0.462400,-1,-1,-1
72,2,318.00,914.00,88.00,164.00,0.853987,-1,-1,-1
72,3,255.00,983.00,73.00,97.00,0.835084,-1,-1,-1
72,4,1871.00,272.00,49.00,183.00,0.610146,-1,-1,-1
72,5,1714.00,451.00,80.00,214.00,0.828568,-1,-1,-1
72,7,1075.00,863.00,79.00,216.00,0.718434,-1,-1,-1
72,8,361.00,266.00,69.00,199.00,0.787560,-1,-1,-1
72,9,1655.00,227.00,72.00,190.00,0.852379,-1,-1,-1
72,10,1164.00,877.00,86.00,202.00,0.785196,-1,-1,-1
72,11,231.00,263.00,64.00,185.00,0.698981,-1,-1,-1
72,12,997.00,939.00,62.00,140.00,0.797982,-1,-1,-1
72,13,1582.00,593.00,90.00,231.00,0.662048,-1,-1,-1
72,15,481.00,55.00,60.00,201.00,0.488148,-1,-1,-1
72,17,1630.00,0.00,53.00,115.00,0.626895,-1,-1,-1
72,18,972.00,0.00,44.00,71.00,0.186558,-1,-1,-1
72,20,677.00,282.00,58.00,127.00,0.513609,-1,-1,-1
72,21,1481.00,4.00,57.00,139.00,0.742386,-1,-1,-1
72,26,805.00,144.00,58.00,174.00,0.405379,-1,-1,-1
72,27,872.00,0.00,46.00,91.00,0.281707,-1,-1,-1
72,29,561.00,110.00,54.00,175.00,0.415283,-1,-1,-1
72,30,283.00,122.00,59.00,172.00,0.453244,-1,-1,-1
72,33,216.00,141.00,53.00,150.00,0.261103,-1,-1,-1
72,44,350.00,100.00,67.00,185.00,0.455129,-1,-1,-1
72,47,166.00,249.00,57.00,203.00,0.626595,-1,-1,-1
72,55,435.00,86.00,44.00,149.00,0.440591,-1,-1,-1
72,59,1566.00,216.00,37.00,65.00,0.467728,-1,-1,-1
73,2,319.00,916.00,89.00,162.00,0.834861,-1,-1,-1
73,3,257.00,985.00,72.00,95.00,0.819419,-1,-1,-1
73,4,1871.00,273.00,49.00,187.00,0.634107,-1,-1,-1
73,5,1713.00,451.00,81.00,214.00,0.833438,-1,-1,-1
73,7,1077.00,867.00,79.00,212.00,0.727595,-1,-1,-1
73,8,362.00,269.00,67.00,197.00,0.796130,-1,-1,-1
73,9,1654.00,227.00,72.00,191.00,0.851283,-1,-1,-1
73,10,1167.00,880.00,85.00,199.00,0.777054,-1,-1,-1
73,11,232.00,263.00,64.00,183.00,0.686510,-1,-1,-1
73,12,997.00,940.00,61.00,139.00,0.818877,-1,-1,-1
73,15,480.00,59.00,58.00,198.00,0.509135,-1,-1,-1
73,17,1628.00,0.00,54.00,114.00,0.619404,-1,-1,-1
73,18,973.00,0.00,43.00,68.00,0.152607,-1,-1,-1
73,20,677.00,281.00,58.00,128.00,0.524972,-1,-1,-1
73,21,1481.00,4.00,58.00,139.00,0.749215,-1,-1,-1
73,26,804.00,144.00,58.00,173.00,0.399169,-1,-1,-1
73,27,872.00,0.00,46.00,90.00,0.272392,-1,-1,-1
73,29,561.00,109.00,54.00,176.00,0.425392,-1,-1,-1
73,30,283.00,122.00,60.00,172.00,0.493860,-1,-1,-1
73,33,216.00,142.00,52.00,147.00,0.274477,-1,-1,-1
73,38,1562.00,593.00,112.00,232.00,0.782549,-1,-1,-1
73,44,350.00,101.00,67.00,186.00,0.481005,-1,-1,-1
73,47,166.00,248.00,57.00,204.00,0.614591,-1,-1,-1
73,55,432.00,76.00,48.00,159.00,0.515739,-1,-1,-1
73,59,1566.00,215.00,37.00,64.00,0.475592,-1,-1,-1
74,2,320.00,918.00,90.00,160.00,0.806199,-1,-1,-1
74,3,258.00,986.00,73.00,94.00,0.833583,-1,-1,-1
74,4,1872.00,274.00,48.00,188.00,0.659490,-1,-1,-1
74,5,1712.00,451.00,81.00,213.00,0.817186,-1,-1,-1
74,7,1083.00,870.00,81.00,208.00,0.728777,-1,-1,-1
74,8,361.00,271.00,67.00,197.00,0.790322,-1,-1,-1
74,9,1652.00,226.00,72.00,190.00,0.858502,-1,-1,-1
74,10,1169.00,882.00,85.00,197.00,0.780107,-1,-1,-1
74,11,232.00,262.00,64.00,183.00,0.702275,-1,-1,-1
74,12,998.00,940.00,60.00,138.00,0.804757,-1,-1,-1
74,15,481.00,54.00,58.00,202.00,0.521757,-1,-1,-1
74,17,1627.00,0.00,52.00,112.00,0.639636,-1,-1,-1
74,18,973.00,0.00,42.00,68.00,0.177094,-1,-1,-1
74,20,677.00,282.00,58.00,127.00,0.531814,-1,-1,-1
74,21,1481.00,3.00,57.00,140.00,0.742973,-1,-1,-1
74,26,805.00,144.00,57.00,174.00,0.379005,-1,-1,-1
74,27,871.00,0.00,47.00,90.00,0.267821,-1,-1,-1
74,29,561.00,106.00,54.00,179.00,0.397990,-1,-1,-1
74,30,284.00,122.00,59.00,172.00,0.464054,-1,-1,-1
74,33,215.00,142.00,52.00,146.00,0.273344,-1,-1,-1
74,38,1558.00,594.00,113.00,231.00,0.764752,-1,-1,-1
74,44,348.00,94.00,70.00,196.00,0.447917,-1,-1,-1
74,47,167.00,247.00,57.00,204.00,0.610790,-1,-1,-1
74,55,431.00,70.00,50.00,165.00,0.497493,-1,-1,-1
74,59,1565.00,214.00,38.00,65.00,0.446149,-1,-1,-1
75,2,320.00,920.00,92.00,158.00,0.825278,-1,-1,-1
75,3,259.00,987.00,73.00,93.00,0.833658,-1,-1,-1
75,4,1872.00,277.00,48.00,186.00,0.647608,-1,-1,-1
75,5,1711.00,451.00,82.00,213.00,0.818069,-1,-1,-1
75,7,1082.00,873.00,80.00,206.00,0.779750,-1,-1,-1
75,8,361.00,272.00,67.00,198.00,0.806663,-1,-1,-1
75,9,1650.00,226.00,72.00,191.00,0.868317,-1,-1,-1
75,10,1171.00,885.00,85.00,194.00,0.778487,-1,-1,-1
75,11,232.00,262.00,64.00,183.00,0.712770,-1,-1,-1
75,12,997.00,940.00,61.00,138.00,0.816249,-1,-1,-1
75,15,481.00,53.00,58.00,203.00,0.533363,-1,-1,-1
75,17,1625.00,0.00,53.00,110.00,0.623981,-1,-1,-1
75,18,976.00,0.00,42.00,67.00,0.162110,-1,-1,-1
75,20,677.00,281.00,59.00,128.00,0.538964,-1,-1,-1
75,21,1481.00,4.00,57.00,139.00,0.715929,-1,-1,-1
75,26,805.00,143.00,57.00,175.00,0.375194,-1,-1,-1
75,27,871.00,0.00,47.00,89.00,0.233296,-1,-1,-1
75,29,562.00,106.00,54.00,179.00,0.319653,-1,-1,-1
75,30,284.00,126.00,58.00,168.00,0.398340,-1,-1,-1
75,33,215.00,146.00,52.00,146.00,0.282974,-1,-1,-1
75,38,1553.00,593.00,115.00,233.00,0.797163,-1,-1,-1
75,44,348.00,95.00,70.00,198.00,0.459057,-1,-1,-1
75,47,168.00,246.00,57.00,205.00,0.580268,-1,-1,-1
75,55,431.00,68.00,51.00,167.00,0.508357,-1,-1,-1
75,59,1565.00,213.00,38.00,65.00,0.357286,-1,-1,-1
76,2,321.00,921.00,93.00,157.00,0.836646,-1,-1,-1
76,3,259.00,988.00,73.00,92.00,0.828081,-1,-1,-1
76,4,1873.00,280.00,47.00,184.00,0.664125,-1,-1,-1
76,5,1710.00,451.00,83.00,213.00,0.812996,-1,-1,-1
76,7,1091.00,876.00,83.00,203.00,0.758722,-1,-1,-1
76,8,361.00,274.00,67.00,197.00,0.810678,-1,-1,-1
76,9,1649.00,227.00,71.00,190.00,0.863127,-1,-1,-1
76,10,1172.00,887.00,85.00,192.00,0.747284,-1,-1,-1
76,11,232.00,261.00,64.00,184.00,0.680010,-1,-1,-1
76,12,996.00,941.00,60.00,137.00,0.821806,-1,-1,-1
76,15,482.00,55.00,57.00,201.00,0.547439,-1,-1,-1
76,17,1623.00,0.00,52.00,109.00,0.608042,-1,-1,-1
76,18,976.00,0.00,40.00,63.00,0.191098,-1,-1,-1
76,20,677.00,280.00,59.00,129.00,0.511746,-1,-1,-1
76,21,1481.00,3.00,57.00,140.00,0.749026,-1,-1,-1
76,26,804.00,143.00,58.00,175.00,0.416802,-1,-1,-1
76,27,871.00,0.00,47.00,89.00,0.208960,-1,-1,-1
76,29,563.00,109.00,54.00,176.00,0.372654,-1,-1,-1
76,30,283.00,127.00,59.00,167.00,0.465791,-1,-1,-1
76,33,215.00,144.00,52.00,148.00,0.377998,-1,-1,-1
76,38,1556.00,592.00,115.00,233.00,0.819759,-1,-1,-1
76,44,349.00,101.00,68.00,195.00,0.517852,-1,-1,-1
76,47,168.00,244.00,57.00,206.00,0.563615,-1,-1,-1
76,55,432.00,67.00,52.00,170.00,0.545812,-1,-1,-1
76,59,1564.00,213.00,38.00,65.00,0.477625,-1,-1,-1
77,2,321.00,923.00,94.00,155.00,0.833343,-1,-1,-1
77,3,260.00,991.00,73.00,89.00,0.834240,-1,-1,-1
77,4,1873.00,281.00,47.00,182.00,0.661482,-1,-1,-1
77,5,1709.00,451.00,84.00,214.00,0.816287,-1,-1,-1
77,7,1086.00,878.00,83.00,201.00,0.759364,-1,-1,-1
77,8,362.00,275.00,66.00,197.00,0.823043,-1,-1,-1
77,9,1648.00,228.00,71.00,191.00,0.863274,-1,-1,-1
77,10,1171.00,889.00,85.00,190.00,0.705891,-1,-1,-1
77,11,232.00,261.00,65.00,184.00,0.698654,-1,-1,-1
77,12,996.00,942.00,59.00,136.00,0.829296,-1,-1,-1
77,15,482.00,49.00,58.00,206.00,0.520986,-1,-1,-1
77,17,1621.00,0.00,52.00,107.00,0.512275,-1,-1,-1
77,18,976.00,0.00,39.00,60.00,0.172300,-1,-1,-1
77,20,677.00,282.00,59.00,127.00,0.487543,-1,-1,-1
77,21,1482.00,3.00,57.00,140.00,0.716015,-1,-1,-1
77,26,805.00,143.00,58.00,174.00,0.312209,-1,-1,-1
77,27,871.00,0.00,46.00,89.00,0.187658,-1,-1,-1
77,29,563.00,109.00,54.00,176.00,0.341158,-1,-1,-1
77,30,283.00,126.00,59.00,169.00,0.419774,-1,-1,-1
77,33,216.00,146.00,52.00,144.00,0.326594,-1,-1,-1
77,38,1555.00,592.00,116.00,233.00,0.812204,-1,-1,-1
77,44,350.00,103.00,67.00,193.00,0.493212,-1,-1,-1
77,47,169.00,245.00,56.00,205.00,0.570364,-1,-1,-1
77,55,432.00,67.00,53.00,172.00,0.483039,-1,-1,-1
77,59,1564.00,213.00,38.00,65.00,0.286086,-1,-1,-1
78,2,321.00,926.00,94.00,152.00,0.826428,-1,-1,-1
78,3,259.00,992.00,73.00,87.00,0.827983,-1,-1,-1
78,4,1874.00,281.00,46.00,184.00,0.586888,-1,-1,-1
78,5,1709.00,451.00,84.00,213.00,0.820064,-1,-1,-1
78,7,1094.00,881.00,85.00,198.00,0.763246,-1,-1,-1
78,8,362.00,275.00,66.00,197.00,0.819114,-1,-1,-1
78,9,1647.00,227.00,71.00,193.00,0.860164,-1,-1,-1
78,10,1174.00,891.00,84.00,188.00,0.720303,-1,-1,-1
78,11,232.00,260.00,66.00,186.00,0.691639,-1,-1,-1
78,12,996.00,943.00,59.00,135.00,0.822321,-1,-1,-1
78,15,482.00,46.00,58.00,209.00,0.511965,-1,-1,-1
78,17,1620.00,0.00,51.00,105.00,0.520848,-1,-1,-1
78,18,976.00,0.00,38.00,59.00,0.173139,-1,-1,-1
78,20,678.00,282.00,58.00,127.00,0.450784,-1,-1,-1
78,21,1481.00,3.00,57.00,140.00,0.741673,-1,-1,-1
78,26,805.00,146.00,57.00,171.00,0.321632,-1,-1,-1
78,27,871.00,0.00,46.00,89.00,0.196421,-1,-1,-1
78,29,562.00,108.00,55.00,178.00,0.370181,-1,-1,-1
78,30,282.00,125.00,60.00,169.00,0.408328,-1,-1,-1
78,33,218.00,145.00,50.00,142.00,0.299926,-1,-1,-1
78,38,1554.00,591.00,117.00,234.00,0.818655,-1,-1,-1
78,44,350.00,101.00,67.00,197.00,0.405030,-1,-1,-1
78,47,168.00,245.00,57.00,204.00,0.497928,-1,-1,-1
78,55,433.00,69.00,52.00,172.00,0.431322,-1,-1,-1
78,59,1564.00,213.00,38.00,64.00,0.195679,-1,-1,-1
79,2,322.00,929.00,94.00,149.00,0.806974,-1,-1,-1
79,3,260.00,994.00,72.00,85.00,0.838435,-1,-1,-1
79,4,1874.00,283.00,46.00,183.00,0.674339,-1,-1,-1
79,5,1707.00,451.00,86.00,213.00,0.825340,-1,-1,-1
79,7,1089.00,881.00,86.00,198.00,0.778435,-1,-1,-1
79,8,361.00,275.00,67.00,197.00,0.816874,-1,-1,-1
79,9,1646.00,228.00,70.00,192.00,0.849211,-1,-1,-1
79,10,1175.00,893.00,84.00,187.00,0.768512,-1,-1,-1
79,11,233.00,260.00,65.00,186.00,0.722970,-1,-1,-1
79,12,995.00,944.00,59.00,135.00,0.815739,-1,-1,-1
79,15,482.00,44.00,58.00,210.00,0.507543,-1,-1,-1
79,17,1618.00,0.00,51.00,105.00,0.456784,-1,-1,-1
79,18,975.00,0.00,38.00,58.00,0.188066,-1,-1,-1
79,20,677.00,280.00,59.00,129.00,0.469062,-1,-1,-1
79,21,1481.00,4.00,58.00,139.00,0.724583,-1,-1,-1
79,26,807.00,146.00,57.00,171.00,0.337122,-1,-1,-1
79,27,871.00,0.00,46.00,89.00,0.185504,-1,-1,-1
79,29,563.00,110.00,54.00,175.00,0.392033,-1,-1,-1
79,30,281.00,125.00,60.00,169.00,0.443009,-1,-1,-1
79,33,218.00,140.00,52.00,148.00,0.334199,-1,-1,-1
79,38,1557.00,591.00,116.00,234.00,0.793070,-1,-1,-1
79,44,347.00,91.00,70.00,206.00,0.468065,-1,-1,-1
79,47,169.00,249.00,56.00,201.00,0.486738,-1,-1,-1
79,55,433.00,71.00,53.00,172.00,0.485142,-1,-1,-1
79,59,1564.00,213.00,38.00,64.00,0.292347,-1,-1,-1
80,2,322.00,932.00,93.00,147.00,0.823790,-1,-1,-1
80,3,260.00,997.00,71.00,82.00,0.840402,-1,-1,-1
80,4,1875.00,286.00,45.00,181.00,0.601192,-1,-1,-1
80,5,1706.00,450.00,86.00,215.00,0.829659,-1,-1,-1
80,7,1087.00,883.00,87.00,196.00,0.720498,-1,-1,-1
80,8,361.00,274.00,67.00,199.00,0.814646,-1,-1,-1
80,9,1645.00,227.00,70.00,193.00,0.853789,-1,-1,-1
80,10,1177.00,895.00,83.00,184.00,0.760790,-1,-1,-1
80,11,233.00,260.00,65.00,185.00,0.716819,-1,-1,-1
80,12,995.00,944.00,59.00,135.00,0.826752,-1,-1,-1
80,15,482.00,42.00,58.00,210.00,0.532928,-1,-1,-1
80,17,1616.00,0.00,51.00,105.00,0.502756,-1,-1,-1
80,18,974.00,0.00,38.00,58.00,0.137860,-1,-1,-1
80,20,677.00,280.00,59.00,129.00,0.452643,-1,-1,-1
80,21,1483.00,3.00,57.00,140.00,0.721923,-1,-1,-1
80,26,807.00,147.00,57.00,170.00,0.414805,-1,-1,-1
80,27,872.00,0.00,46.00,89.00,0.198604,-1,-1,-1
80,29,563.00,110.00,54.00,175.00,0.356931,-1,-1,-1
80,30,282.00,126.00,60.00,168.00,0.425385,-1,-1,-1
80,33,218.00,138.00,53.00,150.00,0.348102,-1,-1,-1
80,38,1557.00,592.00,115.00,233.00,0.800696,-1,-1,-1
80,44,347.00,88.00,70.00,208.00,0.441372,-1,-1,-1
80,47,171.00,250.00,55.00,198.00,0.470871,-1,-1,-1
80,55,434.00,72.00,53.00,171.00,0.463008,-1,-1,-1
80,59,1564.00,213.00,38.00,63.00,0.408678,-1,-1,-1
81,2,322.00,935.00,92.00,144.00,0.827920,-1,-1,-1
81,3,260.00,1000.00,70.00,79.00,0.839692,-1,-1,-1
81,4,1876.00,286.00,44.00,182.00,0.597438,-1,-1,-1
81,5,1706.00,452.00,87.00,212.00,0.827592,-1,-1,-1
81,7,1088.00,885.00,86.00,194.00,0.731576,-1,-1,-1
81,8,361.00,273.00,67.00,199.00,0.813441,-1,-1,-1
81,9,1644.00,227.00,69.00,192.00,0.838596,-1,-1,-1
81,10,1179.00,896.00,81.00,183.00,0.768103,-1,-1,-1
81,11,234.00,260.00,65.00,185.00,0.687360,-1,-1,-1
81,12,994.00,944.00,60.00,135.00,0.824881,-1,-1,-1
81,15,481.00,42.00,58.00,208.00,0.504866,-1,-1,-1
81,17,1614.00,0.00,52.00,104.00,0.472352,-1,-1,-1
81,20,678.00,280.00,58.00,129.00,0.445257,-1,-1,-1
81,21,1482.00,4.00,57.00,139.00,0.703470,-1,-1,-1
81,26,807.00,147.00,57.00,171.00,0.376627,-1,-1,-1
81,27,871.00,0.00,46.00,89.00,0.146306,-1,-1,-1
81,29,562.00,110.00,54.00,175.00,0.385840,-1,-1,-1
81,30,282.00,127.00,60.00,168.00,0.366977,-1,-1,-1
81,33,217.00,136.00,54.00,153.00,0.301176,-1,-1,-1
81,38,1553.00,593.00,116.00,232.00,0.778413,-1,-1,-1
81,44,347.00,85.00,70.00,210.00,0.408553,-1,-1,-1
81,47,171.00,247.00,56.00,200.00,0.483584,-1,-1,-1
81,55,434.00,72.00,53.00,172.00,0.468197,-1,-1,-1
81,59,1564.00,213.00,37.00,63.00,0.161994,-1,-1,-1
82,2,322.00,939.00,91.00,140.00,0.829242,-1,-1,-1
82,3,260.00,1004.00,69.00,75.00,0.819400,-1,-1,-1
82,4,1877.00,288.00,43.00,179.00,0.603741,-1,-1,-1
82,5,1705.00,451.00,88.00,214.00,0.832948,-1,-1,-1
82,6,602.00,548.00,77.00,234.00,0.606646,-1,-1,-1
82,7,1093.00,886.00,85.00,192.00,0.774654,-1,-1,-1
82,8,361.00,273.00,67.00,199.00,0.801960,-1,-1,-1
82,9,1643.00,225.00,68.00,193.00,0.851800,-1,-1,-1
82,10,1179.00,898.00,81.00,181.00,0.754019,-1,-1,-1
82,11,234.00,259.00,66.00,187.00,0.662553,-1,-1,-1
82,12,994.00,945.00,59.00,134.00,0.825185,-1,-1,-1
82,15,481.00,40.00,58.00,208.00,0.474645,-1,-1,-1
82,17,1612.00,0.00,52.00,105.00,0.562472,-1,-1,-1
82,20,678.00,281.00,58.00,128.00,0.474443,-1,-1,-1
82,21,1482.00,4.00,57.00,139.00,0.737693,-1,-1,-1
82,26,807.00,146.00,57.00,171.00,0.414807,-1,-1,-1
82,27,872.00,0.00,45.00,89.00,0.151583,-1,-1,-1
82,29,560.00,109.00,55.00,176.00,0.428291,-1,-1,-1
82,30,282.00,126.00,60.00,169.00,0.381130,-1,-1,-1
82,33,218.00,134.00,54.00,154.00,0.296809,-1,-1,-1
82,38,1554.00,592.00,117.00,233.00,0.784888,-1,-1,-1
82,44,346.00,82.00,72.00,214.00,0.446739,-1,-1,-1
82,47,172.00,246.00,56.00,200.00,0.453430,-1,-1,-1
82,55,433.00,73.00,54.00,173.00,0.448809,-1,-1,-1
82,59,1564.00,212.00,37.00,64.00,0.261425,-1,-1,-1
83,2,323.00,943.00,90.00,136.00,0.835230,-1,-1,-1
83,3,261.00,1006.00,68.00,73.00,0.849223,-1,-1,-1
83,4,1879.00,292.00,41.00,175.00,0.583659,-1,-1,-1
83,5,1705.00,452.00,88.00,213.00,0.819372,-1,-1,-1
83,6,596.00,545.00,80.00,237.00,0.707122,-1,-1,-1
83,7,1094.00,887.00,85.00,191.00,0.752397,-1,-1,-1
83,8,362.00,274.00,66.00,198.00,0.796911,-1,-1,-1
83,9,1641.00,223.00,69.00,193.00,0.843590,-1,-1,-1
83,10,1180.00,899.00,81.00,180.00,0.719246,-1,-1,-1
83,11,234.00,259.00,66.00,187.00,0.680072,-1,-1,-1
83,12,994.00,945.00,59.00,134.00,0.831414,-1,-1,-1
83,15,482.00,40.00,57.00,207.00,0.401964,-1,-1,-1
83,17,1610.00,0.00,53.00,105.00,0.536952,-1,-1,-1
83,20,678.00,281.00,58.00,128.00,0.438660,-1,-1,-1
83,21,1481.00,4.00,58.00,139.00,0.730928,-1,-1,-1
83,26,807.00,145.00,57.00,172.00,0.421629,-1,-1,-1
83,27,872.00,0.00,45.00,89.00,0.182929,-1,-1,-1
83,29,558.00,110.00,55.00,175.00,0.321701,-1,-1,-1
83,30,282.00,125.00,60.00,170.00,0.391169,-1,-1,-1
83,33,218.00,132.00,55.00,158.00,0.288505,-1,-1,-1
83,38,1558.00,592.00,116.00,233.00,0.789120,-1,-1,-1
83,44,348.00,82.00,70.00,216.00,0.407197,-1,-1,-1
83,47,173.00,246.00,55.00,197.00,0.466438,-1,-1,-1
83,55,434.00,73.00,53.00,173.00,0.396679,-1,-1,-1
83,59,1563.00,211.00,38.00,64.00,0.361389,-1,-1,-1
84,2,323.00,945.00,89.00,134.00,0.835422,-1,-1,-1
84,3,261.00,1010.00,66.00,69.00,0.807912,-1,-1,-1
84,4,1882.00,294.00,38.00,173.00,0.552284,-1,-1,-1
84,5,1704.00,452.00,89.00,213.00,0.828092,-1,-1,-1
84,6,591.00,544.00,82.00,238.00,0.802202,-1,-1,-1
84,7,1097.00,889.00,84.00,189.00,0.761185,-1,-1,-1
84,8,362.00,274.00,66.00,198.00,0.814551,-1,-1,-1
84,9,1640.00,222.00,68.00,191.00,0.850345,-1,-1,-1
84,10,1183.00,900.00,80.00,179.00,0.719180,-1,-1,-1
84,11,236.00,259.00,66.00,186.00,0.660583,-1,-1,-1
84,12,993.00,945.00,60.00,134.00,0.830369,-1,-1,-1
84,15,482.00,39.00,57.00,207.00,0.383829,-1,-1,-1
84,17,1609.00,0.00,53.00,105.00,0.520424,-1,-1,-1
84,20,677.00,282.00,59.00,128.00,0.472525,-1,-1,-1
84,21,1482.00,4.00,57.00,139.00,0.741654,-1,-1,-1
84,26,806.00,145.00,58.00,172.00,0.383505,-1,-1,-1
84,27,872.00,0.00,45.00,89.00,0.158665,-1,-1,-1
84,29,555.00,111.00,56.00,174.00,0.375298,-1,-1,-1
84,30,283.00,125.00,60.00,170.00,0.365983,-1,-1,-1
84,33,218.00,131.00,55.00,160.00,0.265451,-1,-1,-1
84,38,1560.00,593.00,116.00,232.00,0.798548,-1,-1,-1
84,44,350.00,83.00,69.00,212.00,0.407717,-1,-1,-1
84,47,174.00,246.00,55.00,195.00,0.523262,-1,-1,-1
84,55,435.00,74.00,53.00,173.00,0.408426,-1,-1,-1
84,59,1563.00,210.00,38.00,66.00,0.357075,-1,-1,-1
85,2,322.00,947.00,90.00,131.00,0.828563,-1,-1,-1
85,3,261.00,1014.00,65.00,65.00,0.802220,-1,-1,-1
85,4,1884.00,297.00,36.00,173.00,0.506601,-1,-1,-1
85,5,1704.00,452.00,89.00,213.00,0.827983,-1,-1,-1
85,6,588.00,543.00,84.00,239.00,0.803206,-1,-1,-1
85,7,1099.00,890.00,83.00,188.00,0.817381,-1,-1,-1
85,8,361.00,276.00,66.00,196.00,0.810551,-1,-1,-1
85,9,1639.00,219.00,67.00,190.00,0.856494,-1,-1,-1
85,10,1183.00,901.00,80.00,178.00,0.750313,-1,-1,-1
85,11,236.00,257.00,66.00,187.00,0.682222,-1,-1,-1
85,12,993.00,945.00,59.00,134.00,0.830151,-1,-1,-1
85,15,482.00,38.00,57.00,207.00,0.349883,-1,-1,-1
85,17,1608.00,0.00,53.00,105.00,0.535362,-1,-1,-1
85,20,677.00,282.00,59.00,128.00,0.447485,-1,-1,-1
85,21,1482.00,4.00,57.00,139.00,0.730759,-1,-1,-1
85,26,806.00,144.00,57.00,173.00,0.357416,-1,-1,-1
85,27,873.00,0.00,45.00,89.00,0.146776,-1,-1,-1
85,29,554.00,109.00,58.00,176.00,0.297125,-1,-1,-1
85,30,283.00,126.00,60.00,168.00,0.365025,-1,-1,-1
85,33,219.00,132.00,55.00,156.00,0.304310,-1,-1,-1
85,38,1562.00,592.00,114.00,233.00,0.803524,-1,-1,-1
85,44,349.00,83.00,69.00,209.00,0.331346,-1,-1,-1
85,47,174.00,244.00,56.00,196.00,0.525098,-1,-1,-1
85,55,436.00,74.00,53.00,174.00,0.406230,-1,-1,-1
85,59,1562.00,210.00,38.00,65.00,0.525045,-1,-1,-1
86,2,323.00,949.00,88.00,130.00,0.832440,-1,-1,-1
86,3,260.00,1016.00,64.00,63.00,0.787092,-1,-1,-1
86,4,1886.00,297.00,34.00,172.00,0.410540,-1,-1,-1
86,5,1704.00,452.00,90.00,213.00,0.828230,-1,-1,-1
86,6,585.00,542.00,86.00,240.00,0.802016,-1,-1,-1
86,7,1104.00,892.00,84.00,186.00,0.701535,-1,-1,-1
86,8,361.00,278.00,66.00,197.00,0.801858,-1,-1,-1
86,9,1638.00,217.00,66.00,186.00,0.881967,-1,-1,-1
86,10,1184.00,903.00,79.00,176.00,0.724832,-1,-1,-1
86,11,236.00,256.00,66.00,187.00,0.651338,-1,-1,-1
86,12,992.00,945.00,60.00,134.00,0.823485,-1,-1,-1
86,15,482.00,37.00,57.00,208.00,0.299991,-1,-1,-1
86,17,1607.00,0.00,54.00,105.00,0.525705,-1,-1,-1
86,20,678.00,281.00,58.00,128.00,0.384477,-1,-1,-1
86,21,1482.00,4.00,58.00,139.00,0.744278,-1,-1,-1
86,26,806.00,144.00,57.00,173.00,0.372587,-1,-1,-1
86,27,873.00,0.00,46.00,89.00,0.165610,-1,-1,-1
86,29,552.00,110.00,58.00,174.00,0.328579,-1,-1,-1
86,30,283.00,125.00,60.00,169.00,0.381056,-1,-1,-1
86,33,220.00,132.00,54.00,156.00,0.251033,-1,-1,-1
86,38,1555.00,592.00,115.00,233.00,0.803308,-1,-1,-1
86,44,352.00,81.00,68.00,212.00,0.314535,-1,-1,-1
86,47,175.00,243.00,56.00,197.00,0.519508,-1,-1,-1
86,55,436.00,76.00,54.00,172.00,0.372443,-1,-1,-1
86,59,1562.00,208.00,38.00,66.00,0.431473,-1,-1,-1
87,2,323.00,952.00,88.00,127.00,0.816559,-1,-1,-1
87,3,259.00,1018.00,63.00,61.00,0.765352,-1,-1,-1
87,5,1705.00,452.00,90.00,213.00,0.825877,-1,-1,-1
87,6,582.00,543.00,88.00,238.00,0.801830,-1,-1,-1
87,7,1104.00,893.00,84.00,186.00,0.727508,-1,-1,-1
87,8,360.00,280.00,67.00,198.00,0.819474,-1,-1,-1
87,9,1637.00,215.00,65.00,186.00,0.888106,-1,-1,-1
87,10,1184.00,905.00,80.00,174.00,0.671865,-1,-1,-1
87,11,237.00,256.00,66.00,185.00,0.586179,-1,-1,-1
87,12,991.00,946.00,60.00,133.00,0.828159,-1,-1,-1
87,15,483.00,35.00,57.00,210.00,0.269119,-1,-1,-1
87,17,1605.00,0.00,54.00,103.00,0.547192,-1,-1,-1
87,20,677.00,280.00,59.00,129.00,0.449795,-1,-1,-1
87,21,1481.00,4.00,58.00,139.00,0.732698,-1,-1,-1
87,26,805.00,143.00,58.00,174.00,0.395761,-1,-1,-1
87,27,875.00,0.00,44.00,88.00,0.164647,-1,-1,-1
87,29,557.00,109.00,58.00,175.00,0.314968,-1,-1,-1
87,30,283.00,124.00,60.00,169.00,0.383681,-1,-1,-1
87,33,219.00,123.00,57.00,166.00,0.198979,-1,-1,-1
87,38,1555.00,592.00,116.00,233.00,0.797737,-1,-1,-1
87,44,354.00,82.00,67.00,206.00,0.317076,-1,-1,-1
87,47,176.00,241.00,57.00,198.00,0.474575,-1,-1,-1
87,55,437.00,77.00,53.00,171.00,0.343241,-1,-1,-1
87,59,1562.00,208.00,38.00,66.00,0.437110,-1,-1,-1
88,2,323.00,954.00,87.00,125.00,0.810708,-1,-1,-1
88,3,257.00,1021.00,63.00,58.00,0.775318,-1,-1,-1
88,5,1706.00,452.00,90.00,212.00,0.822077,-1,-1,-1
88,6,581.00,544.00,89.00,237.00,0.818514,-1,-1,-1
88,7,1106.00,895.00,85.00,184.00,0.694153,-1,-1,-1
88,8,360.00,282.00,67.00,200.00,0.819963,-1,-1,-1
88,9,1635.00,213.00,66.00,186.00,0.886204,-1,-1,-1
88,10,1187.00,907.00,80.00,172.00,0.717517,-1,-1,-1
88,11,237.00,253.00,66.00,187.00,0.582289,-1,-1,-1
88,12,990.00,946.00,60.00,133.00,0.840399,-1,-1,-1
88,15,482.00,32.00,58.00,213.00,0.342364,-1,-1,-1
88,17,1604.00,0.00,53.00,103.00,0.521332,-1,-1,-1
88,20,678.00,281.00,58.00,128.00,0.468962,-1,-1,-1
88,21,1481.00,4.00,57.00,139.00,0.744186,-1,-1,-1
88,26,805.00,143.00,58.00,174.00,0.411599,-1,-1,-1
88,27,876.00,0.00,44.00,87.00,0.164120,-1,-1,-1
88,29,557.00,109.00,58.00,175.00,0.417666,-1,-1,-1
88,30,284.00,125.00,59.00,168.00,0.386884,-1,-1,-1
88,33,217.00,111.00,61.00,178.00,0.187173,-1,-1,-1
88,38,1554.00,593.00,116.00,232.00,0.801227,-1,-1,-1
88,44,355.00,86.00,65.00,199.00,0.326249,-1,-1,-1
88,47,178.00,238.00,58.00,200.00,0.438196,-1,-1,-1
88,55,437.00,77.00,53.00,171.00,0.382724,-1,-1,-1
88,59,1561.00,207.00,39.00,67.00,0.387939,-1,-1,-1
89,2,323.00,956.00,87.00,123.00,0.819068,-1,-1,-1
89,3,256.00,1022.00,62.00,57.00,0.753975,-1,-1,-1
89,5,1707.00,452.00,90.00,212.00,0.822219,-1,-1,-1
89,6,579.00,544.00,90.00,236.00,0.814617,-1,-1,-1
89,7,1106.00,897.00,83.00,182.00,0.744118,-1,-1,-1
89,8,358.00,283.00,68.00,201.00,0.817256,-1,-1,-1
89,9,1633.00,212.00,67.00,186.00,0.886550,-1,-1,-1
89,10,1189.00,910.00,79.00,169.00,0.741446,-1,-1,-1
89,11,237.00,252.00,67.00,189.00,0.597415,-1,-1,-1
89,12,989.00,945.00,61.00,134.00,0.847981,-1,-1,-1
89,15,481.00,30.00,58.00,215.00,0.304771,-1,-1,-1
89,17,1602.00,0.00,53.00,102.00,0.478960,-1,-1,-1
89,20,677.00,281.00,59.00,128.00,0.445099,-1,-1,-1
89,21,1481.00,3.00,58.00,140.00,0.735021,-1,-1,-1
89,26,805.00,143.00,58.00,175.00,0.392617,-1,-1,-1
89,27,877.00,0.00,43.00,87.00,0.174641,-1,-1,-1
89,29,556.00,108.00,59.00,177.00,0.412177,-1,-1,-1
89,30,284.00,125.00,59.00,168.00,0.385793,-1,-1,-1
89,33,217.00,107.00,62.00,181.00,0.196240,-1,-1,-1
89,38,1552.00,593.00,117.00,232.00,0.818791,-1,-1,-1
89,44,355.00,84.00,65.00,199.00,0.329336,-1,-1,-1
89,47,179.00,238.00,59.00,200.00,0.464833,-1,-1,-1
89,55,437.00,77.00,53.00,171.00,0.365451,-1,-1,-1
89,59,1561.00,204.00,40.00,70.00,0.203037,-1,-1,-1
90,2,323.00,958.00,87.00,121.00,0.838046,-1,-1,-1
90,3,256.00,1024.00,60.00,55.00,0.743555,-1,-1,-1
90,5,1707.00,452.00,90.00,213.00,0.824388,-1,-1,-1
90,6,577.00,543.00,91.00,235.00,0.802946,-1,-1,-1
90,7,1106.00,901.00,82.00,178.00,0.722151,-1,-1,-1
90,8,357.00,285.00,68.00,201.00,0.832248,-1,-1,-1
90,9,1632.00,210.00,67.00,185.00,0.874283,-1,-1,-1
90,10,1190.00,913.00,78.00,166.00,0.684123,-1,-1,-1
90,11,236.00,251.00,67.00,189.00,0.583401,-1,-1,-1
90,12,987.00,945.00,61.00,134.00,0.834605,-1,-1,-1
90,15,481.00,29.00,57.00,217.00,0.261456,-1,-1,-1
90,17,1601.00,0.00,53.00,101.00,0.565781,-1,-1,-1
90,20,677.00,282.00,59.00,127.00,0.461969,-1,-1,-1
90,21,1481.00,4.00,58.00,139.00,0.749081,-1,-1,-1
90,26,805.00,143.00,58.00,176.00,0.400147,-1,-1,-1
90,27,878.00,0.00,43.00,86.00,0.151065,-1,-1,-1
90,29,559.00,109.00,57.00,175.00,0.398017,-1,-1,-1
90,30,284.00,125.00,60.00,168.00,0.469426,-1,-1,-1
90,33,216.00,103.00,63.00,187.00,0.247218,-1,-1,-1
90,38,1556.00,592.00,117.00,232.00,0.818875,-1,-1,-1
90,44,355.00,83.00,64.00,198.00,0.398530,-1,-1,-1
90,47,179.00,240.00,60.00,199.00,0.393791,-1,-1,-1
90,55,438.00,77.00,53.00,170.00,0.361762,-1,-1,-1
90,59,1561.00,203.00,40.00,71.00,0.162205,-1,-1,-1
91,2,323.00,960.00,87.00,119.00,0.835627,-1,-1,-1
91,3,256.00,1025.00,60.00,54.00,0.741488,-1,-1,-1
91,5,1708.00,452.00,90.00,212.00,0.814044,-1,-1,-1
91,6,575.00,541.00,91.00,237.00,0.755559,-1,-1,-1
91,7,1106.00,904.00,81.00,175.00,0.776961,-1,-1,-1
91,8,357.00,286.00,67.00,201.00,0.825741,-1,-1,-1
91,9,1630.00,209.00,69.00,187.00,0.872859,-1,-1,-1
91,10,1192.00,916.00,77.00,160.00,0.687671,-1,-1,-1
91,11,235.00,252.00,67.00,188.00,0.616538,-1,-1,-1
91,12,985.00,945.00,62.00,134.00,0.846503,-1,-1,-1
91,15,481.00,30.00,58.00,217.00,0.134596,-1,-1,-1
91,17,1600.00,0.00,52.00,100.00,0.561007,-1,-1,-1
91,20,677.00,281.00,59.00,129.00,0.485243,-1,-1,-1
91,21,1481.00,4.00,58.00,139.00,0.762929,-1,-1,-1
91,26,806.00,143.00,58.00,175.00,0.470758,-1,-1,-1
91,27,878.00,0.00,43.00,85.00,0.167190,-1,-1,-1
91,29,558.00,108.00,58.00,176.00,0.366120,-1,-1,-1
91,30,285.00,125.00,59.00,168.00,0.478114,-1,-1,-1
91,33,216.00,101.00,64.00,189.00,0.271538,-1,-1,-1
91,38,1559.00,592.00,116.00,232.00,0.829856,-1,-1,-1
91,44,355.00,81.00,65.00,199.00,0.431230,-1,-1,-1
91,47,178.00,243.00,58.00,196.00,0.389319,-1,-1,-1
91,55,440.00,78.00,53.00,170.00,0.334446,-1,-1,-1
91,59,1559.00,201.00,41.00,72.00,0.121304,-1,-1,-1
92,2,324.00,963.00,86.00,116.00,0.836593,-1,-1,-1
92,3,257.00,1027.00,58.00,51.00,0.734536,-1,-1,-1
92,5,1708.00,452.00,90.00,213.00,0.823200,-1,-1,-1
92,6,572.00,541.00,92.00,236.00,0.749012,-1,-1,-1
92,7,1109.00,906.00,80.00,173.00,0.718866,-1,-1,-1
92,8,355.00,287.00,67.00,202.00,0.819016,-1,-1,-1
92,9,1629.00,208.00,69.00,187.00,0.880371,-1,-1,-1
92,10,1193.00,919.00,77.00,158.00,0.716418,-1,-1,-1
92,11,235.00,250.00,67.00,190.00,0.616683,-1,-1,-1
92,12,983.00,945.00,62.00,134.00,0.835489,-1,-1,-1
92,15,481.00,29.00,58.00,218.00,0.148842,-1,-1,-1
92,17,1601.00,0.00,50.00,97.00,0.618008,-1,-1,-1
92,20,678.00,282.00,58.00,127.00,0.496878,-1,-1,-1
92,21,1481.00,4.00,58.00,139.00,0.761503,-1,-1,-1
92,26,806.00,143.00,58.00,175.00,0.425071,-1,-1,-1
92,27,879.00,0.00,42.00,84.00,0.163538,-1,-1,-1
92,29,559.00,109.00,58.00,176.00,0.391150,-1,-1,-1
92,30,284.00,125.00,60.00,168.00,0.494782,-1,-1,-1
92,33,216.00,101.00,65.00,192.00,0.252906,-1,-1,-1
92,38,1560.00,591.00,115.00,233.00,0.820249,-1,-1,-1
92,44,356.00,81.00,64.00,199.00,0.459999,-1,-1,-1
92,47,179.00,242.00,58.00,199.00,0.383118,-1,-1,-1
92,55,442.00,79.00,52.00,168.00,0.398674,-1,-1,-1
93,2,324.00,965.00,86.00,114.00,0.839207,-1,-1,-1
93,3,257.00,1028.00,57.00,51.00,0.687986,-1,-1,-1
93,5,1709.00,452.00,90.00,212.00,0.815871,-1,-1,-1
93,6,568.00,540.00,92.00,238.00,0.793239,-1,-1,-1
93,7,1113.00,909.00,80.00,169.00,0.727410,-1,-1,-1
93,8,353.00,289.00,67.00,203.00,0.818023,-1,-1,-1
93,9,1627.00,209.00,71.00,189.00,0.877302,-1,-1,-1
93,10,1193.00,922.00,78.00,155.00,0.715036,-1,-1,-1
93,11,233.00,250.00,69.00,189.00,0.574318,-1,-1,-1
93,12,980.00,944.00,63.00,134.00,0.844485,-1,-1,-1
93,15,481.00,29.00,58.00,216.00,0.149558,-1,-1,-1
93,17,1601.00,0.00,50.00,94.00,0.592010,-1,-1,-1
93,20,678.00,281.00,58.00,128.00,0.489075,-1,-1,-1
93,21,1481.00,4.00,58.00,139.00,0.762091,-1,-1,-1
93,26,806.00,143.00,58.00,175.00,0.417979,-1,-1,-1
93,27,879.00,0.00,42.00,83.00,0.129973,-1,-1,-1
93,29,559.00,106.00,57.00,179.00,0.380642,-1,-1,-1
93,30,284.00,125.00,60.00,169.00,0.484169,-1,-1,-1
93,33,216.00,101.00,65.00,191.00,0.272773,-1,-1,-1
93,38,1557.00,591.00,116.00,233.00,0.822808,-1,-1,-1
93,44,356.00,81.00,63.00,199.00,0.450129,-1,-1,-1
93,47,179.00,241.00,59.00,200.00,0.295669,-1,-1,-1
93,55,443.00,81.00,52.00,165.00,0.384665,-1,-1,-1
94,2,324.00,968.00,85.00,111.00,0.840330,-1,-1,-1
94,3,256.00,1030.00,57.00,49.00,0.651862,-1,-1,-1
94,5,1710.00,452.00,89.00,212.00,0.812460,-1,-1,-1
94,6,564.00,539.00,90.00,239.00,0.793987,-1,-1,-1
94,7,1117.00,911.00,80.00,167.00,0.754177,-1,-1,-1
94,8,352.00,290.00,67.00,204.00,0.820764,-1,-1,-1
94,9,1625.00,209.00,72.00,189.00,0.878006,-1,-1,-1
94,10,1195.00,924.00,78.00,154.00,0.672948,-1,-1,-1
94,11,235.00,250.00,68.00,188.00,0.626574,-1,-1,-1
94,12,978.00,944.00,63.00,134.00,0.846100,-1,-1,-1
94,15,483.00,29.00,57.00,214.00,0.267777,-1,-1,-1
94,17,1602.00,0.00,49.00,92.00,0.567672,-1,-1,-1
94,20,677.00,281.00,59.00,128.00,0.519441,-1,-1,-1
94,21,1481.00,3.00,58.00,140.00,0.767271,-1,-1,-1
94,26,806.00,143.00,58.00,175.00,0.408400,-1,-1,-1
94,27,880.00,0.00,41.00,82.00,0.122967,-1,-1,-1
94,29,559.00,107.00,57.00,178.00,0.390725,-1,-1,-1
94,30,284.00,125.00,59.00,169.00,0.491077,-1,-1,-1
94,33,218.00,102.00,64.00,187.00,0.297581,-1,-1,-1
94,38,1559.00,591.00,115.00,233.00,0.821602,-1,-1,-1
94,44,355.00,80.00,64.00,200.00,0.485224,-1,-1,-1
94,47,181.00,241.00,59.00,200.00,0.440641,-1,-1,-1
94,55,444.00,81.00,51.00,166.00,0.400046,-1,-1,-1
95,2,323.00,971.00,85.00,108.00,0.840360,-1,-1,-1
95,3,258.00,1032.00,55.00,47.00,0.681520,-1,-1,-1
95,5,1710.00,452.00,89.00,213.00,0.816062,-1,-1,-1
95,6,560.00,538.00,88.00,239.00,0.800166,-1,-1,-1
95,7,1114.00,914.00,81.00,165.00,0.746718,-1,-1,-1
95,8,350.00,290.00,68.00,204.00,0.831025,-1,-1,-1
95,9,1624.00,209.00,73.00,189.00,0.865943,-1,-1,-1
95,10,1194.00,924.00,80.00,154.00,0.625374,-1,-1,-1
95,11,237.00,249.00,68.00,188.00,0.662434,-1,-1,-1
95,12,975.00,944.00,63.00,135.00,0.836458,-1,-1,-1
95,15,483.00,29.00,57.00,215.00,0.175450,-1,-1,-1
95,17,1602.00,0.00,49.00,91.00,0.658068,-1,-1,-1
95,20,677.00,281.00,59.00,128.00,0.526536,-1,-1,-1
95,21,1481.00,3.00,58.00,140.00,0.762049,-1,-1,-1
95,26,806.00,144.00,58.00,175.00,0.428866,-1,-1,-1
95,27,880.00,0.00,41.00,82.00,0.128546,-1,-1,-1
95,29,560.00,106.00,57.00,179.00,0.443153,-1,-1,-1
95,30,283.00,125.00,60.00,169.00,0.516976,-1,-1,-1
95,33,220.00,106.00,62.00,181.00,0.295063,-1,-1,-1
95,38,1560.00,592.00,114.00,232.00,0.810619,-1,-1,-1
95,44,355.00,81.00,63.00,199.00,0.504040,-1,-1,-1
95,47,184.00,239.00,60.00,202.00,0.541264,-1,-1,-1
95,55,445.00,82.00,51.00,166.00,0.458278,-1,-1,-1
95,71,1546.00,1007.00,88.00,73.00,0.533776,-1,-1,-1
96,2,324.00,974.00,84.00,105.00,0.841926,-1,-1,-1
96,3,259.00,1035.00,51.00,44.00,0.637625,-1,-1,-1
96,5,1710.00,452.00,88.00,212.00,0.815949,-1,-1,-1
96,6,555.00,538.00,86.00,237.00,0.790393,-1,-1,-1
96,7,1115.00,915.00,80.00,163.00,0.737747,-1,-1,-1
96,8,349.00,290.00,67.00,205.00,0.829098,-1,-1,-1
96,9,1624.00,210.00,73.00,187.00,0.870663,-1,-1,-1
96,10,1196.00,926.00,79.00,152.00,0.656282,-1,-1,-1
96,11,238.00,248.00,68.00,187.00,0.658932,-1,-1,-1
96,12,972.00,943.00,64.00,135.00,0.838631,-1,-1,-1
96,15,483.00,28.00,57.00,212.00,0.281139,-1,-1,-1
96,17,1601.00,0.00,49.00,90.00,0.643748,-1,-1,-1
96,20,678.00,282.00,58.00,127.00,0.522499,-1,-1,-1
96,21,1481.00,2.00,58.00,141.00,0.764656,-1,-1,-1
96,26,806.00,144.00,58.00,175.00,0.401473,-1,-1,-1
96,27,880.00,0.00,40.00,81.00,0.141590,-1,-1,-1
96,29,560.00,107.00,57.00,178.00,0.408660,-1,-1,-1
96,30,283.00,125.00,60.00,168.00,0.547014,-1,-1,-1
96,33,221.00,106.00,62.00,182.00,0.297742,-1,-1,-1
96,38,1559.00,592.00,114.00,232.00,0.808688,-1,-1,-1
96,44,357.00,88.00,61.00,192.00,0.495288,-1,-1,-1
96,47,186.00,238.00,61.00,202.00,0.560486,-1,-1,-1
96,55,446.00,83.00,52.00,167.00,0.407138,-1,-1,-1
96,71,1542.00,1003.00,92.00,77.00,0.580033,-1,-1,-1
96,72,1478.00,1027.00,43.00,52.00,0.393200,-1,-1,-1
97,2,325.00,978.00,83.00,101.00,0.839820,-1,-1,-1
97,3,260.00,1037.00,49.00,42.00,0.603196,-1,-1,-1
97,5,1710.00,452.00,88.00,212.00,0.821010,-1,-1,-1
97,6,550.00,537.00,85.00,241.00,0.776638,-1,-1,-1
97,7,1116.00,917.00,81.00,161.00,0.729134,-1,-1,-1
97,8,348.00,291.00,66.00,204.00,0.837108,-1,-1,-1
97,9,1622.00,210.00,74.00,188.00,0.868950,-1,-1,-1
97,10,1196.00,927.00,80.00,151.00,0.651140,-1,-1,-1
97,11,240.00,249.00,67.00,184.00,0.645409,-1,-1,-1
97,12,969.00,943.00,64.00,135.00,0.838705,-1,-1,-1
97,15,484.00,28.00,55.00,207.00,0.328675,-1,-1,-1
97,17,1600.00,0.00,49.00,89.00,0.646251,-1,-1,-1
97,20,678.00,282.00,58.00,127.00,0.516986,-1,-1,-1
97,21,1481.00,2.00,58.00,141.00,0.765185,-1,-1,-1
97,26,806.00,144.00,58.00,175.00,0.384518,-1,-1,-1
97,27,880.00,0.00,41.00,80.00,0.155944,-1,-1,-1
97,29,561.00,110.00,55.00,175.00,0.428108,-1,-1,-1
97,30,283.00,126.00,60.00,168.00,0.503443,-1,-1,-1
97,33,226.00,119.00,56.00,164.00,0.274207,-1,-1,-1
97,38,1560.00,594.00,113.00,230.00,0.805264,-1,-1,-1
97,44,359.00,98.00,57.00,182.00,0.445789,-1,-1,-1
97,47,186.00,236.00,63.00,203.00,0.577916,-1,-1,-1
97,55,447.00,83.00,52.00,169.00,0.366217,-1,-1,-1
97,71,1536.00,999.00,97.00,81.00,0.626466,-1,-1,-1
97,72,1476.00,1026.00,44.00,53.00,0.462675,-1,-1,-1
98,2,327.00,981.00,81.00,98.00,0.834225,-1,-1,-1
98,3,260.00,1040.00,45.00,38.00,0.573337,-1,-1,-1
98,5,1710.00,452.00,88.00,212.00,0.815476,-1,-1,-1
98,6,546.00,536.00,84.00,244.00,0.797134,-1,-1,-1
98,7,1118.00,919.00,82.00,160.00,0.718199,-1,-1,-1
98,8,346.00,292.00,66.00,202.00,0.825244,-1,-1,-1
98,9,1621.00,209.00,75.00,188.00,0.874456,-1,-1,-1
98,10,1197.00,929.00,80.00,149.00,0.576973,-1,-1,-1
98,11,242.00,248.00,66.00,183.00,0.627195,-1,-1,-1
98,12,966.00,942.00,64.00,136.00,0.830775,-1,-1,-1
98,15,484.00,28.00,55.00,204.00,0.333659,-1,-1,-1
98,17,1597.00,0.00,50.00,89.00,0.544118,-1,-1,-1
98,20,678.00,283.00,58.00,126.00,0.539158,-1,-1,-1
98,21,1481.00,2.00,59.00,141.00,0.745850,-1,-1,-1
98,26,805.00,144.00,58.00,176.00,0.416888,-1,-1,-1
98,27,880.00,0.00,40.00,80.00,0.168323,-1,-1,-1
98,29,561.00,109.00,54.00,176.00,0.384027,-1,-1,-1
98,30,283.00,126.00,60.00,168.00,0.494392,-1,-1,-1
98,33,227.00,124.00,54.00,158.00,0.318889,-1,-1,-1
98,38,1560.00,594.00,113.00,230.00,0.797645,-1,-1,-1
98,44,360.00,104.00,56.00,176.00,0.453272,-1,-1,-1
98,47,188.00,239.00,62.00,199.00,0.463214,-1,-1,-1
98,55,448.00,83.00,52.00,171.00,0.407913,-1,-1,-1
98,71,1532.00,996.00,98.00,84.00,0.657651,-1,-1,-1
98,72,1473.00,1024.00,46.00,56.00,0.532014,-1,-1,-1
99,2,329.00,985.00,80.00,95.00,0.834295,-1,-1,-1
99,3,261.00,1043.00,43.00,36.00,0.601847,-1,-1,-1
99,5,1710.00,452.00,88.00,213.00,0.808474,-1,-1,-1
99,6,543.00,536.00,82.00,244.00,0.815617,-1,-1,-1
99,7,1119.00,921.00,82.00,158.00,0.768052,-1,-1,-1
99,8,345.00,293.00,66.00,201.00,0.828646,-1,-1,-1
99,9,1620.00,208.00,76.00,190.00,0.867589,-1,-1,-1
99,10,1198.00,931.00,79.00,147.00,0.640660,-1,-1,-1
99,11,243.00,248.00,66.00,183.00,0.664643,-1,-1,-1
99,12,963.00,940.00,65.00,139.00,0.829054,-1,-1,-1
99,15,485.00,27.00,55.00,203.00,0.265714,-1,-1,-1
99,17,1595.00,0.00,50.00,89.00,0.495210,-1,-1,-1
99,20,677.00,281.00,59.00,128.00,0.544006,-1,-1,-1
99,21,1481.00,1.00,59.00,142.00,0.756282,-1,-1,-1
99,26,805.00,144.00,58.00,175.00,0.434474,-1,-1,-1
99,27,880.00,0.00,41.00,81.00,0.184628,-1,-1,-1
99,29,560.00,109.00,55.00,175.00,0.365281,-1,-1,-1
99,30,282.00,126.00,61.00,167.00,0.516603,-1,-1,-1
99,33,229.00,127.00,54.00,155.00,0.302478,-1,-1,-1
99,38,1556.00,593.00,114.00,231.00,0.810718,-1,-1,-1
99,44,360.00,107.00,55.00,173.00,0.452200,-1,-1,-1
99,47,188.00,237.00,64.00,202.00,0.622570,-1,-1,-1
99,55,448.00,84.00,52.00,172.00,0.392423,-1,-1,-1
99,71,1527.00,994.00,100.00,86.00,0.659533,-1,-1,-1
99,72,1470.00,1022.00,48.00,58.00,0.578039,-1,-1,-1
100,2,329.00,988.00,80.00,91.00,0.830278,-1,-1,-1
100,3,262.00,1047.00,40.00,32.00,0.554098,-1,-1,-1
100,5,1710.00,452.00,88.00,212.00,0.816058,-1,-1,-1
100,6,539.00,536.00,81.00,244.00,0.834061,-1,-1,-1
100,7,1118.00,922.00,84.00,156.00,0.780555,-1,-1,-1
100,8,344.00,293.00,66.00,201.00,0.827140,-1,-1,-1
100,9,1621.00,206.00,76.00,192.00,0.864663,-1,-1,-1
100,10,1197.00,932.00,79.00,146.00,0.461207,-1,-1,-1
100,11,244.00,248.00,66.00,182.00,0.632512,-1,-1,-1
100,12,959.00,939.00,65.00,139.00,0.837933,-1,-1,-1
100,15,486.00,27.00,55.00,202.00,0.224312,-1,-1,-1
100,17,1592.00,0.00,51.00,89.00,0.621582,-1,-1,-1
100,20,677.00,281.00,59.00,128.00,0.542171,-1,-1,-1
100,21,1481.00,1.00,59.00,142.00,0.762421,-1,-1,-1
100,26,806.00,144.00,58.00,175.00,0.445225,-1,-1,-1
100,27,880.00,0.00,41.00,81.00,0.167882,-1,-1,-1
100,29,560.00,110.00,54.00,174.00,0.304346,-1,-1,-1
100,30,282.00,126.00,61.00,168.00,0.515209,-1,-1,-1
100,33,230.00,126.00,53.00,155.00,0.304489,-1,-1,-1
100,38,1557.00,593.00,114.00,232.00,0.819604,-1,-1,-1
100,44,359.00,104.00,55.00,176.00,0.407145,-1,-1,-1
100,47,189.00,236.00,64.00,202.00,0.602718,-1,-1,-1
100,55,449.00,85.00,52.00,171.00,0.332556,-1,-1,-1
100,71,1523.00,993.00,101.00,87.00,0.684196,-1,-1,-1
100,72,1467.00,1019.00,51.00,61.00,0.573624,-1,-1,-1
101,2,331.00,990.00,79.00,89.00,0.836483,-1,-1,-1
101,3,264.00,1050.00,37.00,29.00,0.568176,-1,-1,-1
101,5,1710.00,452.00,88.00,212.00,0.810755,-1,-1,-1
101,6,531.00,536.00,82.00,243.00,0.821278,-1,-1,-1
101,7,1118.00,922.00,84.00,156.00,0.776391,-1,-1,-1
101,8,343.00,294.00,66.00,200.00,0.824401,-1,-1,-1
101,9,1622.00,205.00,76.00,191.00,0.876512,-1,-1,-1
101,10,1198.00,934.00,80.00,144.00,0.417644,-1,-1,-1
101,11,245.00,248.00,66.00,181.00,0.655185,-1,-1,-1
101,12,956.00,937.00,66.00,141.00,0.836717,-1,-1,-1
101,15,484.00,24.00,56.00,204.00,0.200175,-1,-1,-1
101,17,1588.00,0.00,52.00,90.00,0.592891,-1,-1,-1
101,20,677.00,281.00,58.00,129.00,0.530114,-1,-1,-1
101,21,1481.00,1.00,59.00,142.00,0.773736,-1,-1,-1
101,26,806.00,143.00,57.00,175.00,0.455411,-1,-1,-1
101,27,881.00,0.00,41.00,80.00,0.164323,-1,-1,-1
101,29,559.00,109.00,55.00,175.00,0.330545,-1,-1,-1
101,30,282.00,125.00,61.00,168.00,0.473071,-1,-1,-1
101,33,231.00,129.00,52.00,152.00,0.290229,-1,-1,-1
101,38,1555.00,592.00,115.00,233.00,0.810567,-1,-1,-1
101,44,357.00,95.00,59.00,184.00,0.464730,-1,-1,-1
101,47,191.00,239.00,63.00,198.00,0.557934,-1,-1,-1
101,55,450.00,87.00,52.00,170.00,0.352980,-1,-1,-1
101,71,1518.00,991.00,103.00,89.00,0.683372,-1,-1,-1
101,72,1461.00,1016.00,55.00,64.00,0.630924,-1,-1,-1
102,2,331.00,992.00,79.00,88.00,0.849428,-1,-1,-1
102,3,264.00,1052.00,35.00,28.00,0.513948,-1,-1,-1
102,5,1710.00,453.00,88.00,211.00,0.808017,-1,-1,-1
102,6,523.00,537.00,83.00,241.00,0.868505,-1,-1,-1
102,7,1114.00,923.00,84.00,155.00,0.763751,-1,-1,-1
102,8,342.00,295.00,66.00,199.00,0.836342,-1,-1,-1
102,9,1622.00,204.00,77.00,191.00,0.873759,-1,-1,-1
102,10,1192.00,935.00,77.00,142.00,0.437545,-1,-1,-1
102,11,247.00,248.00,65.00,181.00,0.704267,-1,-1,-1
102,12,953.00,935.00,67.00,144.00,0.818281,-1,-1,-1
102,15,484.00,21.00,57.00,207.00,0.176122,-1,-1,-1
102,17,1585.00,0.00,53.00,90.00,0.541059,-1,-1,-1
102,20,677.00,281.00,58.00,128.00,0.556327,-1,-1,-1
102,21,1481.00,1.00,59.00,142.00,0.772566,-1,-1,-1
102,26,806.00,144.00,58.00,173.00,0.442535,-1,-1,-1
102,27,882.00,0.00,42.00,81.00,0.172018,-1,-1,-1
102,29,558.00,108.00,55.00,176.00,0.322452,-1,-1,-1
102,30,283.00,125.00,60.00,168.00,0.506549,-1,-1,-1
102,33,231.00,130.00,53.00,153.00,0.319622,-1,-1,-1
102,38,1558.00,592.00,114.00,233.00,0.786775,-1,-1,-1
102,44,358.00,93.00,59.00,187.00,0.521908,-1,-1,-1
102,47,193.00,240.00,63.00,196.00,0.603353,-1,-1,-1
102,55,451.00,88.00,52.00,170.00,0.356710,-1,-1,-1
102,71,1516.00,990.00,103.00,90.00,0.649293,-1,-1,-1
102,72,1455.00,1012.00,59.00,68.00,0.591126,-1,-1,-1
103,2,332.00,994.00,79.00,86.00,0.859235,-1,-1,-1
103,3,266.00,1055.00,33.00,25.00,0.116736,-1,-1,-1
103,5,1711.00,453.00,87.00,211.00,0.815284,-1,-1,-1
103,6,517.00,537.00,85.00,240.00,0.862593,-1,-1,-1
103,7,1115.00,925.00,84.00,153.00,0.774285,-1,-1,-1
103,8,341.00,295.00,66.00,199.00,0.844087,-1,-1,-1
103,9,1622.00,201.00,77.00,193.00,0.870599,-1,-1,-1
103,10,1189.00,938.00,73.00,138.00,0.444481,-1,-1,-1
103,11,247.00,247.00,66.00,182.00,0.721713,-1,-1,-1
103,12,951.00,933.00,66.00,145.00,0.803151,-1,-1,-1
103,15,485.00,18.00,58.00,210.00,0.171645,-1,-1,-1
103,17,1584.00,0.00,52.00,89.00,0.492984,-1,-1,-1
103,20,677.00,280.00,58.00,129.00,0.523980,-1,-1,-1
103,21,1481.00,1.00,60.00,142.00,0.782609,-1,-1,-1
103,26,806.00,144.00,58.00,173.00,0.440315,-1,-1,-1
103,29,551.00,108.00,57.00,175.00,0.300110,-1,-1,-1
103,30,283.00,125.00,60.00,168.00,0.527458,-1,-1,-1
103,33,232.00,130.00,52.00,153.00,0.338020,-1,-1,-1
103,38,1559.00,593.00,113.00,232.00,0.787568,-1,-1,-1
103,44,356.00,88.00,61.00,192.00,0.528355,-1,-1,-1
103,47,193.00,236.00,64.00,200.00,0.614785,-1,-1,-1
103,55,453.00,88.00,52.00,170.00,0.340722,-1,-1,-1
103,71,1512.00,988.00,105.00,92.00,0.648360,-1,-1,-1
103,72,1451.00,1009.00,62.00,71.00,0.589942,-1,-1,-1
104,2,333.00,996.00,79.00,84.00,0.855222,-1,-1,-1
104,5,1711.00,453.00,87.00,211.00,0.816813,-1,-1,-1
104,6,512.00,537.00,88.00,240.00,0.878304,-1,-1,-1
104,7,1117.00,927.00,84.00,151.00,0.758598,-1,-1,-1
104,8,340.00,296.00,67.00,199.00,0.832452,-1,-1,-1
104,9,1622.00,199.00,77.00,193.00,0.862182,-1,-1,-1
104,10,1189.00,940.00,73.00,138.00,0.383951,-1,-1,-1
104,11,248.00,246.00,65.00,182.00,0.701294,-1,-1,-1
104,12,948.00,932.00,67.00,146.00,0.798421,-1,-1,-1
104,17,1583.00,0.00,52.00,89.00,0.503648,-1,-1,-1
104,20,677.00,281.00,58.00,128.00,0.579381,-1,-1,-1
104,21,1481.00,1.00,60.00,142.00,0.785668,-1,-1,-1
104,26,806.00,143.00,58.00,174.00,0.444580,-1,-1,-1
104,29,548.00,107.00,58.00,176.00,0.367113,-1,-1,-1
104,30,282.00,126.00,61.00,166.00,0.425693,-1,-1,-1
104,33,232.00,125.00,53.00,157.00,0.332748,-1,-1,-1
104,38,1560.00,593.00,112.00,231.00,0.792874,-1,-1,-1
104,44,355.00,91.00,59.00,189.00,0.503111,-1,-1,-1
104,47,194.00,238.00,64.00,196.00,0.592769,-1,-1,-1
104,55,454.00,87.00,53.00,172.00,0.326838,-1,-1,-1
104,71,1509.00,986.00,106.00,93.00,0.653903,-1,-1,-1
104,72,1447.00,1005.00,66.00,74.00,0.595743,-1,-1,-1
105,2,333.00,998.00,79.00,82.00,0.855428,-1,-1,-1
105,5,1711.00,453.00,87.00,211.00,0.812266,-1,-1,-1
105,6,509.00,537.00,91.00,240.00,0.886343,-1,-1,-1
105,7,1118.00,929.00,84.00,149.00,0.791530,-1,-1,-1
105,8,339.00,297.00,68.00,203.00,0.828889,-1,-1,-1
105,9,1624.00,198.00,73.00,186.00,0.860792,-1,-1,-1
105,10,1192.00,943.00,70.00,135.00,0.424391,-1,-1,-1
105,11,248.00,245.00,65.00,183.00,0.700868,-1,-1,-1
105,12,946.00,931.00,66.00,148.00,0.808603,-1,-1,-1
105,17,1582.00,0.00,52.00,88.00,0.499429,-1,-1,-1
105,20,677.00,280.00,58.00,129.00,0.468519,-1,-1,-1
105,21,1481.00,1.00,60.00,142.00,0.787404,-1,-1,-1
105,26,806.00,143.00,57.00,173.00,0.421834,-1,-1,-1
105,29,553.00,106.00,59.00,178.00,0.365274,-1,-1,-1
105,30,282.00,126.00,61.00,167.00,0.444743,-1,-1,-1
105,33,231.00,124.00,54.00,159.00,0.363969,-1,-1,-1
105,38,1558.00,593.00,112.00,231.00,0.786352,-1,-1,-1
105,44,356.00,92.00,59.00,188.00,0.507435,-1,-1,-1
105,47,195.00,234.00,64.00,200.00,0.598405,-1,-1,-1
105,55,454.00,85.00,53.00,174.00,0.302447,-1,-1,-1
105,71,1506.00,983.00,108.00,96.00,0.647646,-1,-1,-1
105,72,1443.00,1001.00,70.00,78.00,0.583210,-1,-1,-1
106,2,333.00,1000.00,79.00,79.00,0.862552,-1,-1,-1
106,5,1711.00,453.00,88.00,212.00,0.822898,-1,-1,-1
106,6,506.00,538.00,93.00,239.00,0.887659,-1,-1,-1
106,7,1118.00,931.00,85.00,147.00,0.795594,-1,-1,-1
106,8,338.00,298.00,69.00,205.00,0.834706,-1,-1,-1
106,9,1624.00,197.00,72.00,180.00,0.872867,-1,-1,-1
106,10,1200.00,945.00,71.00,133.00,0.473444,-1,-1,-1
106,11,250.00,244.00,66.00,184.00,0.684812,-1,-1,-1
106,12,945.00,930.00,66.00,149.00,0.813059,-1,-1,-1
106,17,1581.00,0.00,51.00,88.00,0.497369,-1,-1,-1
106,20,677.00,281.00,58.00,128.00,0.506992,-1,-1,-1
106,21,1481.00,1.00,60.00,142.00,0.783961,-1,-1,-1
106,26,806.00,143.00,57.00,173.00,0.458878,-1,-1,-1
106,27,883.00,0.00,42.00,81.00,0.129296,-1,-1,-1
106,29,553.00,105.00,59.00,178.00,0.342436,-1,-1,-1
106,30,282.00,126.00,61.00,167.00,0.394792,-1,-1,-1
106,33,231.00,116.00,55.00,165.00,0.375120,-1,-1,-1
106,38,1558.00,593.00,113.00,231.00,0.790625,-1,-1,-1
106,44,356.00,88.00,60.00,191.00,0.543308,-1,-1,-1
106,47,197.00,229.00,65.00,204.00,0.648663,-1,-1,-1
106,55,455.00,86.00,53.00,173.00,0.324624,-1,-1,-1
106,71,1503.00,980.00,110.00,99.00,0.644255,-1,-1,-1
106,72,1438.00,996.00,75.00,83.00,0.643827,-1,-1,-1
107,2,335.00,1003.00,78.00,76.00,0.861570,-1,-1,-1
107,5,1711.00,452.00,88.00,214.00,0.820946,-1,-1,-1
107,6,504.00,539.00,96.00,238.00,0.898673,-1,-1,-1
107,7,1118.00,933.00,85.00,146.00,0.822302,-1,-1,-1
107,8,338.00,300.00,68.00,205.00,0.839491,-1,-1,-1
107,9,1624.00,195.00,71.00,180.00,0.879907,-1,-1,-1
107,10,1204.00,948.00,71.00,131.00,0.513041,-1,-1,-1
107,11,250.00,242.00,66.00,187.00,0.696957,-1,-1,-1
107,12,943.00,929.00,65.00,150.00,0.820962,-1,-1,-1
107,17,1580.00,1.00,49.00,85.00,0.453145,-1,-1,-1
107,20,677.00,281.00,58.00,128.00,0.516706,-1,-1,-1
107,21,1481.00,1.00,60.00,142.00,0.800908,-1,-1,-1
107,26,806.00,144.00,57.00,172.00,0.450432,-1,-1,-1
107,29,554.00,107.00,59.00,176.00,0.353358,-1,-1,-1
107,30,282.00,126.00,61.00,167.00,0.350226,-1,-1,-1
107,33,231.00,110.00,55.00,169.00,0.339332,-1,-1,-1
107,38,1560.00,593.00,112.00,231.00,0.814875,-1,-1,-1
107,44,356.00,86.00,61.00,194.00,0.541854,-1,-1,-1
107,47,198.00,227.00,65.00,205.00,0.671998,-1,-1,-1
107,55,456.00,87.00,53.00,172.00,0.342624,-1,-1,-1
107,71,1500.00,977.00,111.00,102.00,0.669349,-1,-1,-1
107,72,1434.00,991.00,79.00,88.00,0.652508,-1,-1,-1
108,2,335.00,1006.00,78.00,73.00,0.858446,-1,-1,-1
108,5,1711.00,452.00,88.00,213.00,0.815528,-1,-1,-1
108,6,503.00,539.00,97.00,237.00,0.892860,-1,-1,-1
108,7,1119.00,936.00,84.00,143.00,0.798478,-1,-1,-1
108,8,337.00,301.00,69.00,205.00,0.836991,-1,-1,-1
108,9,1623.00,194.00,71.00,181.00,0.874452,-1,-1,-1
108,10,1207.00,952.00,70.00,126.00,0.591810,-1,-1,-1
108,11,251.00,242.00,66.00,186.00,0.658277,-1,-1,-1
108,12,941.00,929.00,65.00,150.00,0.807334,-1,-1,-1
108,17,1580.00,1.00,47.00,83.00,0.490053,-1,-1,-1
108,20,677.00,281.00,58.00,128.00,0.485549,-1,-1,-1
108,21,1481.00,2.00,60.00,141.00,0.779697,-1,-1,-1
108,26,806.00,144.00,58.00,173.00,0.415184,-1,-1,-1
108,29,556.00,114.00,57.00,170.00,0.330759,-1,-1,-1
108,30,282.00,126.00,61.00,167.00,0.392910,-1,-1,-1
108,33,231.00,111.00,55.00,167.00,0.329013,-1,-1,-1
108,38,1558.00,593.00,112.00,232.00,0.801569,-1,-1,-1
108,44,356.00,87.00,61.00,193.00,0.509398,-1,-1,-1
108,47,199.00,226.00,65.00,205.00,0.662893,-1,-1,-1
108,55,458.00,90.00,52.00,169.00,0.335261,-1,-1,-1
108,71,1497.00,973.00,112.00,106.00,0.561116,-1,-1,-1
108,72,1431.00,988.00,81.00,92.00,0.564816,-1,-1,-1
109,2,337.00,1009.00,75.00,70.00,0.874672,-1,-1,-1
109,5,1710.00,452.00,89.00,213.00,0.820070,-1,-1,-1
109,6,501.00,539.00,100.00,238.00,0.889499,-1,-1,-1
109,7,1119.00,939.00,84.00,140.00,0.829278,-1,-1,-1
109,8,337.00,303.00,69.00,206.00,0.825000,-1,-1,-1
109,9,1622.00,193.00,71.00,182.00,0.866223,-1,-1,-1
109,10,1208.00,955.00,70.00,123.00,0.571096,-1,-1,-1
109,11,252.00,243.00,66.00,183.00,0.680175,-1,-1,-1
109,12,939.00,927.00,65.00,152.00,0.817409,-1,-1,-1
109,17,1579.00,2.00,45.00,80.00,0.362342,-1,-1,-1
109,20,677.00,281.00,58.00,129.00,0.485828,-1,-1,-1
109,21,1481.00,2.00,60.00,141.00,0.773353,-1,-1,-1
109,26,807.00,143.00,57.00,174.00,0.481675,-1,-1,-1
109,29,558.00,112.00,57.00,172.00,0.311237,-1,-1,-1
109,30,283.00,127.00,60.00,166.00,0.384504,-1,-1,-1
109,33,234.00,123.00,50.00,155.00,0.314833,-1,-1,-1
109,38,1558.00,593.00,112.00,232.00,0.800115,-1,-1,-1
109,44,355.00,88.00,61.00,192.00,0.515775,-1,-1,-1
109,47,200.00,226.00,64.00,203.00,0.578503,-1,-1,-1
109,55,459.00,92.00,52.00,166.00,0.366731,-1,-1,-1
109,71,1493.00,969.00,115.00,110.00,0.624840,-1,-1,-1
109,72,1428.00,987.00,83.00,93.00,0.587930,-1,-1,-1
110,2,337.00,1012.00,74.00,67.00,0.840569,-1,-1,-1
110,5,1710.00,452.00,89.00,213.00,0.831346,-1,-1,-1
110,6,499.00,539.00,102.00,238.00,0.882310,-1,-1,-1
110,7,1119.00,942.00,84.00,137.00,0.809359,-1,-1,-1
110,8,336.00,305.00,69.00,207.00,0.828119,-1,-1,-1
110,9,1621.00,193.00,71.00,181.00,0.867412,-1,-1,-1
110,10,1207.00,957.00,70.00,121.00,0.595091,-1,-1,-1
110,11,255.00,243.00,64.00,182.00,0.657871,-1,-1,-1
110,12,937.00,927.00,64.00,151.00,0.826142,-1,-1,-1
110,17,1577.00,2.00,44.00,78.00,0.343868,-1,-1,-1
110,20,677.00,282.00,58.00,128.00,0.485632,-1,-1,-1
110,21,1481.00,2.00,60.00,141.00,0.788717,-1,-1,-1
110,26,806.00,143.00,58.00,175.00,0.446041,-1,-1,-1
110,29,558.00,112.00,57.00,172.00,0.339917,-1,-1,-1
110,30,283.00,126.00,60.00,167.00,0.372844,-1,-1,-1
110,33,234.00,127.00,49.00,149.00,0.304705,-1,-1,-1
110,38,1559.00,594.00,111.00,231.00,0.797132,-1,-1,-1
110,44,354.00,87.00,61.00,193.00,0.489214,-1,-1,-1
110,47,202.00,225.00,64.00,202.00,0.676596,-1,-1,-1
110,55,461.00,94.00,51.00,164.00,0.329681,-1,-1,-1
110,71,1489.00,965.00,116.00,114.00,0.631940,-1,-1,-1
110,72,1425.00,984.00,85.00,96.00,0.563424,-1,-1,-1
110,76,427.00,116.00,38.00,146.00,0.414982,-1,-1,-1
111,2,337.00,1016.00,72.00,63.00,0.841628,-1,-1,-1
111,5,1710.00,452.00,89.00,213.00,0.823818,-1,-1,-1
111,6,498.00,538.00,103.00,239.00,0.879754,-1,-1,-1
111,7,1120.00,945.00,85.00,134.00,0.795987,-1,-1,-1
111,8,336.00,307.00,69.00,208.00,0.839189,-1,-1,-1
111,9,1620.00,192.00,70.00,183.00,0.865852,-1,-1,-1
111,10,1207.00,959.00,69.00,119.00,0.694506,-1,-1,-1
111,11,258.00,244.00,63.00,180.00,0.634130,-1,-1,-1
111,12,935.00,927.00,64.00,151.00,0.803362,-1,-1,-1
111,17,1575.00,3.00,44.00,76.00,0.326838,-1,-1,-1
111,20,677.00,282.00,58.00,128.00,0.511271,-1,-1,-1
111,21,1480.00,2.00,60.00,141.00,0.788602,-1,-1,-1
111,26,807.00,143.00,57.00,175.00,0.474463,-1,-1,-1
111,29,556.00,114.00,57.00,170.00,0.350426,-1,-1,-1
111,30,283.00,126.00,60.00,166.00,0.384554,-1,-1,-1
111,33,235.00,132.00,47.00,142.00,0.301559,-1,-1,-1
111,38,1559.00,595.00,111.00,230.00,0.806437,-1,-1,-1
111,44,355.00,87.00,61.00,193.00,0.475994,-1,-1,-1
111,47,203.00,225.00,64.00,202.00,0.700665,-1,-1,-1
111,55,461.00,93.00,51.00,166.00,0.349248,-1,-1,-1
111,71,1485.00,960.00,119.00,119.00,0.690888,-1,-1,-1
111,72,1422.00,981.00,86.00,99.00,0.623333,-1,-1,-1
111,76,427.00,117.00,39.00,147.00,0.415280,-1,-1,-1
112,2,337.00,1020.00,70.00,59.00,0.809757,-1,-1,-1
112,5,1710.00,452.00,88.00,213.00,0.828105,-1,-1,-1
112,6,494.00,538.00,104.00,239.00,0.878310,-1,-1,-1
112,7,1121.00,948.00,85.00,131.00,0.794436,-1,-1,-1
112,8,335.00,307.00,70.00,210.00,0.834702,-1,-1,-1
112,9,1619.00,192.00,69.00,182.00,0.867500,-1,-1,-1
112,10,1205.00,961.00,70.00,118.00,0.654923,-1,-1,-1
112,11,259.00,243.00,63.00,181.00,0.640407,-1,-1,-1
112,12,933.00,927.00,63.00,151.00,0.849918,-1,-1,-1
112,17,1574.00,2.00,43.00,77.00,0.256112,-1,-1,-1
112,20,677.00,282.00,58.00,128.00,0.499440,-1,-1,-1
112,21,1480.00,2.00,60.00,142.00,0.786198,-1,-1,-1
112,26,807.00,144.00,57.00,174.00,0.462138,-1,-1,-1
112,29,553.00,116.00,57.00,168.00,0.352066,-1,-1,-1
112,30,282.00,126.00,61.00,166.00,0.350754,-1,-1,-1
112,33,235.00,135.00,47.00,139.00,0.294978,-1,-1,-1
112,38,1558.00,595.00,111.00,230.00,0.782072,-1,-1,-1
112,44,355.00,86.00,62.00,194.00,0.507493,-1,-1,-1
112,47,205.00,226.00,62.00,200.00,0.706085,-1,-1,-1
112,55,460.00,93.00,53.00,168.00,0.369648,-1,-1,-1
112,71,1483.00,956.00,120.00,123.00,0.696500,-1,-1,-1
112,72,1419.00,980.00,87.00,100.00,0.714747,-1,-1,-1
112,76,427.00,118.00,39.00,147.00,0.398544,-1,-1,-1
112,79,748.00,47.00,57.00,171.00,0.390686,-1,-1,-1
113,2,338.00,1023.00,67.00,56.00,0.810711,-1,-1,-1
113,5,1710.00,453.00,88.00,212.00,0.826645,-1,-1,-1
113,6,491.00,538.00,104.00,239.00,0.864798,-1,-1,-1
113,7,1125.00,951.00,86.00,128.00,0.779109,-1,-1,-1
113,8,335.00,308.00,70.00,210.00,0.843619,-1,-1,-1
113,9,1618.00,192.00,70.00,181.00,0.861762,-1,-1,-1
113,10,1204.00,963.00,69.00,115.00,0.705187,-1,-1,-1
113,11,260.00,242.00,63.00,181.00,0.643338,-1,-1,-1
113,12,932.00,928.00,62.00,150.00,0.870336,-1,-1,-1
113,17,1571.00,1.00,43.00,79.00,0.226454,-1,-1,-1
113,20,676.00,281.00,59.00,130.00,0.543072,-1,-1,-1
113,21,1480.00,2.00,60.00,142.00,0.786233,-1,-1,-1
113,26,807.00,144.00,57.00,174.00,0.493043,-1,-1,-1
113,29,552.00,116.00,58.00,168.00,0.352465,-1,-1,-1
113,30,282.00,126.00,61.00,166.00,0.411640,-1,-1,-1
113,33,236.00,135.00,46.00,139.00,0.327516,-1,-1,-1
113,38,1559.00,595.00,111.00,230.00,0.779749,-1,-1,-1
113,44,355.00,86.00,62.00,194.00,0.509574,-1,-1,-1
113,47,206.00,225.00,63.00,199.00,0.699010,-1,-1,-1
113,55,461.00,93.00,54.00,172.00,0.370889,-1,-1,-1
113,71,1480.00,953.00,121.00,126.00,0.723160,-1,-1,-1
113,72,1416.00,980.00,86.00,100.00,0.702121,-1,-1,-1
113,76,428.00,124.00,38.00,142.00,0.404498,-1,-1,-1
113,79,748.00,47.00,56.00,168.00,0.367207,-1,-1,-1
114,2,339.00,1027.00,64.00,52.00,0.761565,-1,-1,-1
114,5,1710.00,453.00,88.00,212.00,0.824494,-1,-1,-1
114,6,488.00,539.00,103.00,238.00,0.853647,-1,-1,-1
114,7,1125.00,953.00,85.00,126.00,0.780280,-1,-1,-1
114,8,336.00,310.00,69.00,209.00,0.838527,-1,-1,-1
114,9,1618.00,192.00,69.00,182.00,0.859733,-1,-1,-1
114,10,1203.00,964.00,69.00,114.00,0.694423,-1,-1,-1
114,11,261.00,241.00,64.00,182.00,0.637500,-1,-1,-1
114,12,930.00,927.00,62.00,151.00,0.805286,-1,-1,-1
114,17,1569.00,0.00,42.00,81.00,0.350394,-1,-1,-1
114,20,676.00,281.00,59.00,131.00,0.551734,-1,-1,-1
114,21,1480.00,2.00,60.00,142.00,0.769411,-1,-1,-1
114,26,807.00,144.00,57.00,175.00,0.493810,-1,-1,-1
114,29,554.00,115.00,57.00,170.00,0.379085,-1,-1,-1
114,30,282.00,126.00,62.00,166.00,0.419526,-1,-1,-1
114,33,236.00,136.00,46.00,137.00,0.297843,-1,-1,-1
114,38,1558.00,594.00,112.00,232.00,0.807062,-1,-1,-1
114,44,354.00,86.00,63.00,194.00,0.561504,-1,-1,-1
114,47,207.00,225.00,62.00,198.00,0.726669,-1,-1,-1
114,55,460.00,94.00,54.00,174.00,0.317973,-1,-1,-1
114,71,1478.00,950.00,121.00,130.00,0.715874,-1,-1,-1
114,72,1413.00,979.00,86.00,101.00,0.700787,-1,-1,-1
114,76,429.00,125.00,38.00,143.00,0.469745,-1,-1,-1
114,79,747.00,47.00,56.00,168.00,0.366807,-1,-1,-1
115,2,341.00,1031.00,60.00,48.00,0.721852,-1,-1,-1
115,5,1709.00,453.00,89.00,213.00,0.821210,-1,-1,-1
115,6,486.00,538.00,102.00,239.00,0.838652,-1,-1,-1
115,7,1125.00,954.00,85.00,125.00,0.778500,-1,-1,-1
115,8,336.00,311.00,69.00,208.00,0.834721,-1,-1,-1
115,9,1618.00,192.00,69.00,183.00,0.854036,-1,-1,-1
115,10,1202.00,965.00,69.00,113.00,0.700044,-1,-1,-1
115,11,262.00,240.00,63.00,182.00,0.653802,-1,-1,-1
115,12,928.00,926.00,62.00,152.00,0.803691,-1,-1,-1
115,17,1568.00,0.00,41.00,82.00,0.216754,-1,-1,-1
115,20,676.00,281.00,60.00,131.00,0.521007,-1,-1,-1
115,21,1480.00,1.00,60.00,143.00,0.769783,-1,-1,-1
115,26,806.00,144.00,58.00,174.00,0.498621,-1,-1,-1
115,29,555.00,112.00,58.00,173.00,0.436483,-1,-1,-1
115,30,282.00,126.00,61.00,166.00,0.396876,-1,-1,-1
115,33,234.00,128.00,49.00,146.00,0.262710,-1,-1,-1
115,38,1559.00,594.00,111.00,232.00,0.808925,-1,-1,-1
115,44,355.00,88.00,62.00,192.00,0.582597,-1,-1,-1
115,47,207.00,224.00,62.00,199.00,0.701684,-1,-1,-1
115,55,460.00,96.00,55.00,175.00,0.348692,-1,-1,-1
115,71,1477.00,948.00,119.00,132.00,0.770987,-1,-1,-1
115,72,1409.00,977.00,87.00,102.00,0.772089,-1,-1,-1
115,76,428.00,125.00,38.00,142.00,0.486353,-1,-1,-1
115,79,746.00,47.00,58.00,172.00,0.271458,-1,-1,-1
116,2,342.00,1034.00,58.00,45.00,0.555311,-1,-1,-1
116,5,1710.00,453.00,88.00,213.00,0.821295,-1,-1,-1
116,6,483.00,538.00,100.00,239.00,0.847494,-1,-1,-1
116,7,1126.00,956.00,85.00,123.00,0.798057,-1,-1,-1
116,8,336.00,311.00,69.00,207.00,0.840662,-1,-1,-1
116,9,1619.00,192.00,67.00,181.00,0.856519,-1,-1,-1
116,10,1203.00,966.00,67.00,113.00,0.680896,-1,-1,-1
116,11,262.00,239.00,63.00,182.00,0.684576,-1,-1,-1
116,12,926.00,926.00,63.00,152.00,0.797052,-1,-1,-1
116,17,1567.00,0.00,40.00,82.00,0.242746,-1,-1,-1
116,20,676.00,280.00,60.00,132.00,0.530529,-1,-1,-1
116,21,1481.00,1.00,60.00,142.00,0.769065,-1,-1,-1
116,26,806.00,144.00,58.00,174.00,0.481298,-1,-1,-1
116,29,556.00,111.00,59.00,173.00,0.456584,-1,-1,-1
116,30,282.00,126.00,61.00,165.00,0.406834,-1,-1,-1
116,33,233.00,119.00,51.00,155.00,0.200069,-1,-1,-1
116,38,1560.00,595.00,111.00,231.00,0.804668,-1,-1,-1
116,44,354.00,88.00,63.00,192.00,0.559528,-1,-1,-1
116,47,208.00,224.00,62.00,199.00,0.674999,-1,-1,-1
116,55,462.00,97.00,54.00,176.00,0.320806,-1,-1,-1
116,71,1474.00,946.00,119.00,134.00,0.756091,-1,-1,-1
116,72,1405.00,974.00,88.00,105.00,0.775686,-1,-1,-1
116,76,429.00,126.00,37.00,141.00,0.469852,-1,-1,-1
116,79,747.00,46.00,55.00,169.00,0.295847,-1,-1,-1
117,2,341.00,1037.00,53.00,42.00,0.629152,-1,-1,-1
117,5,1710.00,453.00,89.00,213.00,0.824003,-1,-1,-1
117,6,477.00,537.00,98.00,240.00,0.833821,-1,-1,-1
117,7,1126.00,957.00,85.00,123.00,0.788849,-1,-1,-1
117,8,336.00,313.00,68.00,206.00,0.833373,-1,-1,-1
117,9,1618.00,192.00,68.00,184.00,0.856034,-1,-1,-1
117,10,1203.00,968.00,67.00,111.00,0.684794,-1,-1,-1
117,11,262.00,238.00,63.00,182.00,0.684355,-1,-1,-1
117,12,925.00,926.00,62.00,152.00,0.819155,-1,-1,-1
117,17,1567.00,0.00,39.00,82.00,0.200278,-1,-1,-1
117,20,676.00,281.00,59.00,131.00,0.537780,-1,-1,-1
117,21,1481.00,1.00,60.00,142.00,0.766617,-1,-1,-1
117,26,806.00,144.00,58.00,175.00,0.447595,-1,-1,-1
117,29,557.00,111.00,59.00,173.00,0.442511,-1,-1,-1
117,30,282.00,126.00,61.00,165.00,0.384052,-1,-1,-1
117,33,234.00,122.00,50.00,151.00,0.169181,-1,-1,-1
117,38,1562.00,595.00,109.00,231.00,0.788544,-1,-1,-1
117,44,354.00,87.00,63.00,193.00,0.527291,-1,-1,-1
117,47,210.00,225.00,61.00,196.00,0.618248,-1,-1,-1
117,55,462.00,103.00,53.00,171.00,0.390408,-1,-1,-1
117,71,1471.00,944.00,118.00,136.00,0.792849,-1,-1,-1
117,72,1402.00,971.00,89.00,108.00,0.761523,-1,-1,-1
117,76,429.00,127.00,38.00,139.00,0.461034,-1,-1,-1
117,79,747.00,46.00,56.00,169.00,0.413618,-1,-1,-1
118,2,340.00,1040.00,48.00,39.00,0.696204,-1,-1,-1
118,5,1710.00,453.00,89.00,213.00,0.821622,-1,-1,-1
118,6,471.00,536.00,95.00,241.00,0.851698,-1,-1,-1
118,7,1128.00,958.00,85.00,121.00,0.780457,-1,-1,-1
118,8,336.00,314.00,68.00,205.00,0.831630,-1,-1,-1
118,9,1618.00,191.00,67.00,185.00,0.849028,-1,-1,-1
118,10,1202.00,969.00,67.00,109.00,0.569309,-1,-1,-1
118,11,263.00,238.00,63.00,181.00,0.678839,-1,-1,-1
118,12,923.00,926.00,62.00,152.00,0.793588,-1,-1,-1
118,17,1566.00,0.00,38.00,82.00,0.138793,-1,-1,-1
118,20,676.00,281.00,59.00,132.00,0.529324,-1,-1,-1
118,21,1481.00,1.00,60.00,143.00,0.766247,-1,-1,-1
118,26,806.00,144.00,58.00,176.00,0.457281,-1,-1,-1
118,29,556.00,111.00,59.00,173.00,0.421109,-1,-1,-1
118,30,282.00,126.00,61.00,166.00,0.417360,-1,-1,-1
118,33,237.00,138.00,45.00,134.00,0.182606,-1,-1,-1
118,38,1560.00,595.00,110.00,231.00,0.799156,-1,-1,-1
118,44,354.00,85.00,64.00,195.00,0.513034,-1,-1,-1
118,47,211.00,228.00,60.00,195.00,0.617155,-1,-1,-1
118,55,464.00,104.00,53.00,170.00,0.367077,-1,-1,-1
118,71,1469.00,944.00,116.00,136.00,0.752186,-1,-1,-1
118,72,1398.00,967.00,92.00,112.00,0.694475,-1,-1,-1
118,76,430.00,127.00,38.00,139.00,0.411274,-1,-1,-1
118,79,747.00,46.00,56.00,169.00,0.395124,-1,-1,-1
119,2,340.00,1042.00,44.00,37.00,0.636753,-1,-1,-1
119,5,1710.00,453.00,89.00,212.00,0.825828,-1,-1,-1
119,6,465.00,536.00,94.00,242.00,0.841435,-1,-1,-1
119,7,1128.00,959.00,85.00,120.00,0.762138,-1,-1,-1
119,8,336.00,316.00,67.00,203.00,0.845654,-1,-1,-1
119,9,1618.00,189.00,66.00,187.00,0.845439,-1,-1,-1
119,10,1202.00,971.00,66.00,108.00,0.598196,-1,-1,-1
119,11,263.00,238.00,63.00,181.00,0.661015,-1,-1,-1
119,12,920.00,926.00,63.00,152.00,0.805074,-1,-1,-1
119,20,676.00,281.00,59.00,131.00,0.496929,-1,-1,-1
119,21,1481.00,1.00,60.00,143.00,0.777504,-1,-1,-1
119,26,806.00,144.00,58.00,175.00,0.504047,-1,-1,-1
119,29,555.00,110.00,59.00,174.00,0.386737,-1,-1,-1
119,30,281.00,126.00,62.00,166.00,0.448555,-1,-1,-1
119,33,237.00,144.00,44.00,128.00,0.162072,-1,-1,-1
119,38,1559.00,595.00,111.00,231.00,0.788853,-1,-1,-1
119,44,353.00,85.00,65.00,195.00,0.554821,-1,-1,-1
119,47,212.00,227.00,61.00,196.00,0.583129,-1,-1,-1
119,55,464.00,104.00,52.00,171.00,0.427914,-1,-1,-1
119,71,1465.00,943.00,115.00,137.00,0.698027,-1,-1,-1
119,72,1393.00,964.00,94.00,115.00,0.675336,-1,-1,-1
119,76,429.00,126.00,39.00,141.00,0.461634,-1,-1,-1
119,79,748.00,47.00,55.00,168.00,0.378360,-1,-1,-1
120,2,341.00,1044.00,41.00,35.00,0.679355,-1,-1,-1
120,5,1710.00,454.00,89.00,212.00,0.827590,-1,-1,-1
120,6,461.00,536.00,91.00,242.00,0.854905,-1,-1,-1
120,7,1128.00,961.00,84.00,118.00,0.764420,-1,-1,-1
120,8,336.00,316.00,67.00,202.00,0.833482,-1,-1,-1
120,9,1617.00,188.00,66.00,187.00,0.845707,-1,-1,-1
120,10,1201.00,973.00,66.00,106.00,0.531999,-1,-1,-1
120,11,264.00,238.00,62.00,181.00,0.681031,-1,-1,-1
120,12,919.00,927.00,62.00,151.00,0.787040,-1,-1,-1
120,20,676.00,281.00,59.00,131.00,0.507116,-1,-1,-1
120,21,1481.00,1.00,60.00,143.00,0.781554,-1,-1,-1
120,26,806.00,143.00,58.00,175.00,0.467041,-1,-1,-1
120,29,554.00,110.00,59.00,175.00,0.442532,-1,-1,-1
120,30,281.00,126.00,62.00,166.00,0.441136,-1,-1,-1
120,33,236.00,142.00,45.00,129.00,0.112366,-1,-1,-1
120,38,1555.00,594.00,112.00,232.00,0.797719,-1,-1,-1
120,44,353.00,86.00,65.00,195.00,0.557124,-1,-1,-1
120,47,213.00,228.00,59.00,195.00,0.527249,-1,-1,-1
120,55,464.00,104.00,52.00,171.00,0.411307,-1,-1,-1
120,71,1462.00,941.00,114.00,139.00,0.616738,-1,-1,-1
120,72,1388.00,960.00,96.00,119.00,0.696553,-1,-1,-1
120,76,429.00,126.00,40.00,141.00,0.439344,-1,-1,-1
120,79,747.00,46.00,55.00,169.00,0.275787,-1,-1,-1
120,83,1202.00,0.00,49.00,81.00,0.361887,-1,-1,-1
121,2,340.00,1046.00,40.00,33.00,0.615496,-1,-1,-1
121,5,1710.00,454.00,89.00,212.00,0.835188,-1,-1,-1
121,6,457.00,535.00,90.00,243.00,0.829450,-1,-1,-1
121,7,1128.00,963.00,82.00,116.00,0.718340,-1,-1,-1
121,8,336.00,318.00,67.00,201.00,0.836178,-1,-1,-1
121,9,1617.00,186.00,65.00,187.00,0.847717,-1,-1,-1
121,10,1197.00,975.00,65.00,104.00,0.419833,-1,-1,-1
121,11,264.00,238.00,62.00,179.00,0.693952,-1,-1,-1
121,12,916.00,928.00,63.00,150.00,0.773288,-1,-1,-1
121,20,677.00,281.00,58.00,131.00,0.517026,-1,-1,-1
121,21,1481.00,1.00,60.00,143.00,0.779060,-1,-1,-1
121,26,806.00,144.00,58.00,174.00,0.489870,-1,-1,-1
121,29,554.00,112.00,58.00,173.00,0.459445,-1,-1,-1
121,30,281.00,126.00,62.00,166.00,0.447189,-1,-1,-1
121,33,236.00,145.00,44.00,125.00,0.117684,-1,-1,-1
121,38,1557.00,594.00,112.00,232.00,0.809357,-1,-1,-1
121,44,353.00,85.00,66.00,196.00,0.564439,-1,-1,-1
121,47,213.00,232.00,59.00,191.00,0.352244,-1,-1,-1
121,55,465.00,105.00,52.00,170.00,0.412237,-1,-1,-1
121,71,1459.00,938.00,114.00,142.00,0.631435,-1,-1,-1
121,72,1384.00,956.00,97.00,123.00,0.719742,-1,-1,-1
121,76,428.00,124.00,41.00,144.00,0.486877,-1,-1,-1
121,79,747.00,46.00,56.00,170.00,0.292543,-1,-1,-1
121,83,1199.00,0.00,51.00,85.00,0.375478,-1,-1,-1
122,2,342.00,1048.00,36.00,31.00,0.629123,-1,-1,-1
122,5,1710.00,454.00,89.00,212.00,0.822408,-1,-1,-1
122,6,454.00,536.00,89.00,242.00,0.844284,-1,-1,-1
122,7,1129.00,965.00,81.00,114.00,0.740350,-1,-1,-1
122,8,336.00,319.00,67.00,200.00,0.835208,-1,-1,-1
122,9,1616.00,184.00,65.00,187.00,0.846785,-1,-1,-1
122,10,1202.00,978.00,64.00,101.00,0.570777,-1,-1,-1
122,11,265.00,238.00,62.00,178.00,0.668765,-1,-1,-1
122,12,914.00,929.00,63.00,149.00,0.775798,-1,-1,-1
122,20,677.00,281.00,58.00,131.00,0.525150,-1,-1,-1
122,21,1481.00,1.00,60.00,143.00,0.774453,-1,-1,-1
122,26,806.00,144.00,57.00,174.00,0.479253,-1,-1,-1
122,29,552.00,112.00,59.00,173.00,0.491786,-1,-1,-1
122,30,282.00,127.00,62.00,165.00,0.433825,-1,-1,-1
122,33,236.00,149.00,43.00,121.00,0.110766,-1,-1,-1
122,38,1557.00,593.00,112.00,233.00,0.794479,-1,-1,-1
122,44,354.00,85.00,65.00,195.00,0.538583,-1,-1,-1
122,47,214.00,230.00,59.00,193.00,0.567834,-1,-1,-1
122,55,467.00,105.00,51.00,170.00,0.407782,-1,-1,-1
122,71,1456.00,936.00,114.00,144.00,0.587330,-1,-1,-1
122,72,1380.00,953.00,99.00,126.00,0.713938,-1,-1,-1
122,76,428.00,123.00,41.00,144.00,0.439320,-1,-1,-1
122,79,747.00,47.00,56.00,171.00,0.319924,-1,-1,-1
123,2,343.00,1051.00,34.00,28.00,0.683068,-1,-1,-1
123,5,1710.00,454.00,89.00,212.00,0.825650,-1,-1,-1
123,6,451.00,537.00,88.00,241.00,0.841601,-1,-1,-1
123,7,1129.00,967.00,80.00,112.00,0.741481,-1,-1,-1
123,8,336.00,320.00,67.00,202.00,0.829413,-1,-1,-1
123,9,1616.00,181.00,65.00,187.00,0.851946,-1,-1,-1
123,10,1203.00,980.00,64.00,99.00,0.592740,-1,-1,-1
123,11,265.00,236.00,62.00,180.00,0.640977,-1,-1,-1
123,12,912.00,929.00,62.00,149.00,0.778323,-1,-1,-1
123,20,676.00,281.00,59.00,131.00,0.511481,-1,-1,-1
123,21,1481.00,0.00,60.00,144.00,0.786664,-1,-1,-1
123,26,807.00,144.00,57.00,174.00,0.459382,-1,-1,-1
123,29,551.00,113.00,59.00,171.00,0.466292,-1,-1,-1
123,30,282.00,126.00,62.00,166.00,0.393640,-1,-1,-1
123,38,1560.00,594.00,111.00,232.00,0.796902,-1,-1,-1
123,44,355.00,85.00,65.00,195.00,0.512148,-1,-1,-1
123,47,215.00,228.00,60.00,194.00,0.548129,-1,-1,-1
123,55,467.00,105.00,52.00,170.00,0.432802,-1,-1,-1
123,71,1454.00,933.00,113.00,146.00,0.605741,-1,-1,-1
123,72,1377.00,950.00,99.00,129.00,0.726412,-1,-1,-1
123,76,428.00,123.00,42.00,144.00,0.421264,-1,-1,-1
123,79,748.00,47.00,55.00,171.00,0.240305,-1,-1,-1
123,83,1183.00,0.00,67.00,112.00,0.365178,-1,-1,-1
124,2,345.00,1053.00,32.00,26.00,0.593500,-1,-1,-1
124,5,1710.00,454.00,90.00,211.00,0.828284,-1,-1,-1
124,6,450.00,537.00,87.00,241.00,0.839305,-1,-1,-1
124,7,1130.00,970.00,80.00,109.00,0.713910,-1,-1,-1
124,8,335.00,321.00,68.00,205.00,0.831659,-1,-1,-1
124,9,1616.00,179.00,64.00,184.00,0.863369,-1,-1,-1
124,10,1204.00,983.00,63.00,97.00,0.553209,-1,-1,-1
124,11,265.00,236.00,62.00,181.00,0.626788,-1,-1,-1
124,12,909.00,930.00,62.00,148.00,0.749293,-1,-1,-1
124,20,676.00,281.00,59.00,131.00,0.550628,-1,-1,-1
124,21,1481.00,0.00,59.00,144.00,0.771887,-1,-1,-1
124,26,806.00,144.00,58.00,174.00,0.466525,-1,-1,-1
124,29,553.00,112.00,59.00,172.00,0.488302,-1,-1,-1
124,30,282.00,125.00,62.00,166.00,0.405690,-1,-1,-1
124,38,1560.00,595.00,111.00,231.00,0.796420,-1,-1,-1
124,44,355.00,85.00,66.00,195.00,0.562987,-1,-1,-1
124,47,216.00,226.00,60.00,196.00,0.474414,-1,-1,-1
124,55,467.00,105.00,52.00,170.00,0.446759,-1,-1,-1
124,71,1450.00,930.00,113.00,149.00,0.621933,-1,-1,-1
124,72,1373.00,947.00,101.00,131.00,0.719593,-1,-1,-1
124,76,428.00,122.00,42.00,145.00,0.437207,-1,-1,-1
124,79,748.00,47.00,55.00,172.00,0.275299,-1,-1,-1
124,83,1179.00,0.00,68.00,114.00,0.206548,-1,-1,-1
125,2,347.00,1056.00,29.00,23.00,0.478459,-1,-1,-1
125,5,1710.00,453.00,90.00,213.00,0.830289,-1,-1,-1
125,6,449.00,537.00,86.00,241.00,0.828803,-1,-1,-1
125,7,1130.00,973.00,79.00,106.00,0.793128,-1,-1,-1
125,8,334.00,324.00,68.00,204.00,0.829496,-1,-1,-1
125,9,1616.00,177.00,63.00,182.00,0.872873,-1,-1,-1
125,10,1205.00,985.00,62.00,94.00,0.675673,-1,-1,-1
125,11,265.00,237.00,62.00,180.00,0.599199,-1,-1,-1
125,12,905.00,931.00,63.00,147.00,0.767972,-1,-1,-1
125,20,676.00,282.00,59.00,130.00,0.544221,-1,-1,-1
125,21,1480.00,0.00,60.00,144.00,0.793570,-1,-1,-1
125,26,806.00,144.00,58.00,175.00,0.470032,-1,-1,-1
125,29,553.00,113.00,59.00,171.00,0.460515,-1,-1,-1
125,30,282.00,125.00,62.00,166.00,0.411388,-1,-1,-1
125,38,1562.00,595.00,110.00,231.00,0.777701,-1,-1,-1
125,44,355.00,84.00,66.00,197.00,0.562183,-1,-1,-1
125,47,217.00,226.00,59.00,195.00,0.397341,-1,-1,-1
125,55,468.00,106.00,52.00,169.00,0.459287,-1,-1,-1
125,71,1447.00,926.00,113.00,153.00,0.687071,-1,-1,-1
125,72,1368.00,945.00,101.00,133.00,0.769352,-1,-1,-1
125,76,428.00,122.00,43.00,146.00,0.467969,-1,-1,-1
125,79,748.00,47.00,54.00,171.00,0.298972,-1,-1,-1
125,83,1175.00,0.00,70.00,116.00,0.567414,-1,-1,-1
126,2,349.00,1060.00,25.00,20.00,0.423413,-1,-1,-1
126,5,1710.00,453.00,91.00,214.00,0.829600,-1,-1,-1
126,6,448.00,537.00,86.00,240.00,0.834204,-1,-1,-1
126,7,1129.00,976.00,77.00,103.00,0.761813,-1,-1,-1
126,8,334.00,326.00,67.00,204.00,0.827748,-1,-1,-1
126,9,1617.00,176.00,62.00,179.00,0.870902,-1,-1,-1
126,10,1203.00,988.00,61.00,91.00,0.682401,-1,-1,-1
126,11,265.00,236.00,62.00,181.00,0.592008,-1,-1,-1
126,12,901.00,931.00,64.00,147.00,0.797240,-1,-1,-1
126,20,676.00,282.00,59.00,131.00,0.532661,-1,-1,-1
126,21,1480.00,0.00,60.00,144.00,0.796832,-1,-1,-1
126,26,806.00,144.00,58.00,174.00,0.494588,-1,-1,-1
126,29,554.00,111.00,59.00,173.00,0.462544,-1,-1,-1
126,30,282.00,125.00,62.00,165.00,0.371918,-1,-1,-1
126,38,1554.00,594.00,113.00,233.00,0.730841,-1,-1,-1
126,44,355.00,85.00,66.00,196.00,0.579952,-1,-1,-1
126,47,219.00,226.00,59.00,195.00,0.355412,-1,-1,-1
126,55,469.00,105.00,52.00,170.00,0.480556,-1,-1,-1
126,71,1443.00,922.00,114.00,157.00,0.697846,-1,-1,-1
126,72,1364.00,943.00,102.00,136.00,0.659607,-1,-1,-1
126,76,428.00,120.00,44.00,149.00,0.513580,-1,-1,-1
126,79,751.00,69.00,49.00,150.00,0.167452,-1,-1,-1
126,83,1173.00,0.00,70.00,117.00,0.478014,-1,-1,-1
127,5,1710.00,452.00,91.00,214.00,0.822199,-1,-1,-1
127,6,448.00,536.00,86.00,241.00,0.837017,-1,-1,-1
127,7,1129.00,979.00,76.00,100.00,0.781398,-1,-1,-1
127,8,333.00,327.00,67.00,205.00,0.831448,-1,-1,-1
127,9,1617.00,174.00,61.00,178.00,0.870605,-1,-1,-1
127,10,1204.00,991.00,59.00,88.00,0.709364,-1,-1,-1
127,11,266.00,237.00,61.00,180.00,0.548310,-1,-1,-1
127,12,899.00,931.00,64.00,147.00,0.791747,-1,-1,-1
127,13,1584.00,592.00,89.00,234.00,0.421324,-1,-1,-1
127,20,676.00,283.00,58.00,129.00,0.502082,-1,-1,-1
127,21,1480.00,0.00,60.00,144.00,0.801283,-1,-1,-1
127,26,806.00,144.00,57.00,175.00,0.488222,-1,-1,-1
127,29,555.00,111.00,59.00,173.00,0.422920,-1,-1,-1
127,30,282.00,125.00,62.00,165.00,0.394567,-1,-1,-1
127,38,1552.00,594.00,114.00,232.00,0.756152,-1,-1,-1
127,44,354.00,86.00,66.00,194.00,0.603760,-1,-1,-1
127,47,219.00,226.00,59.00,195.00,0.389578,-1,-1,-1
127,55,469.00,105.00,52.00,169.00,0.467323,-1,-1,-1
127,71,1440.00,918.00,112.00,161.00,0.641941,-1,-1,-1
127,72,1360.00,942.00,102.00,137.00,0.667841,-1,-1,-1
127,76,428.00,120.00,44.00,150.00,0.542012,-1,-1,-1
127,79,749.00,55.00,52.00,161.00,0.232094,-1,-1,-1
127,83,1171.00,0.00,70.00,118.00,0.559651,-1,-1,-1
128,5,1711.00,453.00,90.00,213.00,0.826533,-1,-1,-1
128,6,448.00,536.00,86.00,241.00,0.836387,-1,-1,-1
128,7,1129.00,982.00,75.00,98.00,0.804152,-1,-1,-1
128,8,332.00,329.00,67.00,205.00,0.826453,-1,-1,-1
128,9,1616.00,171.00,62.00,179.00,0.871759,-1,-1,-1
128,10,1203.00,992.00,60.00,87.00,0.722369,-1,-1,-1
128,11,265.00,235.00,63.00,182.00,0.491908,-1,-1,-1
128,12,897.00,932.00,63.00,146.00,0.781833,-1,-1,-1
128,20,677.00,283.00,58.00,128.00,0.502569,-1,-1,-1
128,21,1480.00,0.00,60.00,144.00,0.803717,-1,-1,-1
128,26,805.00,144.00,58.00,174.00,0.490827,-1,-1,-1
128,29,555.00,109.00,60.00,176.00,0.453216,-1,-1,-1
128,30,283.00,125.00,61.00,164.00,0.374745,-1,-1,-1
128,38,1549.00,593.00,116.00,233.00,0.777267,-1,-1,-1
128,44,354.00,88.00,66.00,192.00,0.595034,-1,-1,-1
128,47,220.00,226.00,59.00,195.00,0.398061,-1,-1,-1
128,55,470.00,105.00,52.00,169.00,0.455786,-1,-1,-1
128,71,1436.00,915.00,112.00,164.00,0.702764,-1,-1,-1
128,72,1357.00,941.00,102.00,137.00,0.692949,-1,-1,-1
128,76,428.00,124.00,44.00,148.00,0.543760,-1,-1,-1
128,79,748.00,50.00,54.00,166.00,0.148390,-1,-1,-1
128,83,1169.00,0.00,70.00,118.00,0.516041,-1,-1,-1
129,5,1711.00,452.00,90.00,214.00,0.819642,-1,-1,-1
129,6,449.00,535.00,86.00,242.00,0.838728,-1,-1,-1
129,7,1128.00,985.00,75.00,95.00,0.812860,-1,-1,-1
129,8,330.00,330.00,68.00,205.00,0.836721,-1,-1,-1
129,9,1616.00,170.00,63.00,179.00,0.869470,-1,-1,-1
129,10,1203.00,994.00,60.00,85.00,0.743269,-1,-1,-1
129,11,266.00,236.00,62.00,182.00,0.495907,-1,-1,-1
129,12,894.00,932.00,64.00,147.00,0.776058,-1,-1,-1
129,13,1583.00,593.00,88.00,232.00,0.503703,-1,-1,-1
129,20,677.00,283.00,58.00,127.00,0.538526,-1,-1,-1
129,21,1481.00,0.00,59.00,144.00,0.810730,-1,-1,-1
129,26,805.00,144.00,58.00,174.00,0.540563,-1,-1,-1
129,29,555.00,107.00,60.00,178.00,0.459792,-1,-1,-1
129,30,284.00,126.00,61.00,163.00,0.357156,-1,-1,-1
129,38,1548.00,592.00,117.00,234.00,0.764530,-1,-1,-1
129,44,355.00,90.00,64.00,190.00,0.567577,-1,-1,-1
129,47,221.00,229.00,58.00,192.00,0.399948,-1,-1,-1
129,55,470.00,106.00,53.00,170.00,0.464872,-1,-1,-1
129,71,1433.00,911.00,113.00,168.00,0.719158,-1,-1,-1
129,72,1355.00,939.00,102.00,140.00,0.655353,-1,-1,-1
129,76,428.00,124.00,45.00,149.00,0.559875,-1,-1,-1
129,79,751.00,66.00,49.00,150.00,0.161802,-1,-1,-1
129,83,1163.00,0.00,70.00,117.00,0.602135,-1,-1,-1
130,5,1711.00,453.00,90.00,213.00,0.813909,-1,-1,-1
130,6,450.00,535.00,85.00,242.00,0.836993,-1,-1,-1
130,7,1127.00,987.00,73.00,92.00,0.798646,-1,-1,-1
130,8,329.00,331.00,68.00,207.00,0.837133,-1,-1,-1
130,9,1615.00,169.00,64.00,180.00,0.870960,-1,-1,-1
130,10,1202.00,996.00,60.00,83.00,0.767787,-1,-1,-1
130,11,265.00,234.00,62.00,183.00,0.452691,-1,-1,-1
130,12,890.00,931.00,65.00,148.00,0.791864,-1,-1,-1
130,13,1582.00,593.00,89.00,232.00,0.528219,-1,-1,-1
130,20,678.00,284.00,57.00,125.00,0.509035,-1,-1,-1
130,21,1480.00,0.00,60.00,144.00,0.801125,-1,-1,-1
130,26,804.00,143.00,58.00,176.00,0.513935,-1,-1,-1
130,29,553.00,105.00,61.00,180.00,0.398470,-1,-1,-1
130,30,284.00,126.00,61.00,161.00,0.347022,-1,-1,-1
130,38,1546.00,592.00,119.00,234.00,0.782452,-1,-1,-1
130,44,354.00,90.00,65.00,190.00,0.576765,-1,-1,-1
130,47,221.00,230.00,58.00,190.00,0.341753,-1,-1,-1
130,55,471.00,107.00,53.00,172.00,0.460472,-1,-1,-1
130,71,1430.00,907.00,113.00,172.00,0.751188,-1,-1,-1
130,72,1351.00,937.00,103.00,142.00,0.650543,-1,-1,-1
130,76,428.00,126.00,45.00,148.00,0.529463,-1,-1,-1
130,79,751.00,72.00,47.00,143.00,0.201993,-1,-1,-1
130,83,1159.00,0.00,70.00,117.00,0.539779,-1,-1,-1
131,5,1711.00,452.00,91.00,214.00,0.818783,-1,-1,-1
131,6,450.00,533.00,85.00,244.00,0.838095,-1,-1,-1
131,7,1125.00,989.00,73.00,90.00,0.802324,-1,-1,-1
131,8,327.00,331.00,68.00,208.00,0.851395,-1,-1,-1
131,9,1615.00,168.00,65.00,181.00,0.872768,-1,-1,-1
131,10,1201.00,998.00,61.00,81.00,0.776208,-1,-1,-1
131,11,265.00,233.00,62.00,184.00,0.424953,-1,-1,-1
131,12,887.00,931.00,64.00,147.00,0.800302,-1,-1,-1
131,13,1581.00,591.00,90.00,234.00,0.537480,-1,-1,-1
131,20,678.00,283.00,57.00,127.00,0.547150,-1,-1,-1
131,21,1481.00,0.00,59.00,143.00,0.810010,-1,-1,-1
131,26,804.00,143.00,59.00,176.00,0.502126,-1,-1,-1
131,29,556.00,108.00,59.00,176.00,0.416391,-1,-1,-1
131,30,285.00,125.00,60.00,161.00,0.351959,-1,-1,-1
131,38,1545.00,591.00,121.00,235.00,0.779085,-1,-1,-1
131,44,354.00,91.00,65.00,189.00,0.557583,-1,-1,-1
131,47,222.00,232.00,57.00,187.00,0.314115,-1,-1,-1
131,55,471.00,107.00,54.00,174.00,0.460801,-1,-1,-1
131,71,1428.00,904.00,112.00,174.00,0.768552,-1,-1,-1
131,72,1349.00,934.00,103.00,145.00,0.639758,-1,-1,-1
131,76,429.00,127.00,45.00,150.00,0.520862,-1,-1,-1
131,79,750.00,75.00,48.00,141.00,0.278425,-1,-1,-1
131,83,1154.00,0.00,69.00,116.00,0.616236,-1,-1,-1
132,5,1712.00,452.00,90.00,214.00,0.818312,-1,-1,-1
132,6,450.00,532.00,85.00,245.00,0.826110,-1,-1,-1
132,7,1125.00,991.00,72.00,88.00,0.800624,-1,-1,-1
132,8,325.00,331.00,68.00,209.00,0.841010,-1,-1,-1
132,9,1615.00,168.00,66.00,180.00,0.872627,-1,-1,-1
132,10,1202.00,1000.00,61.00,79.00,0.776650,-1,-1,-1
132,11,263.00,232.00,63.00,185.00,0.394856,-1,-1,-1
132,12,885.00,932.00,64.00,146.00,0.797354,-1,-1,-1
132,13,1584.00,591.00,89.00,234.00,0.467398,-1,-1,-1
132,20,677.00,282.00,58.00,127.00,0.533806,-1,-1,-1
132,21,1480.00,0.00,59.00,142.00,0.812551,-1,-1,-1
132,26,804.00,143.00,59.00,176.00,0.511042,-1,-1,-1
132,29,556.00,109.00,59.00,176.00,0.369336,-1,-1,-1
132,30,285.00,124.00,60.00,162.00,0.332228,-1,-1,-1
132,38,1545.00,591.00,122.00,235.00,0.745290,-1,-1,-1
132,44,354.00,92.00,65.00,188.00,0.522574,-1,-1,-1
132,47,223.00,232.00,56.00,187.00,0.248090,-1,-1,-1
132,55,472.00,108.00,54.00,175.00,0.437324,-1,-1,-1
132,71,1425.00,902.00,112.00,177.00,0.768264,-1,-1,-1
132,72,1346.00,931.00,104.00,148.00,0.663314,-1,-1,-1
132,76,429.00,128.00,46.00,151.00,0.521574,-1,-1,-1
132,79,750.00,77.00,47.00,137.00,0.233785,-1,-1,-1
132,83,1148.00,0.00,70.00,113.00,0.579467,-1,-1,-1
133,5,1712.00,452.00,90.00,214.00,0.836394,-1,-1,-1
133,6,449.00,531.00,83.00,243.00,0.830568,-1,-1,-1
133,7,1123.00,992.00,72.00,87.00,0.813864,-1,-1,-1
133,8,324.00,331.00,68.00,209.00,0.847523,-1,-1,-1
133,9,1615.00,168.00,66.00,179.00,0.872264,-1,-1,-1
133,10,1201.00,1000.00,63.00,80.00,0.801630,-1,-1,-1
133,11,264.00,230.00,64.00,187.00,0.395706,-1,-1,-1
133,12,883.00,932.00,64.00,146.00,0.784133,-1,-1,-1
133,13,1576.00,592.00,90.00,233.00,0.773111,-1,-1,-1
133,20,677.00,281.00,58.00,128.00,0.584551,-1,-1,-1
133,21,1480.00,0.00,59.00,142.00,0.809458,-1,-1,-1
133,26,804.00,143.00,59.00,176.00,0.545475,-1,-1,-1
133,29,552.00,107.00,60.00,177.00,0.373179,-1,-1,-1
133,30,286.00,124.00,59.00,160.00,0.346271,-1,-1,-1
133,44,353.00,91.00,66.00,189.00,0.578562,-1,-1,-1
133,47,222.00,226.00,58.00,194.00,0.367691,-1,-1,-1
133,55,473.00,109.00,54.00,176.00,0.487682,-1,-1,-1
133,71,1422.00,901.00,111.00,178.00,0.746617,-1,-1,-1
133,72,1343.00,928.00,105.00,150.00,0.631300,-1,-1,-1
133,76,430.00,128.00,46.00,153.00,0.543129,-1,-1,-1
133,79,750.00,75.00,48.00,141.00,0.241165,-1,-1,-1
133,83,1146.00,0.00,69.00,112.00,0.568624,-1,-1,-1
134,5,1711.00,452.00,91.00,214.00,0.830053,-1,-1,-1
134,6,446.00,530.00,83.00,243.00,0.841490,-1,-1,-1
134,7,1120.00,994.00,72.00,85.00,0.819197,-1,-1,-1
134,8,323.00,332.00,68.00,207.00,0.850814,-1,-1,-1
134,9,1614.00,168.00,68.00,181.00,0.873426,-1,-1,-1
134,10,1201.00,1002.00,65.00,78.00,0.771717,-1,-1,-1
134,11,264.00,228.00,64.00,189.00,0.328900,-1,-1,-1
134,12,881.00,931.00,64.00,147.00,0.791352,-1,-1,-1
134,20,677.00,281.00,58.00,128.00,0.540954,-1,-1,-1
134,21,1480.00,0.00,59.00,142.00,0.798032,-1,-1,-1
134,26,806.00,143.00,58.00,175.00,0.534018,-1,-1,-1
134,29,550.00,106.00,61.00,178.00,0.301306,-1,-1,-1
134,30,286.00,124.00,59.00,158.00,0.282790,-1,-1,-1
134,38,1550.00,590.00,122.00,235.00,0.758595,-1,-1,-1
134,44,352.00,90.00,66.00,189.00,0.535985,-1,-1,-1
134,47,224.00,223.00,57.00,196.00,0.185529,-1,-1,-1
134,55,474.00,110.00,54.00,176.00,0.463020,-1,-1,-1
134,71,1421.00,900.00,110.00,179.00,0.793205,-1,-1,-1
134,72,1341.00,924.00,105.00,154.00,0.721422,-1,-1,-1
134,76,430.00,128.00,46.00,153.00,0.507152,-1,-1,-1
134,79,750.00,75.00,47.00,137.00,0.255441,-1,-1,-1
134,83,1145.00,0.00,69.00,111.00,0.557898,-1,-1,-1
135,5,1711.00,452.00,91.00,214.00,0.839234,-1,-1,-1
135,6,443.00,529.00,81.00,243.00,0.831205,-1,-1,-1
135,7,1118.00,995.00,72.00,84.00,0.819948,-1,-1,-1
135,8,322.00,332.00,67.00,207.00,0.826853,-1,-1,-1
135,9,1614.00,168.00,69.00,182.00,0.882004,-1,-1,-1
135,10,1202.00,1003.00,66.00,77.00,0.574975,-1,-1,-1
135,11,266.00,228.00,64.00,188.00,0.384229,-1,-1,-1
135,12,878.00,931.00,65.00,147.00,0.760564,-1,-1,-1
135,20,677.00,281.00,58.00,128.00,0.464239,-1,-1,-1
135,21,1480.00,0.00,58.00,142.00,0.779370,-1,-1,-1
135,26,806.00,143.00,58.00,175.00,0.472351,-1,-1,-1
135,29,553.00,105.00,61.00,179.00,0.298043,-1,-1,-1
135,30,287.00,123.00,58.00,156.00,0.260406,-1,-1,-1
135,38,1554.00,590.00,120.00,234.00,0.802091,-1,-1,-1
135,44,351.00,88.00,67.00,191.00,0.493112,-1,-1,-1
135,47,223.00,222.00,57.00,196.00,0.357494,-1,-1,-1
135,55,474.00,110.00,55.00,178.00,0.434114,-1,-1,-1
135,71,1420.00,898.00,110.00,181.00,0.826773,-1,-1,-1
135,72,1337.00,921.00,106.00,157.00,0.747037,-1,-1,-1
135,76,430.00,128.00,46.00,153.00,0.501650,-1,-1,-1
135,79,750.00,75.00,47.00,135.00,0.201651,-1,-1,-1
135,83,1145.00,0.00,71.00,112.00,0.442551,-1,-1,-1
136,5,1711.00,451.00,91.00,215.00,0.844229,-1,-1,-1
136,6,440.00,530.00,79.00,241.00,0.823822,-1,-1,-1
136,7,1116.00,997.00,72.00,82.00,0.821030,-1,-1,-1
136,8,320.00,333.00,68.00,206.00,0.845859,-1,-1,-1
136,9,1614.00,168.00,70.00,181.00,0.879422,-1,-1,-1
136,10,1203.00,1004.00,67.00,76.00,0.560869,-1,-1,-1
136,11,266.00,227.00,64.00,187.00,0.420945,-1,-1,-1
136,12,875.00,930.00,65.00,148.00,0.776246,-1,-1,-1
136,13,1574.00,589.00,92.00,236.00,0.789197,-1,-1,-1
136,20,677.00,281.00,58.00,128.00,0.485552,-1,-1,-1
136,21,1479.00,0.00,59.00,142.00,0.797751,-1,-1,-1
136,26,806.00,143.00,58.00,174.00,0.508800,-1,-1,-1
136,29,554.00,105.00,61.00,179.00,0.371179,-1,-1,-1
136,30,287.00,123.00,58.00,155.00,0.339623,-1,-1,-1
136,44,351.00,87.00,68.00,192.00,0.540633,-1,-1,-1
136,47,225.00,220.00,56.00,195.00,0.384851,-1,-1,-1
136,55,474.00,110.00,55.00,180.00,0.525043,-1,-1,-1
136,71,1419.00,897.00,110.00,181.00,0.814033,-1,-1,-1
136,72,1334.00,917.00,106.00,162.00,0.755894,-1,-1,-1
136,76,429.00,128.00,46.00,153.00,0.545614,-1,-1,-1
136,79,749.00,73.00,50.00,143.00,0.210642,-1,-1,-1
136,83,1135.00,0.00,72.00,113.00,0.583221,-1,-1,-1
137,5,1711.00,451.00,91.00,214.00,0.846232,-1,-1,-1
137,6,435.00,530.00,77.00,239.00,0.845735,-1,-1,-1
137,7,1115.00,998.00,71.00,81.00,0.826198,-1,-1,-1
137,8,319.00,334.00,68.00,205.00,0.844973,-1,-1,-1
137,9,1616.00,166.00,69.00,182.00,0.875204,-1,-1,-1
137,10,1202.00,1006.00,68.00,73.00,0.646492,-1,-1,-1
137,11,266.00,226.00,63.00,185.00,0.327288,-1,-1,-1
137,12,872.00,930.00,65.00,148.00,0.780287,-1,-1,-1
137,20,677.00,280.00,58.00,129.00,0.441080,-1,-1,-1
137,21,1479.00,0.00,59.00,142.00,0.797311,-1,-1,-1
137,26,806.00,143.00,58.00,174.00,0.512337,-1,-1,-1
137,29,555.00,103.00,61.00,181.00,0.304239,-1,-1,-1
137,30,288.00,123.00,57.00,153.00,0.269697,-1,-1,-1
137,38,1555.00,591.00,119.00,233.00,0.769257,-1,-1,-1
137,44,352.00,88.00,67.00,191.00,0.465010,-1,-1,-1
137,47,224.00,218.00,56.00,193.00,0.248654,-1,-1,-1
137,55,474.00,110.00,56.00,180.00,0.498531,-1,-1,-1
137,71,1417.00,894.00,111.00,185.00,0.818462,-1,-1,-1
137,72,1332.00,913.00,106.00,165.00,0.740490,-1,-1,-1
137,76,428.00,128.00,47.00,153.00,0.497224,-1,-1,-1
137,79,749.00,71.00,50.00,142.00,0.224436,-1,-1,-1
137,83,1132.00,0.00,72.00,113.00,0.601844,-1,-1,-1
138,5,1711.00,451.00,91.00,214.00,0.839790,-1,-1,-1
138,6,429.00,527.00,77.00,242.00,0.816811,-1,-1,-1
138,7,1114.00,1001.00,71.00,79.00,0.825414,-1,-1,-1
138,8,318.00,334.00,68.00,205.00,0.830481,-1,-1,-1
138,9,1616.00,165.00,71.00,184.00,0.888189,-1,-1,-1
138,10,1202.00,1008.00,67.00,71.00,0.629911,-1,-1,-1
138,11,267.00,226.00,63.00,182.00,0.377894,-1,-1,-1
138,12,870.00,930.00,65.00,148.00,0.783765,-1,-1,-1
138,13,1580.00,591.00,92.00,233.00,0.455297,-1,-1,-1
138,20,677.00,280.00,59.00,129.00,0.480138,-1,-1,-1
138,21,1480.00,0.00,58.00,142.00,0.799702,-1,-1,-1
138,26,807.00,143.00,57.00,174.00,0.484557,-1,-1,-1
138,29,553.00,101.00,62.00,183.00,0.325476,-1,-1,-1
138,30,288.00,124.00,57.00,151.00,0.249209,-1,-1,-1
138,38,1549.00,591.00,120.00,234.00,0.752347,-1,-1,-1
138,44,351.00,87.00,67.00,193.00,0.453143,-1,-1,-1
138,47,225.00,217.00,55.00,190.00,0.237620,-1,-1,-1
138,55,475.00,111.00,56.00,179.00,0.491261,-1,-1,-1
138,71,1414.00,892.00,112.00,187.00,0.753253,-1,-1,-1
138,72,1330.00,909.00,107.00,170.00,0.761906,-1,-1,-1
138,76,428.00,128.00,46.00,153.00,0.455563,-1,-1,-1
138,79,749.00,71.00,51.00,144.00,0.269623,-1,-1,-1
138,83,1129.00,0.00,73.00,113.00,0.577219,-1,-1,-1
139,5,1711.00,451.00,92.00,214.00,0.847590,-1,-1,-1
139,6,425.00,527.00,75.00,241.00,0.828681,-1,-1,-1
139,7,1113.00,1002.00,71.00,78.00,0.825144,-1,-1,-1
139,8,317.00,336.00,68.00,203.00,0.821636,-1,-1,-1
139,9,1617.00,163.00,72.00,186.00,0.878359,-1,-1,-1
139,10,1201.00,1011.00,67.00,68.00,0.683466,-1,-1,-1
139,11,268.00,225.00,62.00,181.00,0.329819,-1,-1,-1
139,12,868.00,930.00,65.00,148.00,0.772945,-1,-1,-1
139,20,678.00,281.00,58.00,128.00,0.529769,-1,-1,-1
139,21,1479.00,0.00,59.00,142.00,0.801116,-1,-1,-1
139,26,806.00,143.00,58.00,174.00,0.527276,-1,-1,-1
139,29,555.00,103.00,61.00,181.00,0.417585,-1,-1,-1
139,30,289.00,125.00,55.00,147.00,0.243158,-1,-1,-1
139,38,1551.00,590.00,121.00,234.00,0.755882,-1,-1,-1
139,44,350.00,87.00,68.00,192.00,0.434463,-1,-1,-1
139,47,227.00,216.00,54.00,187.00,0.296718,-1,-1,-1
139,55,475.00,111.00,56.00,179.00,0.519422,-1,-1,-1
139,71,1411.00,889.00,112.00,189.00,0.787010,-1,-1,-1
139,72,1327.00,904.00,107.00,175.00,0.775390,-1,-1,-1
139,76,428.00,128.00,47.00,152.00,0.441902,-1,-1,-1
139,79,749.00,74.00,51.00,142.00,0.262704,-1,-1,-1
139,83,1129.00,0.00,72.00,113.00,0.670714,-1,-1,-1
140,5,1711.00,451.00,92.00,214.00,0.848234,-1,-1,-1
140,6,421.00,526.00,75.00,244.00,0.840441,-1,-1,-1
140,7,1111.00,1004.00,71.00,76.00,0.823321,-1,-1,-1
140,8,315.00,337.00,69.00,203.00,0.831319,-1,-1,-1
140,9,1619.00,161.00,72.00,187.00,0.884330,-1,-1,-1
140,10,1200.00,1014.00,67.00,66.00,0.703888,-1,-1,-1
140,11,268.00,225.00,62.00,179.00,0.281738,-1,-1,-1
140,12,865.00,930.00,65.00,148.00,0.774972,-1,-1,-1
140,13,1580.00,592.00,91.00,232.00,0.503658,-1,-1,-1
140,20,678.00,281.00,57.00,127.00,0.502901,-1,-1,-1
140,21,1480.00,0.00,58.00,142.00,0.819635,-1,-1,-1
140,26,807.00,143.00,57.00,173.00,0.524810,-1,-1,-1
140,29,557.00,105.00,59.00,179.00,0.376085,-1,-1,-1
140,30,289.00,125.00,55.00,144.00,0.213972,-1,-1,-1
140,38,1547.00,589.00,122.00,236.00,0.755434,-1,-1,-1
140,44,351.00,86.00,68.00,194.00,0.435904,-1,-1,-1
140,47,226.00,218.00,56.00,185.00,0.360240,-1,-1,-1
140,55,476.00,111.00,56.00,179.00,0.512645,-1,-1,-1
140,71,1407.00,885.00,113.00,194.00,0.796094,-1,-1,-1
140,72,1324.00,902.00,106.00,177.00,0.765892,-1,-1,-1
140,76,430.00,128.00,46.00,152.00,0.402213,-1,-1,-1
140,79,748.00,74.00,52.00,143.00,0.254657,-1,-1,-1
140,83,1126.00,0.00,73.00,111.00,0.685941,-1,-1,-1
141,5,1711.00,451.00,91.00,214.00,0.839169,-1,-1,-1
141,6,419.00,526.00,74.00,245.00,0.844664,-1,-1,-1
141,7,1110.00,1006.00,70.00,74.00,0.819489,-1,-1,-1
141,8,314.00,339.00,69.00,204.00,0.829214,-1,-1,-1
141,9,1620.00,160.00,72.00,186.00,0.886435,-1,-1,-1
141,10,1197.00,1017.00,65.00,63.00,0.702144,-1,-1,-1
141,11,267.00,224.00,63.00,182.00,0.413115,-1,-1,-1
141,12,862.00,930.00,66.00,148.00,0.773417,-1,-1,-1
141,13,1580.00,592.00,91.00,232.00,0.594727,-1,-1,-1
141,20,677.00,279.00,59.00,130.00,0.426757,-1,-1,-1
141,21,1480.00,1.00,58.00,141.00,0.809049,-1,-1,-1
141,26,806.00,143.00,58.00,174.00,0.489847,-1,-1,-1
141,29,557.00,107.00,59.00,177.00,0.311540,-1,-1,-1
141,30,289.00,125.00,55.00,143.00,0.209104,-1,-1,-1
141,38,1545.00,589.00,124.00,236.00,0.730918,-1,-1,-1
141,44,351.00,84.00,69.00,196.00,0.434380,-1,-1,-1
141,47,227.00,217.00,57.00,189.00,0.351080,-1,-1,-1
141,55,477.00,111.00,56.00,180.00,0.446915,-1,-1,-1
141,71,1404.00,882.00,113.00,197.00,0.792973,-1,-1,-1
141,72,1322.00,900.00,105.00,179.00,0.756899,-1,-1,-1
141,76,431.00,128.00,45.00,152.00,0.384396,-1,-1,-1
141,79,748.00,75.00,52.00,143.00,0.259877,-1,-1,-1
141,83,1124.00,0.00,72.00,110.00,0.674001,-1,-1,-1
142,5,1711.00,451.00,91.00,214.00,0.838026,-1,-1,-1
142,6,416.00,527.00,73.00,245.00,0.834698,-1,-1,-1
142,7,1110.00,1010.00,68.00,70.00,0.802419,-1,-1,-1
142,8,312.00,341.00,71.00,207.00,0.852351,-1,-1,-1
142,9,1622.00,159.00,71.00,183.00,0.898096,-1,-1,-1
142,10,1196.00,1021.00,62.00,59.00,0.715281,-1,-1,-1
142,11,267.00,223.00,64.00,185.00,0.288494,-1,-1,-1
142,12,861.00,930.00,65.00,148.00,0.812849,-1,-1,-1
142,13,1576.00,591.00,93.00,233.00,0.761606,-1,-1,-1
142,20,677.00,280.00,59.00,129.00,0.524537,-1,-1,-1
142,21,1480.00,1.00,58.00,141.00,0.795850,-1,-1,-1
142,26,806.00,143.00,58.00,173.00,0.497095,-1,-1,-1
142,29,557.00,105.00,59.00,179.00,0.394668,-1,-1,-1
142,30,290.00,125.00,54.00,143.00,0.188746,-1,-1,-1
142,44,352.00,86.00,68.00,193.00,0.380563,-1,-1,-1
142,47,226.00,217.00,57.00,190.00,0.357911,-1,-1,-1
142,55,478.00,112.00,56.00,178.00,0.507771,-1,-1,-1
142,71,1401.00,878.00,114.00,201.00,0.734167,-1,-1,-1
142,72,1320.00,899.00,104.00,179.00,0.698123,-1,-1,-1
142,76,431.00,128.00,46.00,153.00,0.401826,-1,-1,-1
142,79,748.00,75.00,52.00,142.00,0.251780,-1,-1,-1
142,83,1121.00,0.00,73.00,111.00,0.619848,-1,-1,-1
143,5,1711.00,451.00,92.00,215.00,0.841774,-1,-1,-1
143,6,411.00,527.00,74.00,246.00,0.827106,-1,-1,-1
143,7,1110.00,1013.00,66.00,67.00,0.763737,-1,-1,-1
143,8,312.00,342.00,71.00,209.00,0.846088,-1,-1,-1
143,9,1623.00,157.00,70.00,183.00,0.898471,-1,-1,-1
143,10,1196.00,1025.00,59.00,55.00,0.675868,-1,-1,-1
143,11,269.00,223.00,63.00,182.00,0.303248,-1,-1,-1
143,12,859.00,930.00,66.00,148.00,0.778761,-1,-1,-1
143,13,1581.00,592.00,92.00,232.00,0.534857,-1,-1,-1
143,20,677.00,281.00,58.00,128.00,0.506832,-1,-1,-1
143,21,1480.00,2.00,58.00,140.00,0.788376,-1,-1,-1
143,26,806.00,143.00,58.00,174.00,0.529663,-1,-1,-1
143,29,557.00,105.00,59.00,179.00,0.354356,-1,-1,-1
143,30,290.00,126.00,54.00,141.00,0.160406,-1,-1,-1
143,38,1544.00,591.00,123.00,234.00,0.688439,-1,-1,-1
143,44,352.00,88.00,68.00,191.00,0.324499,-1,-1,-1
143,47,226.00,216.00,57.00,191.00,0.425220,-1,-1,-1
143,55,478.00,112.00,56.00,177.00,0.467021,-1,-1,-1
143,71,1396.00,874.00,115.00,204.00,0.724031,-1,-1,-1
143,72,1317.00,897.00,103.00,181.00,0.728696,-1,-1,-1
143,76,432.00,129.00,45.00,152.00,0.357397,-1,-1,-1
143,79,749.00,76.00,51.00,140.00,0.212061,-1,-1,-1
143,83,1119.00,0.00,70.00,108.00,0.635061,-1,-1,-1
144,5,1711.00,451.00,92.00,214.00,0.846827,-1,-1,-1
144,6,407.00,528.00,74.00,246.00,0.846139,-1,-1,-1
144,7,1109.00,1017.00,64.00,63.00,0.764597,-1,-1,-1
144,8,311.00,343.00,72.00,210.00,0.860581,-1,-1,-1
144,9,1624.00,156.00,70.00,182.00,0.894375,-1,-1,-1
144,10,1196.00,1028.00,57.00,52.00,0.641137,-1,-1,-1
144,11,268.00,223.00,63.00,181.00,0.293012,-1,-1,-1
144,12,857.00,930.00,65.00,148.00,0.780353,-1,-1,-1
144,13,1577.00,591.00,92.00,233.00,0.769204,-1,-1,-1
144,20,677.00,281.00,58.00,128.00,0.519773,-1,-1,-1
144,21,1480.00,3.00,58.00,139.00,0.792063,-1,-1,-1
144,26,806.00,143.00,58.00,174.00,0.526916,-1,-1,-1
144,29,557.00,104.00,59.00,180.00,0.349745,-1,-1,-1
144,30,290.00,126.00,54.00,141.00,0.175340,-1,-1,-1
144,44,353.00,96.00,66.00,184.00,0.335664,-1,-1,-1
144,47,227.00,214.00,59.00,192.00,0.426127,-1,-1,-1
144,55,479.00,113.00,55.00,176.00,0.502496,-1,-1,-1
144,71,1394.00,871.00,114.00,207.00,0.748905,-1,-1,-1
144,72,1315.00,896.00,101.00,183.00,0.741959,-1,-1,-1
144,76,432.00,129.00,45.00,153.00,0.451658,-1,-1,-1
144,79,749.00,76.00,52.00,140.00,0.221252,-1,-1,-1
144,83,1116.00,0.00,69.00,105.00,0.641303,-1,-1,-1
145,5,1711.00,451.00,92.00,214.00,0.834065,-1,-1,-1
145,6,404.00,528.00,74.00,246.00,0.861861,-1,-1,-1
145,7,1107.00,1021.00,62.00,59.00,0.739770,-1,-1,-1
145,8,311.00,345.00,71.00,210.00,0.850366,-1,-1,-1
145,9,1625.00,155.00,70.00,181.00,0.890899,-1,-1,-1
145,10,1196.00,1030.00,55.00,50.00,0.589265,-1,-1,-1
145,11,273.00,222.00,59.00,167.00,0.262127,-1,-1,-1
145,12,855.00,929.00,66.00,149.00,0.752079,-1,-1,-1
145,20,677.00,281.00,58.00,128.00,0.523993,-1,-1,-1
145,21,1480.00,3.00,58.00,139.00,0.781626,-1,-1,-1
145,26,806.00,143.00,58.00,174.00,0.539127,-1,-1,-1
145,29,556.00,105.00,59.00,180.00,0.351927,-1,-1,-1
145,30,290.00,125.00,54.00,141.00,0.151372,-1,-1,-1
145,38,1545.00,592.00,124.00,234.00,0.746893,-1,-1,-1
145,44,353.00,97.00,65.00,182.00,0.333356,-1,-1,-1
145,47,229.00,212.00,59.00,194.00,0.481944,-1,-1,-1
145,55,479.00,113.00,56.00,177.00,0.488845,-1,-1,-1
145,71,1390.00,867.00,115.00,211.00,0.747633,-1,-1,-1
145,72,1312.00,895.00,101.00,184.00,0.718995,-1,-1,-1
145,76,432.00,129.00,46.00,155.00,0.422518,-1,-1,-1
145,79,749.00,75.00,53.00,143.00,0.171739,-1,-1,-1
145,83,1115.00,0.00,65.00,102.00,0.611587,-1,-1,-1
146,5,1711.00,450.00,93.00,215.00,0.836240,-1,-1,-1
146,6,402.00,529.00,75.00,245.00,0.846544,-1,-1,-1
146,7,1105.00,1025.00,59.00,55.00,0.671395,-1,-1,-1
146,8,311.00,346.00,71.00,211.00,0.862696,-1,-1,-1
146,9,1625.00,154.00,70.00,181.00,0.875165,-1,-1,-1
146,10,1197.00,1033.00,53.00,47.00,0.598996,-1,-1,-1
146,11,274.00,222.00,61.00,174.00,0.336528,-1,-1,-1
146,12,853.00,929.00,65.00,149.00,0.762161,-1,-1,-1
146,13,1578.00,589.00,94.00,235.00,0.581259,-1,-1,-1
146,20,677.00,282.00,58.00,127.00,0.503499,-1,-1,-1
146,21,1481.00,3.00,57.00,139.00,0.787227,-1,-1,-1
146,26,805.00,143.00,58.00,175.00,0.534124,-1,-1,-1
146,29,558.00,108.00,57.00,177.00,0.431596,-1,-1,-1
146,30,291.00,125.00,53.00,140.00,0.159034,-1,-1,-1
146,38,1543.00,589.00,126.00,237.00,0.691830,-1,-1,-1
146,44,353.00,98.00,65.00,181.00,0.377535,-1,-1,-1
146,47,229.00,211.00,60.00,195.00,0.588880,-1,-1,-1
146,55,480.00,114.00,55.00,178.00,0.522037,-1,-1,-1
146,71,1390.00,865.00,113.00,213.00,0.705004,-1,-1,-1
146,72,1310.00,894.00,99.00,185.00,0.700299,-1,-1,-1
146,76,431.00,130.00,46.00,158.00,0.508654,-1,-1,-1
146,79,749.00,76.00,53.00,142.00,0.151885,-1,-1,-1
146,83,1114.00,0.00,63.00,101.00,0.608079,-1,-1,-1
147,5,1710.00,450.00,93.00,215.00,0.821068,-1,-1,-1
147,6,401.00,530.00,76.00,244.00,0.866135,-1,-1,-1
147,7,1106.00,1028.00,56.00,52.00,0.610977,-1,-1,-1
147,8,311.00,348.00,71.00,212.00,0.869967,-1,-1,-1
147,9,1625.00,154.00,70.00,181.00,0.872448,-1,-1,-1
147,10,1195.00,1035.00,50.00,44.00,0.498834,-1,-1,-1
147,11,275.00,222.00,61.00,178.00,0.298605,-1,-1,-1
147,12,851.00,930.00,66.00,148.00,0.782566,-1,-1,-1
147,13,1583.00,587.00,98.00,232.00,0.109006,-1,-1,-1
147,20,677.00,282.00,58.00,127.00,0.556991,-1,-1,-1
147,21,1480.00,3.00,58.00,139.00,0.775021,-1,-1,-1
147,26,805.00,143.00,58.00,175.00,0.538313,-1,-1,-1
147,29,559.00,110.00,56.00,175.00,0.349387,-1,-1,-1
147,30,291.00,124.00,53.00,138.00,0.170669,-1,-1,-1
147,38,1549.00,589.00,124.00,236.00,0.747706,-1,-1,-1
147,44,353.00,100.00,64.00,180.00,0.395837,-1,-1,-1
147,47,230.00,211.00,60.00,196.00,0.599495,-1,-1,-1
147,55,480.00,115.00,56.00,178.00,0.540434,-1,-1,-1
147,71,1388.00,864.00,112.00,214.00,0.679438,-1,-1,-1
147,72,1307.00,892.00,99.00,187.00,0.657781,-1,-1,-1
147,76,430.00,131.00,46.00,160.00,0.501378,-1,-1,-1
147,79,749.00,79.00,52.00,139.00,0.202332,-1,-1,-1
147,83,1112.00,0.00,60.00,100.00,0.528010,-1,-1,-1
148,5,1710.00,451.00,94.00,215.00,0.828613,-1,-1,-1
148,6,400.00,530.00,77.00,244.00,0.860924,-1,-1,-1
148,7,1106.00,1032.00,51.00,48.00,0.615539,-1,-1,-1
148,8,310.00,350.00,72.00,213.00,0.862257,-1,-1,-1
148,9,1625.00,154.00,70.00,181.00,0.866692,-1,-1,-1
148,10,1194.00,1037.00,49.00,42.00,0.457503,-1,-1,-1
148,11,276.00,222.00,61.00,177.00,0.397892,-1,-1,-1
148,12,849.00,930.00,66.00,148.00,0.783710,-1,-1,-1
148,20,677.00,281.00,58.00,128.00,0.515434,-1,-1,-1
148,21,1480.00,3.00,58.00,139.00,0.784365,-1,-1,-1
148,26,805.00,143.00,59.00,175.00,0.523396,-1,-1,-1
148,29,560.00,110.00,56.00,174.00,0.324123,-1,-1,-1
148,30,291.00,124.00,51.00,135.00,0.110325,-1,-1,-1
148,38,1553.00,590.00,122.00,235.00,0.767982,-1,-1,-1
148,44,352.00,102.00,65.00,178.00,0.417399,-1,-1,-1
148,47,231.00,211.00,61.00,197.00,0.604294,-1,-1,-1
148,55,480.00,117.00,56.00,179.00,0.558553,-1,-1,-1
148,71,1385.00,862.00,111.00,216.00,0.714376,-1,-1,-1
148,72,1303.00,889.00,99.00,190.00,0.697254,-1,-1,-1
148,76,428.00,132.00,47.00,161.00,0.506767,-1,-1,-1
148,79,748.00,77.00,54.00,144.00,0.181062,-1,-1,-1
148,83,1110.00,0.00,58.00,99.00,0.563993,-1,-1,-1
149,5,1710.00,451.00,94.00,215.00,0.822133,-1,-1,-1
149,6,397.00,530.00,78.00,244.00,0.881756,-1,-1,-1
149,7,1106.00,1036.00,47.00,44.00,0.575198,-1,-1,-1
149,8,310.00,351.00,72.00,214.00,0.872880,-1,-1,-1
149,9,1624.00,153.00,71.00,181.00,0.862090,-1,-1,-1
149,10,1197.00,1040.00,46.00,39.00,0.408326,-1,-1,-1
149,11,277.00,221.00,61.00,178.00,0.420359,-1,-1,-1
149,12,848.00,929.00,65.00,150.00,0.784245,-1,-1,-1
149,20,677.00,283.00,58.00,126.00,0.503403,-1,-1,-1
149,21,1480.00,4.00,58.00,139.00,0.785258,-1,-1,-1
149,26,806.00,143.00,58.00,175.00,0.530026,-1,-1,-1
149,29,560.00,112.00,56.00,173.00,0.349797,-1,-1,-1
149,30,291.00,125.00,52.00,134.00,0.158078,-1,-1,-1
149,38,1556.00,590.00,121.00,235.00,0.800552,-1,-1,-1
149,44,352.00,102.00,65.00,179.00,0.453442,-1,-1,-1
149,47,232.00,210.00,62.00,199.00,0.615278,-1,-1,-1
149,55,481.00,119.00,56.00,180.00,0.574035,-1,-1,-1
149,71,1382.00,861.00,110.00,217.00,0.722704,-1,-1,-1
149,72,1298.00,885.00,99.00,194.00,0.724450,-1,-1,-1
149,76,428.00,134.00,47.00,161.00,0.512723,-1,-1,-1
149,79,748.00,78.00,54.00,141.00,0.219275,-1,-1,-1
149,83,1107.00,0.00,57.00,100.00,0.545824,-1,-1,-1
150,5,1711.00,451.00,93.00,214.00,0.826265,-1,-1,-1
150,6,394.00,531.00,79.00,243.00,0.877358,-1,-1,-1
150,7,1107.00,1039.00,44.00,41.00,0.544249,-1,-1,-1
150,8,311.00,352.00,71.00,214.00,0.858997,-1,-1,-1
150,9,1624.00,153.00,71.00,183.00,0.869293,-1,-1,-1
150,10,1196.00,1042.00,44.00,37.00,0.434590,-1,-1,-1
150,11,278.00,222.00,61.00,176.00,0.435868,-1,-1,-1
150,12,847.00,930.00,64.00,149.00,0.794397,-1,-1,-1
150,20,677.00,283.00,58.00,128.00,0.543425,-1,-1,-1
150,21,1480.00,5.00,59.00,138.00,0.784058,-1,-1,-1
150,26,806.00,143.00,58.00,174.00,0.533763,-1,-1,-1
150,29,560.00,110.00,55.00,174.00,0.351939,-1,-1,-1
150,30,291.00,126.00,52.00,134.00,0.162862,-1,-1,-1
150,38,1552.00,591.00,121.00,235.00,0.775260,-1,-1,-1
150,44,352.00,105.00,64.00,176.00,0.439550,-1,-1,-1
150,47,235.00,211.00,63.00,197.00,0.606139,-1,-1,-1
150,55,481.00,121.00,56.00,180.00,0.565470,-1,-1,-1
150,71,1377.00,860.00,110.00,219.00,0.773541,-1,-1,-1
150,72,1294.00,882.00,100.00,197.00,0.704601,-1,-1,-1
150,76,427.00,134.00,47.00,162.00,0.519033,-1,-1,-1
150,79,747.00,76.00,55.00,147.00,0.189706,-1,-1,-1
150,83,1102.00,0.00,58.00,100.00,0.458475,-1,-1,-1
151,5,1711.00,451.00,93.00,214.00,0.819864,-1,-1,-1
151,6,391.00,531.00,80.00,244.00,0.872533,-1,-1,-1
151,7,1108.00,1041.00,41.00,39.00,0.504391,-1,-1,-1
151,8,310.00,353.00,72.00,213.00,0.868907,-1,-1,-1
151,9,1623.00,153.00,71.00,184.00,0.871569,-1,-1,-1
151,10,1197.00,1044.00,43.00,35.00,0.463660,-1,-1,-1
151,11,280.00,223.00,60.00,175.00,0.524240,-1,-1,-1
151,12,845.00,930.00,65.00,149.00,0.780097,-1,-1,-1
151,20,676.00,283.00,59.00,128.00,0.574760,-1,-1,-1
151,21,1481.00,5.00,59.00,138.00,0.781630,-1,-1,-1
151,26,805.00,143.00,58.00,174.00,0.523402,-1,-1,-1
151,29,561.00,114.00,55.00,170.00,0.375872,-1,-1,-1
151,30,292.00,128.00,50.00,129.00,0.220485,-1,-1,-1
151,38,1555.00,591.00,120.00,235.00,0.794885,-1,-1,-1
151,44,352.00,107.00,64.00,175.00,0.470646,-1,-1,-1
151,47,233.00,212.00,63.00,197.00,0.642536,-1,-1,-1
151,55,481.00,123.00,55.00,179.00,0.588372,-1,-1,-1
151,71,1372.00,859.00,110.00,219.00,0.734811,-1,-1,-1
151,72,1291.00,879.00,99.00,200.00,0.737481,-1,-1,-1
151,76,425.00,136.00,48.00,162.00,0.530919,-1,-1,-1
151,79,747.00,78.00,55.00,143.00,0.211815,-1,-1,-1
151,83,1097.00,0.00,58.00,100.00,0.632031,-1,-1,-1
152,5,1711.00,451.00,94.00,215.00,0.820883,-1,-1,-1
152,6,386.00,531.00,83.00,244.00,0.888364,-1,-1,-1
152,7,1108.00,1042.00,40.00,38.00,0.466668,-1,-1,-1
152,8,310.00,354.00,71.00,212.00,0.867588,-1,-1,-1
152,9,1622.00,153.00,72.00,183.00,0.879254,-1,-1,-1
152,10,1198.00,1045.00,42.00,35.00,0.429495,-1,-1,-1
152,11,281.00,223.00,60.00,174.00,0.532288,-1,-1,-1
152,12,844.00,929.00,65.00,150.00,0.794619,-1,-1,-1
152,20,676.00,283.00,58.00,129.00,0.579805,-1,-1,-1
152,21,1481.00,5.00,59.00,138.00,0.780378,-1,-1,-1
152,26,805.00,144.00,58.00,173.00,0.503842,-1,-1,-1
152,29,561.00,114.00,55.00,171.00,0.393466,-1,-1,-1
152,30,292.00,128.00,50.00,126.00,0.198995,-1,-1,-1
152,38,1552.00,592.00,121.00,234.00,0.800228,-1,-1,-1
152,44,351.00,105.00,65.00,177.00,0.461680,-1,-1,-1
152,47,234.00,212.00,63.00,197.00,0.604151,-1,-1,-1
152,55,481.00,125.00,55.00,178.00,0.594241,-1,-1,-1
152,71,1369.00,858.00,110.00,220.00,0.658131,-1,-1,-1
152,72,1286.00,876.00,100.00,203.00,0.773641,-1,-1,-1
152,76,426.00,139.00,48.00,160.00,0.538194,-1,-1,-1
152,79,748.00,78.00,53.00,140.00,0.236347,-1,-1,-1
152,83,1092.00,0.00,59.00,100.00,0.633814,-1,-1,-1
153,5,1710.00,451.00,95.00,215.00,0.803494,-1,-1,-1
153,6,381.00,531.00,86.00,244.00,0.883580,-1,-1,-1
153,7,1107.00,1044.00,39.00,35.00,0.476155,-1,-1,-1
153,8,310.00,354.00,71.00,213.00,0.860782,-1,-1,-1
153,9,1621.00,153.00,72.00,185.00,0.866542,-1,-1,-1
153,10,1198.00,1046.00,44.00,34.00,0.376284,-1,-1,-1
153,11,283.00,223.00,59.00,174.00,0.603751,-1,-1,-1
153,12,843.00,927.00,65.00,152.00,0.782264,-1,-1,-1
153,13,1578.00,593.00,97.00,232.00,0.543521,-1,-1,-1
153,20,676.00,283.00,58.00,130.00,0.568812,-1,-1,-1
153,21,1482.00,5.00,59.00,138.00,0.778163,-1,-1,-1
153,26,805.00,144.00,58.00,173.00,0.529308,-1,-1,-1
153,29,561.00,113.00,55.00,172.00,0.395444,-1,-1,-1
153,30,291.00,127.00,51.00,126.00,0.220900,-1,-1,-1
153,38,1548.00,591.00,122.00,235.00,0.697577,-1,-1,-1
153,44,350.00,104.00,66.00,178.00,0.457787,-1,-1,-1
153,47,235.00,213.00,63.00,195.00,0.612508,-1,-1,-1
153,55,481.00,125.00,56.00,180.00,0.574000,-1,-1,-1
153,71,1367.00,857.00,110.00,222.00,0.654879,-1,-1,-1
153,72,1282.00,872.00,100.00,208.00,0.764377,-1,-1,-1
153,76,427.00,141.00,48.00,159.00,0.530052,-1,-1,-1
153,79,747.00,79.00,54.00,142.00,0.325161,-1,-1,-1
153,83,1088.00,0.00,61.00,99.00,0.654777,-1,-1,-1
154,5,1710.00,451.00,95.00,215.00,0.826908,-1,-1,-1
154,6,377.00,530.00,88.00,245.00,0.884328,-1,-1,-1
154,7,1106.00,1045.00,38.00,34.00,0.454453,-1,-1,-1
154,8,310.00,354.00,71.00,212.00,0.849199,-1,-1,-1
154,9,1621.00,153.00,71.00,184.00,0.872081,-1,-1,-1
154,10,1199.00,1048.00,42.00,32.00,0.296601,-1,-1,-1
154,11,284.00,222.00,60.00,174.00,0.591771,-1,-1,-1
154,12,843.00,925.00,65.00,154.00,0.774228,-1,-1,-1
154,13,1573.00,592.00,99.00,233.00,0.783173,-1,-1,-1
154,20,676.00,283.00,59.00,130.00,0.535117,-1,-1,-1
154,21,1481.00,5.00,61.00,138.00,0.772149,-1,-1,-1
154,26,804.00,144.00,58.00,172.00,0.543624,-1,-1,-1
154,29,561.00,113.00,55.00,172.00,0.357924,-1,-1,-1
154,30,292.00,129.00,50.00,122.00,0.132317,-1,-1,-1
154,44,351.00,102.00,66.00,180.00,0.436418,-1,-1,-1
154,47,235.00,211.00,63.00,196.00,0.608943,-1,-1,-1
154,55,482.00,126.00,55.00,180.00,0.553343,-1,-1,-1
154,71,1362.00,856.00,111.00,223.00,0.707907,-1,-1,-1
154,72,1277.00,869.00,101.00,210.00,0.768552,-1,-1,-1
154,76,426.00,144.00,48.00,156.00,0.484833,-1,-1,-1
154,79,747.00,79.00,55.00,143.00,0.316126,-1,-1,-1
154,83,1085.00,0.00,62.00,99.00,0.639377,-1,-1,-1
155,5,1710.00,451.00,95.00,216.00,0.797796,-1,-1,-1
155,6,373.00,530.00,91.00,245.00,0.880543,-1,-1,-1
155,7,1105.00,1045.00,38.00,34.00,0.482936,-1,-1,-1
155,8,310.00,355.00,71.00,212.00,0.830675,-1,-1,-1
155,9,1621.00,154.00,70.00,182.00,0.881755,-1,-1,-1
155,10,1199.00,1050.00,40.00,30.00,0.283005,-1,-1,-1
155,11,286.00,223.00,59.00,173.00,0.607482,-1,-1,-1
155,12,841.00,923.00,66.00,156.00,0.785140,-1,-1,-1
155,20,676.00,283.00,59.00,130.00,0.563355,-1,-1,-1
155,21,1480.00,4.00,60.00,139.00,0.775440,-1,-1,-1
155,26,806.00,144.00,57.00,172.00,0.501234,-1,-1,-1
155,29,561.00,116.00,55.00,169.00,0.281745,-1,-1,-1
155,30,292.00,130.00,49.00,120.00,0.161282,-1,-1,-1
155,38,1554.00,591.00,120.00,235.00,0.767009,-1,-1,-1
155,44,350.00,101.00,66.00,181.00,0.419632,-1,-1,-1
155,47,237.00,210.00,63.00,196.00,0.572155,-1,-1,-1
155,55,482.00,127.00,56.00,180.00,0.559813,-1,-1,-1
155,71,1359.00,853.00,110.00,226.00,0.720450,-1,-1,-1
155,72,1273.00,867.00,102.00,212.00,0.780971,-1,-1,-1
155,76,425.00,143.00,48.00,157.00,0.465180,-1,-1,-1
155,79,747.00,79.00,54.00,142.00,0.322083,-1,-1,-1
155,83,1083.00,0.00,64.00,98.00,0.658130,-1,-1,-1
156,5,1710.00,451.00,95.00,216.00,0.824354,-1,-1,-1
156,6,370.00,530.00,93.00,245.00,0.885192,-1,-1,-1
156,7,1104.00,1047.00,37.00,32.00,0.500037,-1,-1,-1
156,8,310.00,356.00,70.00,211.00,0.844310,-1,-1,-1
156,9,1620.00,154.00,70.00,183.00,0.875910,-1,-1,-1
156,10,1199.00,1053.00,38.00,27.00,0.153527,-1,-1,-1
156,11,287.00,221.00,59.00,174.00,0.538669,-1,-1,-1
156,12,838.00,922.00,67.00,157.00,0.807087,-1,-1,-1
156,13,1572.00,593.00,99.00,233.00,0.785558,-1,-1,-1
156,20,676.00,282.00,59.00,131.00,0.606784,-1,-1,-1
156,21,1479.00,4.00,61.00,139.00,0.784914,-1,-1,-1
156,26,806.00,144.00,57.00,172.00,0.543597,-1,-1,-1
156,29,562.00,118.00,54.00,167.00,0.328947,-1,-1,-1
156,30,292.00,129.00,50.00,120.00,0.171264,-1,-1,-1
156,44,351.00,106.00,64.00,176.00,0.408785,-1,-1,-1
156,47,237.00,208.00,63.00,197.00,0.617366,-1,-1,-1
156,55,483.00,127.00,55.00,180.00,0.591318,-1,-1,-1
156,71,1355.00,850.00,110.00,229.00,0.777677,-1,-1,-1
156,72,1270.00,865.00,102.00,213.00,0.766263,-1,-1,-1
156,76,422.00,141.00,49.00,159.00,0.529766,-1,-1,-1
156,79,747.00,79.00,54.00,141.00,0.307886,-1,-1,-1
156,83,1080.00,0.00,65.00,98.00,0.698562,-1,-1,-1
157,5,1710.00,452.00,95.00,215.00,0.826048,-1,-1,-1
157,6,366.00,530.00,97.00,246.00,0.890765,-1,-1,-1
157,7,1103.00,1049.00,34.00,31.00,0.469278,-1,-1,-1
157,8,310.00,357.00,70.00,210.00,0.836621,-1,-1,-1
157,9,1619.00,154.00,69.00,182.00,0.863949,-1,-1,-1
157,10,1196.00,1054.00,37.00,26.00,0.105042,-1,-1,-1
157,11,288.00,219.00,60.00,175.00,0.538827,-1,-1,-1
157,12,836.00,921.00,68.00,158.00,0.794843,-1,-1,-1
157,13,1576.00,592.00,98.00,233.00,0.609079,-1,-1,-1
157,20,676.00,282.00,59.00,131.00,0.580217,-1,-1,-1
157,21,1479.00,4.00,60.00,140.00,0.780376,-1,-1,-1
157,26,807.00,144.00,56.00,172.00,0.548289,-1,-1,-1
157,29,561.00,114.00,55.00,170.00,0.309700,-1,-1,-1
157,30,292.00,129.00,50.00,120.00,0.156674,-1,-1,-1
157,38,1548.00,591.00,122.00,235.00,0.767315,-1,-1,-1
157,44,351.00,106.00,64.00,176.00,0.419067,-1,-1,-1
157,47,238.00,207.00,64.00,199.00,0.601542,-1,-1,-1
157,55,483.00,128.00,55.00,179.00,0.578407,-1,-1,-1
157,71,1353.00,847.00,111.00,232.00,0.765568,-1,-1,-1
157,72,1267.00,863.00,102.00,215.00,0.757095,-1,-1,-1
157,76,420.00,142.00,50.00,159.00,0.528147,-1,-1,-1
157,79,747.00,79.00,55.00,142.00,0.324841,-1,-1,-1
157,83,1078.00,0.00,67.00,98.00,0.677248,-1,-1,-1
158,5,1710.00,452.00,94.00,215.00,0.818029,-1,-1,-1
158,6,362.00,530.00,100.00,245.00,0.891850,-1,-1,-1
158,7,1102.00,1051.00,33.00,29.00,0.382746,-1,-1,-1
158,8,310.00,360.00,69.00,206.00,0.839625,-1,-1,-1
158,9,1618.00,154.00,69.00,183.00,0.855567,-1,-1,-1
158,11,288.00,218.00,61.00,179.00,0.544297,-1,-1,-1
158,12,835.00,921.00,68.00,158.00,0.817718,-1,-1,-1
158,13,1572.00,592.00,99.00,234.00,0.792789,-1,-1,-1
158,20,676.00,282.00,59.00,130.00,0.633431,-1,-1,-1
158,21,1479.00,4.00,60.00,139.00,0.794197,-1,-1,-1
158,26,806.00,144.00,56.00,172.00,0.558447,-1,-1,-1
158,29,564.00,115.00,56.00,169.00,0.311133,-1,-1,-1
158,30,291.00,128.00,52.00,121.00,0.137304,-1,-1,-1
158,44,350.00,104.00,64.00,178.00,0.354145,-1,-1,-1
158,47,239.00,206.00,63.00,200.00,0.599666,-1,-1,-1
158,55,484.00,128.00,55.00,178.00,0.563326,-1,-1,-1
158,71,1351.00,842.00,111.00,237.00,0.786982,-1,-1,-1
158,72,1264.00,862.00,101.00,216.00,0.746425,-1,-1,-1
158,76,420.00,141.00,50.00,159.00,0.564657,-1,-1,-1
158,79,746.00,79.00,56.00,143.00,0.408793,-1,-1,-1
158,83,1076.00,0.00,67.00,98.00,0.639722,-1,-1,-1
159,5,1710.00,452.00,94.00,215.00,0.826845,-1,-1,-1
159,6,360.00,530.00,101.00,246.00,0.888363,-1,-1,-1
159,7,1101.00,1053.00,32.00,27.00,0.297942,-1,-1,-1
159,8,310.00,361.00,68.00,206.00,0.856424,-1,-1,-1
159,9,1617.00,153.00,69.00,184.00,0.848614,-1,-1,-1
159,11,289.00,219.00,61.00,178.00,0.541510,-1,-1,-1
159,12,833.00,921.00,70.00,158.00,0.813457,-1,-1,-1
159,20,676.00,282.00,59.00,130.00,0.570266,-1,-1,-1
159,21,1478.00,3.00,61.00,140.00,0.773986,-1,-1,-1
159,26,805.00,143.00,56.00,172.00,0.535060,-1,-1,-1
159,29,563.00,114.00,56.00,169.00,0.306340,-1,-1,-1
159,30,290.00,128.00,52.00,120.00,0.161165,-1,-1,-1
159,38,1550.00,593.00,121.00,233.00,0.775010,-1,-1,-1
159,44,349.00,102.00,65.00,180.00,0.306842,-1,-1,-1
159,47,240.00,205.00,63.00,199.00,0.627540,-1,-1,-1
159,55,485.00,128.00,55.00,178.00,0.547782,-1,-1,-1
159,71,1349.00,838.00,111.00,241.00,0.789984,-1,-1,-1
159,72,1261.00,860.00,101.00,218.00,0.761079,-1,-1,-1
159,76,420.00,139.00,51.00,161.00,0.559221,-1,-1,-1
159,79,746.00,79.00,56.00,143.00,0.370882,-1,-1,-1
159,83,1074.00,0.00,66.00,96.00,0.638072,-1,-1,-1
160,5,1709.00,452.00,95.00,215.00,0.831861,-1,-1,-1
160,6,358.00,530.00,103.00,246.00,0.892074,-1,-1,-1
160,7,1099.00,1053.00,32.00,27.00,0.130152,-1,-1,-1
160,8,309.00,362.00,69.00,209.00,0.857264,-1,-1,-1
160,9,1616.00,153.00,68.00,182.00,0.850748,-1,-1,-1
160,11,291.00,219.00,61.00,180.00,0.540219,-1,-1,-1
160,12,832.00,920.00,70.00,159.00,0.809053,-1,-1,-1
160,13,1568.00,594.00,100.00,232.00,0.794856,-1,-1,-1
160,20,676.00,282.00,59.00,130.00,0.573152,-1,-1,-1
160,21,1479.00,3.00,60.00,139.00,0.788092,-1,-1,-1
160,26,805.00,143.00,56.00,171.00,0.527613,-1,-1,-1
160,29,561.00,109.00,58.00,175.00,0.349180,-1,-1,-1
160,30,291.00,128.00,51.00,118.00,0.133157,-1,-1,-1
160,44,349.00,102.00,65.00,179.00,0.369003,-1,-1,-1
160,47,241.00,203.00,64.00,201.00,0.626896,-1,-1,-1
160,55,485.00,128.00,55.00,178.00,0.563370,-1,-1,-1
160,71,1346.00,835.00,110.00,244.00,0.776141,-1,-1,-1
160,72,1258.00,859.00,101.00,220.00,0.762685,-1,-1,-1
160,76,421.00,139.00,51.00,162.00,0.613519,-1,-1,-1
160,79,746.00,79.00,56.00,145.00,0.352431,-1,-1,-1
160,83,1071.00,0.00,65.00,95.00,0.641020,-1,-1,-1
161,5,1709.00,452.00,95.00,215.00,0.842441,-1,-1,-1
161,6,356.00,530.00,104.00,246.00,0.892297,-1,-1,-1
161,8,308.00,364.00,70.00,210.00,0.858870,-1,-1,-1
161,9,1615.00,152.00,68.00,181.00,0.852944,-1,-1,-1
161,11,292.00,218.00,61.00,181.00,0.593002,-1,-1,-1
161,12,830.00,920.00,72.00,158.00,0.812659,-1,-1,-1
161,20,677.00,283.00,58.00,128.00,0.530905,-1,-1,-1
161,21,1479.00,3.00,60.00,139.00,0.767000,-1,-1,-1
161,26,805.00,143.00,56.00,171.00,0.464932,-1,-1,-1
161,29,559.00,107.00,59.00,177.00,0.413913,-1,-1,-1
161,30,289.00,128.00,52.00,116.00,0.169053,-1,-1,-1
161,38,1551.00,593.00,121.00,233.00,0.814145,-1,-1,-1
161,44,350.00,105.00,63.00,176.00,0.403051,-1,-1,-1
161,47,243.00,203.00,63.00,200.00,0.654303,-1,-1,-1
161,55,485.00,128.00,55.00,178.00,0.559694,-1,-1,-1
161,71,1343.00,831.00,109.00,249.00,0.763452,-1,-1,-1
161,72,1255.00,858.00,101.00,221.00,0.744943,-1,-1,-1
161,76,423.00,142.00,50.00,158.00,0.624175,-1,-1,-1
161,79,746.00,78.00,56.00,146.00,0.279028,-1,-1,-1
161,83,1067.00,0.00,65.00,94.00,0.524211,-1,-1,-1
162,5,1709.00,452.00,96.00,214.00,0.838836,-1,-1,-1
162,6,355.00,530.00,104.00,247.00,0.893456,-1,-1,-1
162,8,307.00,365.00,71.00,213.00,0.857540,-1,-1,-1
162,9,1615.00,149.00,66.00,181.00,0.847081,-1,-1,-1
162,11,293.00,216.00,61.00,184.00,0.593967,-1,-1,-1
162,12,829.00,921.00,72.00,157.00,0.831255,-1,-1,-1
162,13,1576.00,592.00,99.00,233.00,0.552111,-1,-1,-1
162,20,677.00,283.00,57.00,127.00,0.544947,-1,-1,-1
162,21,1479.00,3.00,60.00,139.00,0.783120,-1,-1,-1
162,26,805.00,143.00,55.00,171.00,0.510476,-1,-1,-1
162,29,559.00,107.00,58.00,178.00,0.465963,-1,-1,-1
162,30,289.00,129.00,52.00,112.00,0.125436,-1,-1,-1
162,38,1547.00,592.00,122.00,234.00,0.755845,-1,-1,-1
162,44,350.00,103.00,64.00,177.00,0.375000,-1,-1,-1
162,47,243.00,202.00,63.00,200.00,0.690577,-1,-1,-1
162,55,485.00,129.00,55.00,176.00,0.555335,-1,-1,-1
162,71,1339.00,828.00,109.00,251.00,0.771711,-1,-1,-1
162,72,1253.00,856.00,101.00,223.00,0.746780,-1,-1,-1
162,76,425.00,146.00,49.00,153.00,0.613710,-1,-1,-1
162,79,753.00,79.00,54.00,143.00,0.149143,-1,-1,-1
162,83,1061.00,0.00,63.00,93.00,0.446646,-1,-1,-1
163,5,1709.00,452.00,95.00,214.00,0.833300,-1,-1,-1
163,6,356.00,530.00,104.00,248.00,0.891361,-1,-1,-1
163,8,307.00,367.00,69.00,212.00,0.856251,-1,-1,-1
163,9,1614.00,147.00,65.00,180.00,0.848952,-1,-1,-1
163,11,294.00,215.00,61.00,183.00,0.614449,-1,-1,-1
163,12,828.00,922.00,72.00,156.00,0.811330,-1,-1,-1
163,20,678.00,283.00,57.00,126.00,0.534768,-1,-1,-1
163,21,1479.00,3.00,60.00,139.00,0.789822,-1,-1,-1
163,26,806.00,142.00,54.00,172.00,0.426576,-1,-1,-1
163,29,559.00,109.00,57.00,176.00,0.406457,-1,-1,-1
163,30,290.00,130.00,51.00,110.00,0.106831,-1,-1,-1
163,38,1551.00,591.00,121.00,235.00,0.663699,-1,-1,-1
163,44,349.00,102.00,65.00,178.00,0.345563,-1,-1,-1
163,47,244.00,202.00,63.00,199.00,0.692254,-1,-1,-1
163,55,485.00,129.00,55.00,176.00,0.549698,-1,-1,-1
163,71,1338.00,825.00,107.00,254.00,0.741448,-1,-1,-1
163,72,1252.00,853.00,101.00,226.00,0.754620,-1,-1,-1
163,76,425.00,148.00,49.00,154.00,0.606237,-1,-1,-1
163,79,749.00,78.00,56.00,146.00,0.179566,-1,-1,-1
163,83,1057.00,0.00,61.00,92.00,0.417292,-1,-1,-1
164,5,1710.00,451.00,95.00,215.00,0.820547,-1,-1,-1
164,6,356.00,531.00,104.00,247.00,0.891725,-1,-1,-1
164,8,307.00,369.00,69.00,211.00,0.858766,-1,-1,-1
164,9,1612.00,146.00,66.00,178.00,0.857709,-1,-1,-1
164,11,295.00,213.00,60.00,183.00,0.600918,-1,-1,-1
164,12,827.00,922.00,73.00,156.00,0.832695,-1,-1,-1
164,13,1582.00,592.00,96.00,233.00,0.647763,-1,-1,-1
164,20,678.00,283.00,57.00,126.00,0.526629,-1,-1,-1
164,21,1479.00,3.00,60.00,140.00,0.777987,-1,-1,-1
164,26,807.00,142.00,53.00,171.00,0.426039,-1,-1,-1
164,29,559.00,110.00,57.00,174.00,0.449479,-1,-1,-1
164,38,1550.00,589.00,122.00,236.00,0.210463,-1,-1,-1
164,44,349.00,101.00,65.00,179.00,0.340138,-1,-1,-1
164,47,246.00,202.00,62.00,198.00,0.720056,-1,-1,-1
164,55,485.00,130.00,55.00,176.00,0.566701,-1,-1,-1
164,71,1333.00,824.00,107.00,254.00,0.765775,-1,-1,-1
164,72,1250.00,850.00,100.00,229.00,0.720534,-1,-1,-1
164,76,425.00,152.00,49.00,152.00,0.634752,-1,-1,-1
164,79,748.00,78.00,55.00,145.00,0.241523,-1,-1,-1
164,83,1053.00,0.00,61.00,92.00,0.468442,-1,-1,-1
165,5,1710.00,451.00,95.00,216.00,0.833116,-1,-1,-1
165,6,358.00,531.00,102.00,248.00,0.887603,-1,-1,-1
165,8,306.00,371.00,69.00,211.00,0.850380,-1,-1,-1
165,9,1611.00,143.00,65.00,179.00,0.863800,-1,-1,-1
165,11,296.00,212.00,60.00,183.00,0.651044,-1,-1,-1
165,12,826.00,923.00,74.00,155.00,0.847569,-1,-1,-1
165,13,1583.00,591.00,95.00,235.00,0.147698,-1,-1,-1
165,20,678.00,283.00,57.00,126.00,0.557581,-1,-1,-1
165,21,1479.00,3.00,60.00,140.00,0.788339,-1,-1,-1
165,26,806.00,141.00,53.00,172.00,0.415682,-1,-1,-1
165,29,560.00,112.00,56.00,173.00,0.429297,-1,-1,-1
165,38,1550.00,590.00,122.00,236.00,0.725838,-1,-1,-1
165,44,349.00,99.00,65.00,181.00,0.422218,-1,-1,-1
165,47,247.00,201.00,62.00,198.00,0.712907,-1,-1,-1
165,55,485.00,130.00,55.00,179.00,0.624488,-1,-1,-1
165,71,1330.00,822.00,106.00,256.00,0.771650,-1,-1,-1
165,72,1247.00,848.00,101.00,231.00,0.704074,-1,-1,-1
165,76,426.00,154.00,49.00,152.00,0.631686,-1,-1,-1
165,79,748.00,78.00,54.00,144.00,0.181612,-1,-1,-1
165,83,1054.00,0.00,60.00,93.00,0.398619,-1,-1,-1
166,5,1710.00,451.00,95.00,215.00,0.824724,-1,-1,-1
166,6,360.00,532.00,101.00,250.00,0.888661,-1,-1,-1
166,8,304.00,373.00,70.00,214.00,0.861186,-1,-1,-1
166,9,1610.00,142.00,65.00,178.00,0.876326,-1,-1,-1
166,11,297.00,211.00,59.00,179.00,0.638505,-1,-1,-1
166,12,826.00,925.00,73.00,153.00,0.846000,-1,-1,-1
166,20,679.00,284.00,57.00,125.00,0.551134,-1,-1,-1
166,21,1479.00,2.00,60.00,140.00,0.798771,-1,-1,-1
166,26,804.00,141.00,53.00,171.00,0.528717,-1,-1,-1
166,29,561.00,114.00,55.00,170.00,0.369476,-1,-1,-1
166,38,1558.00,592.00,119.00,234.00,0.802541,-1,-1,-1
166,44,348.00,97.00,66.00,183.00,0.395354,-1,-1,-1
166,47,248.00,200.00,61.00,195.00,0.704230,-1,-1,-1
166,55,485.00,132.00,55.00,180.00,0.660999,-1,-1,-1
166,71,1327.00,821.00,106.00,257.00,0.783865,-1,-1,-1
166,72,1245.00,844.00,100.00,235.00,0.742310,-1,-1,-1
166,76,426.00,155.00,49.00,152.00,0.613273,-1,-1,-1
166,79,752.00,78.00,54.00,143.00,0.170328,-1,-1,-1
166,83,1052.00,0.00,58.00,93.00,0.489449,-1,-1,-1
167,5,1710.00,451.00,95.00,215.00,0.829325,-1,-1,-1
167,6,362.00,532.00,100.00,251.00,0.885031,-1,-1,-1
167,8,304.00,373.00,69.00,217.00,0.866145,-1,-1,-1
167,9,1608.00,139.00,66.00,179.00,0.878304,-1,-1,-1
167,11,299.00,210.00,57.00,177.00,0.617085,-1,-1,-1
167,12,826.00,925.00,73.00,153.00,0.845389,-1,-1,-1
167,13,1580.00,593.00,95.00,233.00,0.642697,-1,-1,-1
167,20,678.00,282.00,58.00,127.00,0.526776,-1,-1,-1
167,21,1479.00,2.00,59.00,140.00,0.785763,-1,-1,-1
167,26,803.00,140.00,53.00,172.00,0.509979,-1,-1,-1
167,29,561.00,116.00,54.00,168.00,0.412320,-1,-1,-1
167,38,1550.00,591.00,121.00,235.00,0.752900,-1,-1,-1
167,44,349.00,97.00,66.00,183.00,0.410923,-1,-1,-1
167,47,249.00,198.00,61.00,198.00,0.721766,-1,-1,-1
167,55,485.00,133.00,56.00,182.00,0.665764,-1,-1,-1
167,71,1325.00,819.00,105.00,259.00,0.784044,-1,-1,-1
167,72,1242.00,840.00,101.00,239.00,0.790071,-1,-1,-1
167,76,425.00,155.00,50.00,154.00,0.659049,-1,-1,-1
167,79,754.00,78.00,53.00,143.00,0.182733,-1,-1,-1
167,83,1047.00,0.00,58.00,93.00,0.484928,-1,-1,-1
168,5,1710.00,451.00,95.00,215.00,0.843673,-1,-1,-1
168,6,365.00,532.00,98.00,251.00,0.855866,-1,-1,-1
168,8,303.00,374.00,69.00,218.00,0.873070,-1,-1,-1
168,9,1607.00,137.00,66.00,181.00,0.887447,-1,-1,-1
168,11,298.00,209.00,58.00,179.00,0.556004,-1,-1,-1
168,12,826.00,926.00,73.00,152.00,0.831046,-1,-1,-1
168,13,1579.00,590.00,95.00,235.00,0.610743,-1,-1,-1
168,20,678.00,282.00,58.00,127.00,0.551163,-1,-1,-1
168,21,1479.00,3.00,59.00,140.00,0.805086,-1,-1,-1
168,26,802.00,140.00,52.00,172.00,0.515938,-1,-1,-1
168,29,560.00,115.00,55.00,169.00,0.408014,-1,-1,-1
168,38,1547.00,589.00,122.00,237.00,0.744766,-1,-1,-1
168,44,349.00,96.00,66.00,184.00,0.358716,-1,-1,-1
168,47,249.00,198.00,61.00,197.00,0.663701,-1,-1,-1
168,55,485.00,134.00,56.00,182.00,0.669605,-1,-1,-1
168,71,1323.00,818.00,104.00,259.00,0.793558,-1,-1,-1
168,72,1240.00,836.00,100.00,243.00,0.785424,-1,-1,-1
168,76,425.00,154.00,50.00,156.00,0.656979,-1,-1,-1
168,79,751.00,78.00,53.00,142.00,0.198032,-1,-1,-1
168,83,1043.00,0.00,59.00,93.00,0.606174,-1,-1,-1
169,5,1710.00,451.00,96.00,215.00,0.840673,-1,-1,-1
169,6,369.00,533.00,95.00,251.00,0.848305,-1,-1,-1
169,8,302.00,374.00,69.00,219.00,0.865159,-1,-1,-1
169,9,1605.00,136.00,67.00,181.00,0.875496,-1,-1,-1
169,11,299.00,209.00,57.00,180.00,0.576629,-1,-1,-1
169,12,826.00,927.00,73.00,151.00,0.822635,-1,-1,-1
169,13,1581.00,589.00,94.00,236.00,0.628770,-1,-1,-1
169,20,677.00,281.00,59.00,128.00,0.528999,-1,-1,-1
169,21,1479.00,3.00,59.00,139.00,0.787579,-1,-1,-1
169,26,801.00,139.00,52.00,173.00,0.576172,-1,-1,-1
169,29,561.00,116.00,54.00,168.00,0.411132,-1,-1,-1
169,38,1548.00,586.00,123.00,239.00,0.215028,-1,-1,-1
169,44,349.00,95.00,66.00,185.00,0.377034,-1,-1,-1
169,47,249.00,198.00,61.00,196.00,0.669889,-1,-1,-1
169,55,485.00,135.00,56.00,183.00,0.656212,-1,-1,-1
169,71,1320.00,817.00,104.00,262.00,0.771756,-1,-1,-1
169,72,1237.00,831.00,101.00,248.00,0.802658,-1,-1,-1
169,76,425.00,155.00,50.00,155.00,0.625362,-1,-1,-1
169,79,750.00,78.00,53.00,142.00,0.181173,-1,-1,-1
169,83,1038.00,0.00,60.00,92.00,0.667296,-1,-1,-1
170,5,1710.00,451.00,96.00,215.00,0.836851,-1,-1,-1
170,6,371.00,535.00,92.00,248.00,0.854863,-1,-1,-1
170,8,301.00,374.00,68.00,219.00,0.868814,-1,-1,-1
170,9,1604.00,135.00,67.00,183.00,0.871475,-1,-1,-1
170,11,299.00,209.00,59.00,181.00,0.616383,-1,-1,-1
170,12,826.00,928.00,74.00,150.00,0.825502,-1,-1,-1
170,20,677.00,280.00,59.00,129.00,0.508988,-1,-1,-1
170,21,1479.00,2.00,59.00,140.00,0.775538,-1,-1,-1
170,26,801.00,139.00,52.00,174.00,0.518234,-1,-1,-1
170,29,561.00,116.00,53.00,168.00,0.406340,-1,-1,-1
170,38,1554.00,589.00,120.00,236.00,0.784769,-1,-1,-1
170,44,347.00,93.00,67.00,186.00,0.429039,-1,-1,-1
170,47,250.00,198.00,60.00,195.00,0.686238,-1,-1,-1
170,55,485.00,137.00,56.00,182.00,0.684374,-1,-1,-1
170,71,1318.00,815.00,104.00,264.00,0.795171,-1,-1,-1
170,72,1236.00,828.00,100.00,251.00,0.809115,-1,-1,-1
170,76,425.00,156.00,50.00,154.00,0.622134,-1,-1,-1
170,79,750.00,78.00,52.00,141.00,0.202165,-1,-1,-1
170,83,1036.00,0.00,60.00,92.00,0.648113,-1,-1,-1
171,5,1711.00,451.00,95.00,215.00,0.845940,-1,-1,-1
171,6,372.00,536.00,90.00,247.00,0.853654,-1,-1,-1
171,8,300.00,375.00,68.00,218.00,0.869199,-1,-1,-1
171,9,1602.00,134.00,68.00,184.00,0.868608,-1,-1,-1
171,11,301.00,208.00,58.00,181.00,0.593771,-1,-1,-1
171,12,826.00,930.00,75.00,148.00,0.826728,-1,-1,-1
171,20,677.00,280.00,58.00,129.00,0.499576,-1,-1,-1
171,21,1479.00,3.00,59.00,138.00,0.775948,-1,-1,-1
171,26,801.00,139.00,51.00,174.00,0.556739,-1,-1,-1
171,29,560.00,113.00,54.00,172.00,0.414425,-1,-1,-1
171,38,1549.00,590.00,121.00,235.00,0.747383,-1,-1,-1
171,44,347.00,92.00,67.00,188.00,0.380137,-1,-1,-1
171,47,251.00,198.00,59.00,195.00,0.677567,-1,-1,-1
171,55,485.00,138.00,56.00,183.00,0.667180,-1,-1,-1
171,71,1317.00,812.00,104.00,266.00,0.788074,-1,-1,-1
171,72,1234.00,825.00,99.00,254.00,0.818448,-1,-1,-1
171,76,425.00,155.00,50.00,155.00,0.607494,-1,-1,-1
171,79,746.00,59.00,59.00,159.00,0.100666,-1,-1,-1
171,83,1034.00,0.00,60.00,91.00,0.648924,-1,-1,-1
172,5,1711.00,451.00,95.00,215.00,0.844923,-1,-1,-1
172,6,374.00,537.00,87.00,246.00,0.845999,-1,-1,-1
172,8,299.00,376.00,68.00,216.00,0.867071,-1,-1,-1
172,9,1601.00,134.00,69.00,184.00,0.873389,-1,-1,-1
172,11,302.00,208.00,57.00,180.00,0.556993,-1,-1,-1
172,12,828.00,930.00,74.00,148.00,0.834264,-1,-1,-1
172,13,1582.00,589.00,93.00,235.00,0.518140,-1,-1,-1
172,20,677.00,280.00,58.00,129.00,0.553373,-1,-1,-1
172,21,1479.00,3.00,59.00,138.00,0.786558,-1,-1,-1
172,26,800.00,138.00,52.00,175.00,0.578851,-1,-1,-1
172,29,560.00,113.00,54.00,171.00,0.438864,-1,-1,-1
172,38,1546.00,589.00,122.00,236.00,0.698325,-1,-1,-1
172,44,346.00,90.00,68.00,189.00,0.417899,-1,-1,-1
172,47,252.00,197.00,59.00,195.00,0.684264,-1,-1,-1
172,55,485.00,138.00,56.00,183.00,0.649987,-1,-1,-1
172,71,1314.00,810.00,103.00,269.00,0.802514,-1,-1,-1
172,72,1232.00,823.00,99.00,256.00,0.820093,-1,-1,-1
172,76,423.00,153.00,52.00,157.00,0.617375,-1,-1,-1
172,79,747.00,70.00,56.00,148.00,0.184433,-1,-1,-1
172,83,1033.00,0.00,60.00,91.00,0.645547,-1,-1,-1
173,5,1711.00,451.00,95.00,214.00,0.840000,-1,-1,-1
173,6,375.00,538.00,85.00,245.00,0.843652,-1,-1,-1
173,8,298.00,376.00,68.00,215.00,0.865997,-1,-1,-1
173,9,1600.00,134.00,70.00,187.00,0.870187,-1,-1,-1
173,11,303.00,208.00,57.00,181.00,0.535391,-1,-1,-1
173,12,829.00,931.00,75.00,147.00,0.831080,-1,-1,-1
173,13,1583.00,589.00,92.00,235.00,0.541791,-1,-1,-1
173,20,677.00,280.00,58.00,129.00,0.543870,-1,-1,-1
173,21,1480.00,3.00,58.00,138.00,0.773427,-1,-1,-1
173,26,800.00,138.00,51.00,175.00,0.573562,-1,-1,-1
173,29,560.00,112.00,54.00,172.00,0.472623,-1,-1,-1
173,38,1545.00,589.00,123.00,236.00,0.740968,-1,-1,-1
173,44,346.00,89.00,68.00,190.00,0.410075,-1,-1,-1
173,47,252.00,196.00,59.00,196.00,0.662669,-1,-1,-1
173,55,485.00,139.00,56.00,182.00,0.664575,-1,-1,-1
173,71,1311.00,807.00,104.00,272.00,0.828580,-1,-1,-1
173,72,1229.00,821.00,99.00,258.00,0.817450,-1,-1,-1
173,76,422.00,151.00,53.00,159.00,0.608290,-1,-1,-1
173,79,748.00,74.00,54.00,143.00,0.236452,-1,-1,-1
173,83,1031.00,0.00,61.00,89.00,0.650884,-1,-1,-1
174,5,1711.00,451.00,95.00,214.00,0.847860,-1,-1,-1
174,6,376.00,538.00,82.00,245.00,0.846335,-1,-1,-1
174,8,297.00,376.00,68.00,214.00,0.869016,-1,-1,-1
174,9,1599.00,134.00,70.00,187.00,0.871207,-1,-1,-1
174,11,304.00,207.00,56.00,182.00,0.458504,-1,-1,-1
174,12,830.00,931.00,76.00,148.00,0.822187,-1,-1,-1
174,13,1582.00,589.00,92.00,235.00,0.581343,-1,-1,-1
174,20,677.00,279.00,59.00,130.00,0.470982,-1,-1,-1
174,21,1479.00,2.00,59.00,139.00,0.789986,-1,-1,-1
174,26,799.00,139.00,51.00,174.00,0.543734,-1,-1,-1
174,29,560.00,112.00,54.00,172.00,0.487175,-1,-1,-1
174,38,1546.00,589.00,123.00,236.00,0.746602,-1,-1,-1
174,44,345.00,89.00,68.00,191.00,0.342848,-1,-1,-1
174,47,253.00,196.00,59.00,195.00,0.632256,-1,-1,-1
174,55,485.00,139.00,55.00,182.00,0.639870,-1,-1,-1
174,71,1308.00,802.00,104.00,276.00,0.808872,-1,-1,-1
174,72,1227.00,819.00,98.00,259.00,0.809970,-1,-1,-1
174,76,420.00,151.00,54.00,158.00,0.555639,-1,-1,-1
174,79,748.00,75.00,53.00,140.00,0.241705,-1,-1,-1
174,83,1028.00,0.00,61.00,90.00,0.578344,-1,-1,-1
175,5,1711.00,450.00,95.00,216.00,0.844192,-1,-1,-1
175,6,377.00,539.00,80.00,244.00,0.853262,-1,-1,-1
175,8,297.00,377.00,68.00,213.00,0.871476,-1,-1,-1
175,9,1599.00,135.00,70.00,186.00,0.863927,-1,-1,-1
175,11,304.00,208.00,56.00,182.00,0.502265,-1,-1,-1
175,12,832.00,931.00,76.00,148.00,0.830588,-1,-1,-1
175,13,1580.00,591.00,92.00,233.00,0.561539,-1,-1,-1
175,20,677.00,280.00,58.00,129.00,0.542560,-1,-1,-1
175,21,1479.00,2.00,59.00,141.00,0.767112,-1,-1,-1
175,26,799.00,139.00,51.00,174.00,0.538831,-1,-1,-1
175,29,560.00,111.00,54.00,173.00,0.465551,-1,-1,-1
175,38,1544.00,588.00,125.00,237.00,0.744849,-1,-1,-1
175,44,344.00,88.00,69.00,192.00,0.369378,-1,-1,-1
175,47,253.00,196.00,59.00,195.00,0.624834,-1,-1,-1
175,55,485.00,140.00,55.00,181.00,0.628527,-1,-1,-1
175,71,1307.00,799.00,100.00,271.00,0.769405,-1,-1,-1
175,72,1224.00,819.00,98.00,258.00,0.811117,-1,-1,-1
175,76,418.00,152.00,54.00,158.00,0.523861,-1,-1,-1
175,79,748.00,77.00,54.00,141.00,0.171873,-1,-1,-1
175,83,1025.00,0.00,60.00,88.00,0.456919,-1,-1,-1
176,5,1711.00,450.00,95.00,215.00,0.836479,-1,-1,-1
176,6,378.00,539.00,78.00,244.00,0.892251,-1,-1,-1
176,8,297.00,377.00,68.00,213.00,0.864738,-1,-1,-1
176,9,1598.00,135.00,70.00,186.00,0.860347,-1,-1,-1
176,11,304.00,208.00,55.00,183.00,0.545382,-1,-1,-1
176,12,833.00,931.00,77.00,148.00,0.840219,-1,-1,-1
176,13,1584.00,590.00,91.00,233.00,0.576284,-1,-1,-1
176,20,677.00,279.00,58.00,130.00,0.556521,-1,-1,-1
176,21,1479.00,2.00,60.00,143.00,0.744674,-1,-1,-1
176,26,798.00,138.00,51.00,174.00,0.538552,-1,-1,-1
176,29,560.00,110.00,54.00,174.00,0.512795,-1,-1,-1
176,38,1549.00,586.00,124.00,237.00,0.360652,-1,-1,-1
176,44,344.00,89.00,68.00,191.00,0.399227,-1,-1,-1
176,47,254.00,195.00,59.00,195.00,0.672651,-1,-1,-1
176,55,484.00,140.00,55.00,181.00,0.649614,-1,-1,-1
176,71,1305.00,795.00,100.00,273.00,0.788033,-1,-1,-1
176,72,1219.00,818.00,97.00,259.00,0.839094,-1,-1,-1
176,76,417.00,152.00,55.00,157.00,0.490844,-1,-1,-1
176,79,748.00,77.00,53.00,140.00,0.192338,-1,-1,-1
176,83,1023.00,0.00,58.00,86.00,0.478713,-1,-1,-1
177,5,1711.00,450.00,95.00,216.00,0.841624,-1,-1,-1
177,6,379.00,541.00,75.00,242.00,0.870191,-1,-1,-1
177,8,296.00,377.00,69.00,214.00,0.865437,-1,-1,-1
177,9,1598.00,135.00,70.00,187.00,0.871231,-1,-1,-1
177,11,304.00,206.00,56.00,184.00,0.615616,-1,-1,-1
177,12,835.00,932.00,77.00,147.00,0.834580,-1,-1,-1
177,13,1585.00,591.00,90.00,233.00,0.521325,-1,-1,-1
177,20,677.00,279.00,58.00,130.00,0.572731,-1,-1,-1
177,21,1478.00,2.00,62.00,146.00,0.760298,-1,-1,-1
177,26,798.00,138.00,50.00,173.00,0.512499,-1,-1,-1
177,29,560.00,111.00,53.00,173.00,0.465159,-1,-1,-1
177,38,1546.00,590.00,124.00,235.00,0.726587,-1,-1,-1
177,44,344.00,87.00,69.00,192.00,0.358001,-1,-1,-1
177,47,254.00,195.00,59.00,195.00,0.676470,-1,-1,-1
177,55,484.00,141.00,54.00,180.00,0.636226,-1,-1,-1
177,71,1304.00,791.00,99.00,272.00,0.816860,-1,-1,-1
177,72,1216.00,818.00,97.00,259.00,0.841257,-1,-1,-1
177,76,421.00,152.00,55.00,158.00,0.438709,-1,-1,-1
177,79,748.00,77.00,53.00,139.00,0.199963,-1,-1,-1
177,83,1021.00,0.00,55.00,83.00,0.448251,-1,-1,-1
178,5,1711.00,450.00,95.00,216.00,0.844707,-1,-1,-1
178,6,381.00,541.00,73.00,242.00,0.891189,-1,-1,-1
178,8,295.00,378.00,70.00,216.00,0.854836,-1,-1,-1
178,9,1598.00,134.00,70.00,186.00,0.862589,-1,-1,-1
178,11,304.00,206.00,56.00,184.00,0.613706,-1,-1,-1
178,12,838.00,932.00,77.00,147.00,0.834814,-1,-1,-1
178,20,677.00,279.00,58.00,130.00,0.620496,-1,-1,-1
178,21,1479.00,2.00,60.00,145.00,0.756609,-1,-1,-1
178,26,798.00,138.00,50.00,173.00,0.498670,-1,-1,-1
178,29,560.00,109.00,54.00,174.00,0.487369,-1,-1,-1
178,38,1552.00,591.00,122.00,233.00,0.796911,-1,-1,-1
178,44,345.00,88.00,67.00,191.00,0.423493,-1,-1,-1
178,47,254.00,195.00,59.00,195.00,0.680917,-1,-1,-1
178,55,483.00,142.00,55.00,179.00,0.621829,-1,-1,-1
178,71,1304.00,787.00,97.00,268.00,0.813538,-1,-1,-1
178,72,1214.00,816.00,97.00,261.00,0.828756,-1,-1,-1
178,76,423.00,153.00,54.00,158.00,0.494890,-1,-1,-1
178,79,748.00,77.00,53.00,140.00,0.190375,-1,-1,-1
178,83,1019.00,0.00,53.00,82.00,0.457702,-1,-1,-1
179,5,1711.00,450.00,95.00,216.00,0.842297,-1,-1,-1
179,6,382.00,541.00,72.00,242.00,0.863940,-1,-1,-1
179,8,293.00,378.00,72.00,221.00,0.855902,-1,-1,-1
179,9,1599.00,132.00,70.00,187.00,0.860670,-1,-1,-1
179,11,305.00,205.00,55.00,181.00,0.627033,-1,-1,-1
179,12,840.00,932.00,78.00,147.00,0.824027,-1,-1,-1
179,13,1583.00,589.00,91.00,235.00,0.568561,-1,-1,-1
179,20,677.00,280.00,58.00,129.00,0.607504,-1,-1,-1
179,21,1479.00,1.00,60.00,145.00,0.767166,-1,-1,-1
179,26,798.00,138.00,51.00,173.00,0.479663,-1,-1,-1
179,29,560.00,110.00,54.00,173.00,0.457031,-1,-1,-1
179,38,1547.00,589.00,124.00,236.00,0.750869,-1,-1,-1
179,44,344.00,87.00,69.00,192.00,0.421855,-1,-1,-1
179,47,255.00,195.00,59.00,195.00,0.666843,-1,-1,-1
179,55,482.00,143.00,55.00,178.00,0.616152,-1,-1,-1
179,71,1303.00,784.00,97.00,268.00,0.785880,-1,-1,-1
179,72,1212.00,813.00,97.00,265.00,0.834721,-1,-1,-1
179,76,418.00,154.00,56.00,161.00,0.543913,-1,-1,-1
179,79,748.00,77.00,53.00,139.00,0.203625,-1,-1,-1
179,83,1016.00,0.00,52.00,81.00,0.377939,-1,-1,-1
180,5,1710.00,449.00,96.00,217.00,0.848482,-1,-1,-1
180,6,384.00,541.00,70.00,242.00,0.887363,-1,-1,-1
180,8,293.00,381.00,72.00,221.00,0.849478,-1,-1,-1
180,9,1599.00,131.00,70.00,186.00,0.857205,-1,-1,-1
180,11,305.00,205.00,55.00,181.00,0.625759,-1,-1,-1
180,12,842.00,932.00,78.00,147.00,0.849606,-1,-1,-1
180,13,1581.00,591.00,91.00,233.00,0.555427,-1,-1,-1
180,20,677.00,280.00,58.00,129.00,0.528898,-1,-1,-1
180,21,1479.00,0.00,60.00,146.00,0.757564,-1,-1,-1
180,26,798.00,138.00,51.00,173.00,0.467511,-1,-1,-1
180,29,560.00,110.00,53.00,174.00,0.512464,-1,-1,-1
180,38,1545.00,589.00,125.00,237.00,0.736775,-1,-1,-1
180,44,344.00,87.00,69.00,192.00,0.392669,-1,-1,-1
180,47,255.00,195.00,59.00,195.00,0.667474,-1,-1,-1
180,55,481.00,144.00,55.00,176.00,0.636151,-1,-1,-1
180,71,1301.00,782.00,97.00,271.00,0.799785,-1,-1,-1
180,72,1211.00,810.00,96.00,267.00,0.846020,-1,-1,-1
180,76,415.00,155.00,59.00,164.00,0.604078,-1,-1,-1
180,79,748.00,77.00,53.00,139.00,0.218097,-1,-1,-1
180,83,1013.00,0.00,51.00,82.00,0.342626,-1,-1,-1
181,5,1711.00,450.00,95.00,215.00,0.842905,-1,-1,-1
181,6,385.00,542.00,69.00,241.00,0.841097,-1,-1,-1
181,8,293.00,385.00,72.00,219.00,0.857426,-1,-1,-1
181,9,1599.00,129.00,70.00,186.00,0.868166,-1,-1,-1
181,11,305.00,204.00,55.00,182.00,0.614160,-1,-1,-1
181,12,844.00,933.00,77.00,146.00,0.824047,-1,-1,-1
181,13,1581.00,591.00,91.00,233.00,0.633650,-1,-1,-1
181,20,677.00,280.00,58.00,129.00,0.587552,-1,-1,-1
181,21,1479.00,0.00,59.00,145.00,0.776179,-1,-1,-1
181,26,797.00,138.00,51.00,173.00,0.511421,-1,-1,-1
181,29,560.00,109.00,54.00,175.00,0.484464,-1,-1,-1
181,38,1544.00,589.00,126.00,236.00,0.728062,-1,-1,-1
181,44,344.00,88.00,69.00,192.00,0.380912,-1,-1,-1
181,47,255.00,195.00,59.00,194.00,0.654178,-1,-1,-1
181,55,481.00,145.00,55.00,176.00,0.640482,-1,-1,-1
181,71,1299.00,781.00,96.00,270.00,0.803546,-1,-1,-1
181,72,1208.00,807.00,96.00,268.00,0.830692,-1,-1,-1
181,76,414.00,154.00,60.00,168.00,0.516238,-1,-1,-1
181,79,748.00,77.00,54.00,140.00,0.201009,-1,-1,-1
181,83,1010.00,0.00,51.00,82.00,0.295062,-1,-1,-1
182,5,1711.00,450.00,94.00,215.00,0.842783,-1,-1,-1
182,6,386.00,542.00,68.00,242.00,0.834380,-1,-1,-1
182,8,293.00,389.00,71.00,216.00,0.859844,-1,-1,-1
182,9,1601.00,128.00,68.00,181.00,0.869891,-1,-1,-1
182,11,305.00,204.00,54.00,180.00,0.628447,-1,-1,-1
182,12,844.00,933.00,79.00,146.00,0.844475,-1,-1,-1
182,13,1582.00,590.00,91.00,233.00,0.588282,-1,-1,-1
182,20,677.00,279.00,58.00,130.00,0.582269,-1,-1,-1
182,21,1479.00,0.00,59.00,143.00,0.765820,-1,-1,-1
182,26,796.00,138.00,51.00,173.00,0.503111,-1,-1,-1
182,29,559.00,107.00,55.00,178.00,0.482886,-1,-1,-1
182,38,1543.00,589.00,127.00,236.00,0.698876,-1,-1,-1
182,44,344.00,88.00,69.00,192.00,0.316378,-1,-1,-1
182,47,256.00,194.00,57.00,194.00,0.665525,-1,-1,-1
182,55,480.00,145.00,56.00,179.00,0.647219,-1,-1,-1
182,71,1295.00,779.00,96.00,271.00,0.808174,-1,-1,-1
182,72,1205.00,804.00,95.00,268.00,0.823356,-1,-1,-1
182,76,413.00,154.00,62.00,171.00,0.548642,-1,-1,-1
182,79,747.00,77.00,54.00,138.00,0.248197,-1,-1,-1
182,83,1007.00,0.00,50.00,82.00,0.208186,-1,-1,-1
183,5,1710.00,449.00,95.00,216.00,0.841798,-1,-1,-1
183,6,387.00,543.00,66.00,240.00,0.854269,-1,-1,-1
183,8,293.00,391.00,71.00,216.00,0.863814,-1,-1,-1
183,9,1602.00,127.00,66.00,177.00,0.856493,-1,-1,-1
183,11,305.00,205.00,54.00,179.00,0.668008,-1,-1,-1
183,12,845.00,933.00,79.00,146.00,0.843170,-1,-1,-1
183,13,1582.00,589.00,91.00,234.00,0.589198,-1,-1,-1
183,20,677.00,280.00,58.00,129.00,0.570786,-1,-1,-1
183,21,1479.00,0.00,58.00,142.00,0.737608,-1,-1,-1
183,26,795.00,138.00,51.00,173.00,0.538621,-1,-1,-1
183,29,560.00,109.00,53.00,175.00,0.434863,-1,-1,-1
183,38,1543.00,589.00,127.00,236.00,0.751480,-1,-1,-1
183,44,343.00,81.00,71.00,199.00,0.297269,-1,-1,-1
183,47,256.00,194.00,57.00,194.00,0.650102,-1,-1,-1
183,55,480.00,145.00,56.00,181.00,0.664891,-1,-1,-1
183,71,1290.00,778.00,96.00,272.00,0.815550,-1,-1,-1
183,72,1202.00,801.00,94.00,264.00,0.806143,-1,-1,-1
183,76,413.00,155.00,62.00,171.00,0.556903,-1,-1,-1
183,79,747.00,76.00,54.00,141.00,0.163916,-1,-1,-1
183,83,1002.00,1.00,51.00,81.00,0.284826,-1,-1,-1
184,5,1711.00,450.00,95.00,215.00,0.841476,-1,-1,-1
184,6,388.00,543.00,66.00,240.00,0.834209,-1,-1,-1
184,8,293.00,393.00,72.00,217.00,0.863756,-1,-1,-1
184,9,1602.00,126.00,66.00,176.00,0.834672,-1,-1,-1
184,11,306.00,203.00,53.00,178.00,0.660062,-1,-1,-1
184,12,846.00,933.00,79.00,146.00,0.842883,-1,-1,-1
184,13,1582.00,590.00,92.00,233.00,0.611113,-1,-1,-1
184,20,677.00,280.00,58.00,129.00,0.536044,-1,-1,-1
184,21,1479.00,0.00,58.00,142.00,0.744027,-1,-1,-1
184,26,793.00,138.00,52.00,173.00,0.532614,-1,-1,-1
184,29,559.00,107.00,55.00,179.00,0.484220,-1,-1,-1
184,38,1545.00,589.00,127.00,236.00,0.656262,-1,-1,-1
184,44,341.00,61.00,77.00,219.00,0.326352,-1,-1,-1
184,47,257.00,195.00,57.00,194.00,0.620140,-1,-1,-1
184,55,479.00,146.00,57.00,183.00,0.660510,-1,-1,-1
184,71,1284.00,777.00,97.00,273.00,0.816503,-1,-1,-1
184,72,1200.00,798.00,92.00,260.00,0.817119,-1,-1,-1
184,76,412.00,158.00,63.00,169.00,0.555074,-1,-1,-1
184,79,747.00,76.00,54.00,140.00,0.160324,-1,-1,-1
184,83,996.00,0.00,53.00,82.00,0.480678,-1,-1,-1
185,5,1711.00,451.00,94.00,214.00,0.846980,-1,-1,-1
185,6,390.00,544.00,65.00,239.00,0.840276,-1,-1,-1
185,8,293.00,395.00,72.00,218.00,0.861501,-1,-1,-1
185,9,1602.00,124.00,65.00,175.00,0.834482,-1,-1,-1
185,11,306.00,203.00,53.00,174.00,0.638434,-1,-1,-1
185,12,847.00,932.00,80.00,147.00,0.837846,-1,-1,-1
185,20,677.00,280.00,58.00,129.00,0.534420,-1,-1,-1
185,21,1479.00,0.00,57.00,141.00,0.714750,-1,-1,-1
185,26,792.00,138.00,52.00,172.00,0.490276,-1,-1,-1
185,29,559.00,108.00,55.00,178.00,0.452368,-1,-1,-1
185,38,1553.00,591.00,124.00,234.00,0.812323,-1,-1,-1
185,44,339.00,46.00,81.00,234.00,0.297184,-1,-1,-1
185,47,257.00,195.00,57.00,194.00,0.629109,-1,-1,-1
185,55,479.00,148.00,56.00,183.00,0.600169,-1,-1,-1
185,71,1280.00,777.00,97.00,272.00,0.808914,-1,-1,-1
185,72,1198.00,795.00,90.00,258.00,0.811926,-1,-1,-1
185,76,412.00,155.00,63.00,174.00,0.449392,-1,-1,-1
185,79,746.00,74.00,55.00,142.00,0.126980,-1,-1,-1
185,83,991.00,0.00,55.00,82.00,0.440198,-1,-1,-1
186,5,1711.00,450.00,95.00,215.00,0.851427,-1,-1,-1
186,6,392.00,544.00,66.00,240.00,0.829269,-1,-1,-1
186,8,293.00,396.00,72.00,219.00,0.857732,-1,-1,-1
186,9,1602.00,124.00,65.00,174.00,0.834396,-1,-1,-1
186,11,306.00,204.00,53.00,172.00,0.643753,-1,-1,-1
186,12,848.00,933.00,80.00,146.00,0.839701,-1,-1,-1
186,20,677.00,280.00,58.00,129.00,0.532076,-1,-1,-1
186,21,1478.00,0.00,58.00,141.00,0.721871,-1,-1,-1
186,26,791.00,139.00,52.00,172.00,0.438629,-1,-1,-1
186,29,558.00,109.00,56.00,177.00,0.409475,-1,-1,-1
186,38,1553.00,591.00,123.00,233.00,0.831561,-1,-1,-1
186,44,344.00,70.00,72.00,209.00,0.245344,-1,-1,-1
186,47,257.00,195.00,57.00,194.00,0.638357,-1,-1,-1
186,55,479.00,150.00,57.00,183.00,0.643430,-1,-1,-1
186,71,1276.00,777.00,98.00,270.00,0.799138,-1,-1,-1
186,72,1194.00,792.00,91.00,258.00,0.817003,-1,-1,-1
186,76,410.00,156.00,64.00,173.00,0.419436,-1,-1,-1
186,79,753.00,75.00,54.00,143.00,0.124511,-1,-1,-1
186,83,988.00,0.00,57.00,82.00,0.414867,-1,-1,-1
187,5,1711.00,451.00,95.00,214.00,0.851314,-1,-1,-1
187,6,395.00,545.00,67.00,238.00,0.824193,-1,-1,-1
187,8,294.00,397.00,72.00,219.00,0.853180,-1,-1,-1
187,9,1602.00,123.00,64.00,175.00,0.832938,-1,-1,-1
187,11,308.00,204.00,53.00,172.00,0.632734,-1,-1,-1
187,12,848.00,932.00,82.00,148.00,0.842446,-1,-1,-1
187,20,677.00,279.00,58.00,130.00,0.554918,-1,-1,-1
187,21,1478.00,0.00,58.00,141.00,0.722500,-1,-1,-1
187,26,790.00,139.00,52.00,171.00,0.446717,-1,-1,-1
187,29,558.00,108.00,56.00,178.00,0.449235,-1,-1,-1
187,38,1557.00,592.00,122.00,232.00,0.824585,-1,-1,-1
187,44,346.00,80.00,69.00,199.00,0.391122,-1,-1,-1
187,47,257.00,195.00,57.00,195.00,0.661515,-1,-1,-1
187,55,479.00,151.00,57.00,183.00,0.673066,-1,-1,-1
187,71,1274.00,775.00,98.00,269.00,0.806772,-1,-1,-1
187,72,1191.00,789.00,91.00,261.00,0.819527,-1,-1,-1
187,76,410.00,156.00,64.00,173.00,0.454670,-1,-1,-1
187,79,750.00,75.00,53.00,141.00,0.169906,-1,-1,-1
187,83,985.00,0.00,59.00,82.00,0.493360,-1,-1,-1
188,5,1711.00,450.00,94.00,215.00,0.850391,-1,-1,-1
188,6,397.00,545.00,68.00,238.00,0.824334,-1,-1,-1
188,8,295.00,398.00,72.00,218.00,0.856473,-1,-1,-1
188,9,1601.00,122.00,65.00,176.00,0.814036,-1,-1,-1
188,11,309.00,203.00,54.00,174.00,0.605754,-1,-1,-1
188,12,850.00,932.00,81.00,148.00,0.841960,-1,-1,-1
188,13,1577.00,590.00,92.00,233.00,0.819159,-1,-1,-1
188,20,677.00,280.00,58.00,129.00,0.570301,-1,-1,-1
188,21,1478.00,0.00,58.00,140.00,0.710766,-1,-1,-1
188,26,790.00,139.00,51.00,171.00,0.449742,-1,-1,-1
188,29,558.00,108.00,56.00,178.00,0.386122,-1,-1,-1
188,44,348.00,87.00,68.00,192.00,0.280472,-1,-1,-1
188,47,257.00,194.00,57.00,195.00,0.651694,-1,-1,-1
188,55,479.00,153.00,56.00,183.00,0.670655,-1,-1,-1
188,71,1272.00,774.00,98.00,268.00,0.803573,-1,-1,-1
188,72,1188.00,787.00,92.00,264.00,0.828510,-1,-1,-1
188,76,411.00,157.00,64.00,173.00,0.435322,-1,-1,-1
188,79,748.00,76.00,54.00,141.00,0.143101,-1,-1,-1
188,83,984.00,0.00,59.00,81.00,0.476778,-1,-1,-1
189,5,1711.00,450.00,94.00,215.00,0.852026,-1,-1,-1
189,6,399.00,545.00,69.00,238.00,0.833069,-1,-1,-1
189,8,296.00,399.00,71.00,218.00,0.852463,-1,-1,-1
189,9,1600.00,121.00,65.00,176.00,0.831259,-1,-1,-1
189,11,309.00,201.00,56.00,176.00,0.633647,-1,-1,-1
189,12,850.00,933.00,82.00,147.00,0.858815,-1,-1,-1
189,13,1576.00,591.00,94.00,232.00,0.812527,-1,-1,-1
189,20,677.00,280.00,58.00,129.00,0.516658,-1,-1,-1
189,21,1478.00,0.00,58.00,140.00,0.723078,-1,-1,-1
189,26,789.00,139.00,52.00,171.00,0.475386,-1,-1,-1
189,29,556.00,105.00,58.00,181.00,0.374264,-1,-1,-1
189,44,350.00,94.00,65.00,185.00,0.314366,-1,-1,-1
189,47,258.00,193.00,57.00,196.00,0.624401,-1,-1,-1
189,55,478.00,154.00,57.00,184.00,0.606969,-1,-1,-1
189,71,1270.00,772.00,97.00,268.00,0.816938,-1,-1,-1
189,72,1185.00,784.00,93.00,266.00,0.825752,-1,-1,-1
189,76,410.00,157.00,65.00,173.00,0.513096,-1,-1,-1
189,79,745.00,58.00,59.00,156.00,0.132657,-1,-1,-1
189,83,982.00,0.00,62.00,81.00,0.465221,-1,-1,-1
190,5,1711.00,451.00,94.00,214.00,0.858199,-1,-1,-1
190,6,400.00,546.00,70.00,237.00,0.829414,-1,-1,-1
190,8,297.00,399.00,71.00,218.00,0.856542,-1,-1,-1
190,9,1599.00,121.00,65.00,176.00,0.816638,-1,-1,-1
190,11,310.00,201.00,56.00,176.00,0.644683,-1,-1,-1
190,12,852.00,933.00,81.00,146.00,0.855633,-1,-1,-1
190,13,1576.00,592.00,94.00,231.00,0.817511,-1,-1,-1
190,20,677.00,280.00,58.00,129.00,0.525379,-1,-1,-1
190,21,1478.00,0.00,57.00,139.00,0.682384,-1,-1,-1
190,26,789.00,138.00,51.00,172.00,0.431223,-1,-1,-1
190,29,556.00,111.00,57.00,176.00,0.387613,-1,-1,-1
190,44,350.00,91.00,66.00,189.00,0.332585,-1,-1,-1
190,47,258.00,194.00,57.00,196.00,0.631306,-1,-1,-1
190,55,479.00,156.00,56.00,183.00,0.600789,-1,-1,-1
190,71,1268.00,769.00,96.00,265.00,0.819262,-1,-1,-1
190,72,1183.00,784.00,92.00,267.00,0.835762,-1,-1,-1
190,76,412.00,170.00,60.00,161.00,0.611934,-1,-1,-1
190,79,747.00,69.00,55.00,144.00,0.225318,-1,-1,-1
190,83,981.00,0.00,62.00,81.00,0.425899,-1,-1,-1
191,5,1711.00,450.00,95.00,216.00,0.853215,-1,-1,-1
191,6,400.00,546.00,74.00,239.00,0.834603,-1,-1,-1
191,8,298.00,400.00,71.00,216.00,0.855046,-1,-1,-1
191,9,1597.00,120.00,66.00,179.00,0.809701,-1,-1,-1
191,11,310.00,201.00,57.00,175.00,0.642161,-1,-1,-1
191,12,853.00,934.00,81.00,145.00,0.856771,-1,-1,-1
191,13,1575.00,592.00,95.00,232.00,0.803622,-1,-1,-1
191,20,677.00,280.00,58.00,129.00,0.543015,-1,-1,-1
191,21,1478.00,0.00,57.00,139.00,0.713512,-1,-1,-1
191,26,789.00,138.00,50.00,172.00,0.495331,-1,-1,-1
191,29,555.00,112.00,57.00,174.00,0.395813,-1,-1,-1
191,44,350.00,90.00,66.00,191.00,0.246820,-1,-1,-1
191,47,258.00,193.00,57.00,197.00,0.611545,-1,-1,-1
191,55,479.00,157.00,56.00,182.00,0.605127,-1,-1,-1
191,71,1268.00,765.00,94.00,260.00,0.829383,-1,-1,-1
191,72,1182.00,783.00,91.00,267.00,0.827245,-1,-1,-1
191,76,414.00,176.00,57.00,154.00,0.541531,-1,-1,-1
191,79,748.00,73.00,53.00,139.00,0.181820,-1,-1,-1
191,83,979.00,0.00,64.00,81.00,0.436831,-1,-1,-1
192,5,1711.00,449.00,95.00,217.00,0.842786,-1,-1,-1
192,6,400.00,546.00,76.00,241.00,0.853218,-1,-1,-1
192,8,298.00,400.00,71.00,216.00,0.860791,-1,-1,-1
192,9,1597.00,120.00,65.00,179.00,0.818399,-1,-1,-1
192,11,312.00,201.00,57.00,174.00,0.620500,-1,-1,-1
192,12,854.00,934.00,79.00,145.00,0.862773,-1,-1,-1
192,13,1575.00,592.00,96.00,231.00,0.814576,-1,-1,-1
192,20,678.00,281.00,57.00,128.00,0.524904,-1,-1,-1
192,21,1478.00,0.00,57.00,138.00,0.673534,-1,-1,-1
192,26,788.00,137.00,50.00,173.00,0.516962,-1,-1,-1
192,29,555.00,116.00,56.00,170.00,0.434977,-1,-1,-1
192,44,352.00,97.00,64.00,183.00,0.268907,-1,-1,-1
192,47,258.00,193.00,57.00,198.00,0.626266,-1,-1,-1
192,55,479.00,158.00,56.00,182.00,0.626061,-1,-1,-1
192,71,1266.00,761.00,94.00,263.00,0.830543,-1,-1,-1
192,72,1180.00,782.00,91.00,268.00,0.826758,-1,-1,-1
192,76,413.00,174.00,58.00,156.00,0.537831,-1,-1,-1
192,79,747.00,75.00,54.00,139.00,0.157303,-1,-1,-1
192,83,976.00,0.00,63.00,80.00,0.398905,-1,-1,-1
193,5,1711.00,449.00,95.00,217.00,0.843594,-1,-1,-1
193,6,400.00,546.00,79.00,243.00,0.867103,-1,-1,-1
193,8,299.00,401.00,71.00,215.00,0.851748,-1,-1,-1
193,9,1597.00,120.00,65.00,180.00,0.802328,-1,-1,-1
193,11,313.00,201.00,59.00,174.00,0.550030,-1,-1,-1
193,12,854.00,935.00,79.00,144.00,0.864436,-1,-1,-1
193,13,1574.00,592.00,97.00,231.00,0.792440,-1,-1,-1
193,20,679.00,282.00,56.00,127.00,0.484340,-1,-1,-1
193,21,1478.00,0.00,56.00,135.00,0.674760,-1,-1,-1
193,26,787.00,137.00,50.00,173.00,0.433536,-1,-1,-1
193,29,554.00,115.00,57.00,172.00,0.422044,-1,-1,-1
193,44,354.00,100.00,62.00,180.00,0.283532,-1,-1,-1
193,47,258.00,192.00,57.00,198.00,0.567073,-1,-1,-1
193,55,479.00,160.00,56.00,180.00,0.620583,-1,-1,-1
193,71,1264.00,757.00,91.00,260.00,0.832111,-1,-1,-1
193,72,1178.00,781.00,90.00,267.00,0.819010,-1,-1,-1
193,76,413.00,174.00,58.00,156.00,0.582481,-1,-1,-1
193,79,747.00,75.00,54.00,141.00,0.142718,-1,-1,-1
193,83,972.00,0.00,64.00,80.00,0.349755,-1,-1,-1
194,5,1711.00,450.00,95.00,216.00,0.844518,-1,-1,-1
194,6,400.00,547.00,80.00,243.00,0.865928,-1,-1,-1
194,8,299.00,402.00,71.00,214.00,0.860476,-1,-1,-1
194,9,1596.00,120.00,66.00,180.00,0.817798,-1,-1,-1
194,11,313.00,200.00,60.00,174.00,0.593008,-1,-1,-1
194,12,854.00,936.00,79.00,143.00,0.864371,-1,-1,-1
194,13,1574.00,592.00,97.00,231.00,0.797254,-1,-1,-1
194,20,678.00,281.00,58.00,128.00,0.475410,-1,-1,-1
194,21,1478.00,0.00,56.00,135.00,0.660915,-1,-1,-1
194,26,785.00,138.00,51.00,173.00,0.466203,-1,-1,-1
194,29,554.00,119.00,56.00,167.00,0.444522,-1,-1,-1
194,44,351.00,91.00,65.00,188.00,0.309219,-1,-1,-1
194,47,258.00,191.00,58.00,200.00,0.608580,-1,-1,-1
194,55,478.00,161.00,56.00,179.00,0.632039,-1,-1,-1
194,71,1260.00,753.00,92.00,262.00,0.824550,-1,-1,-1
194,72,1175.00,779.00,90.00,267.00,0.812619,-1,-1,-1
194,76,413.00,175.00,58.00,155.00,0.601186,-1,-1,-1
194,79,746.00,75.00,55.00,144.00,0.188548,-1,-1,-1
194,83,969.00,0.00,63.00,79.00,0.318020,-1,-1,-1
195,5,1711.00,450.00,95.00,215.00,0.848891,-1,-1,-1
195,6,400.00,548.00,83.00,243.00,0.872694,-1,-1,-1
195,8,299.00,403.00,72.00,216.00,0.868640,-1,-1,-1
195,9,1597.00,121.00,65.00,178.00,0.828907,-1,-1,-1
195,11,313.00,200.00,60.00,174.00,0.641181,-1,-1,-1
195,12,853.00,937.00,79.00,142.00,0.862377,-1,-1,-1
195,13,1572.00,592.00,98.00,231.00,0.787990,-1,-1,-1
195,20,679.00,282.00,57.00,127.00,0.500533,-1,-1,-1
195,21,1478.00,0.00,56.00,135.00,0.624575,-1,-1,-1
195,26,785.00,137.00,50.00,173.00,0.467137,-1,-1,-1
195,29,552.00,115.00,58.00,173.00,0.420871,-1,-1,-1
195,44,352.00,91.00,65.00,189.00,0.237310,-1,-1,-1
195,47,258.00,192.00,57.00,199.00,0.621230,-1,-1,-1
195,55,478.00,162.00,56.00,178.00,0.653415,-1,-1,-1
195,71,1257.00,749.00,92.00,266.00,0.826647,-1,-1,-1
195,72,1173.00,778.00,89.00,269.00,0.814054,-1,-1,-1
195,76,414.00,178.00,56.00,151.00,0.614248,-1,-1,-1
195,79,746.00,75.00,54.00,139.00,0.178248,-1,-1,-1
195,83,967.00,0.00,61.00,79.00,0.321486,-1,-1,-1
196,5,1711.00,450.00,95.00,215.00,0.844650,-1,-1,-1
196,6,401.00,550.00,85.00,242.00,0.876085,-1,-1,-1
196,8,299.00,404.00,72.00,218.00,0.866895,-1,-1,-1
196,9,1598.00,121.00,63.00,178.00,0.814858,-1,-1,-1
196,11,312.00,200.00,62.00,174.00,0.581280,-1,-1,-1
196,12,852.00,938.00,79.00,141.00,0.855757,-1,-1,-1
196,13,1571.00,591.00,99.00,232.00,0.829989,-1,-1,-1
196,20,678.00,282.00,57.00,127.00,0.495408,-1,-1,-1
196,21,1477.00,0.00,57.00,134.00,0.658134,-1,-1,-1
196,26,784.00,137.00,51.00,173.00,0.467305,-1,-1,-1
196,29,552.00,117.00,57.00,171.00,0.426657,-1,-1,-1
196,44,351.00,87.00,66.00,193.00,0.238548,-1,-1,-1
196,47,259.00,192.00,56.00,199.00,0.576882,-1,-1,-1
196,55,477.00,162.00,56.00,178.00,0.576136,-1,-1,-1
196,71,1252.00,747.00,92.00,266.00,0.812970,-1,-1,-1
196,72,1170.00,775.00,89.00,271.00,0.801837,-1,-1,-1
196,76,415.00,177.00,56.00,153.00,0.582602,-1,-1,-1
196,79,744.00,57.00,57.00,150.00,0.108440,-1,-1,-1
197,5,1712.00,450.00,94.00,215.00,0.831296,-1,-1,-1
197,6,402.00,550.00,86.00,243.00,0.868663,-1,-1,-1
197,8,299.00,406.00,73.00,219.00,0.869798,-1,-1,-1
197,9,1598.00,120.00,62.00,178.00,0.801810,-1,-1,-1
197,11,312.00,200.00,62.00,174.00,0.615765,-1,-1,-1
197,12,852.00,938.00,78.00,141.00,0.857981,-1,-1,-1
197,13,1570.00,591.00,100.00,231.00,0.819240,-1,-1,-1
197,20,679.00,283.00,56.00,126.00,0.532881,-1,-1,-1
197,21,1477.00,0.00,56.00,134.00,0.607979,-1,-1,-1
197,26,784.00,137.00,51.00,174.00,0.439504,-1,-1,-1
197,29,550.00,110.00,60.00,178.00,0.415248,-1,-1,-1
197,44,351.00,82.00,67.00,197.00,0.164145,-1,-1,-1
197,47,259.00,192.00,56.00,199.00,0.606187,-1,-1,-1
197,55,477.00,162.00,56.00,177.00,0.632841,-1,-1,-1
197,71,1248.00,745.00,92.00,267.00,0.823344,-1,-1,-1
197,72,1170.00,772.00,84.00,257.00,0.802147,-1,-1,-1
197,76,415.00,179.00,56.00,153.00,0.667782,-1,-1,-1
197,79,746.00,68.00,54.00,142.00,0.102241,-1,-1,-1
198,5,1712.00,450.00,94.00,215.00,0.845649,-1,-1,-1
198,6,402.00,551.00,88.00,243.00,0.874858,-1,-1,-1
198,8,299.00,410.00,73.00,219.00,0.877218,-1,-1,-1
198,9,1598.00,119.00,62.00,178.00,0.806249,-1,-1,-1
198,11,313.00,201.00,62.00,173.00,0.651934,-1,-1,-1
198,12,850.00,939.00,79.00,140.00,0.857464,-1,-1,-1
198,13,1570.00,591.00,100.00,231.00,0.865457,-1,-1,-1
198,20,678.00,283.00,58.00,126.00,0.531340,-1,-1,-1
198,21,1477.00,0.00,56.00,134.00,0.606089,-1,-1,-1
198,26,784.00,137.00,51.00,174.00,0.408784,-1,-1,-1
198,29,549.00,107.00,62.00,181.00,0.388400,-1,-1,-1
198,44,351.00,85.00,66.00,194.00,0.199016,-1,-1,-1
198,47,259.00,192.00,56.00,199.00,0.619012,-1,-1,-1
198,55,477.00,163.00,56.00,175.00,0.614365,-1,-1,-1
198,71,1246.00,744.00,91.00,268.00,0.829710,-1,-1,-1
198,72,1170.00,769.00,81.00,249.00,0.809516,-1,-1,-1
198,76,414.00,180.00,58.00,157.00,0.675940,-1,-1,-1
198,79,746.00,72.00,53.00,140.00,0.146882,-1,-1,-1
199,5,1712.00,450.00,94.00,215.00,0.848276,-1,-1,-1
199,6,403.00,552.00,89.00,243.00,0.877646,-1,-1,-1
199,8,299.00,412.00,73.00,219.00,0.872299,-1,-1,-1
199,9,1597.00,118.00,62.00,179.00,0.802052,-1,-1,-1
199,11,315.00,201.00,62.00,173.00,0.598106,-1,-1,-1
199,12,850.00,941.00,78.00,138.00,0.865153,-1,-1,-1
199,13,1570.00,591.00,100.00,231.00,0.862010,-1,-1,-1
199,20,678.00,282.00,57.00,127.00,0.541636,-1,-1,-1
199,21,1476.00,0.00,57.00,133.00,0.607975,-1,-1,-1
199,26,785.00,137.00,51.00,174.00,0.387485,-1,-1,-1
199,29,548.00,105.00,62.00,183.00,0.399744,-1,-1,-1
199,44,353.00,89.00,64.00,190.00,0.181963,-1,-1,-1
199,47,259.00,192.00,56.00,198.00,0.615140,-1,-1,-1
199,55,476.00,164.00,56.00,175.00,0.622061,-1,-1,-1
199,71,1243.00,743.00,92.00,270.00,0.819209,-1,-1,-1
199,72,1167.00,765.00,83.00,253.00,0.814593,-1,-1,-1
199,76,414.00,181.00,58.00,158.00,0.684504,-1,-1,-1
199,79,746.00,73.00,53.00,138.00,0.126556,-1,-1,-1
199,83,951.00,0.00,59.00,79.00,0.290178,-1,-1,-1
200,5,1711.00,451.00,94.00,214.00,0.837010,-1,-1,-1
200,6,403.00,553.00,89.00,243.00,0.853032,-1,-1,-1
200,8,299.00,414.00,73.00,219.00,0.875988,-1,-1,-1
200,9,1597.00,117.00,60.00,178.00,0.804171,-1,-1,-1
200,11,315.00,201.00,62.00,173.00,0.643327,-1,-1,-1
200,12,849.00,942.00,78.00,137.00,0.864319,-1,-1,-1
200,13,1569.00,590.00,101.00,232.00,0.836249,-1,-1,-1
200,20,677.00,281.00,58.00,128.00,0.549620,-1,-1,-1
200,21,1475.00,0.00,57.00,132.00,0.603228,-1,-1,-1
200,26,784.00,137.00,52.00,174.00,0.415353,-1,-1,-1
200,29,548.00,106.00,62.00,182.00,0.434101,-1,-1,-1
200,44,349.00,62.00,72.00,217.00,0.215727,-1,-1,-1
200,47,259.00,190.00,57.00,200.00,0.634462,-1,-1,-1
200,55,476.00,164.00,57.00,178.00,0.649956,-1,-1,-1
200,71,1241.00,742.00,91.00,270.00,0.829285,-1,-1,-1
200,72,1166.00,763.00,81.00,250.00,0.827907,-1,-1,-1
200,76,414.00,183.00,57.00,159.00,0.702405,-1,-1,-1
200,79,746.00,75.00,52.00,136.00,0.182474,-1,-1,-1
200,83,946.00,0.00,58.00,79.00,0.307559,-1,-1,-1
201,5,1712.00,451.00,93.00,214.00,0.841258,-1,-1,-1
201,6,405.00,554.00,89.00,243.00,0.861199,-1,-1,-1
201,8,299.00,416.00,73.00,218.00,0.882606,-1,-1,-1
201,9,1597.00,116.00,60.00,178.00,0.804844,-1,-1,-1
201,11,316.00,201.00,62.00,174.00,0.647915,-1,-1,-1
201,12,847.00,942.00,78.00,137.00,0.863323,-1,-1,-1
201,13,1569.00,590.00,101.00,233.00,0.854525,-1,-1,-1
201,20,677.00,281.00,59.00,128.00,0.542659,-1,-1,-1
201,21,1472.00,0.00,59.00,132.00,0.574213,-1,-1,-1
201,26,784.00,136.00,52.00,175.00,0.398264,-1,-1,-1
201,29,549.00,113.00,59.00,174.00,0.352416,-1,-1,-1
201,44,349.00,62.00,71.00,218.00,0.219408,-1,-1,-1
201,47,259.00,190.00,57.00,200.00,0.607679,-1,-1,-1
201,55,476.00,165.00,57.00,180.00,0.664187,-1,-1,-1
201,71,1239.00,741.00,91.00,270.00,0.823152,-1,-1,-1
201,72,1164.00,760.00,81.00,250.00,0.795628,-1,-1,-1
201,76,413.00,182.00,59.00,161.00,0.707941,-1,-1,-1
201,79,746.00,75.00,51.00,132.00,0.100484,-1,-1,-1
201,83,941.00,0.00,59.00,80.00,0.423307,-1,-1,-1
202,5,1712.00,451.00,94.00,214.00,0.843144,-1,-1,-1
202,6,405.00,554.00,91.00,244.00,0.873625,-1,-1,-1
202,8,299.00,418.00,73.00,220.00,0.879951,-1,-1,-1
202,9,1597.00,115.00,59.00,177.00,0.811344,-1,-1,-1
202,11,317.00,201.00,62.00,175.00,0.636100,-1,-1,-1
202,12,845.00,943.00,78.00,136.00,0.865339,-1,-1,-1
202,13,1569.00,591.00,101.00,232.00,0.838792,-1,-1,-1
202,20,678.00,282.00,58.00,127.00,0.504319,-1,-1,-1
202,21,1475.00,0.00,59.00,131.00,0.621243,-1,-1,-1
202,26,784.00,135.00,52.00,176.00,0.383749,-1,-1,-1
202,29,548.00,108.00,61.00,180.00,0.381865,-1,-1,-1
202,44,352.00,82.00,66.00,198.00,0.205424,-1,-1,-1
202,47,260.00,192.00,57.00,197.00,0.528282,-1,-1,-1
202,55,475.00,166.00,58.00,182.00,0.660775,-1,-1,-1
202,71,1237.00,740.00,91.00,269.00,0.821760,-1,-1,-1
202,72,1161.00,757.00,83.00,254.00,0.808746,-1,-1,-1
202,76,413.00,181.00,59.00,163.00,0.676479,-1,-1,-1
202,79,748.00,76.00,47.00,119.00,0.120053,-1,-1,-1
202,83,937.00,0.00,60.00,79.00,0.433658,-1,-1,-1
203,5,1711.00,451.00,94.00,214.00,0.839085,-1,-1,-1
203,6,405.00,554.00,91.00,244.00,0.868599,-1,-1,-1
203,8,298.00,419.00,73.00,222.00,0.876077,-1,-1,-1
203,9,1597.00,113.00,59.00,176.00,0.820054,-1,-1,-1
203,11,318.00,200.00,62.00,176.00,0.629916,-1,-1,-1
203,12,843.00,944.00,79.00,135.00,0.850762,-1,-1,-1
203,13,1569.00,592.00,102.00,231.00,0.816499,-1,-1,-1
203,20,678.00,281.00,58.00,128.00,0.446971,-1,-1,-1
203,21,1477.00,0.00,58.00,132.00,0.649972,-1,-1,-1
203,26,784.00,135.00,52.00,176.00,0.365958,-1,-1,-1
203,29,548.00,106.00,62.00,182.00,0.376128,-1,-1,-1
203,44,354.00,91.00,62.00,189.00,0.206886,-1,-1,-1
203,47,260.00,191.00,57.00,198.00,0.503109,-1,-1,-1
203,55,476.00,168.00,57.00,182.00,0.655710,-1,-1,-1
203,71,1236.00,740.00,91.00,268.00,0.810755,-1,-1,-1
203,72,1158.00,753.00,84.00,258.00,0.778943,-1,-1,-1
203,76,414.00,184.00,57.00,160.00,0.621471,-1,-1,-1
203,79,748.00,75.00,45.00,113.00,0.115917,-1,-1,-1
203,83,934.00,0.00,61.00,79.00,0.480999,-1,-1,-1
204,5,1711.00,450.00,95.00,216.00,0.845608,-1,-1,-1
204,6,406.00,554.00,91.00,244.00,0.866519,-1,-1,-1
204,8,297.00,420.00,74.00,223.00,0.880042,-1,-1,-1
204,9,1597.00,111.00,58.00,175.00,0.818599,-1,-1,-1
204,11,318.00,199.00,63.00,177.00,0.633635,-1,-1,-1
204,12,842.00,944.00,79.00,135.00,0.864790,-1,-1,-1
204,13,1569.00,592.00,102.00,231.00,0.827318,-1,-1,-1
204,20,678.00,280.00,58.00,129.00,0.445091,-1,-1,-1
204,21,1477.00,0.00,59.00,133.00,0.658546,-1,-1,-1
204,26,784.00,134.00,53.00,176.00,0.377584,-1,-1,-1
204,29,548.00,106.00,62.00,182.00,0.373699,-1,-1,-1
204,44,351.00,89.00,64.00,191.00,0.153030,-1,-1,-1
204,47,259.00,189.00,58.00,200.00,0.486421,-1,-1,-1
204,55,475.00,170.00,57.00,181.00,0.645779,-1,-1,-1
204,71,1233.00,739.00,91.00,268.00,0.798003,-1,-1,-1
204,72,1155.00,751.00,84.00,259.00,0.809350,-1,-1,-1
204,76,413.00,187.00,56.00,158.00,0.595714,-1,-1,-1
204,79,745.00,56.00,50.00,127.00,0.161012,-1,-1,-1
204,83,932.00,1.00,62.00,78.00,0.424360,-1,-1,-1
205,5,1712.00,451.00,93.00,214.00,0.850987,-1,-1,-1
205,6,406.00,554.00,91.00,244.00,0.857975,-1,-1,-1
205,8,297.00,422.00,73.00,221.00,0.872820,-1,-1,-1
205,9,1597.00,110.00,58.00,173.00,0.812380,-1,-1,-1
205,11,319.00,199.00,62.00,177.00,0.629825,-1,-1,-1
205,12,841.00,944.00,79.00,135.00,0.858243,-1,-1,-1
205,13,1570.00,593.00,101.00,230.00,0.813793,-1,-1,-1
205,20,678.00,281.00,58.00,128.00,0.447291,-1,-1,-1
205,21,1477.00,0.00,59.00,134.00,0.649975,-1,-1,-1
205,26,782.00,133.00,54.00,178.00,0.375609,-1,-1,-1
205,29,548.00,109.00,62.00,179.00,0.388619,-1,-1,-1
205,44,355.00,99.00,61.00,180.00,0.161620,-1,-1,-1
205,47,259.00,189.00,58.00,200.00,0.435408,-1,-1,-1
205,55,474.00,171.00,57.00,182.00,0.634848,-1,-1,-1
205,71,1230.00,736.00,91.00,270.00,0.784389,-1,-1,-1
205,72,1152.00,749.00,84.00,261.00,0.825913,-1,-1,-1
205,76,413.00,188.00,56.00,156.00,0.540383,-1,-1,-1
205,79,747.00,67.00,47.00,117.00,0.115945,-1,-1,-1
205,83,931.00,1.00,62.00,78.00,0.389156,-1,-1,-1
206,5,1712.00,451.00,93.00,213.00,0.852090,-1,-1,-1
206,6,408.00,554.00,92.00,244.00,0.868498,-1,-1,-1
206,8,297.00,422.00,73.00,222.00,0.866396,-1,-1,-1
206,9,1598.00,108.00,57.00,172.00,0.803035,-1,-1,-1
206,11,320.00,199.00,61.00,178.00,0.632853,-1,-1,-1
206,12,841.00,944.00,79.00,135.00,0.861482,-1,-1,-1
206,13,1569.00,594.00,101.00,229.00,0.803011,-1,-1,-1
206,20,678.00,281.00,58.00,128.00,0.470817,-1,-1,-1
206,21,1477.00,1.00,59.00,134.00,0.629834,-1,-1,-1
206,26,782.00,133.00,54.00,178.00,0.377798,-1,-1,-1
206,29,547.00,107.00,63.00,181.00,0.354178,-1,-1,-1
206,44,356.00,103.00,60.00,177.00,0.116549,-1,-1,-1
206,47,259.00,187.00,58.00,201.00,0.372437,-1,-1,-1
206,55,473.00,172.00,58.00,183.00,0.650567,-1,-1,-1
206,71,1226.00,732.00,91.00,271.00,0.768219,-1,-1,-1
206,72,1149.00,748.00,84.00,261.00,0.833859,-1,-1,-1
206,76,413.00,188.00,55.00,157.00,0.525141,-1,-1,-1
206,79,744.00,53.00,52.00,128.00,0.202650,-1,-1,-1
206,83,930.00,0.00,63.00,78.00,0.426781,-1,-1,-1
207,5,1711.00,450.00,94.00,215.00,0.851056,-1,-1,-1
207,6,411.00,554.00,91.00,244.00,0.872083,-1,-1,-1
207,8,296.00,422.00,73.00,221.00,0.867612,-1,-1,-1
207,9,1598.00,106.00,57.00,172.00,0.806220,-1,-1,-1
207,11,321.00,199.00,61.00,176.00,0.592889,-1,-1,-1
207,12,840.00,944.00,79.00,135.00,0.849701,-1,-1,-1
207,13,1568.00,593.00,102.00,230.00,0.843295,-1,-1,-1
207,20,678.00,280.00,58.00,129.00,0.528292,-1,-1,-1
207,21,1477.00,1.00,59.00,135.00,0.574361,-1,-1,-1
207,26,782.00,133.00,54.00,178.00,0.371433,-1,-1,-1
207,29,549.00,115.00,60.00,173.00,0.389679,-1,-1,-1
207,44,358.00,110.00,58.00,168.00,0.157282,-1,-1,-1
207,47,258.00,188.00,57.00,199.00,0.452720,-1,-1,-1
207,55,472.00,172.00,58.00,183.00,0.666482,-1,-1,-1
207,71,1224.00,728.00,91.00,273.00,0.777701,-1,-1,-1
207,72,1147.00,747.00,84.00,262.00,0.833663,-1,-1,-1
207,76,411.00,187.00,55.00,158.00,0.560410,-1,-1,-1
207,79,744.00,48.00,52.00,132.00,0.155389,-1,-1,-1
207,83,928.00,0.00,63.00,78.00,0.445480,-1,-1,-1
208,5,1711.00,450.00,94.00,215.00,0.849728,-1,-1,-1
208,6,414.00,554.00,90.00,244.00,0.864339,-1,-1,-1
208,8,296.00,422.00,73.00,221.00,0.866146,-1,-1,-1
208,9,1599.00,105.00,57.00,173.00,0.813424,-1,-1,-1
208,11,322.00,199.00,60.00,176.00,0.629072,-1,-1,-1
208,12,838.00,944.00,80.00,135.00,0.844439,-1,-1,-1
208,13,1567.00,592.00,103.00,231.00,0.832877,-1,-1,-1
208,20,677.00,280.00,59.00,129.00,0.479457,-1,-1,-1
208,21,1475.00,1.00,61.00,136.00,0.585360,-1,-1,-1
208,26,781.00,133.00,55.00,179.00,0.345634,-1,-1,-1
208,29,549.00,117.00,60.00,171.00,0.384314,-1,-1,-1
208,44,359.00,113.00,57.00,165.00,0.162566,-1,-1,-1
208,47,257.00,188.00,57.00,196.00,0.408787,-1,-1,-1
208,55,472.00,173.00,58.00,183.00,0.661819,-1,-1,-1
208,71,1222.00,724.00,90.00,271.00,0.788237,-1,-1,-1
208,72,1146.00,746.00,83.00,262.00,0.830071,-1,-1,-1
208,76,408.00,186.00,57.00,159.00,0.544573,-1,-1,-1
208,79,746.00,62.00,48.00,120.00,0.139684,-1,-1,-1
208,83,926.00,0.00,62.00,76.00,0.357151,-1,-1,-1
209,5,1712.00,451.00,92.00,213.00,0.845570,-1,-1,-1
209,6,418.00,554.00,88.00,243.00,0.851682,-1,-1,-1
209,8,295.00,423.00,73.00,220.00,0.867030,-1,-1,-1
209,9,1599.00,104.00,57.00,173.00,0.806937,-1,-1,-1
209,11,323.00,199.00,60.00,177.00,0.656853,-1,-1,-1
209,12,837.00,944.00,81.00,135.00,0.839292,-1,-1,-1
209,13,1567.00,592.00,104.00,231.00,0.819026,-1,-1,-1
209,20,678.00,281.00,58.00,128.00,0.513068,-1,-1,-1
209,21,1473.00,1.00,63.00,137.00,0.566164,-1,-1,-1
209,26,781.00,133.00,54.00,179.00,0.390313,-1,-1,-1
209,29,549.00,119.00,59.00,168.00,0.395076,-1,-1,-1
209,44,357.00,114.00,58.00,166.00,0.132648,-1,-1,-1
209,47,258.00,186.00,57.00,197.00,0.407064,-1,-1,-1
209,55,471.00,173.00,59.00,183.00,0.676227,-1,-1,-1
209,71,1222.00,722.00,85.00,258.00,0.819755,-1,-1,-1
209,72,1143.00,744.00,84.00,263.00,0.838798,-1,-1,-1
209,76,408.00,186.00,56.00,159.00,0.520693,-1,-1,-1
209,79,744.00,51.00,51.00,129.00,0.204112,-1,-1,-1
209,83,923.00,0.00,62.00,77.00,0.308091,-1,-1,-1
210,5,1712.00,450.00,93.00,215.00,0.830063,-1,-1,-1
210,6,422.00,555.00,87.00,243.00,0.839864,-1,-1,-1
210,8,295.00,423.00,73.00,220.00,0.877369,-1,-1,-1
210,9,1599.00,104.00,57.00,173.00,0.798012,-1,-1,-1
210,11,324.00,198.00,60.00,179.00,0.606425,-1,-1,-1
210,12,837.00,945.00,80.00,134.00,0.843105,-1,-1,-1
210,13,1569.00,594.00,103.00,229.00,0.791269,-1,-1,-1
210,20,678.00,283.00,58.00,126.00,0.533443,-1,-1,-1
210,21,1474.00,1.00,63.00,138.00,0.559678,-1,-1,-1
210,26,779.00,132.00,55.00,179.00,0.388374,-1,-1,-1
210,29,549.00,120.00,60.00,167.00,0.356316,-1,-1,-1
210,44,356.00,111.00,58.00,169.00,0.120652,-1,-1,-1
210,47,258.00,191.00,56.00,191.00,0.432506,-1,-1,-1
210,55,472.00,174.00,58.00,182.00,0.691951,-1,-1,-1
210,71,1221.00,718.00,84.00,254.00,0.810618,-1,-1,-1
210,72,1140.00,743.00,84.00,263.00,0.822132,-1,-1,-1
210,76,406.00,187.00,57.00,157.00,0.612900,-1,-1,-1
210,79,747.00,66.00,47.00,116.00,0.174790,-1,-1,-1
210,83,919.00,0.00,61.00,77.00,0.269285,-1,-1,-1
211,5,1712.00,450.00,93.00,215.00,0.834840,-1,-1,-1
211,6,427.00,555.00,86.00,244.00,0.827687,-1,-1,-1
211,8,296.00,425.00,72.00,218.00,0.878510,-1,-1,-1
211,9,1599.00,104.00,57.00,172.00,0.759139,-1,-1,-1
211,11,325.00,198.00,60.00,179.00,0.647881,-1,-1,-1
211,12,837.00,945.00,80.00,134.00,0.834396,-1,-1,-1
211,13,1569.00,595.00,103.00,228.00,0.821757,-1,-1,-1
211,20,677.00,281.00,59.00,128.00,0.494514,-1,-1,-1
211,21,1472.00,0.00,64.00,137.00,0.612989,-1,-1,-1
211,26,780.00,132.00,54.00,178.00,0.439413,-1,-1,-1
211,29,548.00,110.00,63.00,178.00,0.209795,-1,-1,-1
211,47,257.00,193.00,56.00,188.00,0.495060,-1,-1,-1
211,55,471.00,175.00,58.00,181.00,0.677248,-1,-1,-1
211,71,1220.00,714.00,84.00,255.00,0.837895,-1,-1,-1
211,72,1139.00,742.00,84.00,262.00,0.805819,-1,-1,-1
211,76,405.00,187.00,58.00,157.00,0.621661,-1,-1,-1
211,79,748.00,72.00,46.00,111.00,0.176692,-1,-1,-1
212,5,1712.00,450.00,93.00,215.00,0.835104,-1,-1,-1
212,6,431.00,555.00,85.00,246.00,0.829429,-1,-1,-1
212,8,296.00,425.00,72.00,217.00,0.858556,-1,-1,-1
212,9,1599.00,104.00,56.00,171.00,0.765579,-1,-1,-1
212,11,326.00,198.00,59.00,178.00,0.665029,-1,-1,-1
212,12,837.00,946.00,80.00,133.00,0.838946,-1,-1,-1
212,13,1573.00,597.00,101.00,226.00,0.784700,-1,-1,-1
212,20,678.00,282.00,58.00,127.00,0.490514,-1,-1,-1
212,21,1474.00,1.00,64.00,135.00,0.568408,-1,-1,-1
212,26,779.00,132.00,54.00,178.00,0.429981,-1,-1,-1
212,29,548.00,113.00,63.00,175.00,0.254097,-1,-1,-1
212,47,257.00,190.00,56.00,191.00,0.432311,-1,-1,-1
212,55,471.00,175.00,58.00,181.00,0.644245,-1,-1,-1
212,71,1220.00,711.00,83.00,256.00,0.841164,-1,-1,-1
212,72,1136.00,739.00,84.00,262.00,0.836845,-1,-1,-1
212,76,409.00,185.00,58.00,160.00,0.520647,-1,-1,-1
212,79,748.00,75.00,45.00,109.00,0.163204,-1,-1,-1
213,5,1712.00,450.00,93.00,215.00,0.837667,-1,-1,-1
213,6,435.00,555.00,84.00,247.00,0.828412,-1,-1,-1
213,8,295.00,426.00,73.00,217.00,0.856538,-1,-1,-1
213,9,1599.00,104.00,56.00,171.00,0.732689,-1,-1,-1
213,11,327.00,198.00,59.00,178.00,0.617912,-1,-1,-1
213,12,837.00,946.00,80.00,133.00,0.850909,-1,-1,-1
213,13,1572.00,595.00,102.00,229.00,0.822472,-1,-1,-1
213,20,677.00,281.00,59.00,128.00,0.496749,-1,-1,-1
213,21,1476.00,2.00,63.00,132.00,0.661632,-1,-1,-1
213,26,780.00,132.00,54.00,177.00,0.402997,-1,-1,-1
213,29,549.00,117.00,62.00,171.00,0.264598,-1,-1,-1
213,47,257.00,190.00,57.00,191.00,0.486648,-1,-1,-1
213,55,470.00,175.00,59.00,181.00,0.615726,-1,-1,-1
213,71,1218.00,709.00,84.00,258.00,0.823680,-1,-1,-1
213,72,1133.00,737.00,84.00,262.00,0.831311,-1,-1,-1
213,76,410.00,187.00,57.00,159.00,0.583506,-1,-1,-1
214,5,1712.00,451.00,93.00,214.00,0.834897,-1,-1,-1
214,6,437.00,555.00,84.00,250.00,0.837295,-1,-1,-1
214,8,295.00,428.00,73.00,219.00,0.845294,-1,-1,-1
214,9,1599.00,104.00,56.00,170.00,0.727082,-1,-1,-1
214,11,328.00,197.00,59.00,178.00,0.625066,-1,-1,-1
214,12,837.00,946.00,81.00,133.00,0.856927,-1,-1,-1
214,13,1572.00,596.00,101.00,227.00,0.839099,-1,-1,-1
214,20,677.00,281.00,59.00,128.00,0.508465,-1,-1,-1
214,21,1479.00,4.00,62.00,129.00,0.681525,-1,-1,-1
214,26,780.00,132.00,54.00,176.00,0.364481,-1,-1,-1
214,29,549.00,113.00,63.00,176.00,0.342358,-1,-1,-1
214,47,257.00,190.00,57.00,191.00,0.508675,-1,-1,-1
214,55,470.00,175.00,58.00,180.00,0.619618,-1,-1,-1
214,71,1214.00,707.00,85.00,261.00,0.829547,-1,-1,-1
214,72,1130.00,734.00,83.00,261.00,0.845538,-1,-1,-1
214,76,407.00,188.00,59.00,161.00,0.659135,-1,-1,-1
215,5,1712.00,450.00,93.00,216.00,0.841594,-1,-1,-1
215,6,440.00,556.00,82.00,251.00,0.828588,-1,-1,-1
215,8,294.00,431.00,74.00,220.00,0.836336,-1,-1,-1
215,9,1599.00,104.00,56.00,171.00,0.734142,-1,-1,-1
215,11,329.00,198.00,58.00,174.00,0.625187,-1,-1,-1
215,12,837.00,946.00,81.00,133.00,0.847669,-1,-1,-1
215,13,1573.00,596.00,101.00,227.00,0.838387,-1,-1,-1
215,20,677.00,281.00,59.00,128.00,0.504985,-1,-1,-1
215,21,1481.00,5.00,60.00,127.00,0.587483,-1,-1,-1
215,26,780.00,132.00,53.00,175.00,0.349371,-1,-1,-1
215,29,549.00,113.00,63.00,175.00,0.389736,-1,-1,-1
215,47,257.00,186.00,58.00,194.00,0.555077,-1,-1,-1
215,55,469.00,176.00,59.00,179.00,0.570582,-1,-1,-1
215,71,1211.00,705.00,85.00,262.00,0.810307,-1,-1,-1
215,72,1128.00,731.00,83.00,256.00,0.837158,-1,-1,-1
215,76,406.00,188.00,60.00,165.00,0.634751,-1,-1,-1
216,5,1712.00,450.00,93.00,215.00,0.831269,-1,-1,-1
216,6,443.00,557.00,81.00,251.00,0.837922,-1,-1,-1
216,8,294.00,435.00,74.00,220.00,0.840784,-1,-1,-1
216,9,1599.00,104.00,56.00,171.00,0.753701,-1,-1,-1
216,11,330.00,199.00,57.00,172.00,0.634402,-1,-1,-1
216,12,838.00,946.00,81.00,133.00,0.846984,-1,-1,-1
216,13,1573.00,596.00,101.00,228.00,0.823280,-1,-1,-1
216,20,677.00,281.00,59.00,128.00,0.513540,-1,-1,-1
216,21,1482.00,4.00,61.00,128.00,0.583492,-1,-1,-1
216,26,780.00,132.00,54.00,175.00,0.354337,-1,-1,-1
216,29,549.00,108.00,65.00,181.00,0.238166,-1,-1,-1
216,47,257.00,189.00,58.00,191.00,0.566015,-1,-1,-1
216,55,469.00,176.00,58.00,179.00,0.524295,-1,-1,-1
216,71,1207.00,705.00,86.00,264.00,0.820523,-1,-1,-1
216,72,1126.00,728.00,81.00,251.00,0.835220,-1,-1,-1
216,76,407.00,190.00,61.00,166.00,0.592792,-1,-1,-1
217,5,1712.00,451.00,93.00,214.00,0.837853,-1,-1,-1
217,6,448.00,557.00,80.00,252.00,0.807300,-1,-1,-1
217,8,294.00,437.00,74.00,220.00,0.842569,-1,-1,-1
217,9,1599.00,103.00,56.00,171.00,0.734413,-1,-1,-1
217,11,331.00,199.00,56.00,169.00,0.594450,-1,-1,-1
217,12,838.00,946.00,82.00,133.00,0.851912,-1,-1,-1
217,13,1572.00,596.00,101.00,228.00,0.838845,-1,-1,-1
217,20,678.00,281.00,58.00,128.00,0.489226,-1,-1,-1
217,21,1484.00,3.00,60.00,129.00,0.616711,-1,-1,-1
217,26,780.00,132.00,54.00,175.00,0.377193,-1,-1,-1
217,29,549.00,106.00,66.00,182.00,0.251465,-1,-1,-1
217,47,259.00,191.00,57.00,188.00,0.479028,-1,-1,-1
217,55,468.00,176.00,59.00,181.00,0.523041,-1,-1,-1
217,71,1202.00,704.00,86.00,264.00,0.822506,-1,-1,-1
217,72,1123.00,725.00,81.00,249.00,0.832871,-1,-1,-1
217,76,408.00,190.00,61.00,167.00,0.569929,-1,-1,-1
217,83,892.00,0.00,60.00,76.00,0.317962,-1,-1,-1
218,5,1712.00,451.00,92.00,215.00,0.842312,-1,-1,-1
218,6,454.00,559.00,81.00,251.00,0.839204,-1,-1,-1
218,8,295.00,439.00,73.00,220.00,0.831488,-1,-1,-1
218,9,1599.00,102.00,56.00,172.00,0.776593,-1,-1,-1
218,11,332.00,199.00,56.00,169.00,0.628398,-1,-1,-1
218,12,839.00,946.00,82.00,133.00,0.845684,-1,-1,-1
218,13,1572.00,595.00,101.00,229.00,0.832681,-1,-1,-1
218,20,677.00,280.00,59.00,129.00,0.483885,-1,-1,-1
218,21,1485.00,4.00,59.00,127.00,0.616207,-1,-1,-1
218,26,780.00,132.00,54.00,175.00,0.364355,-1,-1,-1
218,29,550.00,107.00,65.00,181.00,0.186296,-1,-1,-1
218,47,258.00,188.00,58.00,191.00,0.583083,-1,-1,-1
218,55,467.00,178.00,60.00,181.00,0.525838,-1,-1,-1
218,71,1196.00,703.00,87.00,264.00,0.833859,-1,-1,-1
218,72,1121.00,722.00,80.00,249.00,0.828886,-1,-1,-1
218,76,408.00,192.00,60.00,168.00,0.616459,-1,-1,-1
218,83,889.00,0.00,60.00,75.00,0.329916,-1,-1,-1
219,5,1711.00,451.00,93.00,215.00,0.846376,-1,-1,-1
219,6,460.00,560.00,81.00,248.00,0.857120,-1,-1,-1
219,8,295.00,441.00,73.00,220.00,0.843762,-1,-1,-1
219,9,1599.00,101.00,56.00,173.00,0.768281,-1,-1,-1
219,11,331.00,199.00,56.00,168.00,0.631644,-1,-1,-1
219,12,840.00,947.00,82.00,132.00,0.848354,-1,-1,-1
219,13,1572.00,595.00,101.00,229.00,0.819272,-1,-1,-1
219,20,678.00,281.00,59.00,128.00,0.448762,-1,-1,-1
219,21,1486.00,5.00,58.00,125.00,0.616705,-1,-1,-1
219,26,780.00,132.00,54.00,175.00,0.338380,-1,-1,-1
219,29,551.00,110.00,63.00,177.00,0.119669,-1,-1,-1
219,47,259.00,188.00,58.00,191.00,0.503934,-1,-1,-1
219,55,466.00,177.00,61.00,186.00,0.555903,-1,-1,-1
219,71,1193.00,703.00,87.00,263.00,0.856777,-1,-1,-1
219,72,1119.00,719.00,81.00,252.00,0.825404,-1,-1,-1
219,76,407.00,195.00,60.00,167.00,0.625018,-1,-1,-1
219,83,888.00,0.00,60.00,75.00,0.307070,-1,-1,-1
220,5,1712.00,451.00,93.00,215.00,0.844073,-1,-1,-1
220,6,463.00,561.00,82.00,245.00,0.871505,-1,-1,-1
220,8,295.00,443.00,74.00,223.00,0.827771,-1,-1,-1
220,9,1598.00,99.00,56.00,174.00,0.746516,-1,-1,-1
220,11,331.00,198.00,56.00,168.00,0.632676,-1,-1,-1
220,12,841.00,947.00,82.00,132.00,0.851065,-1,-1,-1
220,13,1573.00,595.00,101.00,228.00,0.828031,-1,-1,-1
220,20,677.00,280.00,59.00,129.00,0.500458,-1,-1,-1
220,21,1487.00,4.00,58.00,126.00,0.644668,-1,-1,-1
220,26,780.00,132.00,55.00,176.00,0.436261,-1,-1,-1
220,29,551.00,110.00,64.00,177.00,0.130867,-1,-1,-1
220,47,259.00,186.00,58.00,193.00,0.547000,-1,-1,-1
220,55,465.00,178.00,62.00,188.00,0.536625,-1,-1,-1
220,71,1190.00,702.00,88.00,263.00,0.864990,-1,-1,-1
220,72,1116.00,717.00,82.00,254.00,0.838147,-1,-1,-1
220,76,407.00,196.00,59.00,167.00,0.653223,-1,-1,-1
220,83,886.00,0.00,61.00,74.00,0.297131,-1,-1,-1
221,5,1712.00,451.00,93.00,214.00,0.853188,-1,-1,-1
221,6,464.00,562.00,84.00,244.00,0.866415,-1,-1,-1
221,8,296.00,444.00,73.00,225.00,0.840824,-1,-1,-1
221,9,1597.00,98.00,57.00,175.00,0.783359,-1,-1,-1
221,11,332.00,197.00,55.00,168.00,0.620877,-1,-1,-1
221,12,843.00,948.00,81.00,131.00,0.865409,-1,-1,-1
221,13,1573.00,595.00,100.00,228.00,0.822957,-1,-1,-1
221,20,677.00,281.00,59.00,128.00,0.490974,-1,-1,-1
221,21,1488.00,5.00,58.00,126.00,0.633115,-1,-1,-1
221,26,781.00,132.00,54.00,175.00,0.419298,-1,-1,-1
221,29,551.00,106.00,65.00,182.00,0.225132,-1,-1,-1
221,47,260.00,185.00,58.00,193.00,0.534182,-1,-1,-1
221,55,465.00,180.00,62.00,188.00,0.604155,-1,-1,-1
221,71,1188.00,701.00,88.00,262.00,0.865949,-1,-1,-1
221,72,1114.00,715.00,82.00,255.00,0.819080,-1,-1,-1
221,76,408.00,196.00,59.00,167.00,0.673802,-1,-1,-1
221,83,885.00,0.00,62.00,74.00,0.330845,-1,-1,-1
222,5,1711.00,451.00,93.00,214.00,0.844159,-1,-1,-1
222,6,464.00,563.00,86.00,245.00,0.854575,-1,-1,-1
222,8,297.00,445.00,73.00,225.00,0.843758,-1,-1,-1
222,9,1597.00,96.00,56.00,174.00,0.785698,-1,-1,-1
222,11,332.00,197.00,56.00,168.00,0.647411,-1,-1,-1
222,12,845.00,949.00,81.00,130.00,0.872766,-1,-1,-1
222,13,1573.00,595.00,100.00,228.00,0.831971,-1,-1,-1
222,20,678.00,281.00,58.00,128.00,0.493864,-1,-1,-1
222,21,1490.00,7.00,57.00,124.00,0.615333,-1,-1,-1
222,26,781.00,132.00,55.00,175.00,0.445713,-1,-1,-1
222,29,551.00,103.00,66.00,184.00,0.178664,-1,-1,-1
222,47,260.00,183.00,59.00,194.00,0.587290,-1,-1,-1
222,55,465.00,181.00,62.00,188.00,0.632635,-1,-1,-1
222,71,1187.00,699.00,88.00,263.00,0.859343,-1,-1,-1
222,72,1112.00,714.00,82.00,257.00,0.820051,-1,-1,-1
222,76,408.00,197.00,58.00,167.00,0.683678,-1,-1,-1
222,83,884.00,0.00,62.00,74.00,0.299203,-1,-1,-1
223,5,1711.00,451.00,93.00,215.00,0.846184,-1,-1,-1
223,6,465.00,564.00,88.00,246.00,0.860763,-1,-1,-1
223,8,298.00,446.00,73.00,224.00,0.856101,-1,-1,-1
223,9,1596.00,95.00,56.00,172.00,0.801131,-1,-1,-1
223,11,331.00,196.00,57.00,171.00,0.654463,-1,-1,-1
223,12,847.00,950.00,81.00,129.00,0.866377,-1,-1,-1
223,13,1572.00,594.00,101.00,229.00,0.841260,-1,-1,-1
223,20,677.00,280.00,59.00,129.00,0.488449,-1,-1,-1
223,21,1492.00,9.00,55.00,119.00,0.590592,-1,-1,-1
223,26,780.00,132.00,54.00,174.00,0.351624,-1,-1,-1
223,29,551.00,101.00,66.00,187.00,0.231207,-1,-1,-1
223,47,260.00,184.00,60.00,192.00,0.626711,-1,-1,-1
223,55,463.00,182.00,63.00,189.00,0.627731,-1,-1,-1
223,71,1185.00,696.00,87.00,261.00,0.826479,-1,-1,-1
223,72,1110.00,713.00,82.00,258.00,0.819364,-1,-1,-1
223,76,405.00,198.00,58.00,166.00,0.665195,-1,-1,-1
223,83,882.00,0.00,63.00,74.00,0.201303,-1,-1,-1
224,5,1712.00,451.00,92.00,215.00,0.862969,-1,-1,-1
224,6,465.00,565.00,91.00,248.00,0.861996,-1,-1,-1
224,8,299.00,446.00,73.00,224.00,0.848144,-1,-1,-1
224,9,1595.00,93.00,56.00,171.00,0.802906,-1,-1,-1
224,11,332.00,196.00,56.00,171.00,0.655898,-1,-1,-1
224,12,849.00,950.00,80.00,129.00,0.866989,-1,-1,-1
224,13,1571.00,593.00,101.00,230.00,0.837832,-1,-1,-1
224,20,678.00,281.00,58.00,128.00,0.462237,-1,-1,-1
224,21,1493.00,10.00,55.00,120.00,0.594183,-1,-1,-1
224,26,781.00,132.00,54.00,174.00,0.360237,-1,-1,-1
224,29,551.00,102.00,66.00,186.00,0.113014,-1,-1,-1
224,47,261.00,184.00,60.00,193.00,0.599355,-1,-1,-1
224,55,462.00,185.00,63.00,188.00,0.605358,-1,-1,-1
224,71,1183.00,693.00,88.00,265.00,0.809713,-1,-1,-1
224,72,1108.00,712.00,81.00,259.00,0.842122,-1,-1,-1
224,76,403.00,198.00,59.00,167.00,0.668522,-1,-1,-1
224,83,880.00,0.00,63.00,73.00,0.227670,-1,-1,-1
225,5,1711.00,452.00,92.00,213.00,0.855428,-1,-1,-1
225,6,465.00,565.00,93.00,249.00,0.864579,-1,-1,-1
225,8,300.00,447.00,73.00,224.00,0.864302,-1,-1,-1
225,9,1595.00,92.00,56.00,171.00,0.802564,-1,-1,-1
225,11,331.00,196.00,57.00,169.00,0.618154,-1,-1,-1
225,12,851.00,951.00,79.00,127.00,0.874783,-1,-1,-1
225,13,1571.00,592.00,102.00,232.00,0.840634,-1,-1,-1
225,20,678.00,281.00,58.00,128.00,0.490597,-1,-1,-1
225,21,1491.00,6.00,58.00,124.00,0.645836,-1,-1,-1
225,26,782.00,132.00,54.00,174.00,0.429582,-1,-1,-1
225,47,263.00,187.00,59.00,189.00,0.615242,-1,-1,-1
225,55,463.00,188.00,62.00,186.00,0.556461,-1,-1,-1
225,71,1181.00,689.00,86.00,260.00,0.814130,-1,-1,-1
225,72,1106.00,712.00,81.00,259.00,0.863382,-1,-1,-1
225,76,403.00,199.00,58.00,165.00,0.635354,-1,-1,-1
225,83,879.00,1.00,61.00,72.00,0.228248,-1,-1,-1
226,5,1711.00,451.00,92.00,214.00,0.848129,-1,-1,-1
226,6,467.00,564.00,94.00,250.00,0.893727,-1,-1,-1
226,8,301.00,448.00,73.00,223.00,0.876605,-1,-1,-1
226,9,1595.00,91.00,56.00,171.00,0.802249,-1,-1,-1
226,11,331.00,195.00,57.00,170.00,0.609293,-1,-1,-1
226,12,853.00,951.00,80.00,127.00,0.862020,-1,-1,-1
226,13,1570.00,592.00,103.00,231.00,0.834418,-1,-1,-1
226,20,678.00,280.00,59.00,129.00,0.459133,-1,-1,-1
226,21,1492.00,4.00,58.00,126.00,0.627156,-1,-1,-1
226,26,782.00,132.00,54.00,174.00,0.422617,-1,-1,-1
226,47,264.00,189.00,58.00,186.00,0.611894,-1,-1,-1
226,55,463.00,188.00,62.00,187.00,0.581947,-1,-1,-1
226,71,1179.00,684.00,83.00,253.00,0.819610,-1,-1,-1
226,72,1103.00,710.00,81.00,259.00,0.843688,-1,-1,-1
226,76,404.00,200.00,56.00,164.00,0.648699,-1,-1,-1
226,83,876.00,1.00,61.00,72.00,0.240289,-1,-1,-1
227,5,1711.00,451.00,91.00,213.00,0.853330,-1,-1,-1
227,6,469.00,565.00,94.00,249.00,0.881113,-1,-1,-1
227,8,302.00,448.00,73.00,222.00,0.876541,-1,-1,-1
227,9,1594.00,90.00,56.00,171.00,0.793144,-1,-1,-1
227,11,331.00,195.00,57.00,170.00,0.577492,-1,-1,-1
227,12,855.00,951.00,80.00,128.00,0.863941,-1,-1,-1
227,13,1572.00,592.00,101.00,231.00,0.835708,-1,-1,-1
227,20,677.00,280.00,59.00,129.00,0.480141,-1,-1,-1
227,21,1492.00,4.00,58.00,125.00,0.665790,-1,-1,-1
227,26,782.00,133.00,55.00,173.00,0.442428,-1,-1,-1
227,47,263.00,190.00,59.00,185.00,0.564441,-1,-1,-1
227,55,462.00,189.00,61.00,186.00,0.577188,-1,-1,-1
227,71,1176.00,680.00,83.00,253.00,0.816187,-1,-1,-1
227,72,1102.00,708.00,80.00,259.00,0.815194,-1,-1,-1
227,76,404.00,200.00,56.00,163.00,0.617342,-1,-1,-1
227,83,873.00,1.00,59.00,72.00,0.205375,-1,-1,-1
228,5,1711.00,451.00,91.00,213.00,0.857628,-1,-1,-1
228,6,472.00,565.00,94.00,249.00,0.861997,-1,-1,-1
228,8,302.00,450.00,73.00,220.00,0.877389,-1,-1,-1
228,9,1594.00,89.00,56.00,172.00,0.781765,-1,-1,-1
228,11,331.00,195.00,57.00,170.00,0.614518,-1,-1,-1
228,12,857.00,952.00,80.00,127.00,0.874280,-1,-1,-1
228,13,1571.00,592.00,102.00,232.00,0.843935,-1,-1,-1
228,20,678.00,280.00,59.00,129.00,0.534789,-1,-1,-1
228,21,1493.00,7.00,57.00,122.00,0.682485,-1,-1,-1
228,26,783.00,133.00,54.00,173.00,0.462488,-1,-1,-1
228,44,353.00,103.00,65.00,188.00,0.262607,-1,-1,-1
228,47,263.00,187.00,59.00,189.00,0.602524,-1,-1,-1
228,55,461.00,189.00,62.00,186.00,0.591767,-1,-1,-1
228,71,1173.00,677.00,83.00,254.00,0.826895,-1,-1,-1
228,72,1099.00,704.00,81.00,262.00,0.807007,-1,-1,-1
228,76,404.00,201.00,55.00,162.00,0.640497,-1,-1,-1
228,79,744.00,42.00,56.00,141.00,0.332736,-1,-1,-1
228,83,870.00,0.00,58.00,72.00,0.194620,-1,-1,-1
229,5,1711.00,451.00,91.00,213.00,0.854199,-1,-1,-1
229,6,476.00,565.00,93.00,249.00,0.851531,-1,-1,-1
229,8,303.00,450.00,73.00,220.00,0.874007,-1,-1,-1
229,9,1593.00,88.00,56.00,173.00,0.743654,-1,-1,-1
229,11,331.00,196.00,57.00,169.00,0.590507,-1,-1,-1
229,12,859.00,952.00,80.00,127.00,0.856845,-1,-1,-1
229,13,1570.00,592.00,102.00,232.00,0.827109,-1,-1,-1
229,20,677.00,280.00,59.00,129.00,0.528664,-1,-1,-1
229,21,1493.00,3.00,58.00,127.00,0.668411,-1,-1,-1
229,26,783.00,133.00,55.00,173.00,0.425589,-1,-1,-1
229,44,351.00,100.00,65.00,188.00,0.228689,-1,-1,-1
229,47,263.00,186.00,60.00,190.00,0.569402,-1,-1,-1
229,55,459.00,187.00,63.00,189.00,0.592475,-1,-1,-1
229,71,1170.00,674.00,84.00,257.00,0.820480,-1,-1,-1
229,72,1097.00,701.00,81.00,263.00,0.798912,-1,-1,-1
229,76,402.00,201.00,55.00,162.00,0.628590,-1,-1,-1
229,79,744.00,41.00,54.00,140.00,0.294237,-1,-1,-1
229,83,868.00,0.00,55.00,72.00,0.175645,-1,-1,-1
230,5,1711.00,451.00,90.00,214.00,0.856500,-1,-1,-1
230,6,482.00,566.00,90.00,248.00,0.845900,-1,-1,-1
230,8,303.00,451.00,73.00,220.00,0.880650,-1,-1,-1
230,9,1590.00,88.00,57.00,174.00,0.729777,-1,-1,-1
230,11,331.00,196.00,57.00,169.00,0.597592,-1,-1,-1
230,12,861.00,952.00,81.00,127.00,0.867862,-1,-1,-1
230,13,1569.00,590.00,103.00,234.00,0.830824,-1,-1,-1
230,20,677.00,280.00,59.00,129.00,0.538658,-1,-1,-1
230,21,1493.00,2.00,60.00,130.00,0.626283,-1,-1,-1
230,26,783.00,134.00,55.00,172.00,0.386583,-1,-1,-1
230,44,353.00,101.00,63.00,183.00,0.208586,-1,-1,-1
230,47,265.00,192.00,58.00,182.00,0.541047,-1,-1,-1
230,55,459.00,189.00,62.00,187.00,0.581084,-1,-1,-1
230,71,1168.00,672.00,84.00,259.00,0.815078,-1,-1,-1
230,72,1096.00,697.00,80.00,264.00,0.761935,-1,-1,-1
230,76,402.00,202.00,54.00,161.00,0.655390,-1,-1,-1
230,79,744.00,41.00,54.00,140.00,0.257786,-1,-1,-1
230,83,867.00,0.00,54.00,72.00,0.207944,-1,-1,-1
230,107,1449.00,90.00,66.00,164.00,0.448180,-1,-1,-1
231,5,1711.00,451.00,90.00,214.00,0.847789,-1,-1,-1
231,6,488.00,567.00,88.00,246.00,0.828450,-1,-1,-1
231,8,303.00,453.00,74.00,220.00,0.887372,-1,-1,-1
231,9,1588.00,88.00,57.00,174.00,0.733660,-1,-1,-1
231,11,331.00,196.00,57.00,169.00,0.580612,-1,-1,-1
231,12,863.00,953.00,80.00,126.00,0.862711,-1,-1,-1
231,13,1570.00,592.00,103.00,231.00,0.822075,-1,-1,-1
231,20,677.00,280.00,59.00,129.00,0.540984,-1,-1,-1
231,21,1494.00,4.00,60.00,130.00,0.596761,-1,-1,-1
231,26,784.00,134.00,54.00,172.00,0.337254,-1,-1,-1
231,44,353.00,103.00,62.00,179.00,0.210948,-1,-1,-1
231,47,266.00,192.00,58.00,181.00,0.560661,-1,-1,-1
231,55,457.00,186.00,63.00,190.00,0.641674,-1,-1,-1
231,71,1166.00,671.00,84.00,260.00,0.817746,-1,-1,-1
231,72,1096.00,695.00,77.00,253.00,0.784212,-1,-1,-1
231,76,402.00,205.00,54.00,159.00,0.652303,-1,-1,-1
231,79,745.00,41.00,53.00,138.00,0.190813,-1,-1,-1
231,83,865.00,0.00,53.00,72.00,0.163667,-1,-1,-1
231,107,1448.00,90.00,67.00,164.00,0.576241,-1,-1,-1
232,5,1711.00,452.00,90.00,213.00,0.848596,-1,-1,-1
232,6,494.00,566.00,86.00,247.00,0.829418,-1,-1,-1
232,8,303.00,455.00,75.00,223.00,0.889792,-1,-1,-1
232,9,1586.00,87.00,58.00,174.00,0.756497,-1,-1,-1
232,11,330.00,196.00,57.00,169.00,0.557262,-1,-1,-1
232,12,864.00,953.00,81.00,126.00,0.869591,-1,-1,-1
232,13,1569.00,591.00,103.00,232.00,0.838528,-1,-1,-1
232,20,677.00,280.00,59.00,129.00,0.529508,-1,-1,-1
232,21,1495.00,6.00,59.00,130.00,0.614342,-1,-1,-1
232,26,784.00,133.00,55.00,172.00,0.421365,-1,-1,-1
232,44,352.00,103.00,63.00,179.00,0.274329,-1,-1,-1
232,47,266.00,190.00,58.00,183.00,0.520455,-1,-1,-1
232,55,456.00,185.00,63.00,191.00,0.660800,-1,-1,-1
232,71,1164.00,670.00,83.00,261.00,0.823308,-1,-1,-1
232,72,1095.00,693.00,75.00,244.00,0.797373,-1,-1,-1
232,76,402.00,206.00,54.00,159.00,0.655297,-1,-1,-1
232,79,747.00,41.00,51.00,136.00,0.183821,-1,-1,-1
232,83,860.00,0.00,53.00,72.00,0.178117,-1,-1,-1
232,107,1447.00,88.00,67.00,165.00,0.565450,-1,-1,-1
233,5,1711.00,452.00,89.00,213.00,0.842832,-1,-1,-1
233,6,499.00,567.00,85.00,247.00,0.839107,-1,-1,-1
233,8,303.00,458.00,75.00,224.00,0.888905,-1,-1,-1
233,9,1585.00,87.00,57.00,174.00,0.764223,-1,-1,-1
233,11,330.00,196.00,57.00,169.00,0.580222,-1,-1,-1
233,12,866.00,953.00,80.00,126.00,0.869585,-1,-1,-1
233,13,1570.00,593.00,103.00,230.00,0.827437,-1,-1,-1
233,20,677.00,281.00,59.00,128.00,0.527089,-1,-1,-1
233,21,1495.00,5.00,59.00,131.00,0.596781,-1,-1,-1
233,26,785.00,133.00,55.00,173.00,0.440464,-1,-1,-1
233,29,546.00,110.00,65.00,182.00,0.291552,-1,-1,-1
233,44,349.00,100.00,65.00,183.00,0.257270,-1,-1,-1
233,47,266.00,187.00,59.00,185.00,0.523996,-1,-1,-1
233,55,456.00,185.00,63.00,190.00,0.647950,-1,-1,-1
233,71,1162.00,670.00,84.00,261.00,0.822669,-1,-1,-1
233,72,1092.00,690.00,75.00,244.00,0.818248,-1,-1,-1
233,76,402.00,206.00,54.00,162.00,0.672512,-1,-1,-1
233,79,747.00,41.00,51.00,136.00,0.184902,-1,-1,-1
233,83,857.00,0.00,52.00,73.00,0.249018,-1,-1,-1
233,107,1450.00,86.00,66.00,165.00,0.614439,-1,-1,-1
234,5,1712.00,452.00,88.00,212.00,0.840640,-1,-1,-1
234,6,504.00,566.00,83.00,248.00,0.834075,-1,-1,-1
234,8,302.00,460.00,77.00,226.00,0.888483,-1,-1,-1
234,9,1583.00,87.00,58.00,174.00,0.761068,-1,-1,-1
234,11,330.00,195.00,56.00,170.00,0.623703,-1,-1,-1
234,12,867.00,953.00,81.00,126.00,0.865830,-1,-1,-1
234,13,1571.00,593.00,102.00,230.00,0.835080,-1,-1,-1
234,20,677.00,280.00,59.00,129.00,0.518348,-1,-1,-1
234,21,1494.00,4.00,59.00,131.00,0.620969,-1,-1,-1
234,26,785.00,133.00,56.00,173.00,0.400590,-1,-1,-1
234,29,545.00,110.00,66.00,181.00,0.204419,-1,-1,-1
234,44,348.00,99.00,66.00,182.00,0.243662,-1,-1,-1
234,47,266.00,186.00,59.00,186.00,0.541103,-1,-1,-1
234,55,455.00,185.00,63.00,190.00,0.628582,-1,-1,-1
234,71,1161.00,669.00,84.00,260.00,0.826946,-1,-1,-1
234,72,1089.00,688.00,76.00,244.00,0.786605,-1,-1,-1
234,76,401.00,206.00,55.00,164.00,0.673909,-1,-1,-1
234,79,747.00,41.00,53.00,142.00,0.118228,-1,-1,-1
234,83,853.00,0.00,53.00,73.00,0.186080,-1,-1,-1
234,107,1452.00,85.00,66.00,164.00,0.600284,-1,-1,-1
235,5,1713.00,452.00,87.00,212.00,0.840140,-1,-1,-1
235,6,508.00,567.00,82.00,247.00,0.851942,-1,-1,-1
235,8,302.00,462.00,77.00,227.00,0.882263,-1,-1,-1
235,9,1582.00,87.00,58.00,174.00,0.694801,-1,-1,-1
235,11,329.00,194.00,57.00,171.00,0.583916,-1,-1,-1
235,12,868.00,953.00,81.00,126.00,0.869973,-1,-1,-1
235,13,1572.00,594.00,102.00,229.00,0.757506,-1,-1,-1
235,20,677.00,280.00,59.00,129.00,0.508664,-1,-1,-1
235,21,1493.00,4.00,58.00,130.00,0.603201,-1,-1,-1
235,26,785.00,133.00,56.00,173.00,0.366157,-1,-1,-1
235,29,543.00,111.00,67.00,181.00,0.196760,-1,-1,-1
235,44,348.00,100.00,66.00,181.00,0.252092,-1,-1,-1
235,47,267.00,186.00,59.00,186.00,0.501829,-1,-1,-1
235,55,456.00,188.00,61.00,186.00,0.640368,-1,-1,-1
235,71,1160.00,669.00,84.00,258.00,0.825369,-1,-1,-1
235,72,1086.00,685.00,76.00,247.00,0.802813,-1,-1,-1
235,76,401.00,208.00,55.00,164.00,0.672077,-1,-1,-1
235,79,747.00,41.00,52.00,139.00,0.223936,-1,-1,-1
235,83,851.00,0.00,53.00,73.00,0.226559,-1,-1,-1
235,107,1455.00,84.00,64.00,161.00,0.428654,-1,-1,-1
236,5,1714.00,452.00,86.00,212.00,0.833855,-1,-1,-1
236,6,513.00,567.00,82.00,247.00,0.849968,-1,-1,-1
236,8,302.00,464.00,77.00,227.00,0.887770,-1,-1,-1
236,9,1581.00,87.00,59.00,175.00,0.688959,-1,-1,-1
236,11,329.00,193.00,57.00,172.00,0.540751,-1,-1,-1
236,12,869.00,953.00,81.00,126.00,0.871218,-1,-1,-1
236,13,1571.00,592.00,103.00,232.00,0.798703,-1,-1,-1
236,20,678.00,281.00,58.00,128.00,0.513794,-1,-1,-1
236,21,1492.00,3.00,58.00,128.00,0.519349,-1,-1,-1
236,26,785.00,133.00,56.00,174.00,0.412226,-1,-1,-1
236,29,543.00,111.00,67.00,179.00,0.152103,-1,-1,-1
236,44,349.00,100.00,66.00,179.00,0.238525,-1,-1,-1
236,47,267.00,181.00,60.00,191.00,0.546786,-1,-1,-1
236,55,456.00,190.00,62.00,187.00,0.593386,-1,-1,-1
236,71,1158.00,667.00,85.00,258.00,0.827857,-1,-1,-1
236,72,1083.00,683.00,77.00,248.00,0.811429,-1,-1,-1
236,76,401.00,209.00,55.00,166.00,0.630897,-1,-1,-1
236,79,747.00,41.00,51.00,135.00,0.185353,-1,-1,-1
236,83,849.00,0.00,53.00,72.00,0.240310,-1,-1,-1
236,107,1454.00,83.00,63.00,159.00,0.605410,-1,-1,-1
237,5,1715.00,453.00,85.00,211.00,0.836908,-1,-1,-1
237,6,519.00,568.00,81.00,246.00,0.842566,-1,-1,-1
237,8,301.00,466.00,77.00,227.00,0.887308,-1,-1,-1
237,9,1579.00,87.00,59.00,174.00,0.691538,-1,-1,-1
237,11,328.00,193.00,57.00,172.00,0.543338,-1,-1,-1
237,12,869.00,954.00,81.00,125.00,0.871570,-1,-1,-1
237,13,1570.00,592.00,103.00,231.00,0.797708,-1,-1,-1
237,20,678.00,282.00,58.00,127.00,0.477264,-1,-1,-1
237,21,1492.00,3.00,57.00,125.00,0.529694,-1,-1,-1
237,26,785.00,133.00,57.00,173.00,0.378388,-1,-1,-1
237,29,541.00,110.00,68.00,181.00,0.272059,-1,-1,-1
237,44,350.00,102.00,66.00,178.00,0.179697,-1,-1,-1
237,47,267.00,176.00,61.00,196.00,0.571668,-1,-1,-1
237,55,456.00,192.00,61.00,188.00,0.583596,-1,-1,-1
237,71,1156.00,666.00,85.00,260.00,0.829895,-1,-1,-1
237,72,1081.00,682.00,78.00,249.00,0.824820,-1,-1,-1
237,76,401.00,211.00,56.00,165.00,0.628236,-1,-1,-1
237,79,748.00,41.00,51.00,134.00,0.137568,-1,-1,-1
237,83,848.00,0.00,53.00,71.00,0.254185,-1,-1,-1
237,107,1453.00,82.00,63.00,159.00,0.579099,-1,-1,-1
238,5,1715.00,453.00,85.00,211.00,0.844595,-1,-1,-1
238,6,525.00,569.00,82.00,245.00,0.854523,-1,-1,-1
238,8,300.00,467.00,77.00,228.00,0.890413,-1,-1,-1
238,9,1578.00,87.00,59.00,172.00,0.686576,-1,-1,-1
238,11,328.00,192.00,57.00,171.00,0.514558,-1,-1,-1
238,12,870.00,955.00,81.00,124.00,0.871871,-1,-1,-1
238,13,1571.00,593.00,102.00,230.00,0.835042,-1,-1,-1
238,20,678.00,281.00,58.00,128.00,0.490050,-1,-1,-1
238,21,1493.00,4.00,56.00,125.00,0.365524,-1,-1,-1
238,26,785.00,132.00,57.00,174.00,0.356952,-1,-1,-1
238,29,541.00,110.00,68.00,180.00,0.227021,-1,-1,-1
238,44,347.00,99.00,67.00,180.00,0.174951,-1,-1,-1
238,47,268.00,176.00,60.00,194.00,0.536327,-1,-1,-1
238,55,456.00,195.00,61.00,188.00,0.587205,-1,-1,-1
238,71,1154.00,662.00,85.00,262.00,0.829575,-1,-1,-1
238,72,1079.00,681.00,78.00,249.00,0.813712,-1,-1,-1
238,76,400.00,210.00,56.00,166.00,0.612724,-1,-1,-1
238,83,846.00,0.00,52.00,70.00,0.175725,-1,-1,-1
238,107,1453.00,81.00,63.00,160.00,0.546290,-1,-1,-1
239,5,1716.00,452.00,84.00,212.00,0.837462,-1,-1,-1
239,6,528.00,570.00,84.00,244.00,0.867785,-1,-1,-1
239,8,299.00,469.00,77.00,229.00,0.885023,-1,-1,-1
239,9,1577.00,85.00,59.00,175.00,0.637248,-1,-1,-1
239,11,328.00,192.00,56.00,173.00,0.521978,-1,-1,-1
239,12,871.00,955.00,80.00,124.00,0.872552,-1,-1,-1
239,13,1570.00,592.00,103.00,230.00,0.831139,-1,-1,-1
239,20,678.00,281.00,58.00,128.00,0.496708,-1,-1,-1
239,21,1494.00,8.00,57.00,125.00,0.339202,-1,-1,-1
239,26,785.00,132.00,57.00,174.00,0.394653,-1,-1,-1
239,29,542.00,113.00,67.00,177.00,0.283544,-1,-1,-1
239,44,346.00,98.00,67.00,179.00,0.164894,-1,-1,-1
239,47,269.00,175.00,59.00,196.00,0.551552,-1,-1,-1
239,55,456.00,198.00,60.00,187.00,0.597254,-1,-1,-1
239,71,1151.00,660.00,87.00,263.00,0.842297,-1,-1,-1
239,72,1077.00,679.00,79.00,251.00,0.811171,-1,-1,-1
239,76,400.00,211.00,55.00,166.00,0.634161,-1,-1,-1
239,83,844.00,0.00,53.00,69.00,0.166380,-1,-1,-1
239,107,1452.00,80.00,61.00,159.00,0.507487,-1,-1,-1
240,5,1716.00,453.00,84.00,212.00,0.838945,-1,-1,-1
240,6,530.00,571.00,84.00,243.00,0.878553,-1,-1,-1
240,8,297.00,470.00,78.00,229.00,0.869379,-1,-1,-1
240,9,1576.00,84.00,59.00,175.00,0.693369,-1,-1,-1
240,11,327.00,191.00,57.00,173.00,0.576681,-1,-1,-1
240,12,871.00,956.00,81.00,123.00,0.871703,-1,-1,-1
240,13,1569.00,590.00,104.00,233.00,0.823807,-1,-1,-1
240,20,678.00,282.00,58.00,127.00,0.494426,-1,-1,-1
240,21,1493.00,9.00,57.00,124.00,0.257654,-1,-1,-1
240,26,784.00,132.00,57.00,174.00,0.346753,-1,-1,-1
240,29,541.00,112.00,68.00,178.00,0.366482,-1,-1,-1
240,44,345.00,100.00,67.00,177.00,0.215813,-1,-1,-1
240,47,269.00,174.00,60.00,196.00,0.570150,-1,-1,-1
240,55,455.00,195.00,62.00,193.00,0.573816,-1,-1,-1
240,71,1149.00,657.00,87.00,263.00,0.837369,-1,-1,-1
240,72,1075.00,679.00,79.00,251.00,0.823187,-1,-1,-1
240,76,399.00,210.00,56.00,168.00,0.662206,-1,-1,-1
240,83,843.00,0.00,51.00,68.00,0.156265,-1,-1,-1
240,107,1453.00,80.00,62.00,159.00,0.551904,-1,-1,-1
241,5,1717.00,453.00,83.00,213.00,0.835404,-1,-1,-1
241,6,530.00,571.00,85.00,244.00,0.855152,-1,-1,-1
241,8,296.00,470.00,77.00,229.00,0.869801,-1,-1,-1
241,9,1575.00,82.00,59.00,175.00,0.678223,-1,-1,-1
241,11,328.00,192.00,55.00,170.00,0.553126,-1,-1,-1
241,12,872.00,956.00,81.00,123.00,0.870557,-1,-1,-1
241,13,1569.00,588.00,105.00,236.00,0.817076,-1,-1,-1
241,20,677.00,281.00,59.00,128.00,0.506070,-1,-1,-1
241,21,1493.00,10.00,55.00,120.00,0.188450,-1,-1,-1
241,26,784.00,132.00,57.00,174.00,0.391276,-1,-1,-1
241,29,541.00,113.00,68.00,177.00,0.322647,-1,-1,-1
241,44,344.00,100.00,68.00,179.00,0.212180,-1,-1,-1
241,47,271.00,174.00,58.00,194.00,0.579480,-1,-1,-1
241,55,455.00,199.00,60.00,191.00,0.586282,-1,-1,-1
241,71,1146.00,653.00,86.00,261.00,0.840002,-1,-1,-1
241,72,1072.00,677.00,79.00,253.00,0.822669,-1,-1,-1
241,76,398.00,212.00,56.00,166.00,0.630848,-1,-1,-1
241,83,842.00,0.00,51.00,67.00,0.121712,-1,-1,-1
241,107,1454.00,79.00,61.00,160.00,0.575284,-1,-1,-1
242,5,1718.00,452.00,83.00,213.00,0.834756,-1,-1,-1
242,6,531.00,571.00,86.00,244.00,0.831723,-1,-1,-1
242,8,295.00,471.00,76.00,228.00,0.883079,-1,-1,-1
242,9,1575.00,80.00,58.00,173.00,0.660009,-1,-1,-1
242,11,328.00,192.00,56.00,170.00,0.541725,-1,-1,-1
242,12,872.00,956.00,81.00,123.00,0.868082,-1,-1,-1
242,13,1569.00,587.00,105.00,237.00,0.856380,-1,-1,-1
242,20,677.00,281.00,59.00,128.00,0.521674,-1,-1,-1
242,26,784.00,133.00,57.00,172.00,0.372464,-1,-1,-1
242,29,542.00,112.00,68.00,178.00,0.355226,-1,-1,-1
242,44,344.00,98.00,68.00,180.00,0.299860,-1,-1,-1
242,47,271.00,173.00,59.00,194.00,0.607640,-1,-1,-1
242,55,453.00,199.00,61.00,193.00,0.602649,-1,-1,-1
242,71,1144.00,651.00,84.00,256.00,0.853070,-1,-1,-1
242,72,1070.00,676.00,80.00,252.00,0.824458,-1,-1,-1
242,76,397.00,210.00,57.00,168.00,0.618720,-1,-1,-1
242,83,839.00,0.00,50.00,67.00,0.107988,-1,-1,-1
242,107,1453.00,79.00,60.00,158.00,0.368746,-1,-1,-1
243,5,1719.00,452.00,81.00,213.00,0.835033,-1,-1,-1
243,6,531.00,571.00,86.00,244.00,0.836440,-1,-1,-1
243,8,294.00,472.00,77.00,228.00,0.872434,-1,-1,-1
243,9,1575.00,79.00,58.00,170.00,0.707638,-1,-1,-1
243,11,328.00,192.00,56.00,168.00,0.562678,-1,-1,-1
243,12,872.00,956.00,81.00,122.00,0.865592,-1,-1,-1
243,13,1570.00,591.00,103.00,233.00,0.836025,-1,-1,-1
243,20,677.00,280.00,59.00,129.00,0.542147,-1,-1,-1
243,21,1491.00,16.00,55.00,120.00,0.297985,-1,-1,-1
243,26,784.00,132.00,57.00,173.00,0.340977,-1,-1,-1
243,29,543.00,113.00,67.00,177.00,0.237957,-1,-1,-1
243,44,345.00,98.00,68.00,179.00,0.270590,-1,-1,-1
243,47,272.00,173.00,58.00,193.00,0.610547,-1,-1,-1
243,51,408.00,70.00,57.00,159.00,0.360461,-1,-1,-1
243,55,454.00,202.00,59.00,191.00,0.614630,-1,-1,-1
243,71,1141.00,647.00,83.00,250.00,0.843494,-1,-1,-1
243,72,1068.00,674.00,79.00,251.00,0.815991,-1,-1,-1
243,76,395.00,209.00,58.00,169.00,0.570953,-1,-1,-1
243,107,1452.00,79.00,59.00,158.00,0.480187,-1,-1,-1
244,5,1719.00,452.00,81.00,213.00,0.831896,-1,-1,-1
244,6,531.00,571.00,87.00,244.00,0.839694,-1,-1,-1
244,8,294.00,472.00,76.00,228.00,0.846185,-1,-1,-1
244,9,1574.00,77.00,58.00,170.00,0.695456,-1,-1,-1
244,11,328.00,191.00,56.00,168.00,0.585730,-1,-1,-1
244,12,872.00,956.00,82.00,122.00,0.869269,-1,-1,-1
244,13,1570.00,589.00,104.00,234.00,0.836894,-1,-1,-1
244,20,677.00,280.00,59.00,129.00,0.502155,-1,-1,-1
244,21,1490.00,17.00,55.00,119.00,0.456774,-1,-1,-1
244,26,784.00,133.00,57.00,172.00,0.332337,-1,-1,-1
244,29,542.00,113.00,67.00,179.00,0.337324,-1,-1,-1
244,44,348.00,102.00,65.00,173.00,0.240834,-1,-1,-1
244,47,273.00,174.00,57.00,192.00,0.600783,-1,-1,-1
244,51,407.00,71.00,60.00,164.00,0.369843,-1,-1,-1
244,55,453.00,204.00,59.00,189.00,0.634305,-1,-1,-1
244,71,1139.00,644.00,82.00,247.00,0.833284,-1,-1,-1
244,72,1065.00,671.00,81.00,252.00,0.806966,-1,-1,-1
244,76,399.00,209.00,57.00,168.00,0.473754,-1,-1,-1
244,107,1451.00,79.00,59.00,160.00,0.405705,-1,-1,-1
245,5,1719.00,452.00,80.00,213.00,0.834401,-1,-1,-1
245,6,530.00,570.00,88.00,246.00,0.835032,-1,-1,-1
245,8,293.00,473.00,76.00,227.00,0.859894,-1,-1,-1
245,9,1574.00,75.00,57.00,170.00,0.688897,-1,-1,-1
245,11,329.00,191.00,56.00,168.00,0.556686,-1,-1,-1
245,12,873.00,956.00,81.00,123.00,0.881075,-1,-1,-1
245,13,1570.00,591.00,103.00,232.00,0.834954,-1,-1,-1
245,20,677.00,280.00,59.00,129.00,0.548047,-1,-1,-1
245,21,1489.00,17.00,56.00,122.00,0.556633,-1,-1,-1
245,26,785.00,133.00,57.00,172.00,0.322408,-1,-1,-1
245,29,543.00,113.00,67.00,178.00,0.376840,-1,-1,-1
245,44,348.00,101.00,65.00,175.00,0.233245,-1,-1,-1
245,47,274.00,174.00,57.00,192.00,0.583235,-1,-1,-1
245,51,408.00,73.00,59.00,163.00,0.384519,-1,-1,-1
245,55,453.00,205.00,59.00,188.00,0.681881,-1,-1,-1
245,71,1138.00,641.00,81.00,247.00,0.828724,-1,-1,-1
245,72,1064.00,668.00,82.00,252.00,0.816713,-1,-1,-1
245,76,394.00,209.00,59.00,169.00,0.619884,-1,-1,-1
245,79,747.00,40.00,53.00,142.00,0.272157,-1,-1,-1
245,107,1448.00,79.00,59.00,158.00,0.364883,-1,-1,-1
246,5,1720.00,452.00,79.00,213.00,0.830992,-1,-1,-1
246,6,530.00,571.00,88.00,245.00,0.834636,-1,-1,-1
246,8,292.00,474.00,76.00,226.00,0.860649,-1,-1,-1
246,9,1574.00,74.00,57.00,170.00,0.703784,-1,-1,-1
246,11,329.00,190.00,56.00,169.00,0.548054,-1,-1,-1
246,12,873.00,957.00,82.00,122.00,0.866675,-1,-1,-1
246,13,1571.00,593.00,102.00,230.00,0.827697,-1,-1,-1
246,20,676.00,279.00,59.00,130.00,0.508406,-1,-1,-1
246,21,1488.00,16.00,57.00,125.00,0.541799,-1,-1,-1
246,26,785.00,132.00,57.00,173.00,0.341812,-1,-1,-1
246,29,542.00,112.00,67.00,179.00,0.302780,-1,-1,-1
246,44,347.00,100.00,66.00,177.00,0.229895,-1,-1,-1
246,47,275.00,175.00,57.00,190.00,0.552617,-1,-1,-1
246,51,409.00,74.00,58.00,163.00,0.371667,-1,-1,-1
246,55,453.00,205.00,58.00,187.00,0.649207,-1,-1,-1
246,71,1136.00,640.00,81.00,247.00,0.817989,-1,-1,-1
246,72,1061.00,665.00,79.00,244.00,0.834723,-1,-1,-1
246,76,396.00,210.00,58.00,167.00,0.550723,-1,-1,-1
246,79,746.00,40.00,54.00,145.00,0.257891,-1,-1,-1
246,107,1449.00,79.00,57.00,155.00,0.349191,-1,-1,-1
247,5,1719.00,452.00,80.00,212.00,0.835291,-1,-1,-1
247,6,532.00,570.00,87.00,245.00,0.825148,-1,-1,-1
247,8,292.00,474.00,75.00,226.00,0.858774,-1,-1,-1
247,9,1574.00,74.00,57.00,169.00,0.636687,-1,-1,-1
247,11,329.00,190.00,57.00,169.00,0.482477,-1,-1,-1
247,12,873.00,957.00,83.00,122.00,0.871675,-1,-1,-1
247,13,1572.00,595.00,101.00,229.00,0.771423,-1,-1,-1
247,20,677.00,280.00,58.00,128.00,0.475520,-1,-1,-1
247,21,1487.00,15.00,58.00,128.00,0.620092,-1,-1,-1
247,26,786.00,132.00,57.00,173.00,0.328128,-1,-1,-1
247,29,543.00,111.00,66.00,181.00,0.221477,-1,-1,-1
247,44,347.00,101.00,65.00,174.00,0.193392,-1,-1,-1
247,47,276.00,174.00,56.00,191.00,0.526055,-1,-1,-1
247,51,408.00,75.00,60.00,165.00,0.361524,-1,-1,-1
247,55,452.00,205.00,58.00,187.00,0.612963,-1,-1,-1
247,71,1134.00,638.00,81.00,250.00,0.819605,-1,-1,-1
247,72,1059.00,663.00,78.00,241.00,0.838589,-1,-1,-1
247,76,394.00,211.00,59.00,169.00,0.540820,-1,-1,-1
247,79,746.00,39.00,53.00,142.00,0.196846,-1,-1,-1
247,107,1446.00,80.00,57.00,151.00,0.343221,-1,-1,-1
248,5,1720.00,452.00,79.00,213.00,0.830409,-1,-1,-1
248,6,534.00,570.00,87.00,245.00,0.820825,-1,-1,-1
248,8,292.00,476.00,75.00,223.00,0.848048,-1,-1,-1
248,9,1574.00,73.00,57.00,169.00,0.500499,-1,-1,-1
248,11,330.00,189.00,58.00,169.00,0.451277,-1,-1,-1
248,12,874.00,956.00,82.00,123.00,0.881162,-1,-1,-1
248,13,1572.00,595.00,102.00,229.00,0.817647,-1,-1,-1
248,20,677.00,280.00,58.00,129.00,0.484152,-1,-1,-1
248,21,1487.00,15.00,58.00,128.00,0.616635,-1,-1,-1
248,26,786.00,132.00,57.00,173.00,0.324089,-1,-1,-1
248,29,543.00,109.00,66.00,182.00,0.239395,-1,-1,-1
248,44,348.00,102.00,64.00,173.00,0.167927,-1,-1,-1
248,47,277.00,174.00,56.00,190.00,0.527986,-1,-1,-1
248,51,410.00,75.00,58.00,161.00,0.326624,-1,-1,-1
248,55,452.00,203.00,58.00,189.00,0.596328,-1,-1,-1
248,71,1131.00,637.00,81.00,251.00,0.835857,-1,-1,-1
248,72,1056.00,659.00,79.00,241.00,0.838962,-1,-1,-1
248,76,393.00,212.00,60.00,171.00,0.526785,-1,-1,-1
248,79,744.00,40.00,56.00,149.00,0.131652,-1,-1,-1
248,107,1444.00,79.00,56.00,151.00,0.407616,-1,-1,-1
249,5,1720.00,452.00,79.00,213.00,0.830403,-1,-1,-1
249,6,537.00,570.00,87.00,246.00,0.805610,-1,-1,-1
249,8,292.00,479.00,74.00,221.00,0.841759,-1,-1,-1
249,9,1574.00,73.00,56.00,168.00,0.576244,-1,-1,-1
249,11,330.00,189.00,59.00,169.00,0.421055,-1,-1,-1
249,12,874.00,956.00,83.00,123.00,0.879938,-1,-1,-1
249,13,1571.00,594.00,102.00,229.00,0.825885,-1,-1,-1
249,20,676.00,279.00,59.00,130.00,0.466778,-1,-1,-1
249,21,1486.00,15.00,59.00,130.00,0.623401,-1,-1,-1
249,26,786.00,130.00,57.00,174.00,0.336697,-1,-1,-1
249,29,545.00,112.00,64.00,178.00,0.332198,-1,-1,-1
249,44,349.00,103.00,64.00,172.00,0.175760,-1,-1,-1
249,47,277.00,173.00,57.00,191.00,0.463759,-1,-1,-1
249,51,410.00,76.00,58.00,160.00,0.302145,-1,-1,-1
249,55,451.00,203.00,58.00,189.00,0.589415,-1,-1,-1
249,71,1128.00,637.00,82.00,252.00,0.833313,-1,-1,-1
249,72,1054.00,656.00,79.00,242.00,0.824114,-1,-1,-1
249,76,391.00,212.00,62.00,176.00,0.544353,-1,-1,-1
249,79,744.00,39.00,56.00,151.00,0.260505,-1,-1,-1
249,107,1445.00,79.00,56.00,150.00,0.430026,-1,-1,-1
250,5,1720.00,452.00,78.00,212.00,0.830798,-1,-1,-1
250,6,542.00,572.00,84.00,243.00,0.801121,-1,-1,-1
250,8,291.00,480.00,75.00,223.00,0.838708,-1,-1,-1
250,9,1573.00,73.00,57.00,167.00,0.310404,-1,-1,-1
250,11,331.00,189.00,58.00,169.00,0.448233,-1,-1,-1
250,12,874.00,957.00,84.00,122.00,0.877181,-1,-1,-1
250,13,1571.00,594.00,102.00,229.00,0.819311,-1,-1,-1
250,20,677.00,279.00,59.00,130.00,0.443138,-1,-1,-1
250,21,1486.00,16.00,58.00,130.00,0.615705,-1,-1,-1
250,26,786.00,130.00,57.00,174.00,0.308695,-1,-1,-1
250,29,545.00,113.00,63.00,177.00,0.296354,-1,-1,-1
250,44,348.00,102.00,65.00,176.00,0.184723,-1,-1,-1
250,47,278.00,173.00,57.00,190.00,0.486220,-1,-1,-1
250,51,410.00,76.00,58.00,161.00,0.327483,-1,-1,-1
250,55,450.00,205.00,57.00,188.00,0.637626,-1,-1,-1
250,71,1124.00,636.00,83.00,253.00,0.824866,-1,-1,-1
250,72,1051.00,652.00,80.00,245.00,0.830944,-1,-1,-1
250,76,391.00,217.00,61.00,173.00,0.584184,-1,-1,-1
250,79,744.00,40.00,55.00,151.00,0.272339,-1,-1,-1
250,107,1443.00,78.00,57.00,156.00,0.465277,-1,-1,-1
251,5,1721.00,452.00,77.00,212.00,0.839237,-1,-1,-1
251,6,545.00,572.00,84.00,243.00,0.790704,-1,-1,-1
251,8,290.00,482.00,76.00,226.00,0.843636,-1,-1,-1
251,9,1574.00,72.00,55.00,164.00,0.170646,-1,-1,-1
251,11,331.00,188.00,59.00,170.00,0.417184,-1,-1,-1
251,12,875.00,957.00,83.00,122.00,0.871435,-1,-1,-1
251,13,1570.00,594.00,102.00,230.00,0.808131,-1,-1,-1
251,20,677.00,280.00,58.00,129.00,0.438756,-1,-1,-1
251,21,1486.00,15.00,58.00,132.00,0.605456,-1,-1,-1
251,26,786.00,129.00,56.00,175.00,0.358439,-1,-1,-1
251,29,545.00,114.00,63.00,176.00,0.241375,-1,-1,-1
251,44,350.00,104.00,63.00,173.00,0.195389,-1,-1,-1
251,47,279.00,172.00,56.00,190.00,0.537084,-1,-1,-1
251,51,411.00,75.00,58.00,163.00,0.333123,-1,-1,-1
251,55,450.00,205.00,57.00,187.00,0.645047,-1,-1,-1
251,71,1120.00,634.00,83.00,254.00,0.813885,-1,-1,-1
251,72,1050.00,652.00,79.00,245.00,0.830782,-1,-1,-1
251,76,390.00,221.00,61.00,170.00,0.627559,-1,-1,-1
251,79,744.00,40.00,55.00,150.00,0.333462,-1,-1,-1
251,107,1441.00,77.00,58.00,158.00,0.459368,-1,-1,-1
252,5,1721.00,452.00,77.00,212.00,0.833459,-1,-1,-1
252,6,551.00,573.00,81.00,242.00,0.826406,-1,-1,-1
252,8,290.00,484.00,76.00,228.00,0.858773,-1,-1,-1
252,9,1573.00,73.00,56.00,163.00,0.163741,-1,-1,-1
252,11,330.00,188.00,59.00,169.00,0.441315,-1,-1,-1
252,12,875.00,957.00,83.00,122.00,0.879261,-1,-1,-1
252,13,1570.00,595.00,102.00,229.00,0.821045,-1,-1,-1
252,20,676.00,280.00,59.00,129.00,0.509441,-1,-1,-1
252,21,1486.00,16.00,58.00,132.00,0.599531,-1,-1,-1
252,26,785.00,130.00,56.00,174.00,0.351411,-1,-1,-1
252,29,545.00,116.00,61.00,175.00,0.311937,-1,-1,-1
252,44,351.00,105.00,62.00,174.00,0.207133,-1,-1,-1
252,47,278.00,173.00,56.00,189.00,0.548550,-1,-1,-1
252,51,412.00,75.00,59.00,164.00,0.338385,-1,-1,-1
252,55,449.00,206.00,57.00,186.00,0.651715,-1,-1,-1
252,71,1117.00,633.00,84.00,253.00,0.812513,-1,-1,-1
252,72,1048.00,651.00,79.00,245.00,0.817857,-1,-1,-1
252,76,390.00,221.00,61.00,170.00,0.602436,-1,-1,-1
252,79,743.00,39.00,57.00,156.00,0.155176,-1,-1,-1
252,107,1438.00,76.00,59.00,159.00,0.517348,-1,-1,-1
252,112,1576.00,0.00,47.00,93.00,0.534772,-1,-1,-1
253,5,1721.00,452.00,77.00,212.00,0.833307,-1,-1,-1
253,6,556.00,573.00,81.00,245.00,0.793526,-1,-1,-1
253,8,289.00,486.00,76.00,228.00,0.862177,-1,-1,-1
253,9,1574.00,73.00,56.00,164.00,0.226829,-1,-1,-1
253,11,330.00,187.00,59.00,170.00,0.419182,-1,-1,-1
253,12,875.00,958.00,84.00,121.00,0.876326,-1,-1,-1
253,13,1570.00,593.00,102.00,230.00,0.829191,-1,-1,-1
253,20,676.00,280.00,59.00,129.00,0.498971,-1,-1,-1
253,21,1486.00,16.00,58.00,132.00,0.596961,-1,-1,-1
253,26,784.00,130.00,56.00,174.00,0.313508,-1,-1,-1
253,29,545.00,118.00,60.00,172.00,0.289339,-1,-1,-1
253,44,351.00,106.00,62.00,173.00,0.227048,-1,-1,-1
253,47,278.00,172.00,56.00,190.00,0.588693,-1,-1,-1
253,51,414.00,76.00,58.00,164.00,0.361558,-1,-1,-1
253,55,450.00,207.00,57.00,187.00,0.661297,-1,-1,-1
253,71,1115.00,631.00,84.00,254.00,0.828885,-1,-1,-1
253,72,1047.00,650.00,79.00,246.00,0.838428,-1,-1,-1
253,76,389.00,216.00,64.00,178.00,0.634369,-1,-1,-1
253,79,744.00,38.00,59.00,163.00,0.143677,-1,-1,-1
253,107,1439.00,74.00,58.00,160.00,0.554375,-1,-1,-1
253,112,1577.00,0.00,48.00,94.00,0.515935,-1,-1,-1
254,5,1721.00,452.00,77.00,212.00,0.841766,-1,-1,-1
254,6,560.00,573.00,79.00,246.00,0.757455,-1,-1,-1
254,8,289.00,488.00,76.00,229.00,0.858551,-1,-1,-1
254,11,329.00,186.00,59.00,171.00,0.343596,-1,-1,-1
254,12,875.00,958.00,84.00,121.00,0.871628,-1,-1,-1
254,13,1570.00,594.00,102.00,229.00,0.832954,-1,-1,-1
254,20,677.00,280.00,59.00,129.00,0.462735,-1,-1,-1
254,21,1485.00,14.00,59.00,135.00,0.643952,-1,-1,-1
254,26,784.00,130.00,56.00,174.00,0.316688,-1,-1,-1
254,29,544.00,118.00,60.00,172.00,0.309108,-1,-1,-1
254,44,352.00,107.00,62.00,174.00,0.207212,-1,-1,-1
254,47,278.00,172.00,55.00,189.00,0.512863,-1,-1,-1
254,51,416.00,77.00,56.00,160.00,0.327468,-1,-1,-1
254,55,449.00,209.00,57.00,186.00,0.602526,-1,-1,-1
254,71,1113.00,629.00,84.00,254.00,0.823038,-1,-1,-1
254,72,1045.00,649.00,79.00,247.00,0.844896,-1,-1,-1
254,76,389.00,218.00,64.00,177.00,0.596588,-1,-1,-1
254,79,745.00,38.00,60.00,164.00,0.118569,-1,-1,-1
254,107,1438.00,72.00,58.00,161.00,0.570243,-1,-1,-1
254,112,1578.00,0.00,48.00,96.00,0.664022,-1,-1,-1
255,5,1721.00,451.00,77.00,212.00,0.834691,-1,-1,-1
255,6,562.00,572.00,80.00,253.00,0.751012,-1,-1,-1
255,8,289.00,490.00,76.00,230.00,0.863898,-1,-1,-1
255,11,329.00,186.00,59.00,171.00,0.338916,-1,-1,-1
255,12,874.00,957.00,85.00,122.00,0.879453,-1,-1,-1
255,13,1569.00,592.00,103.00,232.00,0.841948,-1,-1,-1
255,20,677.00,280.00,59.00,129.00,0.484777,-1,-1,-1
255,21,1485.00,13.00,59.00,137.00,0.683302,-1,-1,-1
255,26,784.00,130.00,56.00,175.00,0.368344,-1,-1,-1
255,29,545.00,121.00,59.00,168.00,0.293075,-1,-1,-1
255,44,352.00,107.00,61.00,172.00,0.208566,-1,-1,-1
255,47,278.00,172.00,56.00,189.00,0.525905,-1,-1,-1
255,51,417.00,77.00,55.00,157.00,0.326558,-1,-1,-1
255,55,448.00,210.00,58.00,188.00,0.629415,-1,-1,-1
255,71,1112.00,628.00,84.00,253.00,0.827054,-1,-1,-1
255,72,1044.00,649.00,78.00,247.00,0.819861,-1,-1,-1
255,76,389.00,223.00,63.00,173.00,0.628959,-1,-1,-1
255,79,746.00,39.00,56.00,152.00,0.168074,-1,-1,-1
255,107,1437.00,70.00,57.00,161.00,0.593346,-1,-1,-1
255,112,1578.00,0.00,49.00,96.00,0.642998,-1,-1,-1
256,5,1721.00,450.00,77.00,213.00,0.836646,-1,-1,-1
256,6,564.00,573.00,79.00,255.00,0.760775,-1,-1,-1
256,8,289.00,493.00,76.00,231.00,0.884692,-1,-1,-1
256,11,329.00,186.00,59.00,171.00,0.407766,-1,-1,-1
256,12,874.00,957.00,85.00,122.00,0.866110,-1,-1,-1
256,13,1569.00,593.00,103.00,231.00,0.830979,-1,-1,-1
256,20,678.00,280.00,58.00,129.00,0.484760,-1,-1,-1
256,21,1486.00,14.00,58.00,136.00,0.705657,-1,-1,-1
256,26,782.00,128.00,56.00,176.00,0.340090,-1,-1,-1
256,29,544.00,123.00,59.00,167.00,0.260188,-1,-1,-1
256,44,352.00,108.00,61.00,174.00,0.244482,-1,-1,-1
256,47,278.00,172.00,56.00,189.00,0.516813,-1,-1,-1
256,51,419.00,77.00,53.00,152.00,0.336076,-1,-1,-1
256,55,447.00,211.00,58.00,190.00,0.630093,-1,-1,-1
256,71,1109.00,625.00,84.00,251.00,0.822025,-1,-1,-1
256,72,1042.00,647.00,78.00,248.00,0.846084,-1,-1,-1
256,76,389.00,225.00,63.00,171.00,0.596661,-1,-1,-1
256,79,745.00,40.00,57.00,156.00,0.105263,-1,-1,-1
256,107,1438.00,69.00,56.00,159.00,0.640346,-1,-1,-1
256,112,1580.00,0.00,48.00,94.00,0.656501,-1,-1,-1
257,5,1721.00,450.00,77.00,213.00,0.833726,-1,-1,-1
257,6,567.00,574.00,78.00,255.00,0.765729,-1,-1,-1
257,8,289.00,495.00,76.00,232.00,0.892080,-1,-1,-1
257,11,329.00,186.00,58.00,172.00,0.439168,-1,-1,-1
257,12,874.00,957.00,85.00,122.00,0.866889,-1,-1,-1
257,13,1569.00,592.00,103.00,232.00,0.845112,-1,-1,-1
257,20,677.00,279.00,59.00,130.00,0.498197,-1,-1,-1
257,21,1487.00,18.00,56.00,132.00,0.691284,-1,-1,-1
257,26,781.00,128.00,56.00,176.00,0.335955,-1,-1,-1
257,29,545.00,124.00,59.00,166.00,0.368932,-1,-1,-1
257,44,353.00,108.00,61.00,172.00,0.230644,-1,-1,-1
257,47,279.00,172.00,55.00,189.00,0.554180,-1,-1,-1
257,51,420.00,78.00,52.00,151.00,0.373452,-1,-1,-1
257,55,446.00,214.00,58.00,189.00,0.623657,-1,-1,-1
257,71,1109.00,622.00,81.00,246.00,0.818674,-1,-1,-1
257,72,1040.00,646.00,77.00,249.00,0.854779,-1,-1,-1
257,76,389.00,225.00,63.00,171.00,0.602435,-1,-1,-1
257,79,744.00,39.00,59.00,158.00,0.104823,-1,-1,-1
257,107,1437.00,68.00,55.00,158.00,0.674472,-1,-1,-1
257,112,1583.00,0.00,46.00,92.00,0.610051,-1,-1,-1
258,5,1721.00,450.00,77.00,213.00,0.834671,-1,-1,-1
258,6,571.00,575.00,75.00,247.00,0.708774,-1,-1,-1
258,8,290.00,496.00,75.00,233.00,0.884999,-1,-1,-1
258,11,329.00,187.00,58.00,172.00,0.431561,-1,-1,-1
258,12,874.00,956.00,85.00,123.00,0.866472,-1,-1,-1
258,13,1569.00,593.00,103.00,231.00,0.830877,-1,-1,-1
258,20,677.00,280.00,59.00,129.00,0.499879,-1,-1,-1
258,21,1487.00,20.00,56.00,131.00,0.679944,-1,-1,-1
258,26,781.00,129.00,55.00,176.00,0.347237,-1,-1,-1
258,29,546.00,124.00,58.00,165.00,0.303985,-1,-1,-1
258,44,354.00,108.00,60.00,170.00,0.227506,-1,-1,-1
258,47,279.00,172.00,55.00,189.00,0.552418,-1,-1,-1
258,51,421.00,80.00,52.00,150.00,0.367740,-1,-1,-1
258,55,445.00,216.00,58.00,188.00,0.611291,-1,-1,-1
258,71,1108.00,619.00,80.00,242.00,0.824896,-1,-1,-1
258,72,1038.00,644.00,77.00,249.00,0.854397,-1,-1,-1
258,76,388.00,226.00,62.00,170.00,0.615646,-1,-1,-1
258,79,744.00,39.00,58.00,157.00,0.113106,-1,-1,-1
258,107,1438.00,67.00,54.00,157.00,0.709055,-1,-1,-1
258,112,1583.00,0.00,46.00,91.00,0.551668,-1,-1,-1
259,5,1721.00,450.00,77.00,213.00,0.838998,-1,-1,-1
259,6,575.00,575.00,72.00,242.00,0.711124,-1,-1,-1
259,8,289.00,497.00,76.00,233.00,0.849374,-1,-1,-1
259,11,329.00,187.00,58.00,172.00,0.489242,-1,-1,-1
259,12,873.00,956.00,86.00,122.00,0.872696,-1,-1,-1
259,13,1570.00,595.00,102.00,229.00,0.834320,-1,-1,-1
259,20,678.00,281.00,58.00,127.00,0.478561,-1,-1,-1
259,21,1487.00,23.00,55.00,128.00,0.686924,-1,-1,-1
259,26,780.00,128.00,56.00,176.00,0.295059,-1,-1,-1
259,29,544.00,120.00,60.00,170.00,0.310899,-1,-1,-1
259,44,353.00,108.00,61.00,171.00,0.182663,-1,-1,-1
259,47,278.00,173.00,55.00,189.00,0.537960,-1,-1,-1
259,51,422.00,81.00,51.00,149.00,0.284241,-1,-1,-1
259,55,444.00,218.00,59.00,189.00,0.571474,-1,-1,-1
259,71,1106.00,616.00,79.00,241.00,0.825125,-1,-1,-1
259,72,1036.00,642.00,78.00,252.00,0.825237,-1,-1,-1
259,76,387.00,226.00,62.00,170.00,0.592592,-1,-1,-1
259,107,1438.00,67.00,53.00,155.00,0.745083,-1,-1,-1
259,112,1585.00,0.00,46.00,90.00,0.607008,-1,-1,-1
260,5,1721.00,450.00,77.00,214.00,0.837993,-1,-1,-1
260,6,579.00,576.00,71.00,240.00,0.734493,-1,-1,-1
260,8,290.00,498.00,75.00,232.00,0.864307,-1,-1,-1
260,11,329.00,187.00,58.00,172.00,0.493149,-1,-1,-1
260,12,874.00,955.00,85.00,123.00,0.871478,-1,-1,-1
260,13,1570.00,593.00,103.00,230.00,0.842927,-1,-1,-1
260,20,678.00,281.00,58.00,128.00,0.508439,-1,-1,-1
260,21,1487.00,25.00,54.00,126.00,0.660372,-1,-1,-1
260,26,781.00,128.00,54.00,176.00,0.285228,-1,-1,-1
260,29,544.00,117.00,61.00,173.00,0.286877,-1,-1,-1
260,44,353.00,107.00,60.00,172.00,0.187407,-1,-1,-1
260,47,278.00,173.00,55.00,189.00,0.563895,-1,-1,-1
260,51,422.00,82.00,52.00,149.00,0.314950,-1,-1,-1
260,55,443.00,218.00,60.00,189.00,0.598841,-1,-1,-1
260,71,1103.00,613.00,80.00,242.00,0.832612,-1,-1,-1
260,72,1034.00,638.00,78.00,253.00,0.820661,-1,-1,-1
260,76,386.00,226.00,63.00,170.00,0.621318,-1,-1,-1
260,107,1436.00,66.00,53.00,155.00,0.742208,-1,-1,-1
260,112,1587.00,0.00,47.00,92.00,0.620766,-1,-1,-1
261,5,1721.00,451.00,77.00,213.00,0.838660,-1,-1,-1
261,6,584.00,577.00,70.00,238.00,0.730109,-1,-1,-1
261,8,290.00,499.00,75.00,231.00,0.863484,-1,-1,-1
261,11,330.00,186.00,58.00,173.00,0.392600,-1,-1,-1
261,12,874.00,955.00,85.00,124.00,0.865737,-1,-1,-1
261,13,1569.00,591.00,103.00,232.00,0.859845,-1,-1,-1
261,20,678.00,281.00,58.00,127.00,0.453025,-1,-1,-1
261,21,1488.00,26.00,54.00,126.00,0.666750,-1,-1,-1
261,26,781.00,128.00,55.00,176.00,0.301220,-1,-1,-1
261,29,543.00,114.00,62.00,177.00,0.287740,-1,-1,-1
261,44,354.00,107.00,59.00,170.00,0.192513,-1,-1,-1
261,47,278.00,174.00,55.00,188.00,0.547837,-1,-1,-1
261,51,424.00,83.00,50.00,145.00,0.330678,-1,-1,-1
261,55,443.00,219.00,59.00,188.00,0.556136,-1,-1,-1
261,71,1100.00,610.00,80.00,245.00,0.835156,-1,-1,-1
261,72,1033.00,636.00,76.00,250.00,0.810593,-1,-1,-1
261,76,387.00,227.00,61.00,169.00,0.614410,-1,-1,-1
261,107,1436.00,65.00,53.00,156.00,0.751679,-1,-1,-1
261,112,1588.00,0.00,50.00,99.00,0.609749,-1,-1,-1
262,5,1721.00,451.00,76.00,213.00,0.832891,-1,-1,-1
262,6,586.00,578.00,69.00,237.00,0.720739,-1,-1,-1
262,8,290.00,500.00,75.00,230.00,0.852435,-1,-1,-1
262,11,331.00,187.00,58.00,173.00,0.402483,-1,-1,-1
262,12,874.00,955.00,84.00,123.00,0.871504,-1,-1,-1
262,13,1568.00,592.00,104.00,231.00,0.854525,-1,-1,-1
262,20,677.00,280.00,58.00,128.00,0.458640,-1,-1,-1
262,21,1487.00,26.00,54.00,127.00,0.614117,-1,-1,-1
262,26,781.00,128.00,54.00,176.00,0.274224,-1,-1,-1
262,29,544.00,115.00,62.00,176.00,0.270723,-1,-1,-1
262,44,354.00,108.00,59.00,170.00,0.186922,-1,-1,-1
262,47,279.00,174.00,55.00,188.00,0.550272,-1,-1,-1
262,51,425.00,85.00,49.00,142.00,0.291007,-1,-1,-1
262,55,442.00,219.00,60.00,189.00,0.564658,-1,-1,-1
262,71,1099.00,610.00,79.00,245.00,0.838956,-1,-1,-1
262,72,1031.00,634.00,75.00,248.00,0.806359,-1,-1,-1
262,76,387.00,228.00,61.00,168.00,0.626575,-1,-1,-1
262,107,1436.00,65.00,52.00,157.00,0.727064,-1,-1,-1
262,112,1587.00,0.00,54.00,107.00,0.563969,-1,-1,-1
263,5,1721.00,452.00,76.00,213.00,0.828045,-1,-1,-1
263,6,588.00,580.00,69.00,235.00,0.738799,-1,-1,-1
263,8,290.00,500.00,75.00,230.00,0.844270,-1,-1,-1
263,9,1572.00,65.00,54.00,162.00,0.312309,-1,-1,-1
263,11,333.00,186.00,56.00,173.00,0.482303,-1,-1,-1
263,12,874.00,954.00,84.00,124.00,0.863769,-1,-1,-1
263,13,1569.00,591.00,103.00,232.00,0.845820,-1,-1,-1
263,20,677.00,280.00,59.00,128.00,0.461529,-1,-1,-1
263,21,1487.00,27.00,54.00,126.00,0.588819,-1,-1,-1
263,26,782.00,128.00,53.00,176.00,0.251210,-1,-1,-1
263,29,544.00,118.00,61.00,173.00,0.263682,-1,-1,-1
263,44,355.00,108.00,59.00,171.00,0.181076,-1,-1,-1
263,47,279.00,173.00,55.00,190.00,0.556427,-1,-1,-1
263,51,425.00,86.00,49.00,141.00,0.291906,-1,-1,-1
263,55,441.00,221.00,60.00,187.00,0.528125,-1,-1,-1
263,71,1095.00,607.00,81.00,251.00,0.838940,-1,-1,-1
263,72,1030.00,632.00,75.00,245.00,0.770803,-1,-1,-1
263,76,388.00,228.00,61.00,169.00,0.616522,-1,-1,-1
263,107,1436.00,65.00,52.00,156.00,0.694507,-1,-1,-1
263,112,1587.00,0.00,56.00,114.00,0.577793,-1,-1,-1
264,5,1721.00,452.00,76.00,213.00,0.828819,-1,-1,-1
264,6,591.00,580.00,68.00,235.00,0.700152,-1,-1,-1
264,8,290.00,500.00,75.00,230.00,0.840693,-1,-1,-1
264,9,1571.00,63.00,55.00,163.00,0.137546,-1,-1,-1
264,11,334.00,186.00,56.00,173.00,0.455102,-1,-1,-1
264,12,874.00,953.00,84.00,125.00,0.846292,-1,-1,-1
264,13,1568.00,591.00,104.00,232.00,0.853750,-1,-1,-1
264,20,678.00,281.00,58.00,127.00,0.462984,-1,-1,-1
264,21,1486.00,26.00,56.00,128.00,0.540314,-1,-1,-1
264,26,781.00,127.00,54.00,178.00,0.255816,-1,-1,-1
264,29,543.00,112.00,63.00,180.00,0.191816,-1,-1,-1
264,44,356.00,108.00,59.00,174.00,0.205818,-1,-1,-1
264,47,279.00,173.00,56.00,190.00,0.562320,-1,-1,-1
264,51,425.00,87.00,49.00,141.00,0.338798,-1,-1,-1
264,55,440.00,220.00,61.00,188.00,0.584532,-1,-1,-1
264,71,1095.00,606.00,80.00,251.00,0.826706,-1,-1,-1
264,72,1030.00,629.00,73.00,238.00,0.772196,-1,-1,-1
264,76,389.00,232.00,60.00,167.00,0.635288,-1,-1,-1
264,107,1436.00,66.00,52.00,156.00,0.674486,-1,-1,-1
264,112,1588.00,0.00,57.00,118.00,0.522370,-1,-1,-1
265,5,1721.00,452.00,76.00,213.00,0.824409,-1,-1,-1
265,6,593.00,581.00,69.00,234.00,0.676832,-1,-1,-1
265,8,290.00,501.00,76.00,229.00,0.845779,-1,-1,-1
265,9,1570.00,61.00,56.00,165.00,0.131537,-1,-1,-1
265,11,336.00,186.00,56.00,172.00,0.477355,-1,-1,-1
265,12,875.00,952.00,83.00,127.00,0.841144,-1,-1,-1
265,13,1568.00,593.00,103.00,230.00,0.860534,-1,-1,-1
265,20,678.00,281.00,58.00,127.00,0.453384,-1,-1,-1
265,21,1485.00,26.00,56.00,129.00,0.539123,-1,-1,-1
265,26,781.00,127.00,53.00,180.00,0.281323,-1,-1,-1
265,29,544.00,111.00,62.00,182.00,0.251237,-1,-1,-1
265,44,357.00,108.00,58.00,176.00,0.184069,-1,-1,-1
265,47,279.00,173.00,56.00,190.00,0.546122,-1,-1,-1
265,51,425.00,88.00,49.00,141.00,0.334539,-1,-1,-1
265,55,440.00,221.00,61.00,187.00,0.561537,-1,-1,-1
265,71,1093.00,606.00,81.00,251.00,0.834367,-1,-1,-1
265,72,1028.00,627.00,73.00,236.00,0.783645,-1,-1,-1
265,76,390.00,231.00,60.00,169.00,0.628784,-1,-1,-1
265,107,1435.00,66.00,52.00,157.00,0.654479,-1,-1,-1
265,112,1589.00,0.00,58.00,121.00,0.500324,-1,-1,-1
266,5,1721.00,452.00,76.00,213.00,0.834094,-1,-1,-1
266,6,596.00,583.00,68.00,231.00,0.656145,-1,-1,-1
266,8,290.00,503.00,75.00,227.00,0.850819,-1,-1,-1
266,9,1570.00,59.00,55.00,166.00,0.183741,-1,-1,-1
266,11,337.00,186.00,54.00,171.00,0.520123,-1,-1,-1
266,12,875.00,952.00,82.00,127.00,0.842909,-1,-1,-1
266,13,1568.00,592.00,104.00,231.00,0.867819,-1,-1,-1
266,20,678.00,282.00,58.00,126.00,0.471442,-1,-1,-1
266,21,1484.00,26.00,57.00,129.00,0.562768,-1,-1,-1
266,26,782.00,126.00,52.00,181.00,0.299076,-1,-1,-1
266,29,545.00,111.00,62.00,181.00,0.231791,-1,-1,-1
266,44,357.00,108.00,58.00,176.00,0.210599,-1,-1,-1
266,47,279.00,173.00,56.00,190.00,0.559833,-1,-1,-1
266,51,425.00,89.00,49.00,142.00,0.361261,-1,-1,-1
266,55,439.00,222.00,62.00,186.00,0.567396,-1,-1,-1
266,71,1094.00,606.00,80.00,251.00,0.835636,-1,-1,-1
266,72,1026.00,624.00,74.00,240.00,0.806488,-1,-1,-1
266,76,391.00,233.00,59.00,170.00,0.660042,-1,-1,-1
266,107,1435.00,66.00,52.00,157.00,0.625068,-1,-1,-1
266,112,1592.00,0.00,57.00,122.00,0.528890,-1,-1,-1
267,5,1721.00,452.00,76.00,213.00,0.830991,-1,-1,-1
267,6,598.00,584.00,68.00,228.00,0.576854,-1,-1,-1
267,8,290.00,505.00,76.00,228.00,0.849456,-1,-1,-1
267,9,1570.00,58.00,55.00,168.00,0.402462,-1,-1,-1
267,11,337.00,186.00,55.00,172.00,0.505720,-1,-1,-1
267,12,875.00,951.00,82.00,128.00,0.840922,-1,-1,-1
267,13,1567.00,592.00,105.00,231.00,0.856076,-1,-1,-1
267,20,678.00,282.00,58.00,127.00,0.401614,-1,-1,-1
267,21,1483.00,25.00,58.00,132.00,0.539245,-1,-1,-1
267,26,782.00,128.00,51.00,179.00,0.249361,-1,-1,-1
267,29,545.00,109.00,62.00,182.00,0.165385,-1,-1,-1
267,44,357.00,108.00,57.00,176.00,0.186765,-1,-1,-1
267,47,279.00,174.00,56.00,190.00,0.531400,-1,-1,-1
267,51,423.00,89.00,52.00,148.00,0.330472,-1,-1,-1
267,55,440.00,224.00,60.00,184.00,0.551211,-1,-1,-1
267,71,1093.00,606.00,81.00,250.00,0.842699,-1,-1,-1
267,72,1024.00,621.00,75.00,243.00,0.811234,-1,-1,-1
267,76,391.00,234.00,59.00,171.00,0.664924,-1,-1,-1
267,107,1436.00,66.00,52.00,156.00,0.648990,-1,-1,-1
267,112,1595.00,0.00,56.00,122.00,0.602740,-1,-1,-1
268,5,1721.00,452.00,76.00,213.00,0.832489,-1,-1,-1
268,6,601.00,585.00,67.00,226.00,0.628502,-1,-1,-1
268,8,289.00,508.00,77.00,230.00,0.855020,-1,-1,-1
268,11,339.00,187.00,53.00,171.00,0.468428,-1,-1,-1
268,12,875.00,950.00,80.00,129.00,0.835481,-1,-1,-1
268,13,1568.00,592.00,104.00,231.00,0.827724,-1,-1,-1
268,20,678.00,282.00,58.00,127.00,0.454660,-1,-1,-1
268,21,1482.00,25.00,60.00,135.00,0.594332,-1,-1,-1
268,26,782.00,128.00,51.00,179.00,0.282841,-1,-1,-1
268,29,545.00,107.00,62.00,184.00,0.137293,-1,-1,-1
268,44,358.00,108.00,56.00,175.00,0.204156,-1,-1,-1
268,47,279.00,174.00,56.00,189.00,0.561935,-1,-1,-1
268,51,422.00,90.00,54.00,154.00,0.349634,-1,-1,-1
268,55,439.00,225.00,61.00,183.00,0.588626,-1,-1,-1
268,71,1092.00,605.00,81.00,251.00,0.832698,-1,-1,-1
268,72,1021.00,619.00,76.00,244.00,0.810703,-1,-1,-1
268,76,392.00,236.00,58.00,171.00,0.671911,-1,-1,-1
268,107,1437.00,65.00,51.00,154.00,0.632894,-1,-1,-1
268,112,1597.00,0.00,55.00,121.00,0.649226,-1,-1,-1
269,5,1721.00,453.00,76.00,212.00,0.833794,-1,-1,-1
269,6,602.00,586.00,67.00,222.00,0.594428,-1,-1,-1
269,8,289.00,511.00,77.00,230.00,0.854080,-1,-1,-1
269,11,340.00,187.00,53.00,172.00,0.477367,-1,-1,-1
269,12,875.00,949.00,79.00,129.00,0.846353,-1,-1,-1
269,13,1568.00,593.00,104.00,230.00,0.840568,-1,-1,-1
269,20,678.00,282.00,58.00,127.00,0.446864,-1,-1,-1
269,21,1481.00,25.00,62.00,140.00,0.615530,-1,-1,-1
269,26,782.00,131.00,50.00,176.00,0.258681,-1,-1,-1
269,29,546.00,108.00,62.00,183.00,0.157864,-1,-1,-1
269,44,358.00,108.00,54.00,172.00,0.179016,-1,-1,-1
269,47,279.00,174.00,55.00,189.00,0.563112,-1,-1,-1
269,51,422.00,90.00,54.00,157.00,0.386808,-1,-1,-1
269,55,439.00,226.00,60.00,182.00,0.568722,-1,-1,-1
269,71,1091.00,604.00,82.00,251.00,0.832929,-1,-1,-1
269,72,1019.00,619.00,76.00,245.00,0.834521,-1,-1,-1
269,76,392.00,237.00,58.00,172.00,0.629162,-1,-1,-1
269,107,1439.00,64.00,50.00,152.00,0.638785,-1,-1,-1
269,112,1600.00,0.00,54.00,122.00,0.637007,-1,-1,-1
270,5,1722.00,452.00,75.00,212.00,0.832248,-1,-1,-1
270,6,606.00,586.00,66.00,219.00,0.541199,-1,-1,-1
270,8,288.00,513.00,78.00,233.00,0.870440,-1,-1,-1
270,11,341.00,187.00,53.00,173.00,0.517333,-1,-1,-1
270,12,874.00,948.00,79.00,131.00,0.847166,-1,-1,-1
270,13,1568.00,596.00,103.00,227.00,0.836821,-1,-1,-1
270,20,677.00,281.00,59.00,128.00,0.399590,-1,-1,-1
270,21,1480.00,26.00,62.00,140.00,0.632626,-1,-1,-1
270,26,782.00,131.00,49.00,176.00,0.264214,-1,-1,-1
270,29,547.00,112.00,61.00,178.00,0.279217,-1,-1,-1
270,44,358.00,108.00,53.00,170.00,0.178956,-1,-1,-1
270,47,279.00,174.00,55.00,189.00,0.535733,-1,-1,-1
270,51,422.00,90.00,54.00,157.00,0.376373,-1,-1,-1
270,55,438.00,226.00,62.00,183.00,0.611412,-1,-1,-1
270,71,1090.00,601.00,82.00,254.00,0.829912,-1,-1,-1
270,72,1015.00,618.00,77.00,247.00,0.825670,-1,-1,-1
270,76,392.00,240.00,58.00,172.00,0.640079,-1,-1,-1
270,107,1437.00,64.00,50.00,150.00,0.531253,-1,-1,-1
270,112,1602.00,0.00,54.00,123.00,0.641239,-1,-1,-1
271,5,1722.00,452.00,76.00,213.00,0.834245,-1,-1,-1
271,6,608.00,585.00,67.00,223.00,0.496995,-1,-1,-1
271,8,287.00,516.00,78.00,234.00,0.872152,-1,-1,-1
271,11,341.00,187.00,53.00,172.00,0.509658,-1,-1,-1
271,12,874.00,947.00,78.00,131.00,0.841446,-1,-1,-1
271,13,1568.00,594.00,104.00,229.00,0.820060,-1,-1,-1
271,20,677.00,282.00,58.00,126.00,0.435556,-1,-1,-1
271,21,1478.00,26.00,63.00,141.00,0.614063,-1,-1,-1
271,26,782.00,132.00,48.00,175.00,0.299812,-1,-1,-1
271,29,549.00,117.00,59.00,173.00,0.355288,-1,-1,-1
271,44,359.00,108.00,53.00,170.00,0.195658,-1,-1,-1
271,47,279.00,174.00,55.00,189.00,0.593593,-1,-1,-1
271,51,422.00,91.00,54.00,157.00,0.375843,-1,-1,-1
271,55,438.00,225.00,63.00,188.00,0.668804,-1,-1,-1
271,71,1087.00,599.00,83.00,254.00,0.833989,-1,-1,-1
271,72,1014.00,617.00,77.00,245.00,0.822761,-1,-1,-1
271,76,392.00,243.00,57.00,170.00,0.664324,-1,-1,-1
271,107,1435.00,62.00,52.00,151.00,0.547214,-1,-1,-1
271,112,1605.00,0.00,54.00,124.00,0.678040,-1,-1,-1
272,5,1722.00,452.00,75.00,212.00,0.837556,-1,-1,-1
272,6,610.00,585.00,67.00,223.00,0.468343,-1,-1,-1
272,8,287.00,517.00,78.00,236.00,0.849971,-1,-1,-1
272,11,342.00,187.00,52.00,172.00,0.441966,-1,-1,-1
272,12,874.00,945.00,77.00,133.00,0.837578,-1,-1,-1
272,13,1569.00,596.00,103.00,227.00,0.810517,-1,-1,-1
272,20,677.00,281.00,58.00,128.00,0.430083,-1,-1,-1
272,21,1477.00,26.00,64.00,144.00,0.645740,-1,-1,-1
272,26,782.00,132.00,47.00,175.00,0.326922,-1,-1,-1
272,29,549.00,114.00,60.00,176.00,0.365782,-1,-1,-1
272,44,360.00,108.00,52.00,169.00,0.180425,-1,-1,-1
272,47,279.00,174.00,55.00,189.00,0.593772,-1,-1,-1
272,51,422.00,91.00,54.00,158.00,0.374887,-1,-1,-1
272,55,437.00,226.00,64.00,192.00,0.669386,-1,-1,-1
272,71,1083.00,596.00,84.00,256.00,0.814802,-1,-1,-1
272,72,1013.00,615.00,76.00,247.00,0.822566,-1,-1,-1
272,76,391.00,243.00,58.00,172.00,0.650341,-1,-1,-1
272,107,1436.00,62.00,51.00,150.00,0.486357,-1,-1,-1
272,112,1607.00,0.00,53.00,123.00,0.692274,-1,-1,-1
273,5,1722.00,452.00,75.00,212.00,0.828435,-1,-1,-1
273,6,612.00,585.00,66.00,220.00,0.324699,-1,-1,-1
273,8,286.00,519.00,78.00,235.00,0.845165,-1,-1,-1
273,11,342.00,186.00,53.00,174.00,0.468007,-1,-1,-1
273,12,873.00,944.00,77.00,134.00,0.841455,-1,-1,-1
273,13,1569.00,596.00,103.00,228.00,0.814128,-1,-1,-1
273,20,677.00,280.00,59.00,129.00,0.429350,-1,-1,-1
273,21,1476.00,26.00,64.00,145.00,0.617835,-1,-1,-1
273,26,782.00,133.00,47.00,173.00,0.274265,-1,-1,-1
273,29,548.00,113.00,62.00,179.00,0.236675,-1,-1,-1
273,44,359.00,108.00,51.00,167.00,0.160269,-1,-1,-1
273,47,279.00,174.00,55.00,189.00,0.585621,-1,-1,-1
273,51,422.00,92.00,54.00,159.00,0.361398,-1,-1,-1
273,55,436.00,225.00,65.00,197.00,0.689982,-1,-1,-1
273,71,1081.00,593.00,84.00,256.00,0.825854,-1,-1,-1
273,72,1012.00,614.00,76.00,247.00,0.824554,-1,-1,-1
273,76,391.00,243.00,57.00,172.00,0.590329,-1,-1,-1
273,107,1439.00,62.00,51.00,148.00,0.521554,-1,-1,-1
273,112,1608.00,0.00,53.00,123.00,0.692817,-1,-1,-1
274,5,1722.00,452.00,75.00,212.00,0.830353,-1,-1,-1
274,6,613.00,584.00,64.00,219.00,0.257703,-1,-1,-1
274,8,285.00,521.00,78.00,238.00,0.862670,-1,-1,-1
274,11,344.00,184.00,53.00,176.00,0.518899,-1,-1,-1
274,12,873.00,943.00,76.00,136.00,0.830269,-1,-1,-1
274,13,1571.00,598.00,102.00,226.00,0.806890,-1,-1,-1
274,20,677.00,282.00,58.00,127.00,0.425719,-1,-1,-1
274,21,1476.00,26.00,64.00,148.00,0.613077,-1,-1,-1
274,26,781.00,130.00,47.00,177.00,0.265587,-1,-1,-1
274,29,548.00,111.00,63.00,182.00,0.217534,-1,-1,-1
274,44,361.00,108.00,49.00,163.00,0.159475,-1,-1,-1
274,47,279.00,174.00,55.00,189.00,0.634824,-1,-1,-1
274,51,421.00,92.00,54.00,159.00,0.394940,-1,-1,-1
274,55,435.00,227.00,66.00,198.00,0.699104,-1,-1,-1
274,71,1079.00,590.00,84.00,259.00,0.829118,-1,-1,-1
274,72,1010.00,613.00,77.00,247.00,0.827995,-1,-1,-1
274,76,390.00,245.00,57.00,170.00,0.596362,-1,-1,-1
274,107,1440.00,60.00,51.00,150.00,0.492542,-1,-1,-1
274,112,1609.00,0.00,53.00,124.00,0.715438,-1,-1,-1
275,5,1722.00,453.00,75.00,211.00,0.835396,-1,-1,-1
275,8,283.00,523.00,79.00,238.00,0.864054,-1,-1,-1
275,11,345.00,183.00,53.00,177.00,0.532267,-1,-1,-1
275,12,874.00,943.00,75.00,136.00,0.827476,-1,-1,-1
275,13,1571.00,598.00,102.00,226.00,0.800783,-1,-1,-1
275,20,677.00,283.00,58.00,126.00,0.445504,-1,-1,-1
275,21,1475.00,26.00,64.00,150.00,0.580212,-1,-1,-1
275,26,781.00,130.00,47.00,177.00,0.287032,-1,-1,-1
275,29,549.00,110.00,62.00,181.00,0.203646,-1,-1,-1
275,44,361.00,108.00,49.00,162.00,0.173422,-1,-1,-1
275,47,279.00,173.00,55.00,190.00,0.598121,-1,-1,-1
275,51,421.00,93.00,54.00,159.00,0.400840,-1,-1,-1
275,55,436.00,230.00,65.00,196.00,0.669685,-1,-1,-1
275,71,1078.00,588.00,81.00,247.00,0.840480,-1,-1,-1
275,72,1009.00,612.00,77.00,249.00,0.816626,-1,-1,-1
275,76,388.00,245.00,58.00,171.00,0.610807,-1,-1,-1
275,107,1440.00,58.00,51.00,152.00,0.550786,-1,-1,-1
275,112,1611.00,0.00,54.00,127.00,0.691118,-1,-1,-1
276,5,1722.00,452.00,75.00,212.00,0.832975,-1,-1,-1
276,8,282.00,523.00,78.00,239.00,0.864753,-1,-1,-1
276,11,345.00,183.00,53.00,176.00,0.513240,-1,-1,-1
276,12,874.00,942.00,74.00,137.00,0.826153,-1,-1,-1
276,13,1570.00,596.00,103.00,228.00,0.820651,-1,-1,-1
276,20,677.00,282.00,59.00,127.00,0.424405,-1,-1,-1
276,21,1475.00,27.00,63.00,150.00,0.583530,-1,-1,-1
276,26,782.00,131.00,46.00,175.00,0.272657,-1,-1,-1
276,29,549.00,109.00,62.00,182.00,0.108059,-1,-1,-1
276,44,361.00,108.00,49.00,161.00,0.160473,-1,-1,-1
276,47,279.00,172.00,55.00,191.00,0.621192,-1,-1,-1
276,51,420.00,94.00,55.00,161.00,0.394799,-1,-1,-1
276,55,436.00,231.00,65.00,196.00,0.705814,-1,-1,-1
276,71,1077.00,584.00,79.00,241.00,0.838766,-1,-1,-1
276,72,1007.00,609.00,77.00,249.00,0.793301,-1,-1,-1
276,76,386.00,246.00,58.00,169.00,0.622209,-1,-1,-1
276,107,1440.00,56.00,51.00,153.00,0.525275,-1,-1,-1
276,112,1612.00,0.00,56.00,131.00,0.707493,-1,-1,-1
277,5,1722.00,452.00,75.00,212.00,0.830394,-1,-1,-1
277,8,281.00,525.00,78.00,238.00,0.871628,-1,-1,-1
277,11,346.00,184.00,52.00,174.00,0.503715,-1,-1,-1
277,12,875.00,942.00,71.00,137.00,0.826427,-1,-1,-1
277,13,1569.00,596.00,103.00,228.00,0.809623,-1,-1,-1
277,20,678.00,283.00,58.00,126.00,0.451914,-1,-1,-1
277,21,1474.00,29.00,63.00,151.00,0.615655,-1,-1,-1
277,26,782.00,131.00,47.00,176.00,0.265324,-1,-1,-1
277,29,549.00,110.00,63.00,182.00,0.239655,-1,-1,-1
277,44,360.00,108.00,49.00,163.00,0.193064,-1,-1,-1
277,47,278.00,171.00,57.00,192.00,0.616968,-1,-1,-1
277,51,420.00,96.00,55.00,161.00,0.424963,-1,-1,-1
277,55,436.00,232.00,65.00,196.00,0.701701,-1,-1,-1
277,71,1076.00,582.00,77.00,238.00,0.825886,-1,-1,-1
277,72,1006.00,606.00,76.00,247.00,0.788094,-1,-1,-1
277,76,385.00,246.00,58.00,169.00,0.587818,-1,-1,-1
277,107,1439.00,56.00,52.00,153.00,0.515085,-1,-1,-1
277,112,1613.00,0.00,56.00,133.00,0.713719,-1,-1,-1
278,5,1722.00,452.00,75.00,213.00,0.829202,-1,-1,-1
278,8,280.00,526.00,77.00,237.00,0.882518,-1,-1,-1
278,11,346.00,183.00,52.00,174.00,0.468160,-1,-1,-1
278,12,874.00,941.00,71.00,137.00,0.827951,-1,-1,-1
278,13,1569.00,595.00,104.00,229.00,0.822924,-1,-1,-1
278,20,677.00,283.00,58.00,126.00,0.420685,-1,-1,-1
278,21,1474.00,31.00,63.00,151.00,0.604139,-1,-1,-1
278,26,783.00,131.00,46.00,176.00,0.208783,-1,-1,-1
278,29,550.00,111.00,63.00,181.00,0.305441,-1,-1,-1
278,44,359.00,107.00,50.00,165.00,0.197004,-1,-1,-1
278,47,279.00,171.00,56.00,192.00,0.609283,-1,-1,-1
278,51,419.00,97.00,57.00,166.00,0.404959,-1,-1,-1
278,55,436.00,234.00,65.00,194.00,0.716422,-1,-1,-1
278,71,1075.00,580.00,77.00,238.00,0.831403,-1,-1,-1
278,72,1005.00,606.00,73.00,235.00,0.773944,-1,-1,-1
278,76,383.00,246.00,59.00,168.00,0.593455,-1,-1,-1
278,107,1437.00,56.00,53.00,153.00,0.537597,-1,-1,-1
278,112,1613.00,0.00,58.00,136.00,0.724415,-1,-1,-1
278,120,473.00,81.00,62.00,191.00,0.371845,-1,-1,-1
279,5,1722.00,453.00,75.00,211.00,0.827618,-1,-1,-1
279,8,279.00,526.00,77.00,237.00,0.889056,-1,-1,-1
279,11,346.00,183.00,51.00,173.00,0.446071,-1,-1,-1
279,12,874.00,939.00,71.00,139.00,0.834643,-1,-1,-1
279,13,1569.00,593.00,104.00,231.00,0.823804,-1,-1,-1
279,20,677.00,282.00,59.00,126.00,0.449700,-1,-1,-1
279,21,1473.00,31.00,62.00,152.00,0.652862,-1,-1,-1
279,26,784.00,132.00,46.00,175.00,0.218527,-1,-1,-1
279,29,549.00,107.00,64.00,184.00,0.198397,-1,-1,-1
279,44,359.00,107.00,50.00,166.00,0.167847,-1,-1,-1
279,47,279.00,171.00,56.00,192.00,0.566060,-1,-1,-1
279,51,418.00,98.00,57.00,166.00,0.363555,-1,-1,-1
279,55,436.00,233.00,64.00,195.00,0.702275,-1,-1,-1
279,71,1074.00,578.00,77.00,241.00,0.834504,-1,-1,-1
279,72,1002.00,605.00,73.00,233.00,0.808996,-1,-1,-1
279,76,383.00,246.00,59.00,169.00,0.600770,-1,-1,-1
279,107,1438.00,55.00,53.00,155.00,0.615942,-1,-1,-1
279,112,1615.00,0.00,58.00,136.00,0.754973,-1,-1,-1
279,120,473.00,82.00,62.00,191.00,0.340732,-1,-1,-1
280,5,1722.00,453.00,75.00,211.00,0.825949,-1,-1,-1
280,8,278.00,528.00,76.00,235.00,0.886493,-1,-1,-1
280,11,346.00,183.00,52.00,172.00,0.419110,-1,-1,-1
280,12,874.00,938.00,70.00,140.00,0.830336,-1,-1,-1
280,13,1568.00,591.00,106.00,233.00,0.830368,-1,-1,-1
280,20,677.00,282.00,59.00,127.00,0.441138,-1,-1,-1
280,21,1472.00,32.00,61.00,151.00,0.686449,-1,-1,-1
280,26,784.00,131.00,46.00,176.00,0.303383,-1,-1,-1
280,29,550.00,106.00,64.00,186.00,0.269339,-1,-1,-1
280,44,359.00,107.00,50.00,163.00,0.168511,-1,-1,-1
280,47,279.00,171.00,56.00,192.00,0.575908,-1,-1,-1
280,51,418.00,100.00,57.00,168.00,0.391179,-1,-1,-1
280,55,436.00,234.00,64.00,194.00,0.696806,-1,-1,-1
280,71,1072.00,577.00,78.00,243.00,0.821809,-1,-1,-1
280,72,1000.00,603.00,72.00,231.00,0.822957,-1,-1,-1
280,76,381.00,245.00,61.00,170.00,0.619606,-1,-1,-1
280,107,1438.00,55.00,53.00,155.00,0.620375,-1,-1,-1
280,112,1615.00,0.00,59.00,138.00,0.767396,-1,-1,-1
280,120,475.00,93.00,58.00,182.00,0.299216,-1,-1,-1
281,5,1721.00,453.00,75.00,211.00,0.830494,-1,-1,-1
281,8,277.00,529.00,76.00,234.00,0.873384,-1,-1,-1
281,11,347.00,183.00,51.00,170.00,0.371464,-1,-1,-1
281,12,875.00,937.00,69.00,141.00,0.831409,-1,-1,-1
281,13,1569.00,593.00,104.00,231.00,0.823850,-1,-1,-1
281,20,677.00,280.00,59.00,128.00,0.441249,-1,-1,-1
281,21,1472.00,32.00,61.00,151.00,0.666071,-1,-1,-1
281,26,784.00,131.00,47.00,176.00,0.309575,-1,-1,-1
281,29,550.00,105.00,66.00,188.00,0.277029,-1,-1,-1
281,44,360.00,108.00,49.00,162.00,0.156369,-1,-1,-1
281,47,279.00,171.00,56.00,191.00,0.526403,-1,-1,-1
281,51,418.00,102.00,57.00,168.00,0.343775,-1,-1,-1
281,55,436.00,235.00,63.00,193.00,0.668022,-1,-1,-1
281,71,1071.00,576.00,77.00,244.00,0.826265,-1,-1,-1
281,72,998.00,599.00,72.00,232.00,0.831138,-1,-1,-1
281,76,380.00,242.00,62.00,175.00,0.598630,-1,-1,-1
281,107,1438.00,54.00,52.00,156.00,0.613503,-1,-1,-1
281,112,1615.00,0.00,60.00,139.00,0.779259,-1,-1,-1
281,120,476.00,98.00,58.00,180.00,0.223291,-1,-1,-1
282,5,1722.00,453.00,75.00,211.00,0.828124,-1,-1,-1
282,8,276.00,530.00,76.00,232.00,0.868986,-1,-1,-1
282,11,347.00,182.00,51.00,170.00,0.383310,-1,-1,-1
282,12,875.00,937.00,68.00,141.00,0.825742,-1,-1,-1
282,13,1568.00,593.00,105.00,231.00,0.851518,-1,-1,-1
282,20,677.00,281.00,59.00,127.00,0.474940,-1,-1,-1
282,21,1472.00,32.00,60.00,151.00,0.689432,-1,-1,-1
282,26,785.00,132.00,46.00,174.00,0.277066,-1,-1,-1
282,29,550.00,99.00,68.00,193.00,0.256105,-1,-1,-1
282,44,362.00,108.00,47.00,156.00,0.158443,-1,-1,-1
282,47,279.00,171.00,56.00,191.00,0.514545,-1,-1,-1
282,51,417.00,104.00,58.00,169.00,0.319304,-1,-1,-1
282,55,436.00,236.00,63.00,192.00,0.673008,-1,-1,-1
282,71,1068.00,575.00,78.00,246.00,0.833794,-1,-1,-1
282,72,996.00,597.00,72.00,232.00,0.836111,-1,-1,-1
282,76,380.00,243.00,63.00,176.00,0.600364,-1,-1,-1
282,107,1436.00,53.00,53.00,158.00,0.542857,-1,-1,-1
282,112,1616.00,0.00,60.00,141.00,0.759097,-1,-1,-1
282,120,472.00,89.00,62.00,192.00,0.269641,-1,-1,-1
283,5,1722.00,453.00,75.00,211.00,0.827511,-1,-1,-1
283,8,276.00,531.00,75.00,230.00,0.873639,-1,-1,-1
283,11,347.00,181.00,52.00,170.00,0.451113,-1,-1,-1
283,12,875.00,937.00,67.00,141.00,0.841727,-1,-1,-1
283,13,1568.00,594.00,104.00,230.00,0.846591,-1,-1,-1
283,20,677.00,280.00,59.00,129.00,0.497724,-1,-1,-1
283,21,1472.00,33.00,59.00,150.00,0.697560,-1,-1,-1
283,26,786.00,134.00,45.00,172.00,0.296110,-1,-1,-1
283,29,550.00,97.00,69.00,194.00,0.206743,-1,-1,-1
283,44,363.00,108.00,44.00,145.00,0.152290,-1,-1,-1
283,47,279.00,170.00,57.00,192.00,0.580226,-1,-1,-1
283,51,415.00,106.00,59.00,170.00,0.350020,-1,-1,-1
283,55,435.00,236.00,64.00,192.00,0.698141,-1,-1,-1
283,71,1066.00,575.00,78.00,246.00,0.822976,-1,-1,-1
283,72,994.00,595.00,72.00,235.00,0.845639,-1,-1,-1
283,76,379.00,246.00,64.00,177.00,0.633394,-1,-1,-1
283,107,1434.00,53.00,53.00,155.00,0.603709,-1,-1,-1
283,112,1617.00,0.00,61.00,140.00,0.755003,-1,-1,-1
283,120,470.00,85.00,64.00,198.00,0.266122,-1,-1,-1
284,5,1722.00,453.00,75.00,211.00,0.827590,-1,-1,-1
284,8,275.00,532.00,76.00,230.00,0.869063,-1,-1,-1
284,11,347.00,181.00,52.00,170.00,0.464511,-1,-1,-1
284,12,875.00,936.00,67.00,142.00,0.859857,-1,-1,-1
284,13,1568.00,592.00,105.00,232.00,0.857497,-1,-1,-1
284,20,676.00,280.00,59.00,129.00,0.466757,-1,-1,-1
284,21,1472.00,33.00,58.00,150.00,0.705477,-1,-1,-1
284,26,787.00,134.00,45.00,172.00,0.244925,-1,-1,-1
284,29,551.00,98.00,68.00,193.00,0.194775,-1,-1,-1
284,44,365.00,108.00,40.00,131.00,0.149472,-1,-1,-1
284,47,279.00,170.00,56.00,192.00,0.565870,-1,-1,-1
284,51,417.00,107.00,57.00,167.00,0.315565,-1,-1,-1
284,55,435.00,238.00,63.00,190.00,0.707625,-1,-1,-1
284,71,1064.00,574.00,78.00,246.00,0.823000,-1,-1,-1
284,72,992.00,592.00,73.00,238.00,0.837019,-1,-1,-1
284,76,379.00,247.00,65.00,179.00,0.663818,-1,-1,-1
284,107,1431.00,53.00,52.00,152.00,0.608813,-1,-1,-1
284,112,1618.00,0.00,60.00,140.00,0.737450,-1,-1,-1
284,120,471.00,85.00,63.00,196.00,0.184522,-1,-1,-1
285,5,1722.00,452.00,75.00,212.00,0.827331,-1,-1,-1
285,8,275.00,533.00,76.00,231.00,0.866974,-1,-1,-1
285,11,348.00,181.00,51.00,168.00,0.414509,-1,-1,-1
285,12,875.00,936.00,67.00,142.00,0.848649,-1,-1,-1
285,13,1568.00,594.00,105.00,229.00,0.852264,-1,-1,-1
285,20,677.00,281.00,58.00,128.00,0.467904,-1,-1,-1
285,21,1472.00,34.00,57.00,149.00,0.679314,-1,-1,-1
285,26,789.00,135.00,46.00,172.00,0.269667,-1,-1,-1
285,29,550.00,95.00,70.00,196.00,0.152950,-1,-1,-1
285,44,362.00,108.00,45.00,145.00,0.167565,-1,-1,-1
285,47,279.00,170.00,57.00,190.00,0.521894,-1,-1,-1
285,51,417.00,108.00,57.00,164.00,0.289952,-1,-1,-1
285,55,435.00,238.00,63.00,190.00,0.695528,-1,-1,-1
285,71,1063.00,573.00,78.00,245.00,0.822726,-1,-1,-1
285,72,990.00,592.00,73.00,238.00,0.845876,-1,-1,-1
285,76,379.00,250.00,65.00,177.00,0.636851,-1,-1,-1
285,107,1431.00,53.00,52.00,152.00,0.628977,-1,-1,-1
285,112,1619.00,0.00,59.00,140.00,0.732262,-1,-1,-1
285,120,469.00,84.00,65.00,199.00,0.291876,-1,-1,-1
286,5,1722.00,452.00,75.00,212.00,0.827968,-1,-1,-1
286,8,274.00,536.00,77.00,233.00,0.866067,-1,-1,-1
286,11,347.00,180.00,52.00,169.00,0.449296,-1,-1,-1
286,12,876.00,935.00,66.00,143.00,0.837428,-1,-1,-1
286,13,1569.00,592.00,104.00,231.00,0.832481,-1,-1,-1
286,20,677.00,281.00,58.00,128.00,0.478426,-1,-1,-1
286,21,1471.00,34.00,57.00,149.00,0.708626,-1,-1,-1
286,26,791.00,137.00,46.00,171.00,0.336508,-1,-1,-1
286,29,551.00,100.00,68.00,191.00,0.228770,-1,-1,-1
286,44,361.00,108.00,46.00,147.00,0.166673,-1,-1,-1
286,47,279.00,169.00,56.00,190.00,0.558961,-1,-1,-1
286,51,418.00,108.00,56.00,164.00,0.295294,-1,-1,-1
286,55,435.00,238.00,63.00,190.00,0.698660,-1,-1,-1
286,71,1062.00,571.00,78.00,246.00,0.820798,-1,-1,-1
286,72,989.00,591.00,73.00,239.00,0.841997,-1,-1,-1
286,76,379.00,253.00,63.00,175.00,0.653849,-1,-1,-1
286,107,1430.00,52.00,51.00,151.00,0.609760,-1,-1,-1
286,112,1620.00,0.00,59.00,137.00,0.738126,-1,-1,-1
286,120,469.00,83.00,66.00,200.00,0.356165,-1,-1,-1
287,5,1722.00,452.00,76.00,213.00,0.832746,-1,-1,-1
287,8,273.00,538.00,78.00,236.00,0.866116,-1,-1,-1
287,11,347.00,180.00,51.00,167.00,0.422012,-1,-1,-1
287,12,875.00,934.00,66.00,144.00,0.813555,-1,-1,-1
287,13,1570.00,594.00,103.00,229.00,0.840974,-1,-1,-1
287,20,677.00,282.00,58.00,126.00,0.491936,-1,-1,-1
287,21,1471.00,34.00,57.00,149.00,0.705061,-1,-1,-1
287,26,793.00,139.00,46.00,170.00,0.312078,-1,-1,-1
287,29,552.00,104.00,66.00,186.00,0.215052,-1,-1,-1
287,44,361.00,109.00,45.00,141.00,0.167517,-1,-1,-1
287,47,279.00,169.00,56.00,188.00,0.547002,-1,-1,-1
287,51,419.00,109.00,55.00,157.00,0.321781,-1,-1,-1
287,55,435.00,238.00,63.00,190.00,0.696638,-1,-1,-1
287,71,1061.00,569.00,78.00,249.00,0.830053,-1,-1,-1
287,72,987.00,589.00,73.00,240.00,0.820068,-1,-1,-1
287,76,378.00,254.00,64.00,177.00,0.640912,-1,-1,-1
287,107,1429.00,52.00,51.00,150.00,0.633954,-1,-1,-1
287,112,1621.00,0.00,58.00,137.00,0.759482,-1,-1,-1
287,120,470.00,89.00,64.00,194.00,0.340645,-1,-1,-1
288,5,1723.00,452.00,75.00,212.00,0.830020,-1,-1,-1
288,8,272.00,540.00,78.00,237.00,0.860964,-1,-1,-1
288,11,347.00,181.00,51.00,165.00,0.414049,-1,-1,-1
288,12,876.00,934.00,65.00,144.00,0.780923,-1,-1,-1
288,13,1569.00,595.00,104.00,228.00,0.835992,-1,-1,-1
288,20,677.00,282.00,58.00,126.00,0.447970,-1,-1,-1
288,21,1471.00,34.00,57.00,150.00,0.694821,-1,-1,-1
288,26,794.00,139.00,48.00,170.00,0.318119,-1,-1,-1
288,29,553.00,103.00,66.00,185.00,0.177698,-1,-1,-1
288,44,360.00,108.00,45.00,139.00,0.153605,-1,-1,-1
288,47,280.00,169.00,56.00,187.00,0.564045,-1,-1,-1
288,51,421.00,109.00,53.00,153.00,0.280708,-1,-1,-1
288,55,435.00,238.00,63.00,191.00,0.698919,-1,-1,-1
288,71,1061.00,567.00,77.00,247.00,0.820713,-1,-1,-1
288,72,985.00,588.00,72.00,240.00,0.799476,-1,-1,-1
288,76,377.00,255.00,64.00,179.00,0.685922,-1,-1,-1
288,107,1429.00,51.00,51.00,150.00,0.599309,-1,-1,-1
288,112,1622.00,0.00,57.00,138.00,0.759413,-1,-1,-1
288,120,470.00,90.00,65.00,193.00,0.306662,-1,-1,-1
289,5,1723.00,453.00,75.00,211.00,0.832323,-1,-1,-1
289,8,271.00,543.00,78.00,237.00,0.865071,-1,-1,-1
289,11,347.00,181.00,50.00,164.00,0.419669,-1,-1,-1
289,12,875.00,934.00,66.00,144.00,0.808173,-1,-1,-1
289,13,1569.00,594.00,104.00,229.00,0.839347,-1,-1,-1
289,20,677.00,281.00,58.00,127.00,0.467205,-1,-1,-1
289,21,1471.00,35.00,56.00,149.00,0.688959,-1,-1,-1
289,26,796.00,140.00,48.00,169.00,0.343692,-1,-1,-1
289,29,553.00,105.00,66.00,183.00,0.208516,-1,-1,-1
289,44,361.00,108.00,45.00,143.00,0.181230,-1,-1,-1
289,47,280.00,168.00,56.00,188.00,0.599150,-1,-1,-1
289,51,422.00,109.00,54.00,153.00,0.288539,-1,-1,-1
289,55,435.00,241.00,63.00,190.00,0.661460,-1,-1,-1
289,71,1060.00,565.00,76.00,246.00,0.828224,-1,-1,-1
289,72,984.00,589.00,71.00,238.00,0.770712,-1,-1,-1
289,76,377.00,257.00,64.00,179.00,0.700901,-1,-1,-1
289,107,1430.00,50.00,51.00,152.00,0.651892,-1,-1,-1
289,112,1623.00,0.00,56.00,138.00,0.731452,-1,-1,-1
289,120,470.00,91.00,65.00,193.00,0.372064,-1,-1,-1
290,5,1722.00,453.00,75.00,212.00,0.833541,-1,-1,-1
290,8,271.00,546.00,78.00,237.00,0.871846,-1,-1,-1
290,11,346.00,181.00,51.00,164.00,0.444884,-1,-1,-1
290,12,875.00,934.00,66.00,144.00,0.800071,-1,-1,-1
290,13,1569.00,595.00,103.00,228.00,0.816544,-1,-1,-1
290,20,678.00,282.00,57.00,127.00,0.444249,-1,-1,-1
290,21,1472.00,35.00,56.00,150.00,0.689622,-1,-1,-1
290,26,797.00,140.00,50.00,169.00,0.326360,-1,-1,-1
290,29,554.00,104.00,65.00,183.00,0.147691,-1,-1,-1
290,44,360.00,109.00,47.00,145.00,0.167930,-1,-1,-1
290,47,280.00,167.00,57.00,189.00,0.612843,-1,-1,-1
290,51,424.00,109.00,53.00,151.00,0.282527,-1,-1,-1
290,55,434.00,243.00,64.00,191.00,0.673338,-1,-1,-1
290,71,1058.00,563.00,74.00,238.00,0.812041,-1,-1,-1
290,72,982.00,587.00,71.00,239.00,0.793598,-1,-1,-1
290,76,377.00,259.00,64.00,178.00,0.701364,-1,-1,-1
290,107,1430.00,49.00,51.00,153.00,0.599316,-1,-1,-1
290,112,1624.00,0.00,55.00,136.00,0.730898,-1,-1,-1
290,120,469.00,94.00,65.00,190.00,0.350199,-1,-1,-1
291,5,1722.00,453.00,75.00,211.00,0.829201,-1,-1,-1
291,8,271.00,548.00,78.00,238.00,0.869202,-1,-1,-1
291,11,346.00,180.00,50.00,166.00,0.405627,-1,-1,-1
291,12,874.00,934.00,66.00,145.00,0.813080,-1,-1,-1
291,13,1569.00,595.00,103.00,228.00,0.835547,-1,-1,-1
291,20,678.00,282.00,58.00,126.00,0.407982,-1,-1,-1
291,21,1472.00,36.00,55.00,149.00,0.732050,-1,-1,-1
291,26,797.00,139.00,52.00,170.00,0.305580,-1,-1,-1
291,29,555.00,108.00,64.00,180.00,0.202758,-1,-1,-1
291,44,360.00,108.00,48.00,151.00,0.156735,-1,-1,-1
291,47,281.00,167.00,57.00,189.00,0.618635,-1,-1,-1
291,51,424.00,109.00,53.00,151.00,0.261394,-1,-1,-1
291,55,434.00,245.00,64.00,192.00,0.648837,-1,-1,-1
291,71,1056.00,560.00,73.00,239.00,0.803613,-1,-1,-1
291,72,980.00,586.00,71.00,237.00,0.787206,-1,-1,-1
291,76,377.00,260.00,62.00,177.00,0.672364,-1,-1,-1
291,107,1427.00,47.00,52.00,157.00,0.681117,-1,-1,-1
291,112,1625.00,0.00,54.00,137.00,0.706519,-1,-1,-1
291,120,469.00,94.00,65.00,190.00,0.356174,-1,-1,-1
292,5,1722.00,453.00,75.00,211.00,0.829154,-1,-1,-1
292,8,271.00,550.00,78.00,239.00,0.871055,-1,-1,-1
292,11,345.00,179.00,52.00,167.00,0.342572,-1,-1,-1
292,12,874.00,933.00,65.00,145.00,0.795582,-1,-1,-1
292,13,1568.00,593.00,105.00,231.00,0.838081,-1,-1,-1
292,20,678.00,282.00,58.00,127.00,0.387109,-1,-1,-1
292,21,1473.00,38.00,54.00,147.00,0.700765,-1,-1,-1
292,26,796.00,137.00,54.00,173.00,0.329636,-1,-1,-1
292,29,555.00,110.00,64.00,178.00,0.239294,-1,-1,-1
292,44,360.00,108.00,49.00,154.00,0.158488,-1,-1,-1
292,47,282.00,166.00,57.00,191.00,0.615685,-1,-1,-1
292,51,424.00,110.00,53.00,151.00,0.309759,-1,-1,-1
292,55,435.00,247.00,63.00,192.00,0.627206,-1,-1,-1
292,71,1054.00,558.00,72.00,235.00,0.804743,-1,-1,-1
292,72,979.00,584.00,68.00,228.00,0.813961,-1,-1,-1
292,76,377.00,261.00,63.00,176.00,0.723553,-1,-1,-1
292,107,1427.00,45.00,53.00,161.00,0.704180,-1,-1,-1
292,112,1624.00,0.00,57.00,144.00,0.674636,-1,-1,-1
292,120,469.00,95.00,65.00,190.00,0.303975,-1,-1,-1
292,122,1526.00,0.00,69.00,129.00,0.380211,-1,-1,-1
293,5,1722.00,453.00,75.00,211.00,0.830158,-1,-1,-1
293,8,271.00,552.00,78.00,240.00,0.871703,-1,-1,-1
293,11,346.00,178.00,52.00,170.00,0.332683,-1,-1,-1
293,12,873.00,934.00,66.00,144.00,0.788963,-1,-1,-1
293,13,1568.00,593.00,105.00,231.00,0.837119,-1,-1,-1
293,20,678.00,281.00,57.00,127.00,0.394412,-1,-1,-1
293,21,1473.00,39.00,53.00,146.00,0.741202,-1,-1,-1
293,26,796.00,137.00,55.00,173.00,0.337221,-1,-1,-1
293,29,555.00,109.00,64.00,179.00,0.225805,-1,-1,-1
293,44,360.00,108.00,48.00,153.00,0.137265,-1,-1,-1
293,47,285.00,166.00,58.00,191.00,0.575627,-1,-1,-1
293,51,423.00,110.00,55.00,156.00,0.294445,-1,-1,-1
293,55,435.00,249.00,64.00,194.00,0.664435,-1,-1,-1
293,71,1052.00,555.00,72.00,236.00,0.790386,-1,-1,-1
293,72,978.00,583.00,66.00,223.00,0.830411,-1,-1,-1
293,76,376.00,263.00,63.00,174.00,0.714248,-1,-1,-1
293,107,1426.00,45.00,53.00,159.00,0.702615,-1,-1,-1
293,112,1625.00,0.00,57.00,149.00,0.668432,-1,-1,-1
293,120,469.00,98.00,64.00,187.00,0.298712,-1,-1,-1
293,122,1526.00,0.00,71.00,132.00,0.418567,-1,-1,-1
294,5,1722.00,453.00,75.00,212.00,0.829652,-1,-1,-1
294,8,272.00,554.00,77.00,238.00,0.874952,-1,-1,-1
294,11,345.00,177.00,53.00,173.00,0.278814,-1,-1,-1
294,12,873.00,934.00,65.00,144.00,0.802231,-1,-1,-1
294,13,1568.00,593.00,105.00,231.00,0.847198,-1,-1,-1
294,20,677.00,282.00,58.00,126.00,0.395827,-1,-1,-1
294,21,1473.00,40.00,53.00,145.00,0.706408,-1,-1,-1
294,26,795.00,137.00,56.00,174.00,0.326467,-1,-1,-1
294,29,554.00,109.00,65.00,180.00,0.269496,-1,-1,-1
294,44,359.00,108.00,50.00,156.00,0.145550,-1,-1,-1
294,47,286.00,166.00,59.00,191.00,0.505213,-1,-1,-1
294,51,423.00,111.00,56.00,159.00,0.329370,-1,-1,-1
294,55,435.00,251.00,64.00,195.00,0.684601,-1,-1,-1
294,71,1049.00,553.00,73.00,237.00,0.821965,-1,-1,-1
294,72,975.00,581.00,67.00,221.00,0.825579,-1,-1,-1
294,76,376.00,263.00,62.00,175.00,0.706153,-1,-1,-1
294,107,1427.00,43.00,52.00,158.00,0.712586,-1,-1,-1
294,112,1626.00,0.00,57.00,152.00,0.652660,-1,-1,-1
294,120,470.00,101.00,63.00,187.00,0.357733,-1,-1,-1
294,122,1525.00,0.00,72.00,134.00,0.378666,-1,-1,-1
295,5,1722.00,453.00,75.00,212.00,0.830419,-1,-1,-1
295,8,272.00,554.00,77.00,238.00,0.864882,-1,-1,-1
295,11,344.00,177.00,53.00,173.00,0.255927,-1,-1,-1
295,12,873.00,935.00,65.00,143.00,0.807592,-1,-1,-1
295,13,1567.00,593.00,106.00,231.00,0.841700,-1,-1,-1
295,20,677.00,282.00,58.00,126.00,0.384162,-1,-1,-1
295,21,1474.00,41.00,53.00,145.00,0.729285,-1,-1,-1
295,26,794.00,135.00,58.00,176.00,0.332105,-1,-1,-1
295,29,555.00,111.00,64.00,178.00,0.255525,-1,-1,-1
295,44,359.00,108.00,50.00,159.00,0.167034,-1,-1,-1
295,47,287.00,166.00,60.00,192.00,0.479726,-1,-1,-1
295,51,422.00,112.00,56.00,160.00,0.325788,-1,-1,-1
295,55,435.00,253.00,64.00,195.00,0.705982,-1,-1,-1
295,71,1047.00,550.00,73.00,241.00,0.830870,-1,-1,-1
295,72,974.00,579.00,66.00,221.00,0.844223,-1,-1,-1
295,76,376.00,263.00,62.00,174.00,0.714834,-1,-1,-1
295,107,1427.00,43.00,52.00,155.00,0.711592,-1,-1,-1
295,112,1627.00,0.00,56.00,153.00,0.632736,-1,-1,-1
295,120,470.00,108.00,62.00,183.00,0.384465,-1,-1,-1
295,122,1526.00,0.00,71.00,135.00,0.371930,-1,-1,-1
296,5,1722.00,453.00,74.00,212.00,0.831551,-1,-1,-1
296,8,272.00,554.00,78.00,238.00,0.866911,-1,-1,-1
296,11,344.00,176.00,53.00,175.00,0.275072,-1,-1,-1
296,12,873.00,935.00,65.00,144.00,0.815036,-1,-1,-1
296,13,1568.00,592.00,105.00,232.00,0.850106,-1,-1,-1
296,20,677.00,282.00,58.00,126.00,0.434430,-1,-1,-1
296,21,1474.00,42.00,53.00,145.00,0.725762,-1,-1,-1
296,26,794.00,135.00,58.00,175.00,0.365388,-1,-1,-1
296,29,555.00,111.00,64.00,177.00,0.210139,-1,-1,-1
296,44,360.00,108.00,49.00,157.00,0.131912,-1,-1,-1
296,47,286.00,165.00,61.00,193.00,0.469684,-1,-1,-1
296,51,422.00,113.00,56.00,163.00,0.348927,-1,-1,-1
296,55,434.00,254.00,65.00,195.00,0.707051,-1,-1,-1
296,71,1045.00,548.00,75.00,242.00,0.829311,-1,-1,-1
296,72,972.00,575.00,67.00,220.00,0.823512,-1,-1,-1
296,76,375.00,263.00,63.00,174.00,0.709992,-1,-1,-1
296,107,1427.00,42.00,51.00,155.00,0.712067,-1,-1,-1
296,112,1629.00,1.00,55.00,153.00,0.648536,-1,-1,-1
296,120,469.00,108.00,63.00,185.00,0.388867,-1,-1,-1
296,122,1525.00,0.00,73.00,137.00,0.321322,-1,-1,-1
297,5,1722.00,454.00,75.00,211.00,0.825799,-1,-1,-1
297,8,273.00,555.00,77.00,237.00,0.864021,-1,-1,-1
297,11,343.00,175.00,55.00,179.00,0.317135,-1,-1,-1
297,12,872.00,936.00,65.00,142.00,0.821831,-1,-1,-1
297,13,1568.00,591.00,106.00,233.00,0.850726,-1,-1,-1
297,20,677.00,281.00,58.00,127.00,0.404315,-1,-1,-1
297,21,1474.00,43.00,54.00,145.00,0.733339,-1,-1,-1
297,26,793.00,135.00,59.00,176.00,0.361980,-1,-1,-1
297,29,555.00,111.00,64.00,177.00,0.249825,-1,-1,-1
297,44,360.00,108.00,49.00,158.00,0.135544,-1,-1,-1
297,47,287.00,165.00,62.00,193.00,0.494613,-1,-1,-1
297,51,420.00,114.00,57.00,164.00,0.327429,-1,-1,-1
297,55,435.00,256.00,64.00,193.00,0.687995,-1,-1,-1
297,71,1044.00,546.00,76.00,244.00,0.828610,-1,-1,-1
297,72,970.00,572.00,69.00,227.00,0.854254,-1,-1,-1
297,76,375.00,264.00,62.00,173.00,0.659983,-1,-1,-1
297,107,1426.00,41.00,50.00,153.00,0.734568,-1,-1,-1
297,112,1631.00,2.00,54.00,151.00,0.649965,-1,-1,-1
297,120,467.00,107.00,64.00,186.00,0.357983,-1,-1,-1
297,122,1526.00,0.00,73.00,139.00,0.287530,-1,-1,-1
298,5,1722.00,454.00,75.00,210.00,0.827852,-1,-1,-1
298,8,273.00,555.00,78.00,237.00,0.866752,-1,-1,-1
298,11,344.00,175.00,54.00,178.00,0.329369,-1,-1,-1
298,12,872.00,937.00,64.00,141.00,0.810710,-1,-1,-1
298,13,1569.00,591.00,105.00,233.00,0.847330,-1,-1,-1
298,20,677.00,281.00,58.00,127.00,0.407292,-1,-1,-1
298,21,1475.00,44.00,54.00,145.00,0.744535,-1,-1,-1
298,26,794.00,137.00,59.00,173.00,0.379217,-1,-1,-1
298,29,555.00,111.00,64.00,177.00,0.267178,-1,-1,-1
298,44,360.00,108.00,48.00,157.00,0.133543,-1,-1,-1
298,47,288.00,164.00,62.00,194.00,0.472557,-1,-1,-1
298,51,420.00,115.00,57.00,164.00,0.385928,-1,-1,-1
298,55,434.00,257.00,64.00,192.00,0.697445,-1,-1,-1
298,71,1042.00,546.00,78.00,245.00,0.829994,-1,-1,-1
298,72,968.00,568.00,70.00,233.00,0.843817,-1,-1,-1
298,76,377.00,265.00,61.00,172.00,0.666812,-1,-1,-1
298,107,1425.00,41.00,49.00,153.00,0.780307,-1,-1,-1
298,112,1633.00,2.00,53.00,151.00,0.701993,-1,-1,-1
298,120,467.00,109.00,64.00,185.00,0.408716,-1,-1,-1
298,122,1527.00,0.00,73.00,140.00,0.467884,-1,-1,-1
299,5,1722.00,453.00,75.00,212.00,0.826881,-1,-1,-1
299,8,273.00,556.00,78.00,236.00,0.869958,-1,-1,-1
299,11,344.00,176.00,54.00,175.00,0.332042,-1,-1,-1
299,12,871.00,938.00,64.00,140.00,0.803029,-1,-1,-1
299,13,1569.00,593.00,105.00,231.00,0.843965,-1,-1,-1
299,20,677.00,280.00,58.00,128.00,0.452615,-1,-1,-1
299,21,1475.00,44.00,54.00,144.00,0.729213,-1,-1,-1
299,26,795.00,138.00,59.00,173.00,0.405721,-1,-1,-1
299,29,556.00,114.00,62.00,174.00,0.248130,-1,-1,-1
299,44,360.00,108.00,49.00,160.00,0.168487,-1,-1,-1
299,47,290.00,165.00,62.00,193.00,0.497672,-1,-1,-1
299,51,420.00,117.00,56.00,163.00,0.409973,-1,-1,-1
299,55,435.00,258.00,63.00,191.00,0.697980,-1,-1,-1
299,71,1040.00,546.00,80.00,245.00,0.844283,-1,-1,-1
299,72,966.00,566.00,70.00,234.00,0.811434,-1,-1,-1
299,76,377.00,267.00,60.00,170.00,0.672652,-1,-1,-1
299,107,1424.00,40.00,49.00,154.00,0.763679,-1,-1,-1
299,112,1634.00,2.00,53.00,154.00,0.709782,-1,-1,-1
299,120,467.00,114.00,63.00,183.00,0.405965,-1,-1,-1
299,122,1529.00,0.00,73.00,141.00,0.495425,-1,-1,-1
300,5,1722.00,453.00,75.00,211.00,0.827434,-1,-1,-1
300,8,273.00,558.00,78.00,234.00,0.875983,-1,-1,-1
300,11,343.00,175.00,53.00,177.00,0.338073,-1,-1,-1
300,12,871.00,938.00,64.00,140.00,0.796384,-1,-1,-1
300,13,1569.00,593.00,105.00,231.00,0.816041,-1,-1,-1
300,20,677.00,280.00,58.00,129.00,0.447681,-1,-1,-1
300,21,1476.00,45.00,53.00,143.00,0.721303,-1,-1,-1
300,26,793.00,137.00,60.00,174.00,0.393590,-1,-1,-1
300,29,555.00,111.00,64.00,177.00,0.305764,-1,-1,-1
300,44,360.00,107.00,49.00,163.00,0.196179,-1,-1,-1
300,47,290.00,165.00,62.00,193.00,0.552833,-1,-1,-1
300,51,419.00,118.00,57.00,164.00,0.409131,-1,-1,-1
300,55,435.00,257.00,63.00,193.00,0.717224,-1,-1,-1
300,71,1040.00,545.00,81.00,244.00,0.866331,-1,-1,-1
300,72,963.00,565.00,71.00,234.00,0.807407,-1,-1,-1
300,76,377.00,268.00,59.00,168.00,0.662192,-1,-1,-1
300,107,1423.00,40.00,50.00,154.00,0.743711,-1,-1,-1
300,112,1636.00,3.00,52.00,153.00,0.710562,-1,-1,-1
300,120,467.00,107.00,66.00,191.00,0.391542,-1,-1,-1
300,122,1529.00,0.00,74.00,144.00,0.289941,-1,-1,-1
301,5,1722.00,452.00,75.00,213.00,0.829828,-1,-1,-1
301,8,274.00,559.00,77.00,233.00,0.878769,-1,-1,-1
301,11,343.00,176.00,53.00,174.00,0.291633,-1,-1,-1
301,12,870.00,939.00,65.00,140.00,0.786398,-1,-1,-1
301,13,1569.00,593.00,105.00,231.00,0.814661,-1,-1,-1
301,20,677.00,280.00,58.00,129.00,0.451112,-1,-1,-1
301,21,1477.00,45.00,53.00,143.00,0.729968,-1,-1,-1
301,26,792.00,135.00,61.00,176.00,0.365682,-1,-1,-1
301,29,555.00,110.00,64.00,178.00,0.298875,-1,-1,-1
301,44,360.00,108.00,49.00,163.00,0.180194,-1,-1,-1
301,47,292.00,165.00,62.00,193.00,0.520989,-1,-1,-1
301,51,418.00,118.00,57.00,167.00,0.409344,-1,-1,-1
301,55,435.00,259.00,63.00,191.00,0.702793,-1,-1,-1
301,71,1039.00,545.00,84.00,243.00,0.874598,-1,-1,-1
301,72,962.00,564.00,70.00,235.00,0.797929,-1,-1,-1
301,76,376.00,270.00,59.00,169.00,0.685654,-1,-1,-1
301,107,1423.00,39.00,49.00,155.00,0.746872,-1,-1,-1
301,112,1638.00,4.00,50.00,149.00,0.738707,-1,-1,-1
301,120,468.00,107.00,65.00,191.00,0.391191,-1,-1,-1
301,122,1530.00,0.00,73.00,146.00,0.230219,-1,-1,-1
302,5,1722.00,453.00,75.00,213.00,0.826773,-1,-1,-1
302,8,274.00,561.00,77.00,232.00,0.878220,-1,-1,-1
302,11,342.00,176.00,53.00,174.00,0.288545,-1,-1,-1
302,12,870.00,940.00,64.00,139.00,0.784031,-1,-1,-1
302,13,1569.00,593.00,105.00,231.00,0.829893,-1,-1,-1
302,20,677.00,282.00,58.00,127.00,0.418502,-1,-1,-1
302,21,1477.00,45.00,53.00,142.00,0.743080,-1,-1,-1
302,26,791.00,135.00,62.00,176.00,0.375337,-1,-1,-1
302,29,555.00,111.00,64.00,177.00,0.306594,-1,-1,-1
302,44,360.00,108.00,49.00,166.00,0.179947,-1,-1,-1
302,47,292.00,165.00,63.00,192.00,0.521677,-1,-1,-1
302,51,418.00,120.00,57.00,168.00,0.415075,-1,-1,-1
302,55,436.00,258.00,63.00,192.00,0.720638,-1,-1,-1
302,71,1038.00,543.00,86.00,244.00,0.867983,-1,-1,-1
302,72,960.00,562.00,71.00,236.00,0.805201,-1,-1,-1
302,76,375.00,271.00,60.00,172.00,0.668059,-1,-1,-1
302,107,1422.00,39.00,49.00,155.00,0.720364,-1,-1,-1
302,112,1639.00,5.00,50.00,148.00,0.725739,-1,-1,-1
302,120,467.00,102.00,66.00,196.00,0.418676,-1,-1,-1
302,122,1531.00,0.00,72.00,144.00,0.379479,-1,-1,-1
303,5,1722.00,453.00,75.00,212.00,0.825298,-1,-1,-1
303,8,273.00,563.00,79.00,234.00,0.877034,-1,-1,-1
303,11,343.00,176.00,52.00,174.00,0.257712,-1,-1,-1
303,12,869.00,940.00,65.00,139.00,0.793174,-1,-1,-1
303,13,1570.00,593.00,105.00,231.00,0.818966,-1,-1,-1
303,20,677.00,281.00,58.00,128.00,0.454516,-1,-1,-1
303,21,1478.00,45.00,53.00,142.00,0.759059,-1,-1,-1
303,26,791.00,135.00,62.00,177.00,0.392282,-1,-1,-1
303,29,555.00,112.00,64.00,176.00,0.283916,-1,-1,-1
303,44,360.00,108.00,49.00,167.00,0.161292,-1,-1,-1
303,47,292.00,165.00,63.00,192.00,0.493763,-1,-1,-1
303,51,418.00,120.00,57.00,169.00,0.404220,-1,-1,-1
303,55,437.00,258.00,62.00,192.00,0.707257,-1,-1,-1
303,71,1037.00,541.00,88.00,245.00,0.857322,-1,-1,-1
303,72,960.00,562.00,71.00,237.00,0.782692,-1,-1,-1
303,76,373.00,271.00,62.00,176.00,0.649496,-1,-1,-1
303,107,1422.00,39.00,49.00,154.00,0.713956,-1,-1,-1
303,112,1639.00,5.00,50.00,149.00,0.752760,-1,-1,-1
303,120,467.00,101.00,66.00,199.00,0.400141,-1,-1,-1
303,122,1532.00,0.00,70.00,145.00,0.232684,-1,-1,-1
304,5,1722.00,453.00,75.00,212.00,0.825987,-1,-1,-1
304,8,272.00,564.00,80.00,239.00,0.871075,-1,-1,-1
304,11,343.00,176.00,52.00,174.00,0.257188,-1,-1,-1
304,12,869.00,941.00,65.00,138.00,0.792201,-1,-1,-1
304,13,1569.00,591.00,105.00,232.00,0.838363,-1,-1,-1
304,20,677.00,280.00,59.00,130.00,0.387228,-1,-1,-1
304,21,1478.00,45.00,53.00,143.00,0.763543,-1,-1,-1
304,26,791.00,136.00,62.00,176.00,0.348835,-1,-1,-1
304,29,555.00,111.00,64.00,177.00,0.313721,-1,-1,-1
304,44,360.00,107.00,49.00,168.00,0.152629,-1,-1,-1
304,47,293.00,166.00,62.00,191.00,0.555817,-1,-1,-1
304,51,419.00,122.00,56.00,167.00,0.394270,-1,-1,-1
304,55,437.00,258.00,61.00,191.00,0.685208,-1,-1,-1
304,71,1036.00,539.00,89.00,246.00,0.864774,-1,-1,-1
304,72,958.00,562.00,71.00,236.00,0.802996,-1,-1,-1
304,76,372.00,272.00,62.00,177.00,0.629353,-1,-1,-1
304,107,1422.00,39.00,48.00,154.00,0.725620,-1,-1,-1
304,112,1640.00,4.00,50.00,151.00,0.755177,-1,-1,-1
304,120,467.00,102.00,66.00,197.00,0.371115,-1,-1,-1
304,122,1533.00,1.00,68.00,142.00,0.158019,-1,-1,-1
305,5,1722.00,453.00,75.00,212.00,0.828083,-1,-1,-1
305,8,272.00,567.00,81.00,242.00,0.864236,-1,-1,-1
305,11,342.00,174.00,54.00,181.00,0.287671,-1,-1,-1
305,12,869.00,942.00,65.00,137.00,0.789127,-1,-1,-1
305,13,1568.00,591.00,106.00,232.00,0.834587,-1,-1,-1
305,20,678.00,282.00,57.00,127.00,0.396409,-1,-1,-1
305,21,1477.00,45.00,54.00,144.00,0.749674,-1,-1,-1
305,26,791.00,135.00,63.00,178.00,0.337457,-1,-1,-1
305,29,555.00,111.00,63.00,177.00,0.309921,-1,-1,-1
305,44,360.00,107.00,48.00,164.00,0.131499,-1,-1,-1
305,47,294.00,165.00,62.00,193.00,0.545520,-1,-1,-1
305,51,420.00,122.00,55.00,166.00,0.367393,-1,-1,-1
305,55,436.00,256.00,62.00,193.00,0.665581,-1,-1,-1
305,71,1034.00,537.00,91.00,247.00,0.858811,-1,-1,-1
305,72,957.00,561.00,70.00,236.00,0.800351,-1,-1,-1
305,76,368.00,273.00,63.00,179.00,0.648392,-1,-1,-1
305,107,1423.00,40.00,46.00,149.00,0.707860,-1,-1,-1
305,112,1640.00,5.00,52.00,155.00,0.739777,-1,-1,-1
305,120,468.00,103.00,65.00,197.00,0.383411,-1,-1,-1
305,122,1534.00,3.00,67.00,142.00,0.145096,-1,-1,-1
306,5,1722.00,453.00,75.00,212.00,0.832813,-1,-1,-1
306,8,271.00,570.00,82.00,243.00,0.866010,-1,-1,-1
306,11,342.00,171.00,53.00,183.00,0.185801,-1,-1,-1
306,12,869.00,943.00,65.00,136.00,0.785729,-1,-1,-1
306,13,1569.00,591.00,106.00,233.00,0.846363,-1,-1,-1
306,20,678.00,282.00,57.00,127.00,0.425199,-1,-1,-1
306,21,1477.00,46.00,55.00,144.00,0.752572,-1,-1,-1
306,26,791.00,135.00,63.00,178.00,0.312117,-1,-1,-1
306,29,555.00,111.00,63.00,178.00,0.317047,-1,-1,-1
306,44,360.00,108.00,48.00,167.00,0.148516,-1,-1,-1
306,47,294.00,165.00,63.00,193.00,0.541894,-1,-1,-1
306,51,420.00,122.00,55.00,166.00,0.405248,-1,-1,-1
306,55,436.00,257.00,62.00,194.00,0.714080,-1,-1,-1
306,71,1030.00,534.00,91.00,247.00,0.839441,-1,-1,-1
306,72,955.00,560.00,70.00,236.00,0.814499,-1,-1,-1
306,76,366.00,274.00,63.00,179.00,0.640793,-1,-1,-1
306,107,1423.00,40.00,45.00,146.00,0.698439,-1,-1,-1
306,112,1641.00,5.00,52.00,158.00,0.749449,-1,-1,-1
306,120,469.00,105.00,65.00,196.00,0.397443,-1,-1,-1
306,122,1535.00,3.00,66.00,141.00,0.223555,-1,-1,-1
307,5,1722.00,453.00,75.00,212.00,0.830820,-1,-1,-1
307,8,271.00,572.00,81.00,243.00,0.864752,-1,-1,-1
307,11,341.00,170.00,54.00,185.00,0.150180,-1,-1,-1
307,12,870.00,943.00,64.00,136.00,0.794538,-1,-1,-1
307,13,1569.00,590.00,106.00,233.00,0.832382,-1,-1,-1
307,20,677.00,281.00,58.00,128.00,0.397531,-1,-1,-1
307,21,1476.00,47.00,55.00,146.00,0.731741,-1,-1,-1
307,26,792.00,136.00,63.00,176.00,0.357894,-1,-1,-1
307,29,553.00,107.00,66.00,182.00,0.351176,-1,-1,-1
307,44,360.00,108.00,49.00,171.00,0.176454,-1,-1,-1
307,47,294.00,164.00,63.00,194.00,0.551438,-1,-1,-1
307,51,420.00,122.00,55.00,167.00,0.443990,-1,-1,-1
307,55,436.00,259.00,62.00,194.00,0.740015,-1,-1,-1
307,71,1029.00,531.00,91.00,248.00,0.844529,-1,-1,-1
307,72,954.00,559.00,69.00,236.00,0.827340,-1,-1,-1
307,76,364.00,275.00,64.00,179.00,0.660930,-1,-1,-1
307,107,1423.00,39.00,45.00,148.00,0.717111,-1,-1,-1
307,112,1641.00,6.00,54.00,160.00,0.774037,-1,-1,-1
307,120,471.00,107.00,63.00,193.00,0.413708,-1,-1,-1
307,122,1537.00,4.00,64.00,139.00,0.211379,-1,-1,-1
308,5,1722.00,453.00,75.00,212.00,0.834064,-1,-1,-1
308,8,270.00,575.00,81.00,243.00,0.864687,-1,-1,-1
308,12,869.00,944.00,65.00,135.00,0.778425,-1,-1,-1
308,13,1569.00,590.00,105.00,234.00,0.827917,-1,-1,-1
308,20,677.00,282.00,58.00,127.00,0.452620,-1,-1,-1
308,21,1475.00,47.00,56.00,148.00,0.731186,-1,-1,-1
308,26,792.00,136.00,63.00,176.00,0.383133,-1,-1,-1
308,29,553.00,106.00,66.00,184.00,0.325901,-1,-1,-1
308,44,360.00,109.00,49.00,172.00,0.148613,-1,-1,-1
308,47,295.00,164.00,64.00,193.00,0.523805,-1,-1,-1
308,51,419.00,122.00,55.00,167.00,0.447530,-1,-1,-1
308,55,435.00,260.00,63.00,196.00,0.706888,-1,-1,-1
308,71,1029.00,529.00,87.00,237.00,0.844226,-1,-1,-1
308,72,951.00,557.00,70.00,236.00,0.820820,-1,-1,-1
308,76,362.00,277.00,65.00,177.00,0.642141,-1,-1,-1
308,107,1422.00,38.00,46.00,151.00,0.702389,-1,-1,-1
308,112,1641.00,6.00,55.00,163.00,0.759607,-1,-1,-1
308,120,472.00,108.00,64.00,193.00,0.402056,-1,-1,-1
308,122,1539.00,5.00,63.00,136.00,0.183596,-1,-1,-1
309,5,1721.00,453.00,76.00,212.00,0.837313,-1,-1,-1
309,8,270.00,577.00,81.00,243.00,0.863942,-1,-1,-1
309,12,869.00,944.00,66.00,135.00,0.792967,-1,-1,-1
309,13,1569.00,591.00,105.00,232.00,0.838362,-1,-1,-1
309,20,678.00,281.00,57.00,128.00,0.459866,-1,-1,-1
309,21,1475.00,49.00,55.00,148.00,0.740648,-1,-1,-1
309,26,793.00,137.00,63.00,174.00,0.407640,-1,-1,-1
309,29,553.00,107.00,66.00,183.00,0.337258,-1,-1,-1
309,44,361.00,109.00,47.00,168.00,0.158357,-1,-1,-1
309,47,296.00,166.00,63.00,190.00,0.539765,-1,-1,-1
309,51,418.00,122.00,55.00,168.00,0.476003,-1,-1,-1
309,55,435.00,261.00,63.00,198.00,0.713151,-1,-1,-1
309,71,1028.00,526.00,86.00,233.00,0.848333,-1,-1,-1
309,72,950.00,554.00,68.00,233.00,0.815608,-1,-1,-1
309,76,360.00,277.00,67.00,176.00,0.694292,-1,-1,-1
309,107,1422.00,37.00,47.00,153.00,0.713520,-1,-1,-1
309,112,1642.00,7.00,55.00,164.00,0.747321,-1,-1,-1
309,120,475.00,108.00,66.00,195.00,0.370420,-1,-1,-1
309,122,1538.00,6.00,63.00,135.00,0.122406,-1,-1,-1
310,5,1721.00,453.00,76.00,212.00,0.831638,-1,-1,-1
310,8,269.00,579.00,81.00,244.00,0.866306,-1,-1,-1
310,12,869.00,944.00,67.00,135.00,0.784553,-1,-1,-1
310,13,1569.00,590.00,105.00,234.00,0.823680,-1,-1,-1
310,20,677.00,281.00,58.00,128.00,0.474284,-1,-1,-1
310,21,1474.00,50.00,56.00,148.00,0.746142,-1,-1,-1
310,26,793.00,137.00,64.00,174.00,0.421702,-1,-1,-1
310,29,553.00,106.00,66.00,184.00,0.320356,-1,-1,-1
310,44,362.00,110.00,46.00,166.00,0.175843,-1,-1,-1
310,47,296.00,165.00,63.00,191.00,0.561570,-1,-1,-1
310,51,417.00,122.00,55.00,169.00,0.508797,-1,-1,-1
310,55,435.00,262.00,63.00,199.00,0.736936,-1,-1,-1
310,71,1028.00,524.00,84.00,232.00,0.840559,-1,-1,-1
310,72,949.00,551.00,67.00,228.00,0.823943,-1,-1,-1
310,76,359.00,277.00,69.00,176.00,0.746211,-1,-1,-1
310,107,1420.00,36.00,47.00,157.00,0.629296,-1,-1,-1
310,112,1642.00,9.00,55.00,163.00,0.731271,-1,-1,-1
310,120,472.00,108.00,65.00,196.00,0.326411,-1,-1,-1
310,122,1548.00,7.00,59.00,132.00,0.124595,-1,-1,-1
311,5,1720.00,453.00,76.00,213.00,0.830250,-1,-1,-1
311,8,268.00,580.00,81.00,244.00,0.873460,-1,-1,-1
311,12,868.00,944.00,68.00,134.00,0.800564,-1,-1,-1
311,13,1569.00,592.00,105.00,232.00,0.852026,-1,-1,-1
311,20,678.00,281.00,57.00,127.00,0.471146,-1,-1,-1
311,21,1473.00,51.00,56.00,148.00,0.741384,-1,-1,-1
311,26,793.00,137.00,65.00,174.00,0.500502,-1,-1,-1
311,29,553.00,106.00,66.00,184.00,0.349466,-1,-1,-1
311,44,362.00,110.00,46.00,164.00,0.150976,-1,-1,-1
311,47,296.00,165.00,63.00,190.00,0.569454,-1,-1,-1
311,51,416.00,123.00,55.00,169.00,0.540936,-1,-1,-1
311,55,437.00,266.00,62.00,198.00,0.732346,-1,-1,-1
311,71,1027.00,521.00,84.00,234.00,0.841618,-1,-1,-1
311,72,947.00,548.00,67.00,226.00,0.825844,-1,-1,-1
311,76,356.00,277.00,71.00,178.00,0.738561,-1,-1,-1
311,107,1418.00,35.00,49.00,159.00,0.617286,-1,-1,-1
311,112,1641.00,10.00,56.00,165.00,0.722767,-1,-1,-1
311,120,470.00,108.00,66.00,197.00,0.414666,-1,-1,-1
312,5,1720.00,453.00,76.00,212.00,0.833713,-1,-1,-1
312,8,268.00,581.00,80.00,244.00,0.870502,-1,-1,-1
312,12,868.00,944.00,69.00,134.00,0.805540,-1,-1,-1
312,13,1570.00,591.00,105.00,233.00,0.800906,-1,-1,-1
312,20,678.00,281.00,57.00,127.00,0.501233,-1,-1,-1
312,21,1473.00,52.00,57.00,149.00,0.743052,-1,-1,-1
312,26,793.00,137.00,66.00,174.00,0.466371,-1,-1,-1
312,29,553.00,106.00,66.00,182.00,0.296348,-1,-1,-1
312,44,362.00,110.00,46.00,164.00,0.161134,-1,-1,-1
312,47,297.00,166.00,64.00,188.00,0.551489,-1,-1,-1
312,51,415.00,124.00,55.00,168.00,0.497874,-1,-1,-1
312,55,437.00,269.00,62.00,197.00,0.730824,-1,-1,-1
312,71,1027.00,520.00,83.00,235.00,0.835371,-1,-1,-1
312,72,945.00,546.00,67.00,225.00,0.826535,-1,-1,-1
312,76,354.00,277.00,73.00,178.00,0.717366,-1,-1,-1
312,107,1420.00,34.00,48.00,158.00,0.670015,-1,-1,-1
312,112,1642.00,12.00,55.00,162.00,0.720611,-1,-1,-1
312,120,469.00,108.00,66.00,199.00,0.447754,-1,-1,-1
312,122,1561.00,10.00,52.00,120.00,0.414721,-1,-1,-1
313,5,1720.00,453.00,76.00,212.00,0.834998,-1,-1,-1
313,8,267.00,583.00,80.00,242.00,0.871433,-1,-1,-1
313,12,868.00,944.00,69.00,135.00,0.799510,-1,-1,-1
313,13,1570.00,592.00,104.00,232.00,0.826440,-1,-1,-1
313,20,678.00,281.00,57.00,127.00,0.491800,-1,-1,-1
313,21,1472.00,55.00,56.00,147.00,0.719570,-1,-1,-1
313,26,794.00,137.00,66.00,175.00,0.416479,-1,-1,-1
313,29,554.00,108.00,65.00,179.00,0.323398,-1,-1,-1
313,47,298.00,169.00,64.00,184.00,0.511284,-1,-1,-1
313,51,415.00,125.00,56.00,171.00,0.456645,-1,-1,-1
313,55,437.00,270.00,62.00,198.00,0.735357,-1,-1,-1
313,71,1027.00,520.00,82.00,236.00,0.815563,-1,-1,-1
313,72,944.00,544.00,67.00,226.00,0.830384,-1,-1,-1
313,76,353.00,276.00,73.00,178.00,0.715592,-1,-1,-1
313,107,1420.00,31.00,48.00,156.00,0.659325,-1,-1,-1
313,112,1643.00,13.00,55.00,162.00,0.730949,-1,-1,-1
313,120,468.00,107.00,67.00,204.00,0.420036,-1,-1,-1
313,122,1564.00,11.00,49.00,117.00,0.461649,-1,-1,-1
314,5,1720.00,453.00,76.00,212.00,0.833614,-1,-1,-1
314,8,266.00,584.00,80.00,241.00,0.865454,-1,-1,-1
314,12,868.00,944.00,70.00,135.00,0.794659,-1,-1,-1
314,13,1570.00,592.00,104.00,232.00,0.831061,-1,-1,-1
314,20,677.00,280.00,58.00,129.00,0.430331,-1,-1,-1
314,21,1471.00,57.00,56.00,147.00,0.697381,-1,-1,-1
314,26,794.00,137.00,67.00,174.00,0.418745,-1,-1,-1
314,29,554.00,108.00,65.00,178.00,0.250407,-1,-1,-1
314,47,299.00,167.00,64.00,186.00,0.489300,-1,-1,-1
314,51,414.00,127.00,56.00,172.00,0.397871,-1,-1,-1
314,55,436.00,271.00,62.00,197.00,0.733118,-1,-1,-1
314,71,1026.00,519.00,81.00,237.00,0.817782,-1,-1,-1
314,72,942.00,541.00,68.00,230.00,0.835697,-1,-1,-1
314,76,352.00,277.00,74.00,177.00,0.781282,-1,-1,-1
314,107,1420.00,30.00,48.00,154.00,0.638513,-1,-1,-1
314,112,1644.00,15.00,55.00,161.00,0.730270,-1,-1,-1
314,120,468.00,108.00,67.00,205.00,0.458155,-1,-1,-1
314,122,1567.00,12.00,46.00,115.00,0.470731,-1,-1,-1
315,5,1719.00,452.00,76.00,212.00,0.833539,-1,-1,-1
315,8,265.00,585.00,79.00,240.00,0.862938,-1,-1,-1
315,12,868.00,944.00,71.00,135.00,0.799903,-1,-1,-1
315,13,1569.00,593.00,104.00,231.00,0.854687,-1,-1,-1
315,20,677.00,280.00,58.00,129.00,0.470961,-1,-1,-1
315,21,1471.00,59.00,55.00,146.00,0.676829,-1,-1,-1
315,26,795.00,137.00,67.00,174.00,0.419811,-1,-1,-1
315,29,555.00,112.00,63.00,175.00,0.364251,-1,-1,-1
315,47,298.00,166.00,65.00,187.00,0.570052,-1,-1,-1
315,51,414.00,128.00,56.00,170.00,0.479832,-1,-1,-1
315,55,436.00,270.00,61.00,198.00,0.736057,-1,-1,-1
315,71,1024.00,518.00,81.00,238.00,0.818506,-1,-1,-1
315,72,941.00,539.00,68.00,233.00,0.841386,-1,-1,-1
315,76,352.00,278.00,75.00,176.00,0.770345,-1,-1,-1
315,107,1421.00,29.00,47.00,153.00,0.616579,-1,-1,-1
315,112,1645.00,15.00,55.00,160.00,0.722353,-1,-1,-1
315,120,468.00,108.00,67.00,206.00,0.437331,-1,-1,-1
315,122,1566.00,8.00,48.00,122.00,0.319038,-1,-1,-1
315,128,1071.00,0.00,51.00,98.00,0.362093,-1,-1,-1
316,5,1720.00,452.00,76.00,212.00,0.830529,-1,-1,-1
316,8,265.00,586.00,79.00,239.00,0.860550,-1,-1,-1
316,12,868.00,943.00,72.00,135.00,0.800756,-1,-1,-1
316,13,1570.00,593.00,104.00,230.00,0.840080,-1,-1,-1
316,20,677.00,280.00,58.00,129.00,0.457618,-1,-1,-1
316,21,1470.00,60.00,56.00,145.00,0.684992,-1,-1,-1
316,26,795.00,137.00,68.00,175.00,0.463288,-1,-1,-1
316,29,554.00,112.00,63.00,175.00,0.344384,-1,-1,-1
316,47,299.00,166.00,65.00,187.00,0.532956,-1,-1,-1
316,51,413.00,129.00,57.00,171.00,0.392966,-1,-1,-1
316,55,436.00,270.00,61.00,198.00,0.728842,-1,-1,-1
316,71,1022.00,517.00,81.00,239.00,0.825292,-1,-1,-1
316,72,939.00,537.00,68.00,235.00,0.836580,-1,-1,-1
316,76,352.00,280.00,74.00,175.00,0.741335,-1,-1,-1
316,107,1421.00,28.00,46.00,152.00,0.610164,-1,-1,-1
316,112,1647.00,15.00,54.00,158.00,0.712126,-1,-1,-1
316,120,468.00,108.00,66.00,208.00,0.401777,-1,-1,-1
316,122,1567.00,7.00,47.00,122.00,0.327452,-1,-1,-1
316,128,1070.00,0.00,52.00,98.00,0.507848,-1,-1,-1
317,5,1721.00,453.00,75.00,211.00,0.837340,-1,-1,-1
317,8,264.00,587.00,79.00,238.00,0.865362,-1,-1,-1
317,12,869.00,943.00,72.00,135.00,0.790754,-1,-1,-1
317,13,1570.00,594.00,104.00,229.00,0.852490,-1,-1,-1
317,20,677.00,280.00,58.00,129.00,0.449017,-1,-1,-1
317,21,1470.00,61.00,56.00,145.00,0.657035,-1,-1,-1
317,26,795.00,138.00,69.00,175.00,0.450212,-1,-1,-1
317,29,554.00,112.00,63.00,175.00,0.326889,-1,-1,-1
317,47,300.00,165.00,66.00,188.00,0.563835,-1,-1,-1
317,51,414.00,132.00,56.00,168.00,0.426964,-1,-1,-1
317,55,436.00,270.00,61.00,198.00,0.751798,-1,-1,-1
317,71,1020.00,517.00,81.00,238.00,0.832890,-1,-1,-1
317,72,938.00,536.00,68.00,236.00,0.829474,-1,-1,-1
317,76,351.00,279.00,77.00,179.00,0.757505,-1,-1,-1
317,107,1421.00,27.00,47.00,152.00,0.620054,-1,-1,-1
317,112,1649.00,14.00,53.00,159.00,0.721310,-1,-1,-1
317,120,468.00,112.00,66.00,205.00,0.431334,-1,-1,-1
317,122,1566.00,7.00,48.00,127.00,0.197563,-1,-1,-1
317,128,1070.00,0.00,52.00,99.00,0.608326,-1,-1,-1
318,5,1720.00,452.00,75.00,212.00,0.832559,-1,-1,-1
318,8,264.00,588.00,79.00,237.00,0.867871,-1,-1,-1
318,12,869.00,943.00,73.00,135.00,0.811895,-1,-1,-1
318,13,1571.00,593.00,103.00,230.00,0.849984,-1,-1,-1
318,20,677.00,280.00,58.00,129.00,0.455332,-1,-1,-1
318,21,1469.00,61.00,57.00,145.00,0.652980,-1,-1,-1
318,26,795.00,138.00,70.00,174.00,0.445462,-1,-1,-1
318,29,554.00,112.00,63.00,176.00,0.355647,-1,-1,-1
318,47,300.00,164.00,66.00,189.00,0.568573,-1,-1,-1
318,51,415.00,134.00,55.00,165.00,0.463494,-1,-1,-1
318,55,437.00,271.00,60.00,197.00,0.735174,-1,-1,-1
318,71,1018.00,516.00,80.00,237.00,0.825923,-1,-1,-1
318,72,936.00,534.00,69.00,238.00,0.821080,-1,-1,-1
318,76,351.00,280.00,78.00,182.00,0.739951,-1,-1,-1
318,107,1420.00,27.00,47.00,152.00,0.614787,-1,-1,-1
318,112,1650.00,16.00,53.00,156.00,0.710665,-1,-1,-1
318,120,469.00,118.00,63.00,199.00,0.339257,-1,-1,-1
318,122,1563.00,4.00,50.00,132.00,0.269310,-1,-1,-1
318,128,1069.00,0.00,54.00,102.00,0.489731,-1,-1,-1
319,5,1720.00,452.00,75.00,212.00,0.832201,-1,-1,-1
319,8,264.00,589.00,79.00,236.00,0.866474,-1,-1,-1
319,12,869.00,943.00,74.00,135.00,0.806818,-1,-1,-1
319,13,1570.00,593.00,103.00,230.00,0.852597,-1,-1,-1
319,20,677.00,280.00,58.00,129.00,0.500295,-1,-1,-1
319,21,1469.00,61.00,57.00,145.00,0.649174,-1,-1,-1
319,26,796.00,138.00,70.00,174.00,0.477354,-1,-1,-1
319,29,554.00,113.00,63.00,175.00,0.313733,-1,-1,-1
319,47,301.00,164.00,66.00,189.00,0.533061,-1,-1,-1
319,51,415.00,134.00,55.00,165.00,0.467130,-1,-1,-1
319,55,436.00,272.00,60.00,196.00,0.730738,-1,-1,-1
319,71,1017.00,515.00,79.00,237.00,0.825836,-1,-1,-1
319,72,936.00,533.00,69.00,239.00,0.816756,-1,-1,-1
319,76,352.00,284.00,77.00,182.00,0.728219,-1,-1,-1
319,107,1420.00,26.00,47.00,154.00,0.616487,-1,-1,-1
319,112,1652.00,17.00,52.00,156.00,0.691764,-1,-1,-1
319,120,468.00,120.00,63.00,198.00,0.374317,-1,-1,-1
319,122,1561.00,2.00,51.00,136.00,0.310286,-1,-1,-1
319,128,1069.00,0.00,54.00,103.00,0.498096,-1,-1,-1
320,5,1721.00,453.00,75.00,211.00,0.828906,-1,-1,-1
320,8,263.00,591.00,80.00,236.00,0.871658,-1,-1,-1
320,12,869.00,943.00,75.00,135.00,0.797851,-1,-1,-1
320,13,1569.00,594.00,104.00,230.00,0.833374,-1,-1,-1
320,20,677.00,280.00,57.00,129.00,0.448522,-1,-1,-1
320,21,1468.00,60.00,58.00,146.00,0.657462,-1,-1,-1
320,26,796.00,138.00,71.00,174.00,0.484737,-1,-1,-1
320,29,554.00,114.00,63.00,175.00,0.374846,-1,-1,-1
320,47,301.00,165.00,66.00,188.00,0.516303,-1,-1,-1
320,51,416.00,135.00,54.00,165.00,0.414374,-1,-1,-1
320,55,437.00,273.00,59.00,196.00,0.731486,-1,-1,-1
320,71,1015.00,514.00,79.00,237.00,0.819522,-1,-1,-1
320,72,935.00,533.00,68.00,239.00,0.808204,-1,-1,-1
320,76,353.00,289.00,76.00,179.00,0.733229,-1,-1,-1
320,107,1419.00,27.00,48.00,154.00,0.606684,-1,-1,-1
320,112,1653.00,18.00,53.00,158.00,0.647575,-1,-1,-1
320,120,467.00,124.00,62.00,193.00,0.379261,-1,-1,-1
320,122,1564.00,1.00,50.00,136.00,0.261098,-1,-1,-1
320,128,1069.00,0.00,55.00,105.00,0.536614,-1,-1,-1
321,5,1721.00,453.00,76.00,211.00,0.828286,-1,-1,-1
321,8,264.00,592.00,80.00,238.00,0.872282,-1,-1,-1
321,12,869.00,944.00,76.00,134.00,0.789210,-1,-1,-1
321,13,1568.00,592.00,105.00,232.00,0.858162,-1,-1,-1
321,20,677.00,281.00,58.00,128.00,0.449079,-1,-1,-1
321,21,1468.00,60.00,57.00,146.00,0.646994,-1,-1,-1
321,26,798.00,138.00,70.00,174.00,0.473266,-1,-1,-1
321,29,554.00,113.00,63.00,175.00,0.325902,-1,-1,-1
321,47,301.00,165.00,66.00,188.00,0.509272,-1,-1,-1
321,51,417.00,136.00,53.00,163.00,0.450611,-1,-1,-1
321,55,436.00,274.00,59.00,194.00,0.724425,-1,-1,-1
321,71,1014.00,512.00,79.00,238.00,0.817908,-1,-1,-1
321,72,933.00,533.00,68.00,237.00,0.811435,-1,-1,-1
321,76,353.00,289.00,76.00,181.00,0.734618,-1,-1,-1
321,107,1418.00,26.00,48.00,154.00,0.599311,-1,-1,-1
321,112,1655.00,19.00,52.00,161.00,0.673090,-1,-1,-1
321,120,467.00,122.00,63.00,195.00,0.404748,-1,-1,-1
321,122,1567.00,4.00,48.00,131.00,0.258583,-1,-1,-1
321,128,1069.00,0.00,57.00,107.00,0.550149,-1,-1,-1
322,5,1721.00,453.00,75.00,211.00,0.830379,-1,-1,-1
322,8,264.00,595.00,80.00,239.00,0.876105,-1,-1,-1
322,12,869.00,944.00,76.00,134.00,0.793490,-1,-1,-1
322,13,1568.00,592.00,105.00,231.00,0.866472,-1,-1,-1
322,20,677.00,281.00,58.00,128.00,0.524146,-1,-1,-1
322,21,1468.00,60.00,58.00,147.00,0.638882,-1,-1,-1
322,26,798.00,138.00,71.00,174.00,0.512059,-1,-1,-1
322,29,554.00,114.00,63.00,175.00,0.431126,-1,-1,-1
322,47,301.00,165.00,67.00,188.00,0.548055,-1,-1,-1
322,51,416.00,135.00,54.00,166.00,0.460630,-1,-1,-1
322,55,435.00,273.00,60.00,194.00,0.745509,-1,-1,-1
322,71,1014.00,511.00,77.00,236.00,0.816639,-1,-1,-1
322,72,932.00,533.00,67.00,234.00,0.807656,-1,-1,-1
322,76,351.00,288.00,76.00,183.00,0.760176,-1,-1,-1
322,107,1416.00,26.00,48.00,154.00,0.583338,-1,-1,-1
322,112,1656.00,18.00,52.00,163.00,0.576396,-1,-1,-1
322,120,468.00,122.00,62.00,195.00,0.467975,-1,-1,-1
322,122,1570.00,6.00,46.00,128.00,0.277034,-1,-1,-1
322,128,1068.00,0.00,59.00,110.00,0.654993,-1,-1,-1
323,5,1720.00,453.00,76.00,210.00,0.829051,-1,-1,-1
323,8,263.00,597.00,82.00,243.00,0.869609,-1,-1,-1
323,12,869.00,944.00,77.00,134.00,0.807350,-1,-1,-1
323,13,1568.00,591.00,105.00,233.00,0.855733,-1,-1,-1
323,20,677.00,281.00,57.00,128.00,0.502690,-1,-1,-1
323,21,1468.00,61.00,58.00,147.00,0.659533,-1,-1,-1
323,26,799.00,138.00,70.00,173.00,0.519560,-1,-1,-1
323,29,554.00,112.00,64.00,177.00,0.349131,-1,-1,-1
323,47,301.00,164.00,67.00,189.00,0.527998,-1,-1,-1
323,51,417.00,137.00,54.00,163.00,0.449916,-1,-1,-1
323,55,436.00,274.00,59.00,194.00,0.725797,-1,-1,-1
323,71,1012.00,508.00,77.00,237.00,0.820897,-1,-1,-1
323,72,931.00,532.00,66.00,234.00,0.805669,-1,-1,-1
323,76,350.00,290.00,76.00,183.00,0.768429,-1,-1,-1
323,107,1415.00,26.00,48.00,154.00,0.621122,-1,-1,-1
323,112,1658.00,21.00,52.00,163.00,0.613688,-1,-1,-1
323,120,468.00,122.00,63.00,194.00,0.415880,-1,-1,-1
323,122,1571.00,7.00,45.00,126.00,0.331577,-1,-1,-1
323,128,1068.00,0.00,59.00,112.00,0.623053,-1,-1,-1
324,5,1720.00,452.00,77.00,211.00,0.829928,-1,-1,-1
324,8,264.00,599.00,81.00,241.00,0.862673,-1,-1,-1
324,12,869.00,944.00,77.00,134.00,0.792355,-1,-1,-1
324,13,1568.00,590.00,106.00,234.00,0.850980,-1,-1,-1
324,20,677.00,281.00,57.00,128.00,0.490610,-1,-1,-1
324,21,1467.00,61.00,59.00,147.00,0.636020,-1,-1,-1
324,26,799.00,138.00,71.00,173.00,0.510016,-1,-1,-1
324,29,554.00,111.00,64.00,178.00,0.365768,-1,-1,-1
324,47,301.00,163.00,68.00,190.00,0.541522,-1,-1,-1
324,51,419.00,137.00,54.00,164.00,0.441938,-1,-1,-1
324,55,435.00,273.00,61.00,198.00,0.738513,-1,-1,-1
324,71,1011.00,506.00,74.00,231.00,0.819989,-1,-1,-1
324,72,930.00,530.00,66.00,234.00,0.808814,-1,-1,-1
324,76,350.00,293.00,75.00,181.00,0.744150,-1,-1,-1
324,107,1414.00,26.00,49.00,153.00,0.612958,-1,-1,-1
324,112,1660.00,25.00,51.00,161.00,0.642518,-1,-1,-1
324,120,469.00,126.00,62.00,191.00,0.449027,-1,-1,-1
324,122,1572.00,7.00,44.00,124.00,0.387758,-1,-1,-1
324,128,1068.00,0.00,60.00,114.00,0.560912,-1,-1,-1
324,130,1505.00,14.00,55.00,115.00,0.387695,-1,-1,-1
325,5,1720.00,452.00,77.00,212.00,0.829945,-1,-1,-1
325,8,264.00,601.00,81.00,241.00,0.870850,-1,-1,-1
325,12,870.00,944.00,77.00,134.00,0.811515,-1,-1,-1
325,13,1568.00,590.00,106.00,234.00,0.850524,-1,-1,-1
325,20,677.00,280.00,58.00,129.00,0.499235,-1,-1,-1
325,21,1467.00,62.00,58.00,147.00,0.657519,-1,-1,-1
325,26,799.00,138.00,71.00,173.00,0.528060,-1,-1,-1
325,29,555.00,114.00,62.00,175.00,0.443055,-1,-1,-1
325,47,301.00,163.00,68.00,190.00,0.549489,-1,-1,-1
325,51,420.00,137.00,53.00,163.00,0.454591,-1,-1,-1
325,55,435.00,274.00,61.00,200.00,0.739092,-1,-1,-1
325,71,1009.00,503.00,73.00,228.00,0.793886,-1,-1,-1
325,72,929.00,527.00,64.00,226.00,0.807320,-1,-1,-1
325,76,348.00,292.00,76.00,182.00,0.733024,-1,-1,-1
325,107,1415.00,26.00,48.00,153.00,0.640847,-1,-1,-1
325,112,1662.00,27.00,50.00,160.00,0.669741,-1,-1,-1
325,120,469.00,129.00,62.00,190.00,0.458261,-1,-1,-1
325,122,1572.00,8.00,44.00,123.00,0.478074,-1,-1,-1
325,128,1068.00,0.00,61.00,115.00,0.560225,-1,-1,-1
325,130,1504.00,14.00,56.00,117.00,0.441088,-1,-1,-1
326,5,1720.00,452.00,77.00,213.00,0.821663,-1,-1,-1
326,8,265.00,604.00,82.00,242.00,0.867678,-1,-1,-1
326,12,870.00,944.00,78.00,134.00,0.813119,-1,-1,-1
326,13,1569.00,591.00,105.00,232.00,0.856915,-1,-1,-1
326,20,677.00,280.00,58.00,129.00,0.467894,-1,-1,-1
326,21,1467.00,62.00,58.00,148.00,0.593320,-1,-1,-1
326,26,799.00,138.00,71.00,173.00,0.497004,-1,-1,-1
326,29,554.00,115.00,62.00,174.00,0.383531,-1,-1,-1
326,47,300.00,163.00,68.00,190.00,0.558686,-1,-1,-1
326,51,421.00,138.00,53.00,162.00,0.434051,-1,-1,-1
326,55,434.00,276.00,61.00,201.00,0.727519,-1,-1,-1
326,71,1006.00,500.00,73.00,228.00,0.789246,-1,-1,-1
326,72,929.00,525.00,62.00,213.00,0.827701,-1,-1,-1
326,76,347.00,293.00,76.00,181.00,0.739965,-1,-1,-1
326,107,1414.00,26.00,49.00,154.00,0.593730,-1,-1,-1
326,112,1663.00,30.00,50.00,159.00,0.660446,-1,-1,-1
326,120,470.00,133.00,61.00,186.00,0.453190,-1,-1,-1
326,122,1573.00,9.00,43.00,122.00,0.435502,-1,-1,-1
326,128,1068.00,0.00,62.00,116.00,0.556356,-1,-1,-1
326,130,1503.00,14.00,56.00,118.00,0.435640,-1,-1,-1
327,5,1720.00,452.00,77.00,212.00,0.830512,-1,-1,-1
327,8,265.00,606.00,83.00,245.00,0.869065,-1,-1,-1
327,12,870.00,944.00,79.00,134.00,0.814979,-1,-1,-1
327,13,1568.00,591.00,106.00,232.00,0.855722,-1,-1,-1
327,20,677.00,280.00,57.00,129.00,0.433535,-1,-1,-1
327,21,1467.00,63.00,59.00,148.00,0.629155,-1,-1,-1
327,26,799.00,138.00,72.00,173.00,0.521120,-1,-1,-1
327,29,554.00,114.00,62.00,175.00,0.406718,-1,-1,-1
327,47,300.00,163.00,68.00,190.00,0.583450,-1,-1,-1
327,51,419.00,137.00,54.00,167.00,0.395897,-1,-1,-1
327,55,435.00,281.00,60.00,199.00,0.726548,-1,-1,-1
327,71,1004.00,498.00,72.00,229.00,0.802199,-1,-1,-1
327,72,928.00,521.00,61.00,209.00,0.850347,-1,-1,-1
327,76,345.00,292.00,76.00,182.00,0.753080,-1,-1,-1
327,107,1414.00,25.00,49.00,154.00,0.597450,-1,-1,-1
327,112,1664.00,31.00,50.00,159.00,0.620163,-1,-1,-1
327,120,468.00,132.00,63.00,190.00,0.488487,-1,-1,-1
327,122,1573.00,9.00,43.00,122.00,0.464413,-1,-1,-1
327,128,1069.00,0.00,61.00,116.00,0.554574,-1,-1,-1
327,130,1501.00,15.00,57.00,119.00,0.463387,-1,-1,-1
328,5,1719.00,452.00,77.00,213.00,0.826640,-1,-1,-1
328,8,266.00,607.00,83.00,247.00,0.871196,-1,-1,-1
328,12,870.00,944.00,80.00,134.00,0.785779,-1,-1,-1
328,13,1569.00,593.00,104.00,230.00,0.849934,-1,-1,-1
328,20,677.00,280.00,57.00,129.00,0.380345,-1,-1,-1
328,21,1467.00,65.00,59.00,148.00,0.571517,-1,-1,-1
328,26,798.00,138.00,72.00,173.00,0.507769,-1,-1,-1
328,29,554.00,113.00,62.00,177.00,0.339001,-1,-1,-1
328,47,300.00,162.00,68.00,191.00,0.536474,-1,-1,-1
328,51,418.00,138.00,54.00,169.00,0.335015,-1,-1,-1
328,55,434.00,282.00,61.00,201.00,0.725583,-1,-1,-1
328,71,1001.00,497.00,74.00,231.00,0.814097,-1,-1,-1
328,72,926.00,518.00,64.00,217.00,0.845146,-1,-1,-1
328,76,344.00,292.00,76.00,182.00,0.696333,-1,-1,-1
328,107,1413.00,24.00,49.00,155.00,0.594460,-1,-1,-1
328,112,1666.00,31.00,49.00,156.00,0.724588,-1,-1,-1
328,120,467.00,132.00,63.00,192.00,0.445400,-1,-1,-1
328,122,1573.00,9.00,43.00,123.00,0.442770,-1,-1,-1
328,128,1070.00,0.00,61.00,117.00,0.543370,-1,-1,-1
328,130,1499.00,15.00,58.00,121.00,0.434306,-1,-1,-1
329,5,1719.00,452.00,77.00,213.00,0.828703,-1,-1,-1
329,8,267.00,608.00,83.00,248.00,0.869812,-1,-1,-1
329,12,871.00,944.00,79.00,134.00,0.795983,-1,-1,-1
329,13,1569.00,592.00,105.00,232.00,0.853154,-1,-1,-1
329,20,677.00,280.00,57.00,129.00,0.421188,-1,-1,-1
329,21,1468.00,66.00,58.00,148.00,0.562018,-1,-1,-1
329,26,798.00,138.00,72.00,174.00,0.518235,-1,-1,-1
329,29,554.00,113.00,62.00,177.00,0.419549,-1,-1,-1
329,47,300.00,162.00,68.00,191.00,0.545379,-1,-1,-1
329,51,417.00,138.00,55.00,171.00,0.380988,-1,-1,-1
329,55,434.00,283.00,60.00,202.00,0.725037,-1,-1,-1
329,71,999.00,495.00,75.00,233.00,0.810067,-1,-1,-1
329,72,925.00,515.00,64.00,222.00,0.843647,-1,-1,-1
329,76,342.00,295.00,76.00,179.00,0.726887,-1,-1,-1
329,107,1415.00,23.00,48.00,154.00,0.589271,-1,-1,-1
329,112,1666.00,31.00,50.00,156.00,0.711462,-1,-1,-1
329,120,467.00,131.00,64.00,194.00,0.496031,-1,-1,-1
329,122,1573.00,8.00,44.00,125.00,0.412928,-1,-1,-1
329,128,1071.00,0.00,61.00,117.00,0.464520,-1,-1,-1
329,130,1498.00,14.00,59.00,122.00,0.431539,-1,-1,-1
330,5,1720.00,453.00,77.00,212.00,0.825936,-1,-1,-1
330,8,268.00,609.00,83.00,249.00,0.866259,-1,-1,-1
330,12,872.00,944.00,80.00,134.00,0.823860,-1,-1,-1
330,13,1569.00,591.00,105.00,233.00,0.849418,-1,-1,-1
330,20,677.00,279.00,58.00,130.00,0.454694,-1,-1,-1
330,21,1468.00,67.00,58.00,149.00,0.552850,-1,-1,-1
330,26,798.00,138.00,73.00,173.00,0.477668,-1,-1,-1
330,29,554.00,112.00,63.00,177.00,0.405682,-1,-1,-1
330,47,300.00,162.00,68.00,191.00,0.559319,-1,-1,-1
330,51,416.00,139.00,55.00,170.00,0.393761,-1,-1,-1
330,55,433.00,286.00,61.00,201.00,0.748847,-1,-1,-1
330,71,998.00,494.00,75.00,233.00,0.822016,-1,-1,-1
330,72,923.00,513.00,66.00,226.00,0.850719,-1,-1,-1
330,76,341.00,295.00,75.00,179.00,0.749301,-1,-1,-1
330,107,1415.00,22.00,47.00,153.00,0.570899,-1,-1,-1
330,112,1668.00,31.00,49.00,156.00,0.724605,-1,-1,-1
330,120,467.00,133.00,64.00,194.00,0.480171,-1,-1,-1
330,122,1573.00,9.00,45.00,126.00,0.454836,-1,-1,-1
330,128,1072.00,0.00,61.00,116.00,0.419747,-1,-1,-1
330,130,1497.00,13.00,60.00,124.00,0.492569,-1,-1,-1
330,132,1409.00,1026.00,59.00,53.00,0.454883,-1,-1,-1
331,5,1720.00,453.00,77.00,212.00,0.824719,-1,-1,-1
331,8,269.00,610.00,83.00,248.00,0.870041,-1,-1,-1
331,12,873.00,944.00,80.00,134.00,0.819564,-1,-1,-1
331,13,1569.00,590.00,106.00,234.00,0.856791,-1,-1,-1
331,20,677.00,279.00,58.00,130.00,0.477202,-1,-1,-1
331,21,1469.00,69.00,57.00,147.00,0.530341,-1,-1,-1
331,26,799.00,138.00,72.00,173.00,0.491227,-1,-1,-1
331,29,555.00,111.00,63.00,177.00,0.226216,-1,-1,-1
331,47,300.00,162.00,69.00,190.00,0.598230,-1,-1,-1
331,51,414.00,141.00,56.00,170.00,0.488485,-1,-1,-1
331,55,432.00,286.00,61.00,203.00,0.739841,-1,-1,-1
331,71,996.00,493.00,76.00,233.00,0.834670,-1,-1,-1
331,72,921.00,511.00,67.00,227.00,0.829633,-1,-1,-1
331,76,340.00,297.00,75.00,177.00,0.751099,-1,-1,-1
331,107,1414.00,21.00,48.00,153.00,0.634397,-1,-1,-1
331,112,1670.00,31.00,50.00,158.00,0.761386,-1,-1,-1
331,120,470.00,143.00,61.00,185.00,0.529606,-1,-1,-1
331,122,1574.00,9.00,45.00,127.00,0.536907,-1,-1,-1
331,128,1074.00,0.00,60.00,116.00,0.432313,-1,-1,-1
331,130,1497.00,12.00,60.00,124.00,0.543026,-1,-1,-1
331,132,1410.00,1024.00,60.00,55.00,0.655750,-1,-1,-1
332,5,1720.00,454.00,77.00,211.00,0.832310,-1,-1,-1
332,8,270.00,611.00,83.00,247.00,0.866282,-1,-1,-1
332,12,874.00,944.00,80.00,134.00,0.833351,-1,-1,-1
332,13,1569.00,590.00,106.00,234.00,0.857803,-1,-1,-1
332,20,678.00,280.00,57.00,129.00,0.473673,-1,-1,-1
332,21,1469.00,70.00,56.00,147.00,0.540163,-1,-1,-1
332,26,798.00,138.00,73.00,173.00,0.483644,-1,-1,-1
332,29,555.00,110.00,63.00,178.00,0.361777,-1,-1,-1
332,47,300.00,163.00,69.00,189.00,0.537009,-1,-1,-1
332,51,416.00,142.00,57.00,171.00,0.375163,-1,-1,-1
332,55,431.00,289.00,61.00,200.00,0.730644,-1,-1,-1
332,71,994.00,492.00,78.00,235.00,0.848652,-1,-1,-1
332,72,920.00,511.00,67.00,226.00,0.838573,-1,-1,-1
332,76,341.00,300.00,74.00,174.00,0.733034,-1,-1,-1
332,107,1414.00,20.00,47.00,153.00,0.637621,-1,-1,-1
332,112,1671.00,31.00,50.00,159.00,0.762054,-1,-1,-1
332,120,471.00,146.00,60.00,183.00,0.509526,-1,-1,-1
332,122,1575.00,9.00,44.00,126.00,0.578671,-1,-1,-1
332,128,1076.00,0.00,60.00,116.00,0.431771,-1,-1,-1
332,130,1498.00,11.00,60.00,123.00,0.563389,-1,-1,-1
332,132,1410.00,1022.00,63.00,57.00,0.771402,-1,-1,-1
333,5,1719.00,454.00,78.00,210.00,0.827636,-1,-1,-1
333,8,270.00,611.00,83.00,248.00,0.870550,-1,-1,-1
333,12,875.00,943.00,80.00,135.00,0.822260,-1,-1,-1
333,13,1569.00,590.00,105.00,234.00,0.842542,-1,-1,-1
333,20,678.00,279.00,57.00,130.00,0.447116,-1,-1,-1
333,21,1469.00,70.00,56.00,147.00,0.486015,-1,-1,-1
333,26,798.00,138.00,73.00,173.00,0.490006,-1,-1,-1
333,29,555.00,114.00,62.00,174.00,0.298036,-1,-1,-1
333,47,300.00,163.00,69.00,189.00,0.577400,-1,-1,-1
333,51,420.00,144.00,55.00,168.00,0.406031,-1,-1,-1
333,55,431.00,292.00,60.00,197.00,0.740837,-1,-1,-1
333,71,992.00,492.00,80.00,235.00,0.842651,-1,-1,-1
333,72,918.00,510.00,67.00,227.00,0.833393,-1,-1,-1
333,76,343.00,302.00,73.00,171.00,0.795633,-1,-1,-1
333,107,1415.00,19.00,46.00,152.00,0.630999,-1,-1,-1
333,112,1673.00,28.00,50.00,162.00,0.685096,-1,-1,-1
333,120,472.00,149.00,60.00,182.00,0.489060,-1,-1,-1
333,122,1575.00,11.00,45.00,125.00,0.650396,-1,-1,-1
333,128,1078.00,0.00,60.00,118.00,0.430818,-1,-1,-1
333,130,1497.00,10.00,61.00,123.00,0.573967,-1,-1,-1
333,132,1408.00,1019.00,66.00,60.00,0.770246,-1,-1,-1
334,5,1719.00,453.00,77.00,211.00,0.832942,-1,-1,-1
334,8,271.00,611.00,83.00,247.00,0.873080,-1,-1,-1
334,12,875.00,943.00,81.00,135.00,0.821049,-1,-1,-1
334,13,1569.00,590.00,105.00,234.00,0.843572,-1,-1,-1
334,20,677.00,279.00,58.00,130.00,0.449968,-1,-1,-1
334,21,1470.00,71.00,56.00,146.00,0.539391,-1,-1,-1
334,26,798.00,138.00,73.00,173.00,0.456555,-1,-1,-1
334,29,556.00,117.00,61.00,172.00,0.219355,-1,-1,-1
334,47,300.00,164.00,69.00,188.00,0.553977,-1,-1,-1
334,51,420.00,146.00,55.00,169.00,0.386289,-1,-1,-1
334,55,431.00,294.00,60.00,195.00,0.760670,-1,-1,-1
334,71,992.00,492.00,82.00,235.00,0.831857,-1,-1,-1
334,72,917.00,509.00,67.00,228.00,0.834907,-1,-1,-1
334,76,343.00,303.00,74.00,172.00,0.790007,-1,-1,-1
334,107,1415.00,18.00,46.00,151.00,0.629140,-1,-1,-1
334,112,1674.00,27.00,51.00,164.00,0.728283,-1,-1,-1
334,120,473.00,150.00,59.00,179.00,0.491994,-1,-1,-1
334,122,1576.00,11.00,46.00,129.00,0.652631,-1,-1,-1
334,128,1079.00,0.00,61.00,120.00,0.548905,-1,-1,-1
334,130,1498.00,10.00,61.00,124.00,0.522043,-1,-1,-1
334,132,1405.00,1018.00,68.00,61.00,0.798747,-1,-1,-1
335,5,1718.00,452.00,77.00,212.00,0.835252,-1,-1,-1
335,8,272.00,612.00,82.00,246.00,0.875943,-1,-1,-1
335,12,876.00,943.00,80.00,135.00,0.818696,-1,-1,-1
335,13,1569.00,592.00,105.00,232.00,0.842202,-1,-1,-1
335,20,678.00,281.00,57.00,128.00,0.428070,-1,-1,-1
335,21,1471.00,71.00,55.00,147.00,0.536131,-1,-1,-1
335,26,799.00,139.00,72.00,172.00,0.465465,-1,-1,-1
335,29,556.00,117.00,61.00,171.00,0.153227,-1,-1,-1
335,47,300.00,163.00,70.00,189.00,0.524260,-1,-1,-1
335,51,420.00,148.00,56.00,170.00,0.355966,-1,-1,-1
335,55,430.00,295.00,60.00,194.00,0.759955,-1,-1,-1
335,71,993.00,491.00,82.00,236.00,0.836356,-1,-1,-1
335,72,916.00,508.00,67.00,229.00,0.829273,-1,-1,-1
335,76,344.00,303.00,75.00,175.00,0.759482,-1,-1,-1
335,107,1414.00,17.00,46.00,152.00,0.593418,-1,-1,-1
335,112,1674.00,28.00,52.00,167.00,0.709015,-1,-1,-1
335,120,473.00,150.00,59.00,179.00,0.467066,-1,-1,-1
335,122,1577.00,12.00,46.00,129.00,0.674698,-1,-1,-1
335,128,1080.00,0.00,61.00,122.00,0.525930,-1,-1,-1
335,130,1497.00,9.00,64.00,128.00,0.512174,-1,-1,-1
335,132,1402.00,1016.00,71.00,63.00,0.785710,-1,-1,-1
336,5,1718.00,453.00,77.00,211.00,0.839890,-1,-1,-1
336,8,272.00,612.00,83.00,246.00,0.867223,-1,-1,-1
336,12,877.00,943.00,80.00,136.00,0.831794,-1,-1,-1
336,13,1569.00,592.00,105.00,231.00,0.843721,-1,-1,-1
336,20,679.00,281.00,56.00,127.00,0.438204,-1,-1,-1
336,21,1472.00,71.00,56.00,147.00,0.596726,-1,-1,-1
336,26,798.00,139.00,73.00,172.00,0.444965,-1,-1,-1
336,47,300.00,162.00,70.00,191.00,0.544916,-1,-1,-1
336,51,419.00,148.00,55.00,170.00,0.366881,-1,-1,-1
336,55,429.00,295.00,60.00,194.00,0.753041,-1,-1,-1
336,71,993.00,490.00,83.00,235.00,0.817313,-1,-1,-1
336,72,914.00,507.00,68.00,230.00,0.817811,-1,-1,-1
336,76,344.00,305.00,76.00,179.00,0.781376,-1,-1,-1
336,107,1414.00,16.00,46.00,151.00,0.580649,-1,-1,-1
336,112,1675.00,29.00,52.00,170.00,0.716943,-1,-1,-1
336,120,473.00,149.00,60.00,180.00,0.470281,-1,-1,-1
336,122,1577.00,13.00,46.00,130.00,0.648682,-1,-1,-1
336,128,1081.00,0.00,61.00,122.00,0.557122,-1,-1,-1
336,130,1499.00,7.00,63.00,128.00,0.470580,-1,-1,-1
336,132,1398.00,1013.00,74.00,66.00,0.812082,-1,-1,-1
337,5,1719.00,453.00,77.00,212.00,0.829675,-1,-1,-1
337,8,272.00,613.00,83.00,244.00,0.874470,-1,-1,-1
337,12,879.00,942.00,79.00,137.00,0.835511,-1,-1,-1
337,13,1569.00,590.00,105.00,233.00,0.859955,-1,-1,-1
337,20,678.00,281.00,57.00,128.00,0.481931,-1,-1,-1
337,21,1472.00,70.00,56.00,148.00,0.571232,-1,-1,-1
337,26,797.00,138.00,73.00,173.00,0.466894,-1,-1,-1
337,29,556.00,118.00,60.00,170.00,0.313107,-1,-1,-1
337,47,300.00,162.00,70.00,191.00,0.571677,-1,-1,-1
337,51,418.00,150.00,55.00,169.00,0.379213,-1,-1,-1
337,55,429.00,295.00,60.00,194.00,0.754937,-1,-1,-1
337,71,990.00,488.00,84.00,235.00,0.829332,-1,-1,-1
337,72,913.00,506.00,67.00,230.00,0.823292,-1,-1,-1
337,76,344.00,308.00,76.00,179.00,0.796133,-1,-1,-1
337,107,1415.00,16.00,44.00,147.00,0.640794,-1,-1,-1
337,112,1675.00,31.00,52.00,171.00,0.709765,-1,-1,-1
337,120,474.00,149.00,59.00,178.00,0.450658,-1,-1,-1
337,122,1577.00,15.00,47.00,129.00,0.703959,-1,-1,-1
337,128,1082.00,0.00,61.00,125.00,0.518666,-1,-1,-1
337,130,1498.00,5.00,64.00,131.00,0.475471,-1,-1,-1
337,132,1394.00,1010.00,79.00,69.00,0.767357,-1,-1,-1
338,5,1718.00,453.00,78.00,212.00,0.840143,-1,-1,-1
338,8,272.00,614.00,83.00,244.00,0.873219,-1,-1,-1
338,12,880.00,943.00,80.00,136.00,0.838499,-1,-1,-1
338,13,1569.00,590.00,106.00,233.00,0.853294,-1,-1,-1
338,20,678.00,282.00,57.00,127.00,0.480237,-1,-1,-1
338,21,1473.00,70.00,55.00,148.00,0.620055,-1,-1,-1
338,26,798.00,138.00,72.00,173.00,0.494860,-1,-1,-1
338,29,556.00,118.00,60.00,170.00,0.296843,-1,-1,-1
338,47,300.00,161.00,70.00,191.00,0.576652,-1,-1,-1
338,51,418.00,151.00,55.00,169.00,0.397088,-1,-1,-1
338,55,429.00,295.00,59.00,194.00,0.754580,-1,-1,-1
338,71,986.00,485.00,84.00,237.00,0.831484,-1,-1,-1
338,72,912.00,505.00,67.00,230.00,0.822700,-1,-1,-1
338,76,344.00,309.00,76.00,180.00,0.806392,-1,-1,-1
338,107,1415.00,15.00,45.00,149.00,0.675389,-1,-1,-1
338,112,1676.00,34.00,52.00,169.00,0.731427,-1,-1,-1
338,120,473.00,146.00,60.00,180.00,0.460510,-1,-1,-1
338,122,1578.00,16.00,46.00,129.00,0.685277,-1,-1,-1
338,128,1083.00,0.00,61.00,125.00,0.429966,-1,-1,-1
338,130,1500.00,3.00,64.00,132.00,0.466883,-1,-1,-1
338,132,1390.00,1005.00,84.00,74.00,0.770608,-1,-1,-1
339,5,1718.00,453.00,77.00,212.00,0.843605,-1,-1,-1
339,8,272.00,616.00,84.00,245.00,0.865643,-1,-1,-1
339,12,882.00,942.00,79.00,137.00,0.846910,-1,-1,-1
339,13,1569.00,591.00,105.00,232.00,0.845682,-1,-1,-1
339,20,678.00,282.00,57.00,127.00,0.476925,-1,-1,-1
339,21,1473.00,70.00,56.00,149.00,0.633370,-1,-1,-1
339,26,797.00,138.00,73.00,174.00,0.492439,-1,-1,-1
339,29,556.00,120.00,61.00,168.00,0.252074,-1,-1,-1
339,47,300.00,160.00,70.00,192.00,0.570984,-1,-1,-1
339,51,415.00,152.00,55.00,168.00,0.470248,-1,-1,-1
339,55,428.00,295.00,60.00,194.00,0.746553,-1,-1,-1
339,71,984.00,483.00,84.00,239.00,0.830504,-1,-1,-1
339,72,910.00,502.00,67.00,232.00,0.804038,-1,-1,-1
339,76,344.00,310.00,76.00,180.00,0.812159,-1,-1,-1
339,107,1414.00,15.00,46.00,149.00,0.661048,-1,-1,-1
339,112,1677.00,35.00,51.00,169.00,0.706810,-1,-1,-1
339,120,473.00,144.00,60.00,181.00,0.457856,-1,-1,-1
339,122,1579.00,16.00,45.00,128.00,0.686873,-1,-1,-1
339,128,1084.00,0.00,60.00,124.00,0.414350,-1,-1,-1
339,130,1501.00,2.00,64.00,132.00,0.526929,-1,-1,-1
339,132,1386.00,1002.00,88.00,77.00,0.802794,-1,-1,-1
340,5,1718.00,453.00,78.00,212.00,0.835787,-1,-1,-1
340,8,272.00,618.00,85.00,248.00,0.867328,-1,-1,-1
340,12,884.00,942.00,79.00,137.00,0.840236,-1,-1,-1
340,13,1569.00,591.00,105.00,233.00,0.833112,-1,-1,-1
340,20,678.00,282.00,57.00,127.00,0.482005,-1,-1,-1
340,21,1474.00,71.00,55.00,148.00,0.647899,-1,-1,-1
340,26,798.00,139.00,73.00,172.00,0.494794,-1,-1,-1
340,29,556.00,117.00,61.00,171.00,0.293559,-1,-1,-1
340,47,300.00,160.00,70.00,192.00,0.629667,-1,-1,-1
340,51,415.00,153.00,54.00,167.00,0.481233,-1,-1,-1
340,55,429.00,296.00,60.00,192.00,0.739468,-1,-1,-1
340,71,984.00,481.00,85.00,238.00,0.839170,-1,-1,-1
340,72,909.00,501.00,67.00,230.00,0.798459,-1,-1,-1
340,76,343.00,311.00,77.00,181.00,0.840258,-1,-1,-1
340,107,1415.00,15.00,45.00,148.00,0.637441,-1,-1,-1
340,112,1678.00,36.00,51.00,169.00,0.690667,-1,-1,-1
340,120,472.00,142.00,60.00,183.00,0.496573,-1,-1,-1
340,122,1579.00,17.00,46.00,128.00,0.653149,-1,-1,-1
340,128,1084.00,0.00,61.00,124.00,0.463910,-1,-1,-1
340,130,1502.00,1.00,63.00,134.00,0.446884,-1,-1,-1
340,132,1383.00,998.00,91.00,81.00,0.816772,-1,-1,-1
341,5,1719.00,453.00,78.00,212.00,0.828220,-1,-1,-1
341,8,272.00,619.00,86.00,253.00,0.867051,-1,-1,-1
341,12,886.00,942.00,79.00,137.00,0.825690,-1,-1,-1
341,13,1569.00,589.00,106.00,235.00,0.850163,-1,-1,-1
341,20,678.00,282.00,57.00,127.00,0.444884,-1,-1,-1
341,21,1475.00,71.00,54.00,148.00,0.634574,-1,-1,-1
341,26,798.00,139.00,72.00,172.00,0.490905,-1,-1,-1
341,29,556.00,117.00,61.00,171.00,0.279396,-1,-1,-1
341,47,300.00,160.00,70.00,192.00,0.599182,-1,-1,-1
341,51,414.00,153.00,55.00,169.00,0.442612,-1,-1,-1
341,55,430.00,296.00,60.00,195.00,0.728506,-1,-1,-1
341,71,983.00,478.00,84.00,235.00,0.822389,-1,-1,-1
341,72,908.00,499.00,65.00,224.00,0.795953,-1,-1,-1
341,76,343.00,312.00,76.00,181.00,0.804253,-1,-1,-1
341,107,1415.00,15.00,46.00,148.00,0.617614,-1,-1,-1
341,112,1680.00,38.00,50.00,166.00,0.637390,-1,-1,-1
341,120,472.00,141.00,61.00,185.00,0.517141,-1,-1,-1
341,122,1580.00,18.00,46.00,128.00,0.620996,-1,-1,-1
341,128,1085.00,0.00,60.00,125.00,0.494273,-1,-1,-1
341,130,1503.00,0.00,62.00,133.00,0.411103,-1,-1,-1
341,132,1380.00,994.00,95.00,84.00,0.848967,-1,-1,-1
342,5,1719.00,453.00,77.00,211.00,0.829483,-1,-1,-1
342,8,272.00,622.00,86.00,254.00,0.868952,-1,-1,-1
342,12,888.00,942.00,78.00,137.00,0.811254,-1,-1,-1
342,13,1569.00,589.00,106.00,235.00,0.850533,-1,-1,-1
342,20,678.00,282.00,57.00,127.00,0.467385,-1,-1,-1
342,21,1475.00,72.00,54.00,147.00,0.572483,-1,-1,-1
342,26,797.00,139.00,73.00,173.00,0.444183,-1,-1,-1
342,29,556.00,117.00,62.00,171.00,0.145575,-1,-1,-1
342,47,300.00,160.00,70.00,192.00,0.600916,-1,-1,-1
342,51,413.00,153.00,56.00,169.00,0.453250,-1,-1,-1
342,55,429.00,298.00,61.00,196.00,0.741657,-1,-1,-1
342,71,984.00,475.00,81.00,227.00,0.823913,-1,-1,-1
342,72,906.00,496.00,66.00,221.00,0.804423,-1,-1,-1
342,76,341.00,313.00,77.00,180.00,0.769548,-1,-1,-1
342,107,1415.00,15.00,46.00,147.00,0.592850,-1,-1,-1
342,112,1681.00,39.00,49.00,167.00,0.638664,-1,-1,-1
342,120,472.00,142.00,62.00,188.00,0.495476,-1,-1,-1
342,122,1581.00,18.00,46.00,128.00,0.651236,-1,-1,-1
342,128,1085.00,0.00,60.00,127.00,0.446045,-1,-1,-1
342,130,1504.00,0.00,61.00,134.00,0.446528,-1,-1,-1
342,132,1377.00,990.00,100.00,88.00,0.794495,-1,-1,-1
343,5,1719.00,453.00,77.00,211.00,0.831028,-1,-1,-1
343,8,273.00,625.00,86.00,251.00,0.869296,-1,-1,-1
343,12,890.00,941.00,79.00,138.00,0.800573,-1,-1,-1
343,13,1569.00,589.00,105.00,235.00,0.857661,-1,-1,-1
343,20,678.00,282.00,57.00,127.00,0.496783,-1,-1,-1
343,21,1475.00,72.00,55.00,149.00,0.580279,-1,-1,-1
343,26,797.00,138.00,74.00,174.00,0.435824,-1,-1,-1
343,29,556.00,116.00,62.00,172.00,0.123790,-1,-1,-1
343,47,300.00,160.00,70.00,192.00,0.607272,-1,-1,-1
343,51,412.00,154.00,55.00,168.00,0.489821,-1,-1,-1
343,55,430.00,298.00,61.00,201.00,0.730360,-1,-1,-1
343,71,984.00,473.00,81.00,226.00,0.830987,-1,-1,-1
343,72,905.00,493.00,65.00,218.00,0.801256,-1,-1,-1
343,76,339.00,313.00,77.00,179.00,0.748719,-1,-1,-1
343,107,1415.00,15.00,46.00,147.00,0.578141,-1,-1,-1
343,112,1683.00,41.00,49.00,164.00,0.602061,-1,-1,-1
343,120,473.00,142.00,60.00,181.00,0.407749,-1,-1,-1
343,122,1581.00,18.00,47.00,128.00,0.656051,-1,-1,-1
343,128,1084.00,0.00,62.00,130.00,0.506596,-1,-1,-1
343,130,1504.00,0.00,60.00,133.00,0.328571,-1,-1,-1
343,132,1375.00,986.00,103.00,92.00,0.802760,-1,-1,-1
344,5,1719.00,453.00,77.00,211.00,0.835921,-1,-1,-1
344,8,274.00,628.00,85.00,252.00,0.867713,-1,-1,-1
344,12,893.00,941.00,78.00,138.00,0.803361,-1,-1,-1
344,13,1569.00,591.00,105.00,232.00,0.863837,-1,-1,-1
344,20,678.00,282.00,57.00,127.00,0.484510,-1,-1,-1
344,21,1475.00,72.00,54.00,150.00,0.475512,-1,-1,-1
344,26,798.00,138.00,73.00,174.00,0.401295,-1,-1,-1
344,29,556.00,115.00,62.00,172.00,0.197313,-1,-1,-1
344,47,300.00,160.00,70.00,193.00,0.587053,-1,-1,-1
344,51,411.00,154.00,56.00,168.00,0.475638,-1,-1,-1
344,55,429.00,300.00,62.00,203.00,0.723112,-1,-1,-1
344,71,985.00,471.00,78.00,225.00,0.827360,-1,-1,-1
344,72,904.00,491.00,65.00,218.00,0.815899,-1,-1,-1
344,76,337.00,313.00,77.00,179.00,0.687258,-1,-1,-1
344,107,1415.00,15.00,46.00,147.00,0.604101,-1,-1,-1
344,112,1684.00,42.00,48.00,163.00,0.643653,-1,-1,-1
344,120,472.00,144.00,62.00,185.00,0.417975,-1,-1,-1
344,122,1582.00,18.00,48.00,128.00,0.639396,-1,-1,-1
344,128,1084.00,0.00,61.00,132.00,0.577746,-1,-1,-1
344,130,1503.00,0.00,60.00,134.00,0.381903,-1,-1,-1
344,132,1373.00,981.00,107.00,97.00,0.847901,-1,-1,-1
345,5,1719.00,452.00,77.00,212.00,0.828601,-1,-1,-1
345,8,274.00,631.00,86.00,252.00,0.869226,-1,-1,-1
345,12,894.00,941.00,79.00,138.00,0.811333,-1,-1,-1
345,13,1568.00,590.00,106.00,233.00,0.862345,-1,-1,-1
345,20,677.00,281.00,58.00,128.00,0.441556,-1,-1,-1
345,21,1479.00,72.00,55.00,150.00,0.179259,-1,-1,-1
345,26,797.00,138.00,73.00,175.00,0.381929,-1,-1,-1
345,29,556.00,118.00,61.00,169.00,0.376230,-1,-1,-1
345,47,300.00,159.00,71.00,194.00,0.598292,-1,-1,-1
345,51,411.00,155.00,56.00,168.00,0.477800,-1,-1,-1
345,55,429.00,302.00,61.00,203.00,0.748090,-1,-1,-1
345,71,985.00,469.00,77.00,225.00,0.849575,-1,-1,-1
345,72,902.00,488.00,66.00,219.00,0.806488,-1,-1,-1
345,76,334.00,313.00,79.00,179.00,0.724383,-1,-1,-1
345,107,1416.00,15.00,46.00,146.00,0.574554,-1,-1,-1
345,112,1686.00,47.00,46.00,158.00,0.608664,-1,-1,-1
345,120,471.00,145.00,65.00,193.00,0.487881,-1,-1,-1
345,122,1582.00,19.00,48.00,128.00,0.637272,-1,-1,-1
345,128,1083.00,0.00,62.00,134.00,0.634092,-1,-1,-1
345,130,1501.00,0.00,59.00,133.00,0.279229,-1,-1,-1
345,132,1371.00,979.00,108.00,99.00,0.862253,-1,-1,-1
346,5,1719.00,453.00,77.00,212.00,0.822298,-1,-1,-1
346,8,275.00,633.00,86.00,251.00,0.871859,-1,-1,-1
346,12,896.00,941.00,78.00,138.00,0.826387,-1,-1,-1
346,13,1569.00,591.00,105.00,232.00,0.861556,-1,-1,-1
346,20,677.00,280.00,58.00,129.00,0.463995,-1,-1,-1
346,21,1479.00,60.00,61.00,162.00,0.141753,-1,-1,-1
346,26,797.00,138.00,73.00,175.00,0.394534,-1,-1,-1
346,29,557.00,121.00,59.00,166.00,0.351504,-1,-1,-1
346,47,300.00,158.00,71.00,195.00,0.579049,-1,-1,-1
346,51,412.00,155.00,54.00,167.00,0.484533,-1,-1,-1
346,55,429.00,304.00,61.00,203.00,0.758162,-1,-1,-1
346,71,984.00,468.00,77.00,226.00,0.828614,-1,-1,-1
346,72,900.00,487.00,67.00,220.00,0.805867,-1,-1,-1
346,76,332.00,311.00,80.00,181.00,0.549863,-1,-1,-1
346,107,1417.00,14.00,46.00,147.00,0.607862,-1,-1,-1
346,112,1686.00,44.00,48.00,162.00,0.610530,-1,-1,-1
346,120,471.00,146.00,65.00,195.00,0.487671,-1,-1,-1
346,122,1582.00,19.00,48.00,128.00,0.683959,-1,-1,-1
346,128,1083.00,0.00,61.00,135.00,0.642899,-1,-1,-1
346,130,1499.00,0.00,60.00,134.00,0.303583,-1,-1,-1
346,132,1369.00,976.00,110.00,102.00,0.884288,-1,-1,-1
346,136,1757.00,682.00,75.00,226.00,0.547118,-1,-1,-1
347,5,1719.00,453.00,77.00,212.00,0.814416,-1,-1,-1
347,8,275.00,635.00,86.00,252.00,0.869063,-1,-1,-1
347,12,898.00,941.00,78.00,138.00,0.793036,-1,-1,-1
347,13,1568.00,590.00,106.00,233.00,0.861960,-1,-1,-1
347,20,677.00,280.00,58.00,129.00,0.516615,-1,-1,-1
347,21,1481.00,22.00,74.00,200.00,0.171583,-1,-1,-1
347,26,797.00,138.00,72.00,174.00,0.457956,-1,-1,-1
347,29,557.00,123.00,59.00,164.00,0.367165,-1,-1,-1
347,47,300.00,158.00,71.00,195.00,0.574468,-1,-1,-1
347,51,411.00,156.00,54.00,166.00,0.476312,-1,-1,-1
347,55,429.00,306.00,61.00,202.00,0.778567,-1,-1,-1
347,71,984.00,467.00,76.00,227.00,0.812945,-1,-1,-1
347,72,899.00,485.00,67.00,222.00,0.800567,-1,-1,-1
347,76,342.00,312.00,77.00,180.00,0.636564,-1,-1,-1
347,107,1417.00,13.00,47.00,148.00,0.649947,-1,-1,-1
347,112,1687.00,43.00,48.00,164.00,0.664427,-1,-1,-1
347,120,470.00,146.00,66.00,196.00,0.500993,-1,-1,-1
347,122,1582.00,21.00,48.00,126.00,0.723196,-1,-1,-1
347,128,1084.00,0.00,61.00,138.00,0.586331,-1,-1,-1
347,130,1499.00,0.00,57.00,131.00,0.456236,-1,-1,-1
347,132,1367.00,973.00,111.00,105.00,0.856406,-1,-1,-1
347,136,1756.00,679.00,76.00,230.00,0.554773,-1,-1,-1
347,137,343.00,310.00,62.00,181.00,0.458396,-1,-1,-1
348,5,1719.00,453.00,77.00,211.00,0.824694,-1,-1,-1
348,8,276.00,636.00,86.00,252.00,0.873334,-1,-1,-1
348,12,899.00,940.00,78.00,139.00,0.786813,-1,-1,-1
348,13,1568.00,590.00,106.00,233.00,0.857736,-1,-1,-1
348,20,677.00,280.00,58.00,129.00,0.488537,-1,-1,-1
348,21,1486.00,7.00,75.00,208.00,0.185205,-1,-1,-1
348,26,796.00,138.00,73.00,173.00,0.478734,-1,-1,-1
348,29,557.00,122.00,60.00,165.00,0.271546,-1,-1,-1
348,47,300.00,158.00,71.00,195.00,0.589610,-1,-1,-1
348,51,410.00,157.00,54.00,168.00,0.514649,-1,-1,-1
348,55,428.00,306.00,62.00,202.00,0.780256,-1,-1,-1
348,71,984.00,466.00,75.00,229.00,0.799292,-1,-1,-1
348,72,897.00,484.00,68.00,224.00,0.800161,-1,-1,-1
348,76,336.00,314.00,78.00,177.00,0.639461,-1,-1,-1
348,107,1417.00,11.00,48.00,150.00,0.656140,-1,-1,-1
348,112,1687.00,44.00,48.00,163.00,0.696274,-1,-1,-1
348,120,471.00,153.00,65.00,192.00,0.509485,-1,-1,-1
348,122,1581.00,22.00,49.00,124.00,0.739871,-1,-1,-1
348,128,1084.00,0.00,61.00,139.00,0.560709,-1,-1,-1
348,130,1498.00,0.00,58.00,131.00,0.346545,-1,-1,-1
348,132,1365.00,972.00,111.00,106.00,0.866901,-1,-1,-1
348,136,1757.00,679.00,76.00,229.00,0.623582,-1,-1,-1
349,5,1719.00,453.00,77.00,211.00,0.823523,-1,-1,-1
349,8,277.00,637.00,86.00,251.00,0.873111,-1,-1,-1
349,12,901.00,940.00,78.00,139.00,0.805386,-1,-1,-1
349,13,1567.00,591.00,106.00,232.00,0.868139,-1,-1,-1
349,20,677.00,280.00,58.00,129.00,0.499185,-1,-1,-1
349,21,1484.00,2.00,79.00,222.00,0.126225,-1,-1,-1
349,26,796.00,139.00,72.00,173.00,0.471055,-1,-1,-1
349,29,557.00,121.00,59.00,166.00,0.277726,-1,-1,-1
349,47,300.00,157.00,72.00,196.00,0.598099,-1,-1,-1
349,51,409.00,157.00,55.00,168.00,0.545780,-1,-1,-1
349,55,428.00,306.00,62.00,202.00,0.780737,-1,-1,-1
349,71,983.00,466.00,75.00,229.00,0.802190,-1,-1,-1
349,72,896.00,483.00,68.00,226.00,0.808370,-1,-1,-1
349,76,335.00,316.00,77.00,176.00,0.638771,-1,-1,-1
349,107,1419.00,10.00,48.00,150.00,0.689693,-1,-1,-1
349,112,1688.00,45.00,48.00,163.00,0.684119,-1,-1,-1
349,120,471.00,156.00,65.00,192.00,0.515230,-1,-1,-1
349,122,1581.00,24.00,49.00,122.00,0.740250,-1,-1,-1
349,128,1084.00,0.00,62.00,141.00,0.599372,-1,-1,-1
349,130,1498.00,1.00,56.00,128.00,0.472042,-1,-1,-1
349,132,1364.00,970.00,111.00,108.00,0.874265,-1,-1,-1
349,136,1757.00,680.00,77.00,230.00,0.659142,-1,-1,-1
350,5,1719.00,453.00,77.00,211.00,0.823513,-1,-1,-1
350,8,278.00,638.00,86.00,251.00,0.878176,-1,-1,-1
350,12,902.00,940.00,78.00,139.00,0.818787,-1,-1,-1
350,13,1567.00,592.00,106.00,231.00,0.859738,-1,-1,-1
350,20,677.00,281.00,58.00,128.00,0.482107,-1,-1,-1
350,26,796.00,139.00,72.00,172.00,0.448834,-1,-1,-1
350,29,557.00,124.00,59.00,163.00,0.283334,-1,-1,-1
350,47,300.00,156.00,71.00,197.00,0.569200,-1,-1,-1
350,51,409.00,158.00,54.00,168.00,0.553052,-1,-1,-1
350,55,428.00,306.00,62.00,202.00,0.777382,-1,-1,-1
350,71,983.00,465.00,74.00,230.00,0.775558,-1,-1,-1
350,72,895.00,483.00,69.00,226.00,0.802289,-1,-1,-1
350,76,338.00,317.00,77.00,177.00,0.640330,-1,-1,-1
350,107,1420.00,9.00,47.00,149.00,0.695709,-1,-1,-1
350,112,1689.00,45.00,49.00,165.00,0.703707,-1,-1,-1
350,120,473.00,162.00,63.00,187.00,0.532712,-1,-1,-1
350,122,1581.00,26.00,49.00,119.00,0.718049,-1,-1,-1
350,128,1083.00,0.00,62.00,144.00,0.615256,-1,-1,-1
350,130,1498.00,1.00,55.00,123.00,0.545901,-1,-1,-1
350,132,1361.00,969.00,112.00,110.00,0.861035,-1,-1,-1
350,136,1757.00,681.00,77.00,230.00,0.624285,-1,-1,-1
351,5,1720.00,454.00,77.00,210.00,0.823671,-1,-1,-1
351,8,279.00,638.00,85.00,251.00,0.875175,-1,-1,-1
351,12,904.00,939.00,77.00,139.00,0.814811,-1,-1,-1
351,13,1567.00,591.00,107.00,232.00,0.867690,-1,-1,-1
351,20,677.00,281.00,57.00,128.00,0.518101,-1,-1,-1
351,26,796.00,138.00,72.00,173.00,0.470416,-1,-1,-1
351,29,557.00,124.00,59.00,163.00,0.339687,-1,-1,-1
351,47,300.00,156.00,72.00,197.00,0.595726,-1,-1,-1
351,51,409.00,160.00,54.00,166.00,0.549461,-1,-1,-1
351,55,428.00,307.00,62.00,200.00,0.795299,-1,-1,-1
351,71,982.00,465.00,73.00,230.00,0.793043,-1,-1,-1
351,72,894.00,482.00,69.00,227.00,0.808678,-1,-1,-1
351,76,334.00,318.00,78.00,178.00,0.703604,-1,-1,-1
351,107,1421.00,8.00,47.00,147.00,0.715204,-1,-1,-1
351,112,1690.00,45.00,50.00,169.00,0.718636,-1,-1,-1
351,120,471.00,160.00,65.00,191.00,0.459108,-1,-1,-1
351,122,1581.00,28.00,49.00,117.00,0.728398,-1,-1,-1
351,128,1083.00,0.00,63.00,145.00,0.624505,-1,-1,-1
351,130,1498.00,1.00,55.00,122.00,0.507375,-1,-1,-1
351,132,1360.00,967.00,112.00,112.00,0.871773,-1,-1,-1
351,136,1756.00,681.00,79.00,235.00,0.608917,-1,-1,-1
352,5,1720.00,453.00,76.00,211.00,0.821501,-1,-1,-1
352,8,281.00,639.00,85.00,250.00,0.876768,-1,-1,-1
352,12,905.00,940.00,77.00,139.00,0.797343,-1,-1,-1
352,13,1567.00,591.00,107.00,232.00,0.859303,-1,-1,-1
352,20,677.00,281.00,58.00,128.00,0.483672,-1,-1,-1
352,26,796.00,138.00,72.00,174.00,0.468973,-1,-1,-1
352,29,557.00,124.00,59.00,164.00,0.373216,-1,-1,-1
352,47,300.00,156.00,71.00,197.00,0.580853,-1,-1,-1
352,51,408.00,161.00,54.00,167.00,0.563984,-1,-1,-1
352,55,427.00,307.00,63.00,201.00,0.798014,-1,-1,-1
352,71,982.00,464.00,72.00,231.00,0.799913,-1,-1,-1
352,72,894.00,481.00,68.00,227.00,0.805611,-1,-1,-1
352,76,332.00,320.00,80.00,182.00,0.673878,-1,-1,-1
352,107,1420.00,7.00,48.00,148.00,0.710157,-1,-1,-1
352,112,1691.00,44.00,51.00,174.00,0.694779,-1,-1,-1
352,120,470.00,157.00,66.00,195.00,0.496927,-1,-1,-1
352,122,1581.00,29.00,49.00,116.00,0.727817,-1,-1,-1
352,128,1083.00,0.00,64.00,147.00,0.676326,-1,-1,-1
352,130,1498.00,0.00,54.00,124.00,0.411722,-1,-1,-1
352,132,1358.00,965.00,113.00,114.00,0.867455,-1,-1,-1
352,136,1757.00,682.00,77.00,232.00,0.625804,-1,-1,-1
353,5,1720.00,453.00,77.00,211.00,0.813749,-1,-1,-1
353,8,283.00,641.00,84.00,249.00,0.875338,-1,-1,-1
353,12,906.00,939.00,77.00,139.00,0.797492,-1,-1,-1
353,13,1567.00,592.00,107.00,232.00,0.853667,-1,-1,-1
353,20,677.00,280.00,58.00,129.00,0.489268,-1,-1,-1
353,26,796.00,138.00,72.00,173.00,0.461182,-1,-1,-1
353,29,556.00,122.00,60.00,166.00,0.355794,-1,-1,-1
353,47,300.00,157.00,71.00,196.00,0.615944,-1,-1,-1
353,51,408.00,164.00,53.00,165.00,0.537319,-1,-1,-1
353,55,427.00,307.00,62.00,201.00,0.793841,-1,-1,-1
353,71,981.00,463.00,71.00,231.00,0.799038,-1,-1,-1
353,72,893.00,481.00,68.00,225.00,0.816926,-1,-1,-1
353,76,332.00,322.00,80.00,183.00,0.710472,-1,-1,-1
353,107,1419.00,7.00,49.00,148.00,0.686390,-1,-1,-1
353,112,1691.00,43.00,52.00,177.00,0.680301,-1,-1,-1
353,120,468.00,155.00,67.00,196.00,0.455987,-1,-1,-1
353,122,1580.00,31.00,50.00,114.00,0.704143,-1,-1,-1
353,128,1083.00,0.00,64.00,148.00,0.639142,-1,-1,-1
353,130,1497.00,0.00,55.00,125.00,0.407578,-1,-1,-1
353,132,1357.00,963.00,113.00,116.00,0.888386,-1,-1,-1
353,136,1756.00,681.00,78.00,233.00,0.664685,-1,-1,-1
354,5,1720.00,453.00,78.00,212.00,0.819064,-1,-1,-1
354,8,285.00,641.00,84.00,249.00,0.872986,-1,-1,-1
354,12,906.00,939.00,78.00,140.00,0.796008,-1,-1,-1
354,13,1568.00,591.00,106.00,233.00,0.854398,-1,-1,-1
354,20,677.00,280.00,58.00,129.00,0.503032,-1,-1,-1
354,26,796.00,138.00,71.00,174.00,0.431943,-1,-1,-1
354,29,556.00,120.00,60.00,168.00,0.174488,-1,-1,-1
354,47,300.00,157.00,71.00,196.00,0.607690,-1,-1,-1
354,51,408.00,166.00,52.00,164.00,0.489564,-1,-1,-1
354,55,426.00,307.00,63.00,201.00,0.790936,-1,-1,-1
354,71,981.00,462.00,71.00,230.00,0.811008,-1,-1,-1
354,72,892.00,478.00,68.00,227.00,0.805203,-1,-1,-1
354,76,332.00,324.00,81.00,185.00,0.757423,-1,-1,-1
354,107,1420.00,7.00,49.00,148.00,0.677080,-1,-1,-1
354,112,1692.00,42.00,53.00,180.00,0.652657,-1,-1,-1
354,120,467.00,153.00,68.00,198.00,0.490344,-1,-1,-1
354,122,1580.00,32.00,51.00,114.00,0.682087,-1,-1,-1
354,128,1083.00,0.00,64.00,151.00,0.629072,-1,-1,-1
354,130,1496.00,0.00,56.00,126.00,0.329863,-1,-1,-1
354,132,1355.00,959.00,115.00,120.00,0.885386,-1,-1,-1
354,136,1755.00,679.00,79.00,235.00,0.684896,-1,-1,-1
355,5,1720.00,453.00,78.00,212.00,0.815072,-1,-1,-1
355,8,286.00,643.00,84.00,247.00,0.871935,-1,-1,-1
355,12,907.00,938.00,78.00,141.00,0.811272,-1,-1,-1
355,13,1567.00,591.00,107.00,232.00,0.850791,-1,-1,-1
355,20,677.00,280.00,58.00,129.00,0.491756,-1,-1,-1
355,26,796.00,138.00,71.00,173.00,0.452484,-1,-1,-1
355,29,556.00,120.00,60.00,168.00,0.249761,-1,-1,-1
355,47,301.00,158.00,70.00,195.00,0.590303,-1,-1,-1
355,51,408.00,167.00,52.00,165.00,0.491460,-1,-1,-1
355,55,426.00,309.00,62.00,199.00,0.789045,-1,-1,-1
355,71,980.00,460.00,69.00,231.00,0.800280,-1,-1,-1
355,72,892.00,477.00,68.00,227.00,0.801483,-1,-1,-1
355,76,331.00,327.00,81.00,185.00,0.772373,-1,-1,-1
355,107,1421.00,6.00,49.00,150.00,0.668639,-1,-1,-1
355,112,1693.00,42.00,54.00,181.00,0.623699,-1,-1,-1
355,120,466.00,153.00,68.00,198.00,0.490008,-1,-1,-1
355,122,1580.00,32.00,52.00,115.00,0.670235,-1,-1,-1
355,128,1084.00,0.00,65.00,153.00,0.602442,-1,-1,-1
355,130,1496.00,0.00,55.00,125.00,0.379134,-1,-1,-1
355,132,1353.00,956.00,117.00,123.00,0.883490,-1,-1,-1
355,136,1755.00,680.00,78.00,232.00,0.713320,-1,-1,-1
356,5,1721.00,454.00,77.00,211.00,0.808882,-1,-1,-1
356,8,287.00,643.00,84.00,248.00,0.867884,-1,-1,-1
356,12,907.00,937.00,79.00,142.00,0.763609,-1,-1,-1
356,13,1568.00,592.00,107.00,232.00,0.849734,-1,-1,-1
356,20,677.00,280.00,58.00,128.00,0.447551,-1,-1,-1
356,26,796.00,139.00,70.00,173.00,0.462296,-1,-1,-1
356,29,555.00,114.00,63.00,175.00,0.260090,-1,-1,-1
356,47,301.00,159.00,70.00,194.00,0.578017,-1,-1,-1
356,51,408.00,170.00,51.00,164.00,0.486660,-1,-1,-1
356,55,426.00,312.00,61.00,196.00,0.760575,-1,-1,-1
356,71,978.00,457.00,70.00,231.00,0.806094,-1,-1,-1
356,72,891.00,475.00,68.00,228.00,0.794937,-1,-1,-1
356,76,329.00,327.00,81.00,186.00,0.757416,-1,-1,-1
356,107,1420.00,5.00,50.00,151.00,0.671621,-1,-1,-1
356,112,1695.00,44.00,53.00,180.00,0.648918,-1,-1,-1
356,120,468.00,154.00,68.00,197.00,0.571929,-1,-1,-1
356,122,1579.00,32.00,54.00,117.00,0.725690,-1,-1,-1
356,128,1085.00,0.00,65.00,153.00,0.630845,-1,-1,-1
356,130,1495.00,0.00,56.00,127.00,0.439042,-1,-1,-1
356,132,1351.00,953.00,119.00,126.00,0.892057,-1,-1,-1
356,136,1754.00,678.00,79.00,235.00,0.655454,-1,-1,-1
357,5,1721.00,455.00,77.00,210.00,0.811648,-1,-1,-1
357,8,288.00,645.00,84.00,245.00,0.875095,-1,-1,-1
357,12,908.00,937.00,79.00,142.00,0.761105,-1,-1,-1
357,13,1568.00,591.00,107.00,233.00,0.861402,-1,-1,-1
357,20,677.00,280.00,58.00,129.00,0.457975,-1,-1,-1
357,26,796.00,139.00,70.00,172.00,0.441702,-1,-1,-1
357,29,556.00,116.00,61.00,172.00,0.227782,-1,-1,-1
357,47,300.00,159.00,71.00,194.00,0.597525,-1,-1,-1
357,51,406.00,172.00,52.00,166.00,0.458045,-1,-1,-1
357,55,426.00,313.00,61.00,194.00,0.750837,-1,-1,-1
357,71,978.00,454.00,67.00,223.00,0.812001,-1,-1,-1
357,72,891.00,472.00,67.00,222.00,0.774711,-1,-1,-1
357,76,329.00,330.00,80.00,184.00,0.769071,-1,-1,-1
357,107,1420.00,4.00,50.00,152.00,0.655986,-1,-1,-1
357,112,1696.00,45.00,53.00,177.00,0.572971,-1,-1,-1
357,120,468.00,155.00,68.00,195.00,0.593740,-1,-1,-1
357,122,1579.00,33.00,55.00,117.00,0.670723,-1,-1,-1
357,128,1087.00,0.00,65.00,154.00,0.625286,-1,-1,-1
357,130,1494.00,0.00,55.00,123.00,0.351844,-1,-1,-1
357,132,1350.00,948.00,120.00,131.00,0.898090,-1,-1,-1
357,136,1755.00,679.00,78.00,233.00,0.716364,-1,-1,-1
358,5,1721.00,455.00,77.00,210.00,0.811621,-1,-1,-1
358,8,289.00,647.00,83.00,244.00,0.877325,-1,-1,-1
358,12,908.00,937.00,80.00,142.00,0.764357,-1,-1,-1
358,13,1567.00,590.00,107.00,233.00,0.865765,-1,-1,-1
358,20,677.00,280.00,58.00,129.00,0.480467,-1,-1,-1
358,26,796.00,139.00,69.00,172.00,0.470768,-1,-1,-1
358,29,555.00,112.00,63.00,177.00,0.190867,-1,-1,-1
358,47,301.00,160.00,71.00,193.00,0.572965,-1,-1,-1
358,51,404.00,173.00,52.00,166.00,0.482097,-1,-1,-1
358,55,425.00,314.00,61.00,195.00,0.767829,-1,-1,-1
358,71,977.00,451.00,66.00,221.00,0.812885,-1,-1,-1
358,72,891.00,470.00,66.00,220.00,0.786225,-1,-1,-1
358,76,330.00,333.00,79.00,182.00,0.796449,-1,-1,-1
358,107,1420.00,3.00,51.00,153.00,0.643368,-1,-1,-1
358,112,1697.00,49.00,53.00,174.00,0.567745,-1,-1,-1
358,120,467.00,156.00,69.00,195.00,0.601517,-1,-1,-1
358,122,1580.00,33.00,55.00,118.00,0.636959,-1,-1,-1
358,128,1088.00,0.00,66.00,156.00,0.643608,-1,-1,-1
358,130,1494.00,0.00,55.00,121.00,0.406789,-1,-1,-1
358,132,1347.00,944.00,120.00,135.00,0.898781,-1,-1,-1
358,136,1755.00,681.00,78.00,231.00,0.750657,-1,-1,-1
359,5,1722.00,455.00,76.00,210.00,0.811024,-1,-1,-1
359,8,289.00,648.00,84.00,245.00,0.874750,-1,-1,-1
359,12,909.00,937.00,79.00,142.00,0.777797,-1,-1,-1
359,13,1568.00,591.00,107.00,232.00,0.852012,-1,-1,-1
359,20,677.00,281.00,58.00,128.00,0.463426,-1,-1,-1
359,26,796.00,139.00,69.00,173.00,0.419145,-1,-1,-1
359,29,554.00,108.00,65.00,181.00,0.149571,-1,-1,-1
359,47,301.00,159.00,71.00,194.00,0.555139,-1,-1,-1
359,51,402.00,173.00,52.00,168.00,0.447670,-1,-1,-1
359,55,424.00,314.00,63.00,200.00,0.749188,-1,-1,-1
359,71,976.00,449.00,66.00,220.00,0.799355,-1,-1,-1
359,72,891.00,467.00,65.00,217.00,0.789663,-1,-1,-1
359,76,330.00,333.00,79.00,182.00,0.817410,-1,-1,-1
359,107,1421.00,3.00,51.00,153.00,0.621201,-1,-1,-1
359,112,1698.00,46.00,54.00,177.00,0.591240,-1,-1,-1
359,120,466.00,157.00,70.00,195.00,0.591795,-1,-1,-1
359,122,1580.00,34.00,56.00,119.00,0.631422,-1,-1,-1
359,128,1089.00,0.00,66.00,157.00,0.605887,-1,-1,-1
359,130,1493.00,0.00,55.00,119.00,0.299685,-1,-1,-1
359,132,1344.00,939.00,122.00,140.00,0.856840,-1,-1,-1
359,136,1755.00,681.00,77.00,230.00,0.733501,-1,-1,-1
359,139,1482.00,84.00,46.00,148.00,0.424784,-1,-1,-1
360,5,1722.00,453.00,77.00,212.00,0.802158,-1,-1,-1
360,8,288.00,651.00,85.00,246.00,0.867853,-1,-1,-1
360,12,909.00,936.00,79.00,143.00,0.756862,-1,-1,-1
360,13,1568.00,591.00,108.00,233.00,0.864211,-1,-1,-1
360,20,677.00,281.00,58.00,128.00,0.424378,-1,-1,-1
360,26,796.00,139.00,69.00,173.00,0.417536,-1,-1,-1
360,29,555.00,110.00,63.00,178.00,0.244019,-1,-1,-1
360,47,301.00,158.00,71.00,195.00,0.550180,-1,-1,-1
360,51,401.00,172.00,53.00,172.00,0.472802,-1,-1,-1
360,55,424.00,317.00,62.00,200.00,0.749817,-1,-1,-1
360,71,974.00,447.00,66.00,221.00,0.797489,-1,-1,-1
360,72,889.00,465.00,66.00,220.00,0.781720,-1,-1,-1
360,76,330.00,335.00,79.00,180.00,0.832087,-1,-1,-1
360,107,1421.00,3.00,51.00,153.00,0.624932,-1,-1,-1
360,112,1699.00,50.00,53.00,174.00,0.611501,-1,-1,-1
360,120,467.00,161.00,69.00,192.00,0.533560,-1,-1,-1
360,122,1581.00,33.00,57.00,123.00,0.603684,-1,-1,-1
360,128,1091.00,0.00,64.00,157.00,0.599115,-1,-1,-1
360,130,1494.00,0.00,54.00,118.00,0.304619,-1,-1,-1
360,132,1341.00,934.00,123.00,145.00,0.848639,-1,-1,-1
360,136,1755.00,680.00,77.00,231.00,0.722966,-1,-1,-1
360,139,1482.00,84.00,46.00,149.00,0.425609,-1,-1,-1
361,5,1722.00,453.00,77.00,212.00,0.800807,-1,-1,-1
361,8,288.00,652.00,85.00,251.00,0.852351,-1,-1,-1
361,12,910.00,936.00,79.00,143.00,0.756732,-1,-1,-1
361,13,1568.00,592.00,107.00,232.00,0.857807,-1,-1,-1
361,20,677.00,281.00,58.00,128.00,0.436190,-1,-1,-1
361,26,797.00,139.00,68.00,173.00,0.362482,-1,-1,-1
361,29,555.00,110.00,63.00,178.00,0.169973,-1,-1,-1
361,47,302.00,159.00,70.00,194.00,0.556254,-1,-1,-1
361,51,401.00,173.00,53.00,173.00,0.467702,-1,-1,-1
361,55,424.00,320.00,63.00,201.00,0.774487,-1,-1,-1
361,71,972.00,446.00,67.00,222.00,0.794670,-1,-1,-1
361,72,889.00,463.00,66.00,219.00,0.784648,-1,-1,-1
361,76,330.00,336.00,79.00,179.00,0.814100,-1,-1,-1
361,107,1423.00,3.00,51.00,153.00,0.620149,-1,-1,-1
361,112,1700.00,50.00,53.00,174.00,0.660065,-1,-1,-1
361,120,468.00,168.00,68.00,188.00,0.486410,-1,-1,-1
361,122,1581.00,34.00,58.00,127.00,0.584682,-1,-1,-1
361,128,1093.00,1.00,64.00,155.00,0.497457,-1,-1,-1
361,130,1493.00,0.00,56.00,120.00,0.254209,-1,-1,-1
361,132,1340.00,931.00,122.00,148.00,0.866272,-1,-1,-1
361,136,1754.00,680.00,77.00,231.00,0.717513,-1,-1,-1
361,139,1481.00,84.00,47.00,150.00,0.388387,-1,-1,-1
362,5,1722.00,454.00,76.00,210.00,0.809604,-1,-1,-1
362,8,288.00,655.00,85.00,250.00,0.855461,-1,-1,-1
362,12,910.00,936.00,79.00,143.00,0.758268,-1,-1,-1
362,13,1568.00,592.00,107.00,232.00,0.860349,-1,-1,-1
362,20,677.00,281.00,57.00,128.00,0.461057,-1,-1,-1
362,26,797.00,139.00,68.00,173.00,0.408203,-1,-1,-1
362,29,555.00,111.00,63.00,177.00,0.309257,-1,-1,-1
362,47,301.00,159.00,71.00,194.00,0.554075,-1,-1,-1
362,51,400.00,174.00,53.00,172.00,0.461349,-1,-1,-1
362,55,424.00,321.00,63.00,203.00,0.784452,-1,-1,-1
362,71,971.00,444.00,69.00,224.00,0.779065,-1,-1,-1
362,72,888.00,461.00,66.00,219.00,0.785962,-1,-1,-1
362,76,330.00,337.00,79.00,178.00,0.823416,-1,-1,-1
362,107,1425.00,4.00,50.00,152.00,0.644831,-1,-1,-1
362,112,1700.00,51.00,53.00,173.00,0.661755,-1,-1,-1
362,120,470.00,172.00,68.00,187.00,0.542996,-1,-1,-1
362,122,1582.00,35.00,59.00,130.00,0.598471,-1,-1,-1
362,128,1096.00,1.00,62.00,156.00,0.531594,-1,-1,-1
362,130,1492.00,0.00,58.00,123.00,0.316836,-1,-1,-1
362,132,1339.00,929.00,122.00,150.00,0.872323,-1,-1,-1
362,136,1754.00,680.00,77.00,231.00,0.756162,-1,-1,-1
362,139,1481.00,84.00,48.00,151.00,0.378086,-1,-1,-1
363,5,1722.00,453.00,76.00,212.00,0.808150,-1,-1,-1
363,8,289.00,657.00,84.00,249.00,0.856277,-1,-1,-1
363,12,910.00,936.00,79.00,143.00,0.742821,-1,-1,-1
363,13,1568.00,591.00,107.00,233.00,0.857966,-1,-1,-1
363,20,677.00,281.00,58.00,128.00,0.431078,-1,-1,-1
363,26,797.00,138.00,68.00,173.00,0.422427,-1,-1,-1
363,29,555.00,112.00,63.00,176.00,0.210935,-1,-1,-1
363,47,301.00,158.00,70.00,195.00,0.522415,-1,-1,-1
363,51,401.00,174.00,51.00,169.00,0.394083,-1,-1,-1
363,55,423.00,322.00,64.00,204.00,0.764460,-1,-1,-1
363,71,971.00,442.00,70.00,227.00,0.792545,-1,-1,-1
363,72,888.00,460.00,66.00,218.00,0.789106,-1,-1,-1
363,76,330.00,337.00,79.00,178.00,0.799671,-1,-1,-1
363,107,1425.00,4.00,50.00,152.00,0.633862,-1,-1,-1
363,112,1700.00,56.00,53.00,169.00,0.677225,-1,-1,-1
363,120,470.00,175.00,67.00,185.00,0.490248,-1,-1,-1
363,122,1581.00,36.00,62.00,139.00,0.678825,-1,-1,-1
363,128,1098.00,2.00,62.00,157.00,0.580487,-1,-1,-1
363,130,1492.00,0.00,60.00,126.00,0.336688,-1,-1,-1
363,132,1337.00,926.00,122.00,153.00,0.860344,-1,-1,-1
363,136,1754.00,680.00,77.00,231.00,0.741150,-1,-1,-1
363,139,1482.00,85.00,48.00,151.00,0.378007,-1,-1,-1
364,5,1722.00,453.00,76.00,212.00,0.804452,-1,-1,-1
364,8,290.00,659.00,83.00,250.00,0.847293,-1,-1,-1
364,12,911.00,936.00,79.00,143.00,0.750087,-1,-1,-1
364,13,1567.00,592.00,108.00,232.00,0.868083,-1,-1,-1
364,20,677.00,281.00,58.00,128.00,0.370589,-1,-1,-1
364,26,796.00,138.00,68.00,173.00,0.373446,-1,-1,-1
364,29,555.00,112.00,63.00,176.00,0.178786,-1,-1,-1
364,47,302.00,159.00,70.00,194.00,0.542107,-1,-1,-1
364,51,402.00,174.00,49.00,165.00,0.368167,-1,-1,-1
364,55,422.00,324.00,64.00,205.00,0.769813,-1,-1,-1
364,71,970.00,441.00,71.00,228.00,0.779507,-1,-1,-1
364,72,887.00,459.00,66.00,218.00,0.782203,-1,-1,-1
364,76,331.00,337.00,79.00,177.00,0.786863,-1,-1,-1
364,107,1425.00,3.00,50.00,154.00,0.613440,-1,-1,-1
364,112,1702.00,57.00,52.00,170.00,0.561906,-1,-1,-1
364,120,471.00,177.00,67.00,184.00,0.545675,-1,-1,-1
364,122,1582.00,38.00,62.00,143.00,0.654409,-1,-1,-1
364,128,1100.00,4.00,62.00,157.00,0.641750,-1,-1,-1
364,130,1492.00,0.00,60.00,125.00,0.356454,-1,-1,-1
364,132,1336.00,925.00,120.00,154.00,0.864075,-1,-1,-1
364,136,1753.00,680.00,77.00,231.00,0.728041,-1,-1,-1
364,139,1483.00,85.00,48.00,152.00,0.390309,-1,-1,-1
365,5,1722.00,453.00,76.00,211.00,0.807199,-1,-1,-1
365,8,291.00,662.00,84.00,253.00,0.850237,-1,-1,-1
365,12,912.00,937.00,78.00,142.00,0.742375,-1,-1,-1
365,13,1568.00,592.00,107.00,232.00,0.859067,-1,-1,-1
365,20,678.00,282.00,57.00,127.00,0.465208,-1,-1,-1
365,26,797.00,138.00,67.00,173.00,0.382935,-1,-1,-1
365,29,556.00,116.00,61.00,172.00,0.289900,-1,-1,-1
365,47,303.00,159.00,70.00,194.00,0.558116,-1,-1,-1
365,51,401.00,175.00,49.00,161.00,0.349220,-1,-1,-1
365,55,421.00,325.00,64.00,204.00,0.770218,-1,-1,-1
365,71,968.00,440.00,73.00,229.00,0.785938,-1,-1,-1
365,72,887.00,458.00,65.00,217.00,0.785195,-1,-1,-1
365,76,331.00,337.00,78.00,177.00,0.724424,-1,-1,-1
365,107,1426.00,3.00,49.00,153.00,0.655873,-1,-1,-1
365,112,1703.00,63.00,52.00,166.00,0.550207,-1,-1,-1
365,120,472.00,179.00,67.00,184.00,0.541258,-1,-1,-1
365,122,1582.00,40.00,64.00,150.00,0.687050,-1,-1,-1
365,128,1102.00,7.00,60.00,155.00,0.622343,-1,-1,-1
365,130,1492.00,0.00,61.00,125.00,0.446971,-1,-1,-1
365,132,1334.00,922.00,120.00,157.00,0.869431,-1,-1,-1
365,136,1753.00,680.00,77.00,231.00,0.726418,-1,-1,-1
365,139,1484.00,87.00,47.00,151.00,0.320113,-1,-1,-1
365,140,1848.00,643.00,46.00,98.00,0.339526,-1,-1,-1
366,5,1722.00,453.00,76.00,212.00,0.813069,-1,-1,-1
366,8,292.00,664.00,84.00,255.00,0.856904,-1,-1,-1
366,12,912.00,937.00,78.00,142.00,0.759133,-1,-1,-1
366,13,1568.00,593.00,107.00,231.00,0.857850,-1,-1,-1
366,20,677.00,282.00,58.00,127.00,0.444033,-1,-1,-1
366,26,796.00,138.00,68.00,173.00,0.390197,-1,-1,-1
366,29,556.00,114.00,62.00,174.00,0.258518,-1,-1,-1
366,47,302.00,159.00,70.00,194.00,0.530420,-1,-1,-1
366,51,400.00,175.00,49.00,164.00,0.387421,-1,-1,-1
366,55,420.00,327.00,64.00,202.00,0.743856,-1,-1,-1
366,71,968.00,440.00,74.00,230.00,0.798458,-1,-1,-1
366,72,886.00,457.00,66.00,220.00,0.773282,-1,-1,-1
366,76,332.00,340.00,76.00,175.00,0.728871,-1,-1,-1
366,107,1426.00,2.00,50.00,153.00,0.663621,-1,-1,-1
366,112,1704.00,65.00,53.00,168.00,0.707048,-1,-1,-1
366,120,471.00,180.00,69.00,187.00,0.523383,-1,-1,-1
366,122,1584.00,43.00,62.00,149.00,0.681771,-1,-1,-1
366,128,1104.00,9.00,60.00,155.00,0.726947,-1,-1,-1
366,130,1492.00,0.00,61.00,126.00,0.526918,-1,-1,-1
366,132,1333.00,921.00,119.00,158.00,0.870525,-1,-1,-1
366,136,1753.00,680.00,77.00,230.00,0.732730,-1,-1,-1
366,139,1486.00,92.00,46.00,147.00,0.138533,-1,-1,-1
366,140,1848.00,646.00,44.00,93.00,0.278155,-1,-1,-1
367,5,1722.00,454.00,76.00,211.00,0.806807,-1,-1,-1
367,8,294.00,665.00,84.00,256.00,0.859019,-1,-1,-1
367,12,913.00,937.00,77.00,142.00,0.732892,-1,-1,-1
367,13,1569.00,592.00,107.00,232.00,0.848316,-1,-1,-1
367,20,678.00,281.00,57.00,127.00,0.469407,-1,-1,-1
367,26,796.00,138.00,68.00,173.00,0.365442,-1,-1,-1
367,29,555.00,110.00,64.00,179.00,0.170160,-1,-1,-1
367,47,302.00,161.00,70.00,192.00,0.538440,-1,-1,-1
367,51,401.00,177.00,50.00,165.00,0.397707,-1,-1,-1
367,55,420.00,328.00,63.00,202.00,0.748578,-1,-1,-1
367,71,968.00,440.00,75.00,229.00,0.795170,-1,-1,-1
367,72,884.00,456.00,66.00,221.00,0.789584,-1,-1,-1
367,76,334.00,342.00,74.00,174.00,0.769194,-1,-1,-1
367,107,1426.00,1.00,50.00,154.00,0.680888,-1,-1,-1
367,112,1705.00,68.00,53.00,169.00,0.725657,-1,-1,-1
367,120,471.00,180.00,69.00,188.00,0.571988,-1,-1,-1
367,122,1584.00,44.00,62.00,149.00,0.643549,-1,-1,-1
367,128,1105.00,10.00,60.00,156.00,0.720105,-1,-1,-1
367,130,1492.00,0.00,62.00,126.00,0.436716,-1,-1,-1
367,132,1331.00,920.00,119.00,159.00,0.865113,-1,-1,-1
367,136,1752.00,679.00,78.00,232.00,0.746340,-1,-1,-1
367,139,1486.00,92.00,46.00,145.00,0.176063,-1,-1,-1
367,140,1848.00,646.00,43.00,92.00,0.241312,-1,-1,-1
368,5,1722.00,454.00,76.00,211.00,0.813146,-1,-1,-1
368,8,295.00,667.00,83.00,255.00,0.853335,-1,-1,-1
368,12,913.00,938.00,76.00,141.00,0.748424,-1,-1,-1
368,13,1569.00,591.00,107.00,233.00,0.862021,-1,-1,-1
368,20,677.00,281.00,58.00,128.00,0.389303,-1,-1,-1
368,26,796.00,138.00,68.00,173.00,0.395680,-1,-1,-1
368,47,302.00,160.00,69.00,193.00,0.524885,-1,-1,-1
368,51,402.00,179.00,48.00,162.00,0.388040,-1,-1,-1
368,55,419.00,329.00,64.00,202.00,0.736653,-1,-1,-1
368,71,968.00,439.00,76.00,229.00,0.797438,-1,-1,-1
368,72,883.00,456.00,67.00,221.00,0.795385,-1,-1,-1
368,76,335.00,345.00,73.00,174.00,0.770651,-1,-1,-1
368,107,1427.00,1.00,49.00,153.00,0.684406,-1,-1,-1
368,112,1705.00,69.00,54.00,171.00,0.720764,-1,-1,-1
368,120,471.00,180.00,69.00,187.00,0.566300,-1,-1,-1
368,122,1584.00,45.00,62.00,151.00,0.659803,-1,-1,-1
368,128,1105.00,12.00,61.00,158.00,0.705790,-1,-1,-1
368,130,1492.00,0.00,62.00,125.00,0.529544,-1,-1,-1
368,132,1329.00,918.00,118.00,161.00,0.862556,-1,-1,-1
368,136,1752.00,678.00,78.00,233.00,0.754910,-1,-1,-1
368,139,1487.00,93.00,46.00,145.00,0.181172,-1,-1,-1
368,140,1848.00,646.00,42.00,90.00,0.170942,-1,-1,-1
369,5,1721.00,454.00,77.00,211.00,0.819947,-1,-1,-1
369,8,297.00,668.00,82.00,255.00,0.859232,-1,-1,-1
369,12,914.00,938.00,75.00,141.00,0.753197,-1,-1,-1
369,13,1568.00,592.00,108.00,232.00,0.857562,-1,-1,-1
369,20,677.00,280.00,58.00,129.00,0.360804,-1,-1,-1
369,26,796.00,139.00,68.00,173.00,0.400326,-1,-1,-1
369,47,302.00,160.00,70.00,193.00,0.559842,-1,-1,-1
369,51,400.00,180.00,50.00,169.00,0.381065,-1,-1,-1
369,55,418.00,331.00,63.00,200.00,0.768572,-1,-1,-1
369,71,967.00,438.00,77.00,230.00,0.803229,-1,-1,-1
369,72,882.00,455.00,66.00,222.00,0.786831,-1,-1,-1
369,76,334.00,342.00,75.00,182.00,0.774702,-1,-1,-1
369,107,1426.00,0.00,49.00,154.00,0.701956,-1,-1,-1
369,112,1707.00,72.00,53.00,169.00,0.733645,-1,-1,-1
369,120,471.00,180.00,68.00,188.00,0.596857,-1,-1,-1
369,122,1586.00,46.00,60.00,150.00,0.685882,-1,-1,-1
369,128,1106.00,13.00,61.00,158.00,0.686933,-1,-1,-1
369,130,1492.00,0.00,62.00,125.00,0.571603,-1,-1,-1
369,132,1326.00,916.00,118.00,163.00,0.846957,-1,-1,-1
369,136,1752.00,678.00,79.00,233.00,0.756064,-1,-1,-1
369,140,1848.00,647.00,41.00,87.00,0.171750,-1,-1,-1
370,5,1722.00,454.00,76.00,211.00,0.815757,-1,-1,-1
370,8,298.00,668.00,83.00,255.00,0.857580,-1,-1,-1
370,12,913.00,939.00,75.00,140.00,0.746559,-1,-1,-1
370,13,1568.00,592.00,107.00,232.00,0.850837,-1,-1,-1
370,20,677.00,280.00,58.00,130.00,0.414367,-1,-1,-1
370,26,796.00,139.00,68.00,173.00,0.381929,-1,-1,-1
370,47,302.00,160.00,70.00,193.00,0.546377,-1,-1,-1
370,51,399.00,181.00,51.00,171.00,0.387218,-1,-1,-1
370,55,418.00,329.00,64.00,203.00,0.761667,-1,-1,-1
370,71,966.00,436.00,78.00,230.00,0.803962,-1,-1,-1
370,72,881.00,454.00,66.00,222.00,0.782566,-1,-1,-1
370,76,335.00,344.00,74.00,183.00,0.750265,-1,-1,-1
370,107,1426.00,0.00,49.00,151.00,0.704394,-1,-1,-1
370,112,1707.00,73.00,53.00,170.00,0.716318,-1,-1,-1
370,120,470.00,174.00,70.00,194.00,0.597899,-1,-1,-1
370,122,1587.00,46.00,59.00,152.00,0.734130,-1,-1,-1
370,128,1107.00,14.00,60.00,158.00,0.694604,-1,-1,-1
370,130,1493.00,0.00,62.00,127.00,0.520927,-1,-1,-1
370,132,1322.00,912.00,119.00,166.00,0.854122,-1,-1,-1
370,136,1752.00,678.00,79.00,233.00,0.765078,-1,-1,-1
370,140,1848.00,647.00,41.00,86.00,0.188897,-1,-1,-1
371,5,1722.00,453.00,76.00,212.00,0.819098,-1,-1,-1
371,8,299.00,669.00,83.00,254.00,0.865755,-1,-1,-1
371,12,914.00,939.00,74.00,140.00,0.742456,-1,-1,-1
371,13,1567.00,594.00,107.00,229.00,0.857416,-1,-1,-1
371,20,677.00,280.00,58.00,129.00,0.420490,-1,-1,-1
371,26,796.00,139.00,68.00,174.00,0.338633,-1,-1,-1
371,47,302.00,160.00,70.00,193.00,0.516871,-1,-1,-1
371,51,398.00,181.00,50.00,173.00,0.391619,-1,-1,-1
371,55,417.00,331.00,63.00,200.00,0.770996,-1,-1,-1
371,71,965.00,434.00,78.00,231.00,0.806218,-1,-1,-1
371,72,880.00,451.00,66.00,223.00,0.796780,-1,-1,-1
371,76,335.00,347.00,73.00,183.00,0.735225,-1,-1,-1
371,107,1427.00,0.00,47.00,149.00,0.719119,-1,-1,-1
371,112,1707.00,74.00,53.00,170.00,0.689768,-1,-1,-1
371,120,469.00,170.00,72.00,198.00,0.565148,-1,-1,-1
371,122,1588.00,47.00,59.00,152.00,0.752247,-1,-1,-1
371,128,1107.00,15.00,60.00,158.00,0.685531,-1,-1,-1
371,130,1493.00,0.00,62.00,127.00,0.501858,-1,-1,-1
371,132,1320.00,909.00,118.00,169.00,0.852132,-1,-1,-1
371,136,1752.00,678.00,79.00,233.00,0.762062,-1,-1,-1
371,140,1847.00,646.00,41.00,87.00,0.106228,-1,-1,-1
372,5,1722.00,454.00,76.00,211.00,0.812762,-1,-1,-1
372,8,300.00,670.00,83.00,253.00,0.877418,-1,-1,-1
372,12,914.00,940.00,74.00,139.00,0.754174,-1,-1,-1
372,13,1568.00,593.00,107.00,230.00,0.850162,-1,-1,-1
372,20,677.00,281.00,58.00,128.00,0.426216,-1,-1,-1
372,26,797.00,139.00,68.00,173.00,0.320552,-1,-1,-1
372,47,301.00,160.00,70.00,193.00,0.534191,-1,-1,-1
372,51,397.00,181.00,51.00,177.00,0.391856,-1,-1,-1
372,55,417.00,331.00,63.00,199.00,0.783911,-1,-1,-1
372,71,965.00,432.00,77.00,229.00,0.785427,-1,-1,-1
372,72,879.00,449.00,65.00,221.00,0.777399,-1,-1,-1
372,76,335.00,349.00,72.00,184.00,0.739048,-1,-1,-1
372,107,1427.00,0.00,47.00,146.00,0.665511,-1,-1,-1
372,112,1707.00,74.00,54.00,172.00,0.694998,-1,-1,-1
372,120,469.00,170.00,72.00,196.00,0.558204,-1,-1,-1
372,122,1590.00,48.00,58.00,150.00,0.726747,-1,-1,-1
372,128,1107.00,15.00,60.00,159.00,0.654476,-1,-1,-1
372,130,1494.00,0.00,62.00,127.00,0.506365,-1,-1,-1
372,132,1317.00,905.00,119.00,173.00,0.851684,-1,-1,-1
372,136,1752.00,679.00,79.00,232.00,0.739454,-1,-1,-1
372,140,1847.00,646.00,41.00,88.00,0.222356,-1,-1,-1
373,5,1722.00,453.00,76.00,212.00,0.807494,-1,-1,-1
373,8,300.00,670.00,84.00,253.00,0.885080,-1,-1,-1
373,12,913.00,941.00,73.00,138.00,0.744127,-1,-1,-1
373,13,1568.00,595.00,107.00,228.00,0.854731,-1,-1,-1
373,20,677.00,280.00,58.00,129.00,0.379644,-1,-1,-1
373,26,797.00,139.00,67.00,173.00,0.356530,-1,-1,-1
373,47,301.00,160.00,70.00,193.00,0.549540,-1,-1,-1
373,51,398.00,184.00,49.00,172.00,0.348942,-1,-1,-1
373,55,417.00,330.00,63.00,200.00,0.775952,-1,-1,-1
373,71,965.00,430.00,78.00,229.00,0.787961,-1,-1,-1
373,72,879.00,447.00,63.00,214.00,0.788583,-1,-1,-1
373,76,336.00,351.00,71.00,183.00,0.731032,-1,-1,-1
373,107,1427.00,0.00,47.00,143.00,0.688053,-1,-1,-1
373,112,1707.00,75.00,53.00,170.00,0.683962,-1,-1,-1
373,120,468.00,168.00,73.00,199.00,0.606292,-1,-1,-1
373,122,1592.00,48.00,57.00,152.00,0.762811,-1,-1,-1
373,128,1108.00,16.00,59.00,158.00,0.666456,-1,-1,-1
373,130,1495.00,0.00,61.00,127.00,0.480282,-1,-1,-1
373,132,1315.00,902.00,119.00,176.00,0.882660,-1,-1,-1
373,136,1750.00,678.00,79.00,234.00,0.725178,-1,-1,-1
373,140,1846.00,646.00,41.00,87.00,0.118218,-1,-1,-1
374,5,1722.00,453.00,76.00,212.00,0.805122,-1,-1,-1
374,8,301.00,671.00,85.00,252.00,0.883516,-1,-1,-1
374,12,914.00,942.00,72.00,137.00,0.737182,-1,-1,-1
374,13,1569.00,595.00,107.00,229.00,0.842718,-1,-1,-1
374,20,677.00,281.00,58.00,128.00,0.400175,-1,-1,-1
374,26,797.00,139.00,67.00,173.00,0.300112,-1,-1,-1
374,47,301.00,161.00,70.00,193.00,0.481054,-1,-1,-1
374,51,398.00,186.00,47.00,166.00,0.360936,-1,-1,-1
374,55,416.00,330.00,63.00,201.00,0.771227,-1,-1,-1
374,71,965.00,427.00,78.00,227.00,0.792439,-1,-1,-1
374,72,878.00,445.00,62.00,211.00,0.785839,-1,-1,-1
374,76,336.00,351.00,71.00,183.00,0.714288,-1,-1,-1
374,107,1427.00,0.00,47.00,143.00,0.678569,-1,-1,-1
374,112,1709.00,75.00,53.00,170.00,0.700543,-1,-1,-1
374,120,469.00,168.00,72.00,199.00,0.552900,-1,-1,-1
374,122,1592.00,49.00,58.00,153.00,0.761854,-1,-1,-1
374,128,1109.00,17.00,57.00,156.00,0.707682,-1,-1,-1
374,130,1497.00,0.00,60.00,127.00,0.439693,-1,-1,-1
374,132,1313.00,897.00,120.00,181.00,0.861460,-1,-1,-1
374,136,1750.00,678.00,80.00,234.00,0.725756,-1,-1,-1
374,140,1846.00,646.00,41.00,87.00,0.111550,-1,-1,-1
375,5,1722.00,454.00,76.00,211.00,0.806686,-1,-1,-1
375,8,302.00,673.00,85.00,249.00,0.884346,-1,-1,-1
375,12,914.00,943.00,71.00,136.00,0.736472,-1,-1,-1
375,13,1568.00,594.00,107.00,230.00,0.853377,-1,-1,-1
375,20,677.00,281.00,58.00,128.00,0.399798,-1,-1,-1
375,26,797.00,139.00,67.00,172.00,0.336906,-1,-1,-1
375,47,301.00,161.00,69.00,193.00,0.505868,-1,-1,-1
375,51,396.00,188.00,48.00,166.00,0.471214,-1,-1,-1
375,55,415.00,332.00,65.00,203.00,0.774740,-1,-1,-1
375,71,965.00,424.00,76.00,224.00,0.800406,-1,-1,-1
375,72,877.00,442.00,62.00,210.00,0.809066,-1,-1,-1
375,76,336.00,350.00,71.00,183.00,0.768260,-1,-1,-1
375,107,1428.00,0.00,46.00,143.00,0.679103,-1,-1,-1
375,112,1710.00,76.00,53.00,168.00,0.727900,-1,-1,-1
375,120,466.00,167.00,73.00,200.00,0.560873,-1,-1,-1
375,122,1592.00,49.00,58.00,154.00,0.779851,-1,-1,-1
375,128,1110.00,17.00,56.00,155.00,0.712471,-1,-1,-1
375,130,1497.00,0.00,62.00,130.00,0.460636,-1,-1,-1
375,132,1312.00,893.00,120.00,185.00,0.860237,-1,-1,-1
375,136,1748.00,679.00,80.00,233.00,0.690701,-1,-1,-1
376,5,1722.00,453.00,76.00,213.00,0.808964,-1,-1,-1
376,8,303.00,675.00,85.00,247.00,0.881292,-1,-1,-1
376,12,913.00,943.00,71.00,136.00,0.764712,-1,-1,-1
376,13,1568.00,594.00,107.00,229.00,0.862112,-1,-1,-1
376,20,677.00,281.00,59.00,128.00,0.396124,-1,-1,-1
376,26,797.00,139.00,67.00,172.00,0.337288,-1,-1,-1
376,47,301.00,161.00,70.00,193.00,0.527778,-1,-1,-1
376,51,394.00,188.00,48.00,167.00,0.422032,-1,-1,-1
376,55,414.00,332.00,66.00,207.00,0.786141,-1,-1,-1
376,71,965.00,421.00,75.00,222.00,0.815418,-1,-1,-1
376,72,876.00,440.00,62.00,211.00,0.796182,-1,-1,-1
376,76,336.00,351.00,72.00,182.00,0.798522,-1,-1,-1
376,107,1428.00,0.00,47.00,143.00,0.687732,-1,-1,-1
376,112,1710.00,76.00,53.00,168.00,0.736179,-1,-1,-1
376,120,466.00,167.00,73.00,201.00,0.557675,-1,-1,-1
376,122,1592.00,50.00,58.00,155.00,0.789877,-1,-1,-1
376,128,1110.00,17.00,56.00,156.00,0.695563,-1,-1,-1
376,130,1499.00,0.00,61.00,129.00,0.536806,-1,-1,-1
376,132,1310.00,888.00,120.00,190.00,0.868449,-1,-1,-1
376,136,1746.00,679.00,81.00,233.00,0.727471,-1,-1,-1
376,139,1489.00,95.00,47.00,149.00,0.264237,-1,-1,-1
377,5,1722.00,454.00,76.00,212.00,0.802561,-1,-1,-1
377,8,302.00,676.00,88.00,251.00,0.879382,-1,-1,-1
377,12,913.00,944.00,70.00,135.00,0.763147,-1,-1,-1
377,13,1568.00,595.00,107.00,228.00,0.847292,-1,-1,-1
377,20,677.00,281.00,59.00,128.00,0.387361,-1,-1,-1
377,26,797.00,139.00,67.00,172.00,0.334506,-1,-1,-1
377,47,302.00,161.00,69.00,193.00,0.457692,-1,-1,-1
377,51,393.00,190.00,50.00,171.00,0.410851,-1,-1,-1
377,55,414.00,334.00,66.00,208.00,0.780102,-1,-1,-1
377,71,965.00,419.00,74.00,221.00,0.807482,-1,-1,-1
377,72,875.00,438.00,62.00,210.00,0.800399,-1,-1,-1
377,76,334.00,350.00,74.00,183.00,0.811727,-1,-1,-1
377,107,1428.00,0.00,47.00,142.00,0.666524,-1,-1,-1
377,112,1711.00,75.00,53.00,170.00,0.730026,-1,-1,-1
377,120,465.00,167.00,73.00,202.00,0.579654,-1,-1,-1
377,122,1593.00,51.00,57.00,156.00,0.791772,-1,-1,-1
377,128,1110.00,17.00,57.00,158.00,0.639876,-1,-1,-1
377,130,1500.00,0.00,60.00,129.00,0.473396,-1,-1,-1
377,132,1308.00,885.00,120.00,193.00,0.862353,-1,-1,-1
377,136,1746.00,679.00,81.00,234.00,0.716905,-1,-1,-1
377,139,1488.00,95.00,48.00,151.00,0.399313,-1,-1,-1
378,5,1722.00,454.00,76.00,211.00,0.808255,-1,-1,-1
378,8,302.00,678.00,90.00,255.00,0.878058,-1,-1,-1
378,12,912.00,945.00,70.00,134.00,0.768897,-1,-1,-1
378,13,1569.00,595.00,106.00,228.00,0.844045,-1,-1,-1
378,20,677.00,280.00,59.00,129.00,0.403732,-1,-1,-1
378,26,797.00,139.00,67.00,172.00,0.358803,-1,-1,-1
378,47,301.00,161.00,70.00,193.00,0.433001,-1,-1,-1
378,51,390.00,190.00,52.00,175.00,0.432032,-1,-1,-1
378,55,414.00,335.00,66.00,209.00,0.774849,-1,-1,-1
378,71,966.00,418.00,73.00,221.00,0.805080,-1,-1,-1
378,72,874.00,437.00,62.00,212.00,0.805901,-1,-1,-1
378,76,333.00,350.00,74.00,182.00,0.828823,-1,-1,-1
378,107,1428.00,0.00,47.00,141.00,0.644200,-1,-1,-1
378,112,1713.00,75.00,53.00,170.00,0.743861,-1,-1,-1
378,120,464.00,169.00,74.00,205.00,0.582917,-1,-1,-1
378,122,1592.00,53.00,58.00,156.00,0.798908,-1,-1,-1
378,128,1110.00,18.00,58.00,159.00,0.653561,-1,-1,-1
378,130,1500.00,0.00,60.00,129.00,0.411602,-1,-1,-1
378,132,1307.00,883.00,119.00,195.00,0.868752,-1,-1,-1
378,136,1745.00,679.00,81.00,233.00,0.749536,-1,-1,-1
378,139,1488.00,96.00,48.00,152.00,0.365894,-1,-1,-1
379,5,1722.00,453.00,76.00,212.00,0.815036,-1,-1,-1
379,8,303.00,680.00,91.00,259.00,0.877120,-1,-1,-1
379,12,912.00,946.00,70.00,133.00,0.756068,-1,-1,-1
379,13,1568.00,596.00,106.00,227.00,0.852979,-1,-1,-1
379,20,677.00,280.00,59.00,129.00,0.393651,-1,-1,-1
379,26,797.00,139.00,67.00,172.00,0.387961,-1,-1,-1
379,47,302.00,162.00,69.00,192.00,0.431674,-1,-1,-1
379,51,388.00,190.00,53.00,177.00,0.453440,-1,-1,-1
379,55,414.00,338.00,66.00,209.00,0.763963,-1,-1,-1
379,71,966.00,416.00,73.00,222.00,0.819704,-1,-1,-1
379,72,873.00,436.00,63.00,213.00,0.790557,-1,-1,-1
379,76,331.00,351.00,75.00,181.00,0.824984,-1,-1,-1
379,107,1428.00,0.00,47.00,141.00,0.645637,-1,-1,-1
379,112,1713.00,77.00,53.00,168.00,0.773829,-1,-1,-1
379,120,464.00,170.00,74.00,208.00,0.606769,-1,-1,-1
379,122,1592.00,55.00,58.00,156.00,0.805106,-1,-1,-1
379,128,1110.00,21.00,58.00,160.00,0.699718,-1,-1,-1
379,130,1500.00,0.00,61.00,133.00,0.311908,-1,-1,-1
379,132,1306.00,880.00,118.00,199.00,0.866376,-1,-1,-1
379,136,1744.00,679.00,83.00,236.00,0.734571,-1,-1,-1
379,139,1487.00,96.00,49.00,154.00,0.264191,-1,-1,-1
380,5,1722.00,453.00,76.00,212.00,0.805809,-1,-1,-1
380,8,304.00,683.00,92.00,261.00,0.874568,-1,-1,-1
380,12,912.00,946.00,69.00,133.00,0.775186,-1,-1,-1
380,13,1568.00,596.00,107.00,227.00,0.823040,-1,-1,-1
380,20,677.00,280.00,59.00,129.00,0.365012,-1,-1,-1
380,26,797.00,139.00,67.00,172.00,0.360526,-1,-1,-1
380,47,301.00,163.00,68.00,191.00,0.377846,-1,-1,-1
380,51,390.00,190.00,50.00,169.00,0.439769,-1,-1,-1
380,55,414.00,340.00,66.00,209.00,0.755828,-1,-1,-1
380,71,965.00,415.00,72.00,222.00,0.819869,-1,-1,-1
380,72,872.00,435.00,62.00,215.00,0.805203,-1,-1,-1
380,76,328.00,351.00,77.00,182.00,0.643900,-1,-1,-1
380,107,1428.00,0.00,47.00,142.00,0.623594,-1,-1,-1
380,112,1712.00,77.00,54.00,170.00,0.739010,-1,-1,-1
380,120,463.00,169.00,75.00,210.00,0.547180,-1,-1,-1
380,122,1592.00,56.00,57.00,156.00,0.777711,-1,-1,-1
380,128,1110.00,22.00,58.00,160.00,0.693403,-1,-1,-1
380,130,1500.00,0.00,61.00,135.00,0.296072,-1,-1,-1
380,132,1304.00,878.00,118.00,201.00,0.864439,-1,-1,-1
380,136,1747.00,679.00,82.00,236.00,0.734954,-1,-1,-1
380,139,1485.00,97.00,50.00,154.00,0.584195,-1,-1,-1
381,5,1722.00,453.00,76.00,212.00,0.801551,-1,-1,-1
381,8,305.00,685.00,91.00,257.00,0.879091,-1,-1,-1
381,12,911.00,947.00,69.00,132.00,0.786888,-1,-1,-1
381,13,1568.00,597.00,106.00,226.00,0.850491,-1,-1,-1
381,20,677.00,282.00,59.00,127.00,0.454508,-1,-1,-1
381,26,797.00,139.00,67.00,172.00,0.388351,-1,-1,-1
381,47,302.00,162.00,68.00,192.00,0.446045,-1,-1,-1
381,51,387.00,189.00,51.00,172.00,0.453473,-1,-1,-1
381,55,413.00,341.00,66.00,210.00,0.754719,-1,-1,-1
381,71,965.00,415.00,72.00,222.00,0.806651,-1,-1,-1
381,72,871.00,433.00,63.00,217.00,0.785316,-1,-1,-1
381,76,327.00,352.00,78.00,182.00,0.723873,-1,-1,-1
381,107,1428.00,0.00,48.00,143.00,0.622112,-1,-1,-1
381,112,1712.00,78.00,55.00,174.00,0.700543,-1,-1,-1
381,120,463.00,173.00,73.00,206.00,0.608532,-1,-1,-1
381,122,1591.00,58.00,58.00,156.00,0.785741,-1,-1,-1
381,128,1111.00,25.00,57.00,158.00,0.680568,-1,-1,-1
381,130,1499.00,0.00,62.00,136.00,0.355117,-1,-1,-1
381,132,1303.00,877.00,116.00,202.00,0.863285,-1,-1,-1
381,136,1747.00,679.00,83.00,238.00,0.740111,-1,-1,-1
381,139,1484.00,99.00,50.00,154.00,0.600791,-1,-1,-1
381,143,348.00,352.00,57.00,182.00,0.482793,-1,-1,-1
382,5,1722.00,454.00,76.00,211.00,0.808430,-1,-1,-1
382,8,307.00,688.00,90.00,256.00,0.880728,-1,-1,-1
382,12,911.00,948.00,69.00,131.00,0.798469,-1,-1,-1
382,13,1568.00,597.00,106.00,226.00,0.852626,-1,-1,-1
382,20,677.00,281.00,59.00,128.00,0.423113,-1,-1,-1
382,26,797.00,139.00,68.00,172.00,0.378904,-1,-1,-1
382,47,301.00,162.00,69.00,193.00,0.448211,-1,-1,-1
382,51,386.00,190.00,50.00,168.00,0.420948,-1,-1,-1
382,55,413.00,342.00,66.00,210.00,0.741630,-1,-1,-1
382,71,965.00,414.00,71.00,223.00,0.814382,-1,-1,-1
382,72,870.00,432.00,63.00,219.00,0.787049,-1,-1,-1
382,76,326.00,353.00,78.00,183.00,0.621973,-1,-1,-1
382,107,1428.00,0.00,48.00,142.00,0.624365,-1,-1,-1
382,112,1712.00,78.00,56.00,177.00,0.690152,-1,-1,-1
382,120,462.00,174.00,74.00,208.00,0.587062,-1,-1,-1
382,122,1592.00,60.00,58.00,156.00,0.781366,-1,-1,-1
382,128,1111.00,27.00,58.00,158.00,0.717767,-1,-1,-1
382,130,1500.00,0.00,60.00,134.00,0.396938,-1,-1,-1
382,132,1300.00,875.00,116.00,204.00,0.873320,-1,-1,-1
382,136,1747.00,679.00,84.00,242.00,0.747359,-1,-1,-1
382,139,1483.00,100.00,50.00,154.00,0.613118,-1,-1,-1
382,143,347.00,354.00,57.00,182.00,0.497359,-1,-1,-1
383,5,1722.00,453.00,76.00,212.00,0.807733,-1,-1,-1
383,8,307.00,691.00,91.00,256.00,0.887163,-1,-1,-1
383,12,910.00,949.00,70.00,130.00,0.801639,-1,-1,-1
383,13,1567.00,596.00,107.00,227.00,0.831961,-1,-1,-1
383,20,677.00,280.00,59.00,129.00,0.412939,-1,-1,-1
383,26,797.00,139.00,67.00,171.00,0.439539,-1,-1,-1
383,47,302.00,163.00,68.00,192.00,0.420301,-1,-1,-1
383,51,384.00,191.00,50.00,167.00,0.398134,-1,-1,-1
383,55,412.00,343.00,67.00,210.00,0.753461,-1,-1,-1
383,71,964.00,414.00,72.00,223.00,0.805141,-1,-1,-1
383,72,870.00,432.00,62.00,218.00,0.779031,-1,-1,-1
383,76,325.00,353.00,80.00,187.00,0.717266,-1,-1,-1
383,107,1428.00,0.00,48.00,142.00,0.603500,-1,-1,-1
383,112,1712.00,80.00,57.00,179.00,0.676193,-1,-1,-1
383,120,463.00,185.00,71.00,199.00,0.581711,-1,-1,-1
383,122,1592.00,61.00,59.00,158.00,0.763004,-1,-1,-1
383,128,1110.00,30.00,57.00,157.00,0.720963,-1,-1,-1
383,130,1499.00,0.00,61.00,136.00,0.342300,-1,-1,-1
383,132,1298.00,873.00,115.00,206.00,0.867406,-1,-1,-1
383,136,1747.00,679.00,85.00,243.00,0.756576,-1,-1,-1
383,139,1482.00,101.00,51.00,155.00,0.558215,-1,-1,-1
384,5,1722.00,454.00,76.00,212.00,0.798795,-1,-1,-1
384,8,307.00,693.00,91.00,259.00,0.882624,-1,-1,-1
384,12,910.00,949.00,70.00,130.00,0.793851,-1,-1,-1
384,13,1567.00,596.00,108.00,227.00,0.852286,-1,-1,-1
384,20,677.00,280.00,59.00,129.00,0.377637,-1,-1,-1
384,26,796.00,139.00,68.00,171.00,0.437710,-1,-1,-1
384,47,303.00,163.00,69.00,192.00,0.426290,-1,-1,-1
384,51,383.00,191.00,50.00,172.00,0.403658,-1,-1,-1
384,55,412.00,343.00,66.00,210.00,0.758319,-1,-1,-1
384,71,964.00,414.00,71.00,222.00,0.802735,-1,-1,-1
384,72,869.00,432.00,63.00,218.00,0.779806,-1,-1,-1
384,76,325.00,355.00,81.00,189.00,0.796547,-1,-1,-1
384,107,1428.00,0.00,49.00,141.00,0.619029,-1,-1,-1
384,112,1712.00,81.00,56.00,180.00,0.663181,-1,-1,-1
384,120,462.00,187.00,71.00,197.00,0.535896,-1,-1,-1
384,122,1594.00,62.00,58.00,158.00,0.744958,-1,-1,-1
384,128,1110.00,31.00,57.00,156.00,0.719417,-1,-1,-1
384,130,1499.00,0.00,60.00,134.00,0.440204,-1,-1,-1
384,132,1297.00,871.00,113.00,208.00,0.862315,-1,-1,-1
384,136,1748.00,679.00,85.00,243.00,0.746183,-1,-1,-1
384,139,1482.00,103.00,51.00,155.00,0.586473,-1,-1,-1
384,144,242.00,131.00,52.00,168.00,0.335175,-1,-1,-1
385,5,1722.00,454.00,76.00,211.00,0.796635,-1,-1,-1
385,8,307.00,694.00,91.00,260.00,0.880216,-1,-1,-1
385,12,910.00,950.00,70.00,129.00,0.775406,-1,-1,-1
385,13,1567.00,595.00,108.00,228.00,0.853852,-1,-1,-1
385,20,676.00,279.00,60.00,130.00,0.352885,-1,-1,-1
385,26,796.00,139.00,68.00,172.00,0.427910,-1,-1,-1
385,47,305.00,163.00,69.00,192.00,0.409063,-1,-1,-1
385,51,382.00,194.00,50.00,171.00,0.402609,-1,-1,-1
385,55,412.00,344.00,66.00,209.00,0.764493,-1,-1,-1
385,71,963.00,413.00,71.00,223.00,0.803400,-1,-1,-1
385,72,869.00,431.00,63.00,218.00,0.781543,-1,-1,-1
385,76,325.00,357.00,81.00,191.00,0.799432,-1,-1,-1
385,107,1429.00,0.00,49.00,141.00,0.629624,-1,-1,-1
385,112,1713.00,83.00,56.00,179.00,0.690196,-1,-1,-1
385,120,463.00,189.00,69.00,195.00,0.590488,-1,-1,-1
385,122,1595.00,63.00,58.00,158.00,0.727832,-1,-1,-1
385,128,1110.00,32.00,57.00,156.00,0.708434,-1,-1,-1
385,130,1498.00,0.00,60.00,134.00,0.393008,-1,-1,-1
385,132,1294.00,868.00,113.00,211.00,0.857234,-1,-1,-1
385,136,1749.00,679.00,84.00,243.00,0.763034,-1,-1,-1
385,139,1481.00,103.00,52.00,157.00,0.542771,-1,-1,-1
385,144,242.00,131.00,52.00,167.00,0.295210,-1,-1,-1
386,5,1722.00,454.00,76.00,211.00,0.809649,-1,-1,-1
386,8,306.00,695.00,91.00,263.00,0.883977,-1,-1,-1
386,12,909.00,951.00,70.00,128.00,0.748848,-1,-1,-1
386,13,1567.00,594.00,108.00,229.00,0.840962,-1,-1,-1
386,20,677.00,280.00,58.00,129.00,0.386812,-1,-1,-1
386,26,796.00,139.00,68.00,172.00,0.412881,-1,-1,-1
386,47,306.00,161.00,70.00,194.00,0.417252,-1,-1,-1
386,51,382.00,196.00,50.00,171.00,0.364929,-1,-1,-1
386,55,411.00,345.00,66.00,208.00,0.757735,-1,-1,-1
386,71,963.00,412.00,70.00,221.00,0.790542,-1,-1,-1
386,72,869.00,430.00,62.00,218.00,0.793039,-1,-1,-1
386,76,326.00,359.00,81.00,192.00,0.815634,-1,-1,-1
386,107,1429.00,0.00,49.00,140.00,0.565472,-1,-1,-1
386,112,1713.00,86.00,55.00,175.00,0.630143,-1,-1,-1
386,120,462.00,189.00,70.00,196.00,0.570904,-1,-1,-1
386,122,1597.00,63.00,58.00,158.00,0.728344,-1,-1,-1
386,128,1111.00,33.00,57.00,157.00,0.692580,-1,-1,-1
386,130,1499.00,0.00,59.00,134.00,0.372187,-1,-1,-1
386,132,1293.00,866.00,112.00,213.00,0.851062,-1,-1,-1
386,136,1749.00,680.00,84.00,242.00,0.756905,-1,-1,-1
386,139,1480.00,103.00,53.00,158.00,0.556788,-1,-1,-1
386,144,242.00,131.00,52.00,168.00,0.278213,-1,-1,-1
387,5,1722.00,453.00,76.00,212.00,0.799533,-1,-1,-1
387,8,306.00,697.00,91.00,261.00,0.885962,-1,-1,-1
387,12,909.00,951.00,70.00,128.00,0.752368,-1,-1,-1
387,13,1567.00,595.00,108.00,229.00,0.823022,-1,-1,-1
387,20,677.00,280.00,58.00,128.00,0.398095,-1,-1,-1
387,26,797.00,139.00,68.00,172.00,0.382494,-1,-1,-1
387,47,306.00,162.00,70.00,193.00,0.403516,-1,-1,-1
387,51,382.00,197.00,50.00,171.00,0.359724,-1,-1,-1
387,55,411.00,344.00,65.00,209.00,0.771146,-1,-1,-1
387,71,961.00,411.00,70.00,222.00,0.778295,-1,-1,-1
387,72,868.00,427.00,62.00,220.00,0.797908,-1,-1,-1
387,76,326.00,360.00,81.00,193.00,0.842082,-1,-1,-1
387,107,1429.00,0.00,49.00,139.00,0.535467,-1,-1,-1
387,112,1712.00,88.00,54.00,174.00,0.663810,-1,-1,-1
387,120,462.00,188.00,70.00,197.00,0.629908,-1,-1,-1
387,122,1599.00,64.00,57.00,158.00,0.735881,-1,-1,-1
387,128,1112.00,33.00,58.00,157.00,0.671199,-1,-1,-1
387,130,1497.00,0.00,61.00,138.00,0.354857,-1,-1,-1
387,132,1291.00,862.00,112.00,217.00,0.842967,-1,-1,-1
387,136,1750.00,679.00,83.00,244.00,0.736355,-1,-1,-1
387,139,1479.00,103.00,53.00,158.00,0.547122,-1,-1,-1
387,144,241.00,132.00,52.00,167.00,0.250591,-1,-1,-1
388,5,1722.00,453.00,77.00,212.00,0.802381,-1,-1,-1
388,8,305.00,698.00,91.00,261.00,0.881675,-1,-1,-1
388,12,909.00,951.00,70.00,128.00,0.765220,-1,-1,-1
388,13,1567.00,594.00,108.00,229.00,0.841306,-1,-1,-1
388,20,678.00,281.00,58.00,127.00,0.430087,-1,-1,-1
388,26,797.00,139.00,68.00,172.00,0.391904,-1,-1,-1
388,47,304.00,162.00,70.00,192.00,0.444838,-1,-1,-1
388,51,382.00,199.00,50.00,173.00,0.293850,-1,-1,-1
388,55,410.00,345.00,66.00,208.00,0.757994,-1,-1,-1
388,71,960.00,409.00,69.00,222.00,0.791246,-1,-1,-1
388,72,867.00,426.00,62.00,217.00,0.795467,-1,-1,-1
388,76,326.00,362.00,81.00,194.00,0.824196,-1,-1,-1
388,107,1429.00,0.00,48.00,139.00,0.550011,-1,-1,-1
388,112,1713.00,90.00,54.00,173.00,0.690380,-1,-1,-1
388,120,462.00,187.00,70.00,198.00,0.620950,-1,-1,-1
388,122,1601.00,64.00,56.00,158.00,0.690235,-1,-1,-1
388,128,1113.00,33.00,58.00,157.00,0.662180,-1,-1,-1
388,130,1498.00,0.00,59.00,135.00,0.366096,-1,-1,-1
388,132,1288.00,858.00,112.00,221.00,0.853912,-1,-1,-1
388,136,1750.00,679.00,83.00,244.00,0.734568,-1,-1,-1
388,139,1478.00,105.00,54.00,156.00,0.552076,-1,-1,-1
388,144,241.00,133.00,52.00,166.00,0.270929,-1,-1,-1
389,5,1723.00,453.00,75.00,212.00,0.801680,-1,-1,-1
389,8,305.00,699.00,90.00,259.00,0.885361,-1,-1,-1
389,12,908.00,952.00,71.00,127.00,0.771518,-1,-1,-1
389,13,1568.00,595.00,107.00,228.00,0.817733,-1,-1,-1
389,20,677.00,281.00,59.00,127.00,0.405382,-1,-1,-1
389,26,797.00,139.00,68.00,171.00,0.372487,-1,-1,-1
389,47,303.00,161.00,70.00,193.00,0.438528,-1,-1,-1
389,51,382.00,200.00,50.00,172.00,0.300260,-1,-1,-1
389,55,410.00,345.00,65.00,208.00,0.742573,-1,-1,-1
389,71,958.00,406.00,70.00,221.00,0.774210,-1,-1,-1
389,72,869.00,424.00,58.00,206.00,0.775701,-1,-1,-1
389,76,327.00,363.00,81.00,195.00,0.837332,-1,-1,-1
389,107,1430.00,0.00,48.00,137.00,0.506788,-1,-1,-1
389,112,1717.00,91.00,54.00,172.00,0.732196,-1,-1,-1
389,120,460.00,187.00,71.00,199.00,0.631239,-1,-1,-1
389,122,1602.00,64.00,55.00,157.00,0.698392,-1,-1,-1
389,128,1113.00,33.00,58.00,157.00,0.662376,-1,-1,-1
389,130,1497.00,0.00,59.00,133.00,0.335882,-1,-1,-1
389,132,1287.00,854.00,112.00,225.00,0.857624,-1,-1,-1
389,136,1750.00,677.00,83.00,245.00,0.717530,-1,-1,-1
389,139,1478.00,107.00,53.00,154.00,0.537791,-1,-1,-1
389,144,241.00,134.00,51.00,165.00,0.267552,-1,-1,-1
390,5,1722.00,453.00,77.00,212.00,0.801702,-1,-1,-1
390,8,305.00,701.00,89.00,257.00,0.891378,-1,-1,-1
390,12,908.00,952.00,71.00,127.00,0.784127,-1,-1,-1
390,13,1567.00,595.00,108.00,228.00,0.832102,-1,-1,-1
390,20,677.00,279.00,59.00,129.00,0.402554,-1,-1,-1
390,26,797.00,139.00,68.00,173.00,0.436108,-1,-1,-1
390,47,303.00,163.00,69.00,191.00,0.439105,-1,-1,-1
390,51,382.00,201.00,49.00,172.00,0.318544,-1,-1,-1
390,55,410.00,347.00,65.00,206.00,0.742925,-1,-1,-1
390,71,958.00,404.00,67.00,214.00,0.789262,-1,-1,-1
390,72,868.00,421.00,59.00,209.00,0.782691,-1,-1,-1
390,76,327.00,367.00,80.00,192.00,0.839251,-1,-1,-1
390,107,1433.00,0.00,46.00,134.00,0.457375,-1,-1,-1
390,112,1719.00,92.00,54.00,170.00,0.741487,-1,-1,-1
390,120,459.00,185.00,72.00,202.00,0.627256,-1,-1,-1
390,122,1602.00,65.00,56.00,156.00,0.737599,-1,-1,-1
390,128,1114.00,33.00,59.00,158.00,0.666850,-1,-1,-1
390,130,1496.00,0.00,58.00,134.00,0.321868,-1,-1,-1
390,132,1286.00,850.00,112.00,229.00,0.858608,-1,-1,-1
390,136,1749.00,677.00,84.00,250.00,0.701761,-1,-1,-1
390,139,1477.00,108.00,54.00,153.00,0.563284,-1,-1,-1
390,144,241.00,135.00,51.00,163.00,0.254154,-1,-1,-1
391,5,1722.00,453.00,76.00,212.00,0.803491,-1,-1,-1
391,8,305.00,702.00,88.00,256.00,0.886932,-1,-1,-1
391,12,908.00,953.00,71.00,126.00,0.763616,-1,-1,-1
391,13,1567.00,595.00,108.00,228.00,0.847388,-1,-1,-1
391,20,677.00,280.00,59.00,128.00,0.371701,-1,-1,-1
391,26,797.00,139.00,68.00,172.00,0.388742,-1,-1,-1
391,47,304.00,164.00,70.00,190.00,0.411278,-1,-1,-1
391,51,381.00,202.00,49.00,172.00,0.274477,-1,-1,-1
391,55,410.00,348.00,65.00,205.00,0.767142,-1,-1,-1
391,71,956.00,401.00,66.00,214.00,0.784145,-1,-1,-1
391,72,868.00,420.00,59.00,208.00,0.763713,-1,-1,-1
391,76,327.00,368.00,79.00,191.00,0.849459,-1,-1,-1
391,107,1434.00,0.00,45.00,131.00,0.471598,-1,-1,-1
391,112,1720.00,92.00,54.00,170.00,0.754909,-1,-1,-1
391,120,458.00,185.00,72.00,202.00,0.654808,-1,-1,-1
391,122,1604.00,65.00,55.00,154.00,0.716922,-1,-1,-1
391,128,1115.00,33.00,59.00,159.00,0.619786,-1,-1,-1
391,130,1496.00,0.00,57.00,133.00,0.449986,-1,-1,-1
391,132,1285.00,846.00,112.00,233.00,0.858297,-1,-1,-1
391,136,1751.00,677.00,84.00,252.00,0.708795,-1,-1,-1
391,139,1477.00,109.00,53.00,152.00,0.600964,-1,-1,-1
391,144,241.00,135.00,50.00,163.00,0.255958,-1,-1,-1
392,5,1722.00,453.00,76.00,212.00,0.809597,-1,-1,-1
392,8,305.00,703.00,87.00,255.00,0.886862,-1,-1,-1
392,12,908.00,953.00,71.00,126.00,0.766067,-1,-1,-1
392,13,1567.00,595.00,107.00,227.00,0.845856,-1,-1,-1
392,20,677.00,278.00,59.00,130.00,0.399369,-1,-1,-1
392,26,797.00,138.00,68.00,173.00,0.432227,-1,-1,-1
392,47,306.00,165.00,70.00,189.00,0.446310,-1,-1,-1
392,51,380.00,204.00,49.00,173.00,0.259144,-1,-1,-1
392,55,410.00,350.00,64.00,203.00,0.757852,-1,-1,-1
392,71,953.00,399.00,67.00,214.00,0.799312,-1,-1,-1
392,72,867.00,418.00,60.00,208.00,0.771518,-1,-1,-1
392,76,326.00,370.00,79.00,189.00,0.819937,-1,-1,-1
392,107,1433.00,0.00,46.00,130.00,0.482970,-1,-1,-1
392,112,1722.00,92.00,53.00,170.00,0.759095,-1,-1,-1
392,120,458.00,184.00,71.00,203.00,0.687250,-1,-1,-1
392,122,1605.00,66.00,55.00,156.00,0.744285,-1,-1,-1
392,128,1116.00,34.00,59.00,161.00,0.688839,-1,-1,-1
392,130,1495.00,0.00,57.00,132.00,0.489849,-1,-1,-1
392,132,1283.00,842.00,112.00,236.00,0.845629,-1,-1,-1
392,136,1751.00,677.00,84.00,253.00,0.727958,-1,-1,-1
392,139,1476.00,109.00,54.00,152.00,0.618217,-1,-1,-1
392,144,240.00,134.00,51.00,164.00,0.235910,-1,-1,-1
393,5,1722.00,453.00,76.00,212.00,0.806219,-1,-1,-1
393,8,305.00,704.00,87.00,254.00,0.884025,-1,-1,-1
393,12,907.00,953.00,72.00,126.00,0.772939,-1,-1,-1
393,13,1567.00,594.00,107.00,229.00,0.824639,-1,-1,-1
393,20,676.00,279.00,60.00,129.00,0.421506,-1,-1,-1
393,26,797.00,138.00,68.00,173.00,0.446199,-1,-1,-1
393,47,305.00,165.00,71.00,189.00,0.426017,-1,-1,-1
393,51,380.00,204.00,50.00,174.00,0.285705,-1,-1,-1
393,55,408.00,351.00,65.00,205.00,0.790495,-1,-1,-1
393,71,952.00,397.00,67.00,215.00,0.807013,-1,-1,-1
393,72,866.00,415.00,61.00,209.00,0.803248,-1,-1,-1
393,76,326.00,371.00,79.00,189.00,0.852182,-1,-1,-1
393,107,1433.00,0.00,46.00,129.00,0.460203,-1,-1,-1
393,112,1723.00,92.00,53.00,171.00,0.766036,-1,-1,-1
393,120,456.00,184.00,72.00,205.00,0.658362,-1,-1,-1
393,122,1606.00,67.00,56.00,158.00,0.749996,-1,-1,-1
393,128,1117.00,35.00,60.00,161.00,0.666192,-1,-1,-1
393,130,1494.00,0.00,56.00,130.00,0.492318,-1,-1,-1
393,132,1282.00,839.00,111.00,239.00,0.849315,-1,-1,-1
393,136,1752.00,678.00,82.00,252.00,0.721373,-1,-1,-1
393,139,1476.00,110.00,54.00,151.00,0.612013,-1,-1,-1
393,144,240.00,132.00,51.00,166.00,0.221120,-1,-1,-1
394,5,1722.00,452.00,76.00,213.00,0.801278,-1,-1,-1
394,8,305.00,705.00,87.00,253.00,0.887674,-1,-1,-1
394,12,907.00,954.00,71.00,125.00,0.764540,-1,-1,-1
394,13,1567.00,594.00,107.00,229.00,0.820759,-1,-1,-1
394,20,676.00,279.00,60.00,130.00,0.377369,-1,-1,-1
394,26,797.00,139.00,68.00,172.00,0.413779,-1,-1,-1
394,47,304.00,165.00,70.00,189.00,0.443971,-1,-1,-1
394,51,377.00,204.00,52.00,177.00,0.280318,-1,-1,-1
394,55,408.00,354.00,65.00,206.00,0.799109,-1,-1,-1
394,71,951.00,395.00,68.00,217.00,0.804877,-1,-1,-1
394,72,866.00,413.00,61.00,209.00,0.776425,-1,-1,-1
394,76,326.00,372.00,78.00,188.00,0.840311,-1,-1,-1
394,107,1433.00,0.00,45.00,129.00,0.445455,-1,-1,-1
394,112,1723.00,92.00,53.00,173.00,0.769133,-1,-1,-1
394,120,456.00,189.00,71.00,202.00,0.653126,-1,-1,-1
394,122,1608.00,68.00,55.00,158.00,0.735277,-1,-1,-1
394,128,1119.00,37.00,59.00,159.00,0.672950,-1,-1,-1
394,130,1494.00,0.00,54.00,127.00,0.311185,-1,-1,-1
394,132,1280.00,834.00,111.00,244.00,0.861656,-1,-1,-1
394,136,1752.00,678.00,81.00,251.00,0.732843,-1,-1,-1
394,139,1475.00,110.00,54.00,152.00,0.595392,-1,-1,-1
394,144,239.00,129.00,52.00,169.00,0.218018,-1,-1,-1
395,5,1722.00,453.00,76.00,212.00,0.808937,-1,-1,-1
395,8,305.00,706.00,87.00,253.00,0.887176,-1,-1,-1
395,12,906.00,954.00,72.00,125.00,0.773392,-1,-1,-1
395,13,1568.00,595.00,106.00,228.00,0.806827,-1,-1,-1
395,20,676.00,280.00,59.00,129.00,0.441465,-1,-1,-1
395,26,797.00,139.00,68.00,172.00,0.443799,-1,-1,-1
395,47,305.00,165.00,71.00,189.00,0.496261,-1,-1,-1
395,51,374.00,204.00,53.00,179.00,0.303815,-1,-1,-1
395,55,407.00,356.00,66.00,207.00,0.775691,-1,-1,-1
395,71,949.00,393.00,69.00,219.00,0.807805,-1,-1,-1
395,72,866.00,411.00,61.00,211.00,0.806826,-1,-1,-1
395,76,326.00,372.00,79.00,187.00,0.832365,-1,-1,-1
395,107,1432.00,0.00,45.00,129.00,0.468787,-1,-1,-1
395,112,1723.00,92.00,54.00,176.00,0.731850,-1,-1,-1
395,120,455.00,195.00,70.00,200.00,0.633135,-1,-1,-1
395,122,1609.00,70.00,55.00,157.00,0.766433,-1,-1,-1
395,128,1121.00,39.00,58.00,159.00,0.668503,-1,-1,-1
395,130,1493.00,0.00,53.00,123.00,0.295242,-1,-1,-1
395,132,1279.00,832.00,111.00,246.00,0.866891,-1,-1,-1
395,136,1752.00,678.00,81.00,250.00,0.747635,-1,-1,-1
395,139,1475.00,110.00,54.00,153.00,0.631910,-1,-1,-1
395,144,240.00,131.00,51.00,166.00,0.237110,-1,-1,-1
396,5,1722.00,453.00,76.00,212.00,0.811088,-1,-1,-1
396,8,305.00,708.00,87.00,254.00,0.887112,-1,-1,-1
396,12,905.00,954.00,73.00,125.00,0.771144,-1,-1,-1
396,13,1568.00,595.00,107.00,228.00,0.803548,-1,-1,-1
396,20,677.00,280.00,58.00,129.00,0.433379,-1,-1,-1
396,26,797.00,139.00,68.00,172.00,0.397878,-1,-1,-1
396,47,304.00,165.00,73.00,189.00,0.476414,-1,-1,-1
396,51,370.00,205.00,53.00,178.00,0.376397,-1,-1,-1
396,55,407.00,358.00,66.00,208.00,0.784711,-1,-1,-1
396,71,948.00,392.00,70.00,220.00,0.812861,-1,-1,-1
396,72,865.00,410.00,61.00,212.00,0.793369,-1,-1,-1
396,76,325.00,371.00,79.00,188.00,0.828789,-1,-1,-1
396,107,1432.00,0.00,45.00,129.00,0.457347,-1,-1,-1
396,112,1725.00,95.00,53.00,177.00,0.717740,-1,-1,-1
396,120,455.00,196.00,71.00,201.00,0.667697,-1,-1,-1
396,122,1611.00,72.00,54.00,158.00,0.747144,-1,-1,-1
396,128,1122.00,41.00,57.00,157.00,0.656976,-1,-1,-1
396,130,1492.00,0.00,53.00,122.00,0.341399,-1,-1,-1
396,132,1278.00,830.00,110.00,248.00,0.871878,-1,-1,-1
396,136,1754.00,678.00,79.00,248.00,0.755094,-1,-1,-1
396,139,1474.00,111.00,55.00,153.00,0.612347,-1,-1,-1
396,144,240.00,131.00,50.00,165.00,0.277720,-1,-1,-1
397,5,1722.00,453.00,76.00,212.00,0.815812,-1,-1,-1
397,8,305.00,711.00,87.00,256.00,0.882985,-1,-1,-1
397,12,905.00,954.00,73.00,125.00,0.788437,-1,-1,-1
397,13,1568.00,595.00,107.00,228.00,0.839349,-1,-1,-1
397,20,677.00,280.00,58.00,129.00,0.465548,-1,-1,-1
397,26,797.00,139.00,68.00,172.00,0.446508,-1,-1,-1
397,47,304.00,165.00,72.00,189.00,0.526236,-1,-1,-1
397,51,368.00,205.00,55.00,177.00,0.458922,-1,-1,-1
397,55,406.00,360.00,67.00,209.00,0.782422,-1,-1,-1
397,71,948.00,391.00,70.00,221.00,0.821089,-1,-1,-1
397,72,865.00,410.00,61.00,212.00,0.814805,-1,-1,-1
397,76,325.00,371.00,78.00,188.00,0.824387,-1,-1,-1
397,107,1431.00,0.00,45.00,129.00,0.365990,-1,-1,-1
397,112,1725.00,98.00,53.00,178.00,0.729260,-1,-1,-1
397,120,453.00,195.00,72.00,205.00,0.687194,-1,-1,-1
397,122,1612.00,75.00,54.00,158.00,0.754696,-1,-1,-1
397,128,1122.00,43.00,58.00,159.00,0.686404,-1,-1,-1
397,130,1491.00,0.00,53.00,121.00,0.376389,-1,-1,-1
397,132,1277.00,829.00,109.00,249.00,0.879657,-1,-1,-1
397,136,1754.00,678.00,78.00,248.00,0.746512,-1,-1,-1
397,139,1475.00,111.00,55.00,154.00,0.626954,-1,-1,-1
397,144,239.00,129.00,51.00,168.00,0.290671,-1,-1,-1
398,5,1722.00,453.00,76.00,212.00,0.815035,-1,-1,-1
398,8,304.00,713.00,89.00,259.00,0.884591,-1,-1,-1
398,12,905.00,954.00,74.00,125.00,0.798569,-1,-1,-1
398,13,1568.00,594.00,107.00,229.00,0.821974,-1,-1,-1
398,20,677.00,280.00,58.00,129.00,0.468469,-1,-1,-1
398,26,797.00,139.00,67.00,172.00,0.416246,-1,-1,-1
398,47,304.00,164.00,73.00,190.00,0.456718,-1,-1,-1
398,51,370.00,206.00,55.00,176.00,0.405311,-1,-1,-1
398,55,406.00,362.00,66.00,209.00,0.767002,-1,-1,-1
398,71,947.00,390.00,71.00,222.00,0.819251,-1,-1,-1
398,72,864.00,409.00,61.00,213.00,0.803319,-1,-1,-1
398,76,326.00,372.00,78.00,187.00,0.818327,-1,-1,-1
398,107,1430.00,0.00,45.00,129.00,0.355763,-1,-1,-1
398,112,1726.00,100.00,54.00,181.00,0.756104,-1,-1,-1
398,120,454.00,196.00,70.00,203.00,0.674625,-1,-1,-1
398,122,1613.00,77.00,54.00,157.00,0.737600,-1,-1,-1
398,128,1123.00,45.00,58.00,159.00,0.658092,-1,-1,-1
398,130,1490.00,0.00,54.00,123.00,0.448552,-1,-1,-1
398,132,1276.00,828.00,108.00,250.00,0.865528,-1,-1,-1
398,136,1753.00,677.00,78.00,249.00,0.726723,-1,-1,-1
398,139,1474.00,111.00,55.00,155.00,0.606396,-1,-1,-1
398,144,238.00,124.00,53.00,174.00,0.268883,-1,-1,-1
399,5,1721.00,453.00,77.00,212.00,0.811425,-1,-1,-1
399,8,305.00,716.00,87.00,257.00,0.876958,-1,-1,-1
399,12,906.00,954.00,73.00,125.00,0.776760,-1,-1,-1
399,13,1568.00,594.00,107.00,229.00,0.817858,-1,-1,-1
399,20,677.00,280.00,58.00,129.00,0.431482,-1,-1,-1
399,26,797.00,138.00,68.00,173.00,0.403805,-1,-1,-1
399,47,303.00,164.00,74.00,190.00,0.459918,-1,-1,-1
399,51,372.00,206.00,54.00,172.00,0.453004,-1,-1,-1
399,55,404.00,363.00,68.00,210.00,0.784104,-1,-1,-1
399,71,945.00,390.00,73.00,222.00,0.804964,-1,-1,-1
399,72,864.00,408.00,61.00,214.00,0.817920,-1,-1,-1
399,76,325.00,374.00,77.00,184.00,0.806127,-1,-1,-1
399,107,1428.00,0.00,45.00,129.00,0.390753,-1,-1,-1
399,112,1727.00,103.00,54.00,180.00,0.749941,-1,-1,-1
399,120,453.00,200.00,69.00,199.00,0.653006,-1,-1,-1
399,122,1614.00,78.00,54.00,159.00,0.768543,-1,-1,-1
399,128,1123.00,46.00,57.00,157.00,0.619906,-1,-1,-1
399,130,1489.00,0.00,54.00,122.00,0.447511,-1,-1,-1
399,132,1274.00,826.00,108.00,252.00,0.858381,-1,-1,-1
399,136,1753.00,677.00,79.00,249.00,0.705972,-1,-1,-1
399,139,1474.00,111.00,55.00,156.00,0.596357,-1,-1,-1
399,144,238.00,121.00,53.00,177.00,0.260838,-1,-1,-1
400,5,1721.00,453.00,77.00,212.00,0.813865,-1,-1,-1
400,8,306.00,719.00,86.00,256.00,0.879512,-1,-1,-1
400,12,906.00,954.00,74.00,125.00,0.782788,-1,-1,-1
400,13,1568.00,595.00,107.00,228.00,0.834109,-1,-1,-1
400,20,677.00,280.00,58.00,129.00,0.434460,-1,-1,-1
400,26,796.00,138.00,68.00,173.00,0.406653,-1,-1,-1
400,47,303.00,164.00,74.00,191.00,0.488638,-1,-1,-1
400,51,371.00,207.00,55.00,173.00,0.473217,-1,-1,-1
400,55,402.00,362.00,68.00,213.00,0.767072,-1,-1,-1
400,71,945.00,390.00,73.00,223.00,0.807803,-1,-1,-1
400,72,863.00,407.00,62.00,215.00,0.815477,-1,-1,-1
400,76,326.00,376.00,76.00,183.00,0.782964,-1,-1,-1
400,107,1426.00,0.00,45.00,126.00,0.445117,-1,-1,-1
400,112,1729.00,104.00,53.00,181.00,0.781831,-1,-1,-1
400,120,452.00,203.00,69.00,198.00,0.663226,-1,-1,-1
400,122,1615.00,78.00,53.00,158.00,0.770857,-1,-1,-1
400,128,1124.00,47.00,57.00,157.00,0.642175,-1,-1,-1
400,130,1488.00,0.00,54.00,122.00,0.514104,-1,-1,-1
400,132,1273.00,825.00,107.00,254.00,0.870854,-1,-1,-1
400,136,1753.00,677.00,79.00,249.00,0.743488,-1,-1,-1
400,139,1473.00,110.00,56.00,159.00,0.578149,-1,-1,-1
400,144,237.00,113.00,54.00,184.00,0.281026,-1,-1,-1
401,5,1721.00,453.00,77.00,212.00,0.808189,-1,-1,-1
401,8,307.00,722.00,86.00,255.00,0.868092,-1,-1,-1
401,12,906.00,954.00,74.00,125.00,0.794383,-1,-1,-1
401,13,1568.00,595.00,107.00,228.00,0.836360,-1,-1,-1
401,20,676.00,279.00,59.00,130.00,0.445315,-1,-1,-1
401,26,797.00,139.00,67.00,172.00,0.424653,-1,-1,-1
401,47,304.00,165.00,74.00,190.00,0.482101,-1,-1,-1
401,51,372.00,208.00,53.00,170.00,0.492560,-1,-1,-1
401,55,401.00,363.00,68.00,212.00,0.771026,-1,-1,-1
401,71,944.00,389.00,74.00,222.00,0.815295,-1,-1,-1
401,72,863.00,406.00,61.00,215.00,0.817785,-1,-1,-1
401,76,326.00,378.00,76.00,185.00,0.786886,-1,-1,-1
401,107,1424.00,0.00,46.00,125.00,0.430487,-1,-1,-1
401,112,1730.00,106.00,52.00,176.00,0.768201,-1,-1,-1
401,120,451.00,205.00,69.00,199.00,0.676842,-1,-1,-1
401,122,1617.00,78.00,53.00,158.00,0.770809,-1,-1,-1
401,128,1124.00,48.00,56.00,156.00,0.660773,-1,-1,-1
401,130,1488.00,0.00,54.00,123.00,0.516912,-1,-1,-1
401,132,1271.00,824.00,106.00,255.00,0.876288,-1,-1,-1
401,136,1753.00,678.00,78.00,248.00,0.715544,-1,-1,-1
401,139,1473.00,110.00,56.00,160.00,0.600595,-1,-1,-1
401,144,237.00,110.00,54.00,187.00,0.295625,-1,-1,-1
401,146,425.00,68.00,59.00,173.00,0.358226,-1,-1,-1
402,5,1720.00,453.00,78.00,213.00,0.800428,-1,-1,-1
402,8,308.00,725.00,86.00,256.00,0.871809,-1,-1,-1
402,12,907.00,954.00,74.00,125.00,0.779406,-1,-1,-1
402,13,1568.00,595.00,107.00,228.00,0.839424,-1,-1,-1
402,20,677.00,279.00,58.00,131.00,0.504813,-1,-1,-1
402,26,796.00,139.00,68.00,172.00,0.410720,-1,-1,-1
402,47,304.00,165.00,74.00,190.00,0.501473,-1,-1,-1
402,51,370.00,208.00,56.00,175.00,0.561260,-1,-1,-1
402,55,401.00,365.00,68.00,210.00,0.761388,-1,-1,-1
402,71,944.00,388.00,74.00,223.00,0.825392,-1,-1,-1
402,72,862.00,405.00,62.00,216.00,0.807721,-1,-1,-1
402,76,326.00,379.00,76.00,190.00,0.793130,-1,-1,-1
402,107,1423.00,0.00,46.00,123.00,0.441813,-1,-1,-1
402,112,1731.00,106.00,51.00,176.00,0.744567,-1,-1,-1
402,120,451.00,207.00,69.00,197.00,0.689651,-1,-1,-1
402,122,1618.00,79.00,53.00,157.00,0.762407,-1,-1,-1
402,128,1125.00,48.00,57.00,158.00,0.725325,-1,-1,-1
402,130,1487.00,0.00,54.00,122.00,0.520711,-1,-1,-1
402,132,1268.00,822.00,106.00,257.00,0.881210,-1,-1,-1
402,136,1752.00,677.00,78.00,250.00,0.732144,-1,-1,-1
402,139,1473.00,110.00,56.00,161.00,0.594464,-1,-1,-1
402,144,239.00,114.00,53.00,184.00,0.332116,-1,-1,-1
402,146,426.00,67.00,59.00,173.00,0.352153,-1,-1,-1
403,5,1720.00,453.00,78.00,213.00,0.816822,-1,-1,-1
403,8,310.00,728.00,86.00,258.00,0.854217,-1,-1,-1
403,12,907.00,954.00,75.00,125.00,0.777569,-1,-1,-1
403,13,1568.00,595.00,107.00,228.00,0.825624,-1,-1,-1
403,20,677.00,280.00,58.00,129.00,0.495752,-1,-1,-1
403,26,796.00,139.00,68.00,172.00,0.424908,-1,-1,-1
403,47,303.00,164.00,75.00,191.00,0.510985,-1,-1,-1
403,51,370.00,209.00,55.00,176.00,0.586495,-1,-1,-1
403,55,400.00,365.00,68.00,210.00,0.777752,-1,-1,-1
403,71,943.00,387.00,75.00,223.00,0.826080,-1,-1,-1
403,72,862.00,402.00,62.00,218.00,0.812076,-1,-1,-1
403,76,326.00,381.00,76.00,192.00,0.787284,-1,-1,-1
403,107,1424.00,0.00,45.00,121.00,0.492510,-1,-1,-1
403,112,1732.00,106.00,51.00,176.00,0.760585,-1,-1,-1
403,120,451.00,208.00,68.00,196.00,0.677918,-1,-1,-1
403,122,1619.00,79.00,53.00,158.00,0.773645,-1,-1,-1
403,128,1125.00,49.00,57.00,158.00,0.710260,-1,-1,-1
403,130,1486.00,0.00,55.00,121.00,0.538709,-1,-1,-1
403,132,1266.00,819.00,106.00,260.00,0.883362,-1,-1,-1
403,136,1752.00,678.00,78.00,249.00,0.760635,-1,-1,-1
403,139,1473.00,109.00,56.00,163.00,0.595674,-1,-1,-1
403,144,239.00,115.00,53.00,183.00,0.324949,-1,-1,-1
403,146,427.00,67.00,59.00,175.00,0.344666,-1,-1,-1
404,5,1719.00,453.00,79.00,213.00,0.800314,-1,-1,-1
404,8,311.00,730.00,87.00,261.00,0.861784,-1,-1,-1
404,12,906.00,954.00,76.00,125.00,0.778352,-1,-1,-1
404,13,1568.00,595.00,107.00,228.00,0.829305,-1,-1,-1
404,20,677.00,280.00,58.00,130.00,0.510561,-1,-1,-1
404,26,796.00,139.00,68.00,172.00,0.410618,-1,-1,-1
404,47,303.00,164.00,75.00,190.00,0.529368,-1,-1,-1
404,51,369.00,210.00,56.00,177.00,0.601335,-1,-1,-1
404,55,400.00,365.00,67.00,210.00,0.779523,-1,-1,-1
404,71,942.00,385.00,76.00,223.00,0.829517,-1,-1,-1
404,72,862.00,401.00,62.00,217.00,0.799762,-1,-1,-1
404,76,326.00,382.00,76.00,194.00,0.794296,-1,-1,-1
404,107,1422.00,0.00,46.00,123.00,0.460274,-1,-1,-1
404,112,1732.00,107.00,52.00,177.00,0.770803,-1,-1,-1
404,120,451.00,211.00,67.00,192.00,0.654589,-1,-1,-1
404,122,1620.00,79.00,53.00,159.00,0.763943,-1,-1,-1
404,128,1126.00,49.00,56.00,160.00,0.755587,-1,-1,-1
404,130,1485.00,0.00,55.00,120.00,0.481113,-1,-1,-1
404,132,1264.00,815.00,107.00,264.00,0.877436,-1,-1,-1
404,136,1752.00,677.00,79.00,249.00,0.747403,-1,-1,-1
404,139,1474.00,109.00,55.00,163.00,0.567634,-1,-1,-1
404,144,240.00,118.00,52.00,180.00,0.333727,-1,-1,-1
404,146,427.00,67.00,60.00,175.00,0.384629,-1,-1,-1
405,5,1719.00,454.00,78.00,212.00,0.790050,-1,-1,-1
405,8,312.00,731.00,87.00,262.00,0.866042,-1,-1,-1
405,12,907.00,954.00,75.00,125.00,0.774240,-1,-1,-1
405,13,1568.00,594.00,106.00,229.00,0.819283,-1,-1,-1
405,20,678.00,281.00,57.00,128.00,0.431034,-1,-1,-1
405,26,796.00,139.00,68.00,172.00,0.357520,-1,-1,-1
405,47,304.00,165.00,75.00,189.00,0.542639,-1,-1,-1
405,51,368.00,214.00,55.00,175.00,0.603313,-1,-1,-1
405,55,398.00,366.00,68.00,209.00,0.780420,-1,-1,-1
405,71,941.00,383.00,76.00,222.00,0.827905,-1,-1,-1
405,72,861.00,399.00,61.00,213.00,0.761988,-1,-1,-1
405,76,328.00,385.00,74.00,192.00,0.797011,-1,-1,-1
405,107,1421.00,0.00,46.00,123.00,0.524597,-1,-1,-1
405,112,1733.00,107.00,51.00,177.00,0.761065,-1,-1,-1
405,120,450.00,213.00,67.00,190.00,0.639951,-1,-1,-1
405,122,1620.00,79.00,53.00,159.00,0.775616,-1,-1,-1
405,128,1126.00,49.00,56.00,160.00,0.706554,-1,-1,-1
405,130,1484.00,0.00,56.00,119.00,0.512167,-1,-1,-1
405,132,1263.00,811.00,106.00,268.00,0.872270,-1,-1,-1
405,136,1753.00,676.00,79.00,249.00,0.775676,-1,-1,-1
405,139,1475.00,110.00,55.00,162.00,0.536262,-1,-1,-1
405,144,240.00,121.00,51.00,177.00,0.240172,-1,-1,-1
405,146,428.00,68.00,59.00,173.00,0.407606,-1,-1,-1
406,5,1719.00,454.00,79.00,212.00,0.791259,-1,-1,-1
406,8,314.00,732.00,86.00,262.00,0.860819,-1,-1,-1
406,12,907.00,953.00,76.00,126.00,0.750742,-1,-1,-1
406,13,1568.00,594.00,106.00,228.00,0.823757,-1,-1,-1
406,20,677.00,280.00,58.00,129.00,0.480235,-1,-1,-1
406,26,796.00,139.00,68.00,172.00,0.383943,-1,-1,-1
406,47,305.00,165.00,75.00,189.00,0.544468,-1,-1,-1
406,51,367.00,216.00,55.00,175.00,0.576756,-1,-1,-1
406,55,398.00,366.00,68.00,209.00,0.771693,-1,-1,-1
406,71,941.00,381.00,77.00,222.00,0.829680,-1,-1,-1
406,72,860.00,397.00,61.00,210.00,0.776223,-1,-1,-1
406,76,329.00,387.00,73.00,191.00,0.764409,-1,-1,-1
406,107,1422.00,0.00,46.00,122.00,0.530431,-1,-1,-1
406,112,1734.00,107.00,50.00,177.00,0.758189,-1,-1,-1
406,120,449.00,213.00,67.00,191.00,0.646110,-1,-1,-1
406,122,1620.00,79.00,53.00,160.00,0.773364,-1,-1,-1
406,128,1126.00,49.00,56.00,161.00,0.697198,-1,-1,-1
406,130,1484.00,0.00,55.00,117.00,0.518983,-1,-1,-1
406,132,1263.00,808.00,106.00,270.00,0.878180,-1,-1,-1
406,136,1753.00,675.00,79.00,248.00,0.775001,-1,-1,-1
406,139,1476.00,110.00,55.00,162.00,0.515745,-1,-1,-1
406,144,241.00,124.00,51.00,175.00,0.223264,-1,-1,-1
406,146,428.00,68.00,59.00,172.00,0.374995,-1,-1,-1
406,147,489.00,196.00,44.00,180.00,0.357400,-1,-1,-1
407,5,1718.00,453.00,80.00,214.00,0.787163,-1,-1,-1
407,8,316.00,733.00,86.00,261.00,0.868671,-1,-1,-1
407,12,907.00,952.00,77.00,127.00,0.774520,-1,-1,-1
407,13,1567.00,593.00,107.00,230.00,0.846077,-1,-1,-1
407,20,677.00,280.00,58.00,129.00,0.450924,-1,-1,-1
407,26,795.00,139.00,68.00,172.00,0.398039,-1,-1,-1
407,47,307.00,164.00,75.00,190.00,0.530465,-1,-1,-1
407,51,366.00,219.00,56.00,173.00,0.532365,-1,-1,-1
407,55,397.00,367.00,68.00,208.00,0.750541,-1,-1,-1
407,71,942.00,379.00,75.00,217.00,0.832182,-1,-1,-1
407,72,860.00,395.00,60.00,205.00,0.802893,-1,-1,-1
407,76,330.00,390.00,73.00,190.00,0.756010,-1,-1,-1
407,107,1420.00,0.00,47.00,122.00,0.558036,-1,-1,-1
407,112,1734.00,107.00,51.00,178.00,0.751374,-1,-1,-1
407,120,448.00,213.00,67.00,191.00,0.588017,-1,-1,-1
407,122,1620.00,80.00,54.00,161.00,0.759696,-1,-1,-1
407,128,1126.00,50.00,57.00,162.00,0.728716,-1,-1,-1
407,130,1484.00,0.00,55.00,115.00,0.527223,-1,-1,-1
407,132,1263.00,803.00,105.00,271.00,0.882564,-1,-1,-1
407,136,1753.00,675.00,80.00,249.00,0.773530,-1,-1,-1
407,139,1476.00,110.00,55.00,162.00,0.517911,-1,-1,-1
407,144,241.00,127.00,50.00,172.00,0.173010,-1,-1,-1
407,146,428.00,68.00,58.00,172.00,0.340633,-1,-1,-1
407,147,489.00,196.00,44.00,181.00,0.368545,-1,-1,-1
408,5,1718.00,453.00,80.00,213.00,0.796649,-1,-1,-1
408,8,318.00,734.00,85.00,260.00,0.868340,-1,-1,-1
408,12,907.00,952.00,77.00,127.00,0.782388,-1,-1,-1
408,13,1568.00,593.00,107.00,230.00,0.826089,-1,-1,-1
408,20,677.00,280.00,58.00,129.00,0.503900,-1,-1,-1
408,26,795.00,139.00,68.00,172.00,0.390009,-1,-1,-1
408,47,306.00,164.00,76.00,190.00,0.481057,-1,-1,-1
408,51,365.00,221.00,56.00,171.00,0.488249,-1,-1,-1
408,55,396.00,367.00,68.00,209.00,0.741468,-1,-1,-1
408,71,943.00,376.00,73.00,214.00,0.848906,-1,-1,-1
408,72,860.00,392.00,59.00,204.00,0.826866,-1,-1,-1
408,76,330.00,392.00,72.00,188.00,0.711159,-1,-1,-1
408,107,1419.00,0.00,47.00,121.00,0.455014,-1,-1,-1
408,112,1735.00,108.00,50.00,177.00,0.775982,-1,-1,-1
408,120,446.00,214.00,66.00,190.00,0.617148,-1,-1,-1
408,122,1620.00,81.00,55.00,163.00,0.752339,-1,-1,-1
408,128,1127.00,52.00,57.00,162.00,0.756451,-1,-1,-1
408,130,1484.00,0.00,55.00,115.00,0.481292,-1,-1,-1
408,132,1263.00,799.00,104.00,271.00,0.878039,-1,-1,-1
408,136,1753.00,676.00,79.00,246.00,0.758441,-1,-1,-1
408,139,1476.00,110.00,55.00,163.00,0.520633,-1,-1,-1
408,144,241.00,127.00,50.00,173.00,0.162422,-1,-1,-1
408,146,429.00,68.00,58.00,171.00,0.349730,-1,-1,-1
408,147,488.00,198.00,44.00,178.00,0.380204,-1,-1,-1
409,5,1718.00,454.00,79.00,212.00,0.792799,-1,-1,-1
409,8,319.00,735.00,86.00,259.00,0.873619,-1,-1,-1
409,12,907.00,952.00,77.00,127.00,0.775785,-1,-1,-1
409,13,1569.00,593.00,107.00,231.00,0.818805,-1,-1,-1
409,20,678.00,281.00,57.00,128.00,0.498292,-1,-1,-1
409,26,795.00,139.00,68.00,172.00,0.406618,-1,-1,-1
409,47,306.00,164.00,76.00,191.00,0.537566,-1,-1,-1
409,51,364.00,223.00,55.00,170.00,0.522699,-1,-1,-1
409,55,395.00,368.00,68.00,208.00,0.774068,-1,-1,-1
409,71,943.00,374.00,73.00,212.00,0.839083,-1,-1,-1
409,72,859.00,390.00,60.00,205.00,0.814410,-1,-1,-1
409,76,330.00,393.00,72.00,187.00,0.743073,-1,-1,-1
409,107,1419.00,0.00,47.00,120.00,0.413565,-1,-1,-1
409,112,1737.00,110.00,49.00,175.00,0.771935,-1,-1,-1
409,120,445.00,218.00,65.00,186.00,0.598343,-1,-1,-1
409,122,1620.00,84.00,54.00,160.00,0.776772,-1,-1,-1
409,128,1126.00,54.00,58.00,164.00,0.729427,-1,-1,-1
409,130,1484.00,0.00,57.00,117.00,0.497305,-1,-1,-1
409,132,1262.00,796.00,104.00,271.00,0.875455,-1,-1,-1
409,136,1752.00,676.00,80.00,249.00,0.781857,-1,-1,-1
409,139,1475.00,107.00,56.00,166.00,0.509763,-1,-1,-1
409,144,242.00,125.00,50.00,174.00,0.145371,-1,-1,-1
409,146,430.00,69.00,57.00,169.00,0.289736,-1,-1,-1
409,147,488.00,198.00,43.00,176.00,0.347731,-1,-1,-1
410,5,1719.00,454.00,79.00,212.00,0.803793,-1,-1,-1
410,8,320.00,735.00,86.00,259.00,0.880173,-1,-1,-1
410,12,907.00,951.00,78.00,128.00,0.795492,-1,-1,-1
410,13,1570.00,593.00,106.00,231.00,0.820708,-1,-1,-1
410,20,678.00,282.00,57.00,127.00,0.475266,-1,-1,-1
410,26,795.00,139.00,68.00,172.00,0.426928,-1,-1,-1
410,47,306.00,165.00,76.00,189.00,0.498668,-1,-1,-1
410,51,362.00,224.00,56.00,172.00,0.514924,-1,-1,-1
410,55,393.00,370.00,70.00,209.00,0.772903,-1,-1,-1
410,71,942.00,372.00,73.00,213.00,0.834870,-1,-1,-1
410,72,858.00,389.00,61.00,206.00,0.816634,-1,-1,-1
410,76,329.00,394.00,73.00,186.00,0.740559,-1,-1,-1
410,107,1419.00,0.00,46.00,119.00,0.455388,-1,-1,-1
410,112,1738.00,112.00,49.00,176.00,0.741809,-1,-1,-1
410,120,444.00,218.00,65.00,187.00,0.622999,-1,-1,-1
410,122,1619.00,86.00,55.00,161.00,0.773303,-1,-1,-1
410,128,1127.00,56.00,58.00,164.00,0.713465,-1,-1,-1
410,130,1484.00,0.00,57.00,118.00,0.554745,-1,-1,-1
410,132,1261.00,793.00,103.00,274.00,0.876694,-1,-1,-1
410,136,1751.00,675.00,81.00,250.00,0.763606,-1,-1,-1
410,139,1475.00,106.00,56.00,167.00,0.516375,-1,-1,-1
410,144,242.00,126.00,50.00,173.00,0.152112,-1,-1,-1
410,146,431.00,70.00,56.00,167.00,0.297985,-1,-1,-1
410,147,488.00,199.00,43.00,173.00,0.361892,-1,-1,-1
411,5,1719.00,453.00,80.00,213.00,0.787239,-1,-1,-1
411,8,322.00,736.00,86.00,256.00,0.888953,-1,-1,-1
411,12,908.00,950.00,77.00,129.00,0.746014,-1,-1,-1
411,13,1570.00,593.00,106.00,231.00,0.821269,-1,-1,-1
411,20,678.00,282.00,58.00,127.00,0.470646,-1,-1,-1
411,26,796.00,139.00,68.00,172.00,0.379777,-1,-1,-1
411,47,304.00,164.00,77.00,191.00,0.523077,-1,-1,-1
411,51,362.00,226.00,55.00,170.00,0.507073,-1,-1,-1
411,55,392.00,372.00,71.00,212.00,0.798283,-1,-1,-1
411,71,942.00,371.00,72.00,213.00,0.807848,-1,-1,-1
411,72,858.00,387.00,61.00,209.00,0.816991,-1,-1,-1
411,76,328.00,394.00,73.00,186.00,0.636266,-1,-1,-1
411,107,1420.00,0.00,45.00,117.00,0.447976,-1,-1,-1
411,112,1738.00,112.00,51.00,179.00,0.715566,-1,-1,-1
411,120,443.00,218.00,65.00,187.00,0.589249,-1,-1,-1
411,122,1619.00,88.00,55.00,160.00,0.760338,-1,-1,-1
411,128,1127.00,59.00,58.00,162.00,0.727518,-1,-1,-1
411,130,1484.00,0.00,58.00,119.00,0.490388,-1,-1,-1
411,132,1260.00,791.00,103.00,276.00,0.879881,-1,-1,-1
411,136,1751.00,676.00,81.00,249.00,0.760468,-1,-1,-1
411,139,1475.00,108.00,56.00,164.00,0.522105,-1,-1,-1
411,144,242.00,137.00,48.00,162.00,0.167624,-1,-1,-1
411,146,432.00,71.00,56.00,165.00,0.341711,-1,-1,-1
411,147,489.00,200.00,43.00,172.00,0.333684,-1,-1,-1
412,5,1719.00,454.00,79.00,212.00,0.799086,-1,-1,-1
412,8,323.00,738.00,86.00,254.00,0.889211,-1,-1,-1
412,12,908.00,949.00,78.00,130.00,0.766158,-1,-1,-1
412,13,1569.00,593.00,106.00,231.00,0.809906,-1,-1,-1
412,20,678.00,282.00,58.00,127.00,0.454349,-1,-1,-1
412,26,796.00,139.00,68.00,172.00,0.424216,-1,-1,-1
412,47,304.00,165.00,76.00,190.00,0.545156,-1,-1,-1
412,51,360.00,226.00,56.00,171.00,0.524632,-1,-1,-1
412,55,392.00,375.00,71.00,213.00,0.807887,-1,-1,-1
412,71,941.00,369.00,72.00,214.00,0.824285,-1,-1,-1
412,72,858.00,386.00,61.00,210.00,0.823272,-1,-1,-1
412,76,327.00,393.00,73.00,187.00,0.604732,-1,-1,-1
412,107,1419.00,0.00,45.00,116.00,0.457555,-1,-1,-1
412,112,1740.00,115.00,50.00,177.00,0.725537,-1,-1,-1
412,120,440.00,220.00,65.00,185.00,0.578830,-1,-1,-1
412,122,1620.00,90.00,57.00,162.00,0.812888,-1,-1,-1
412,128,1127.00,61.00,59.00,161.00,0.725586,-1,-1,-1
412,130,1485.00,0.00,58.00,119.00,0.527047,-1,-1,-1
412,132,1258.00,789.00,102.00,278.00,0.868796,-1,-1,-1
412,136,1750.00,676.00,82.00,248.00,0.774460,-1,-1,-1
412,139,1476.00,109.00,56.00,164.00,0.546075,-1,-1,-1
412,144,242.00,135.00,48.00,163.00,0.175321,-1,-1,-1
412,146,432.00,71.00,57.00,165.00,0.328398,-1,-1,-1
412,147,488.00,202.00,44.00,172.00,0.378642,-1,-1,-1
413,5,1718.00,454.00,79.00,211.00,0.783863,-1,-1,-1
413,8,323.00,740.00,87.00,256.00,0.894790,-1,-1,-1
413,12,909.00,948.00,77.00,130.00,0.732366,-1,-1,-1
413,13,1569.00,593.00,105.00,230.00,0.817710,-1,-1,-1
413,20,677.00,280.00,59.00,129.00,0.403601,-1,-1,-1
413,26,797.00,139.00,67.00,171.00,0.343795,-1,-1,-1
413,47,303.00,165.00,76.00,190.00,0.597149,-1,-1,-1
413,51,360.00,226.00,55.00,170.00,0.575427,-1,-1,-1
413,55,392.00,376.00,72.00,216.00,0.820105,-1,-1,-1
413,71,941.00,368.00,71.00,216.00,0.814505,-1,-1,-1
413,72,858.00,386.00,61.00,209.00,0.802701,-1,-1,-1
413,76,325.00,389.00,75.00,191.00,0.654420,-1,-1,-1
413,107,1418.00,0.00,45.00,116.00,0.387100,-1,-1,-1
413,112,1740.00,119.00,51.00,178.00,0.700233,-1,-1,-1
413,120,440.00,222.00,64.00,185.00,0.587718,-1,-1,-1
413,122,1622.00,91.00,56.00,163.00,0.854187,-1,-1,-1
413,128,1128.00,63.00,59.00,162.00,0.720906,-1,-1,-1
413,130,1485.00,0.00,58.00,119.00,0.421305,-1,-1,-1
413,132,1257.00,788.00,102.00,279.00,0.869264,-1,-1,-1
413,136,1749.00,675.00,81.00,249.00,0.737411,-1,-1,-1
413,139,1476.00,110.00,56.00,165.00,0.521509,-1,-1,-1
413,144,241.00,130.00,50.00,169.00,0.209129,-1,-1,-1
413,146,433.00,71.00,56.00,165.00,0.388529,-1,-1,-1
413,147,489.00,204.00,42.00,167.00,0.325856,-1,-1,-1
414,5,1719.00,454.00,79.00,211.00,0.792220,-1,-1,-1
414,8,323.00,742.00,89.00,259.00,0.898115,-1,-1,-1
414,12,909.00,947.00,78.00,132.00,0.768259,-1,-1,-1
414,13,1568.00,593.00,106.00,231.00,0.816204,-1,-1,-1
414,20,678.00,281.00,57.00,128.00,0.418928,-1,-1,-1
414,26,796.00,139.00,68.00,171.00,0.410087,-1,-1,-1
414,47,303.00,165.00,76.00,190.00,0.594798,-1,-1,-1
414,51,358.00,226.00,56.00,171.00,0.625658,-1,-1,-1
414,55,392.00,379.00,72.00,215.00,0.837692,-1,-1,-1
414,71,940.00,367.00,71.00,216.00,0.814210,-1,-1,-1
414,72,858.00,385.00,61.00,211.00,0.807078,-1,-1,-1
414,76,327.00,392.00,73.00,187.00,0.697131,-1,-1,-1
414,107,1415.00,0.00,46.00,116.00,0.409822,-1,-1,-1
414,112,1740.00,117.00,53.00,183.00,0.685388,-1,-1,-1
414,120,437.00,223.00,65.00,185.00,0.530685,-1,-1,-1
414,122,1623.00,93.00,56.00,162.00,0.870246,-1,-1,-1
414,128,1128.00,64.00,60.00,163.00,0.713677,-1,-1,-1
414,130,1486.00,0.00,57.00,118.00,0.455609,-1,-1,-1
414,132,1255.00,787.00,101.00,279.00,0.870899,-1,-1,-1
414,136,1748.00,674.00,82.00,249.00,0.737073,-1,-1,-1
414,139,1475.00,112.00,57.00,165.00,0.498043,-1,-1,-1
414,144,240.00,128.00,51.00,171.00,0.186571,-1,-1,-1
414,146,433.00,71.00,56.00,166.00,0.357269,-1,-1,-1
414,147,488.00,205.00,44.00,171.00,0.364552,-1,-1,-1
415,5,1719.00,453.00,79.00,212.00,0.800046,-1,-1,-1
415,8,323.00,744.00,90.00,263.00,0.897933,-1,-1,-1
415,12,910.00,946.00,78.00,133.00,0.724909,-1,-1,-1
415,13,1568.00,593.00,105.00,231.00,0.820337,-1,-1,-1
415,20,678.00,282.00,57.00,127.00,0.445950,-1,-1,-1
415,26,796.00,139.00,68.00,173.00,0.382253,-1,-1,-1
415,47,304.00,165.00,75.00,190.00,0.565019,-1,-1,-1
415,51,358.00,227.00,55.00,170.00,0.512564,-1,-1,-1
415,55,392.00,381.00,72.00,215.00,0.839944,-1,-1,-1
415,71,940.00,367.00,70.00,216.00,0.815002,-1,-1,-1
415,72,858.00,384.00,61.00,213.00,0.797212,-1,-1,-1
415,76,326.00,395.00,72.00,184.00,0.714174,-1,-1,-1
415,107,1414.00,0.00,46.00,116.00,0.410658,-1,-1,-1
415,112,1741.00,120.00,52.00,178.00,0.678739,-1,-1,-1
415,120,436.00,222.00,65.00,186.00,0.588984,-1,-1,-1
415,122,1623.00,94.00,56.00,161.00,0.876297,-1,-1,-1
415,128,1129.00,65.00,61.00,164.00,0.685499,-1,-1,-1
415,130,1487.00,0.00,56.00,114.00,0.476378,-1,-1,-1
415,132,1254.00,785.00,101.00,281.00,0.874998,-1,-1,-1
415,136,1749.00,674.00,81.00,249.00,0.760105,-1,-1,-1
415,139,1476.00,117.00,56.00,162.00,0.487401,-1,-1,-1
415,144,239.00,128.00,51.00,171.00,0.229689,-1,-1,-1
415,146,433.00,71.00,57.00,167.00,0.335449,-1,-1,-1
415,147,488.00,207.00,45.00,173.00,0.338978,-1,-1,-1
416,5,1719.00,453.00,79.00,213.00,0.804157,-1,-1,-1
416,8,323.00,747.00,91.00,264.00,0.895669,-1,-1,-1
416,12,911.00,945.00,78.00,134.00,0.766574,-1,-1,-1
416,13,1568.00,593.00,105.00,231.00,0.798708,-1,-1,-1
416,20,678.00,282.00,57.00,126.00,0.451299,-1,-1,-1
416,26,796.00,139.00,68.00,172.00,0.386656,-1,-1,-1
416,47,305.00,165.00,75.00,190.00,0.546466,-1,-1,-1
416,51,356.00,225.00,56.00,172.00,0.470388,-1,-1,-1
416,55,391.00,383.00,73.00,215.00,0.821986,-1,-1,-1
416,71,940.00,367.00,69.00,216.00,0.773890,-1,-1,-1
416,72,857.00,383.00,62.00,213.00,0.787870,-1,-1,-1
416,76,325.00,395.00,73.00,185.00,0.745920,-1,-1,-1
416,107,1413.00,0.00,47.00,116.00,0.423819,-1,-1,-1
416,112,1742.00,126.00,50.00,167.00,0.692259,-1,-1,-1
416,120,435.00,223.00,66.00,186.00,0.556930,-1,-1,-1
416,122,1624.00,95.00,56.00,161.00,0.852358,-1,-1,-1
416,128,1130.00,66.00,61.00,164.00,0.700760,-1,-1,-1
416,130,1488.00,0.00,55.00,112.00,0.459566,-1,-1,-1
416,132,1253.00,784.00,99.00,280.00,0.875117,-1,-1,-1
416,136,1749.00,675.00,82.00,249.00,0.777978,-1,-1,-1
416,139,1476.00,120.00,56.00,161.00,0.478861,-1,-1,-1
416,144,239.00,126.00,51.00,173.00,0.265239,-1,-1,-1
416,146,433.00,70.00,57.00,170.00,0.358149,-1,-1,-1
416,147,487.00,209.00,46.00,178.00,0.343758,-1,-1,-1
417,5,1718.00,453.00,80.00,213.00,0.804421,-1,-1,-1
417,8,324.00,751.00,90.00,261.00,0.891504,-1,-1,-1
417,12,912.00,944.00,78.00,135.00,0.757713,-1,-1,-1
417,13,1567.00,593.00,105.00,231.00,0.806415,-1,-1,-1
417,20,678.00,281.00,58.00,127.00,0.392887,-1,-1,-1
417,26,796.00,139.00,68.00,172.00,0.409583,-1,-1,-1
417,47,305.00,166.00,74.00,190.00,0.530358,-1,-1,-1
417,51,355.00,225.00,56.00,172.00,0.466807,-1,-1,-1
417,55,391.00,385.00,72.00,214.00,0.774995,-1,-1,-1
417,71,939.00,366.00,69.00,216.00,0.757916,-1,-1,-1
417,72,857.00,382.00,62.00,214.00,0.787802,-1,-1,-1
417,76,324.00,394.00,75.00,190.00,0.728216,-1,-1,-1
417,107,1414.00,0.00,46.00,116.00,0.404212,-1,-1,-1
417,112,1742.00,127.00,52.00,168.00,0.717873,-1,-1,-1
417,120,435.00,224.00,65.00,187.00,0.574284,-1,-1,-1
417,122,1625.00,95.00,56.00,161.00,0.808382,-1,-1,-1
417,128,1131.00,66.00,61.00,163.00,0.717430,-1,-1,-1
417,130,1488.00,0.00,54.00,110.00,0.465157,-1,-1,-1
417,132,1251.00,783.00,99.00,281.00,0.876490,-1,-1,-1
417,136,1748.00,674.00,83.00,250.00,0.773492,-1,-1,-1
417,139,1477.00,124.00,54.00,158.00,0.520994,-1,-1,-1
417,144,238.00,124.00,53.00,175.00,0.277788,-1,-1,-1
417,146,433.00,71.00,57.00,170.00,0.316882,-1,-1,-1
417,147,487.00,210.00,46.00,178.00,0.329944,-1,-1,-1
418,5,1719.00,453.00,80.00,213.00,0.803607,-1,-1,-1
418,8,324.00,754.00,90.00,260.00,0.889624,-1,-1,-1
418,12,913.00,943.00,78.00,136.00,0.766064,-1,-1,-1
418,13,1567.00,592.00,106.00,232.00,0.834466,-1,-1,-1
418,20,678.00,281.00,58.00,128.00,0.449536,-1,-1,-1
418,26,796.00,139.00,68.00,172.00,0.409108,-1,-1,-1
418,47,305.00,166.00,74.00,190.00,0.490729,-1,-1,-1
418,51,353.00,224.00,57.00,175.00,0.374519,-1,-1,-1
418,55,390.00,386.00,73.00,213.00,0.787143,-1,-1,-1
418,71,938.00,366.00,68.00,216.00,0.764340,-1,-1,-1
418,72,857.00,380.00,62.00,214.00,0.795089,-1,-1,-1
418,76,325.00,399.00,74.00,188.00,0.728810,-1,-1,-1
418,107,1415.00,0.00,46.00,117.00,0.395219,-1,-1,-1
418,112,1745.00,128.00,53.00,168.00,0.705040,-1,-1,-1
418,120,432.00,224.00,67.00,189.00,0.571510,-1,-1,-1
418,122,1626.00,95.00,56.00,161.00,0.813805,-1,-1,-1
418,128,1132.00,66.00,62.00,163.00,0.691641,-1,-1,-1
418,130,1489.00,0.00,53.00,109.00,0.406061,-1,-1,-1
418,132,1249.00,781.00,99.00,281.00,0.877537,-1,-1,-1
418,136,1748.00,674.00,83.00,250.00,0.778417,-1,-1,-1
418,139,1476.00,125.00,55.00,158.00,0.492353,-1,-1,-1
418,144,238.00,124.00,53.00,176.00,0.294155,-1,-1,-1
418,146,433.00,71.00,57.00,171.00,0.317595,-1,-1,-1
418,147,485.00,212.00,48.00,181.00,0.506375,-1,-1,-1
419,5,1719.00,453.00,80.00,213.00,0.815765,-1,-1,-1
419,8,324.00,756.00,90.00,262.00,0.896134,-1,-1,-1
419,12,914.00,943.00,78.00,136.00,0.783802,-1,-1,-1
419,13,1567.00,593.00,106.00,231.00,0.823659,-1,-1,-1
419,20,678.00,282.00,58.00,127.00,0.423238,-1,-1,-1
419,26,795.00,139.00,68.00,173.00,0.427511,-1,-1,-1
419,47,306.00,166.00,72.00,190.00,0.456057,-1,-1,-1
419,51,350.00,214.00,59.00,186.00,0.344686,-1,-1,-1
419,55,391.00,387.00,72.00,212.00,0.764935,-1,-1,-1
419,71,937.00,365.00,68.00,216.00,0.764668,-1,-1,-1
419,72,856.00,378.00,62.00,214.00,0.804452,-1,-1,-1
419,76,325.00,403.00,75.00,190.00,0.733586,-1,-1,-1
419,107,1415.00,0.00,46.00,117.00,0.366182,-1,-1,-1
419,112,1748.00,129.00,53.00,168.00,0.723580,-1,-1,-1
419,120,431.00,225.00,67.00,190.00,0.615928,-1,-1,-1
419,122,1627.00,95.00,56.00,160.00,0.789518,-1,-1,-1
419,128,1133.00,66.00,61.00,163.00,0.651870,-1,-1,-1
419,130,1489.00,0.00,53.00,109.00,0.398418,-1,-1,-1
419,132,1248.00,778.00,99.00,283.00,0.882996,-1,-1,-1
419,136,1747.00,674.00,84.00,250.00,0.771859,-1,-1,-1
419,139,1475.00,126.00,55.00,159.00,0.494798,-1,-1,-1
419,144,237.00,123.00,54.00,177.00,0.317866,-1,-1,-1
419,146,432.00,72.00,58.00,172.00,0.359866,-1,-1,-1
419,147,484.00,213.00,50.00,182.00,0.496949,-1,-1,-1
420,5,1720.00,454.00,79.00,211.00,0.807143,-1,-1,-1
420,8,323.00,758.00,91.00,265.00,0.895850,-1,-1,-1
420,12,915.00,942.00,78.00,137.00,0.785172,-1,-1,-1
420,13,1568.00,593.00,104.00,230.00,0.804555,-1,-1,-1
420,20,677.00,281.00,59.00,128.00,0.410001,-1,-1,-1
420,26,795.00,138.00,69.00,174.00,0.400529,-1,-1,-1
420,29,551.00,111.00,63.00,177.00,0.353235,-1,-1,-1
420,47,307.00,165.00,72.00,191.00,0.386446,-1,-1,-1
420,51,349.00,220.00,57.00,180.00,0.421448,-1,-1,-1
420,55,391.00,387.00,72.00,212.00,0.776527,-1,-1,-1
420,71,936.00,363.00,67.00,216.00,0.743614,-1,-1,-1
420,72,856.00,376.00,62.00,214.00,0.789588,-1,-1,-1
420,76,324.00,403.00,77.00,195.00,0.739974,-1,-1,-1
420,107,1414.00,0.00,46.00,117.00,0.326174,-1,-1,-1
420,112,1749.00,130.00,55.00,169.00,0.750492,-1,-1,-1
420,120,431.00,226.00,65.00,188.00,0.523716,-1,-1,-1
420,122,1628.00,95.00,56.00,161.00,0.812056,-1,-1,-1
420,128,1135.00,66.00,61.00,162.00,0.695531,-1,-1,-1
420,130,1489.00,0.00,53.00,108.00,0.429769,-1,-1,-1
420,132,1247.00,776.00,98.00,282.00,0.882171,-1,-1,-1
420,136,1746.00,674.00,84.00,248.00,0.789968,-1,-1,-1
420,139,1474.00,129.00,56.00,158.00,0.529223,-1,-1,-1
420,144,237.00,131.00,52.00,168.00,0.239437,-1,-1,-1
420,146,433.00,72.00,57.00,173.00,0.336854,-1,-1,-1
420,147,484.00,213.00,50.00,183.00,0.470600,-1,-1,-1
421,5,1719.00,454.00,79.00,212.00,0.803310,-1,-1,-1
421,8,322.00,760.00,92.00,266.00,0.893584,-1,-1,-1
421,12,916.00,941.00,77.00,138.00,0.774548,-1,-1,-1
421,13,1569.00,594.00,104.00,229.00,0.814024,-1,-1,-1
421,20,678.00,280.00,59.00,128.00,0.440405,-1,-1,-1
421,26,795.00,138.00,69.00,174.00,0.393673,-1,-1,-1
421,29,551.00,114.00,62.00,174.00,0.358090,-1,-1,-1
421,47,309.00,164.00,73.00,195.00,0.391987,-1,-1,-1
421,51,345.00,192.00,64.00,208.00,0.148140,-1,-1,-1
421,55,391.00,388.00,72.00,211.00,0.778468,-1,-1,-1
421,71,935.00,362.00,67.00,217.00,0.762796,-1,-1,-1
421,72,857.00,374.00,61.00,212.00,0.789286,-1,-1,-1
421,76,323.00,405.00,78.00,196.00,0.767825,-1,-1,-1
421,107,1413.00,0.00,46.00,117.00,0.359620,-1,-1,-1
421,112,1751.00,131.00,55.00,167.00,0.743102,-1,-1,-1
421,120,430.00,226.00,65.00,187.00,0.590534,-1,-1,-1
421,122,1630.00,96.00,55.00,160.00,0.801168,-1,-1,-1
421,128,1136.00,67.00,61.00,162.00,0.667302,-1,-1,-1
421,130,1489.00,0.00,52.00,107.00,0.405763,-1,-1,-1
421,132,1247.00,772.00,96.00,280.00,0.879677,-1,-1,-1
421,136,1746.00,674.00,84.00,248.00,0.808862,-1,-1,-1
421,139,1473.00,129.00,57.00,160.00,0.565286,-1,-1,-1
421,144,237.00,126.00,53.00,174.00,0.194224,-1,-1,-1
421,146,433.00,72.00,58.00,173.00,0.314520,-1,-1,-1
421,147,483.00,216.00,51.00,181.00,0.522852,-1,-1,-1
422,5,1720.00,453.00,78.00,212.00,0.806971,-1,-1,-1
422,8,321.00,763.00,92.00,267.00,0.888011,-1,-1,-1
422,12,916.00,939.00,78.00,140.00,0.764768,-1,-1,-1
422,13,1568.00,592.00,105.00,231.00,0.825169,-1,-1,-1
422,20,678.00,281.00,59.00,127.00,0.447826,-1,-1,-1
422,26,795.00,138.00,69.00,174.00,0.408136,-1,-1,-1
422,29,551.00,115.00,61.00,172.00,0.318826,-1,-1,-1
422,47,311.00,162.00,83.00,223.00,0.349230,-1,-1,-1
422,51,340.00,176.00,68.00,227.00,0.193021,-1,-1,-1
422,55,391.00,388.00,73.00,211.00,0.804345,-1,-1,-1
422,71,935.00,360.00,64.00,209.00,0.761090,-1,-1,-1
422,72,857.00,372.00,61.00,209.00,0.786262,-1,-1,-1
422,76,322.00,407.00,78.00,196.00,0.773411,-1,-1,-1
422,107,1412.00,0.00,46.00,116.00,0.386262,-1,-1,-1
422,112,1752.00,130.00,56.00,168.00,0.738294,-1,-1,-1
422,120,429.00,227.00,65.00,185.00,0.567763,-1,-1,-1
422,122,1631.00,97.00,56.00,161.00,0.797517,-1,-1,-1
422,128,1138.00,68.00,61.00,163.00,0.687921,-1,-1,-1
422,130,1488.00,0.00,53.00,106.00,0.392459,-1,-1,-1
422,132,1246.00,768.00,94.00,278.00,0.890169,-1,-1,-1
422,136,1745.00,674.00,85.00,249.00,0.796457,-1,-1,-1
422,139,1472.00,130.00,58.00,160.00,0.578114,-1,-1,-1
422,144,235.00,121.00,54.00,180.00,0.162046,-1,-1,-1
422,146,434.00,73.00,57.00,172.00,0.325007,-1,-1,-1
422,147,483.00,216.00,51.00,182.00,0.501357,-1,-1,-1
423,5,1720.00,454.00,78.00,212.00,0.802645,-1,-1,-1
423,8,321.00,764.00,92.00,268.00,0.887341,-1,-1,-1
423,12,918.00,938.00,77.00,141.00,0.783697,-1,-1,-1
423,13,1568.00,592.00,106.00,231.00,0.835801,-1,-1,-1
423,20,678.00,281.00,58.00,127.00,0.451663,-1,-1,-1
423,26,795.00,138.00,69.00,174.00,0.352011,-1,-1,-1
423,29,550.00,116.00,61.00,171.00,0.352999,-1,-1,-1
423,47,311.00,162.00,86.00,236.00,0.315823,-1,-1,-1
423,51,340.00,177.00,68.00,229.00,0.224910,-1,-1,-1
423,55,392.00,389.00,72.00,210.00,0.803681,-1,-1,-1
423,71,933.00,357.00,65.00,210.00,0.783743,-1,-1,-1
423,72,856.00,369.00,61.00,210.00,0.798489,-1,-1,-1
423,76,322.00,409.00,78.00,196.00,0.781177,-1,-1,-1
423,107,1413.00,0.00,45.00,115.00,0.356800,-1,-1,-1
423,112,1753.00,131.00,58.00,171.00,0.749337,-1,-1,-1
423,120,429.00,227.00,65.00,185.00,0.373527,-1,-1,-1
423,122,1632.00,99.00,56.00,163.00,0.772021,-1,-1,-1
423,128,1140.00,69.00,61.00,163.00,0.656293,-1,-1,-1
423,130,1487.00,0.00,52.00,105.00,0.264359,-1,-1,-1
423,132,1245.00,764.00,93.00,274.00,0.876237,-1,-1,-1
423,136,1745.00,675.00,85.00,246.00,0.787635,-1,-1,-1
423,139,1472.00,131.00,58.00,160.00,0.593406,-1,-1,-1
423,144,235.00,123.00,54.00,178.00,0.172814,-1,-1,-1
423,146,434.00,74.00,57.00,171.00,0.303470,-1,-1,-1
423,147,483.00,216.00,51.00,180.00,0.531275,-1,-1,-1
424,5,1720.00,453.00,78.00,213.00,0.806328,-1,-1,-1
424,8,321.00,765.00,92.00,267.00,0.888012,-1,-1,-1
424,12,920.00,937.00,76.00,142.00,0.792303,-1,-1,-1
424,13,1568.00,591.00,106.00,232.00,0.834167,-1,-1,-1
424,20,678.00,283.00,58.00,125.00,0.395417,-1,-1,-1
424,26,795.00,138.00,69.00,174.00,0.385333,-1,-1,-1
424,29,550.00,115.00,61.00,172.00,0.375202,-1,-1,-1
424,47,314.00,162.00,88.00,245.00,0.350550,-1,-1,-1
424,51,339.00,195.00,64.00,215.00,0.160019,-1,-1,-1
424,55,393.00,390.00,71.00,208.00,0.799871,-1,-1,-1
424,71,931.00,353.00,64.00,210.00,0.788735,-1,-1,-1
424,72,857.00,367.00,60.00,207.00,0.802031,-1,-1,-1
424,76,321.00,409.00,79.00,197.00,0.785641,-1,-1,-1
424,107,1411.00,0.00,46.00,115.00,0.379564,-1,-1,-1
424,112,1755.00,132.00,59.00,172.00,0.767194,-1,-1,-1
424,120,427.00,228.00,66.00,185.00,0.393640,-1,-1,-1
424,122,1632.00,101.00,57.00,162.00,0.765432,-1,-1,-1
424,128,1142.00,70.00,61.00,165.00,0.657412,-1,-1,-1
424,130,1486.00,0.00,52.00,105.00,0.273506,-1,-1,-1
424,132,1244.00,760.00,90.00,266.00,0.874796,-1,-1,-1
424,136,1743.00,673.00,87.00,250.00,0.781818,-1,-1,-1
424,139,1471.00,133.00,59.00,159.00,0.623839,-1,-1,-1
424,144,234.00,122.00,55.00,179.00,0.164096,-1,-1,-1
424,146,435.00,74.00,56.00,171.00,0.303516,-1,-1,-1
424,147,483.00,216.00,52.00,180.00,0.555246,-1,-1,-1
425,5,1720.00,453.00,78.00,213.00,0.801267,-1,-1,-1
425,8,321.00,767.00,91.00,266.00,0.889544,-1,-1,-1
425,12,920.00,936.00,77.00,143.00,0.810527,-1,-1,-1
425,13,1568.00,592.00,105.00,231.00,0.847707,-1,-1,-1
425,20,678.00,282.00,58.00,126.00,0.430960,-1,-1,-1
425,26,795.00,138.00,68.00,174.00,0.400025,-1,-1,-1
425,29,550.00,115.00,61.00,172.00,0.370693,-1,-1,-1
425,47,314.00,162.00,86.00,245.00,0.351940,-1,-1,-1
425,51,338.00,215.00,58.00,197.00,0.157073,-1,-1,-1
425,55,393.00,391.00,71.00,208.00,0.787484,-1,-1,-1
425,71,930.00,350.00,65.00,211.00,0.785855,-1,-1,-1
425,72,856.00,365.00,61.00,207.00,0.818967,-1,-1,-1
425,76,322.00,410.00,78.00,195.00,0.796296,-1,-1,-1
425,107,1411.00,0.00,45.00,114.00,0.339208,-1,-1,-1
425,112,1756.00,133.00,59.00,173.00,0.778971,-1,-1,-1
425,120,425.00,229.00,66.00,184.00,0.505545,-1,-1,-1
425,122,1633.00,103.00,56.00,162.00,0.757468,-1,-1,-1
425,128,1143.00,73.00,61.00,164.00,0.639599,-1,-1,-1
425,130,1483.00,0.00,53.00,104.00,0.359687,-1,-1,-1
425,132,1243.00,756.00,89.00,263.00,0.861383,-1,-1,-1
425,136,1743.00,672.00,87.00,252.00,0.787336,-1,-1,-1
425,139,1471.00,134.00,58.00,158.00,0.632179,-1,-1,-1
425,144,235.00,128.00,53.00,173.00,0.169245,-1,-1,-1
425,146,436.00,75.00,56.00,170.00,0.347903,-1,-1,-1
425,147,481.00,216.00,53.00,180.00,0.591431,-1,-1,-1
426,5,1720.00,453.00,78.00,213.00,0.797265,-1,-1,-1
426,8,321.00,767.00,91.00,266.00,0.888513,-1,-1,-1
426,12,921.00,935.00,76.00,144.00,0.797324,-1,-1,-1
426,13,1568.00,591.00,105.00,232.00,0.857315,-1,-1,-1
426,20,677.00,281.00,59.00,127.00,0.376698,-1,-1,-1
426,26,796.00,138.00,68.00,173.00,0.398085,-1,-1,-1
426,29,549.00,116.00,60.00,170.00,0.328747,-1,-1,-1
426,51,345.00,228.00,55.00,187.00,0.492854,-1,-1,-1
426,55,393.00,391.00,71.00,207.00,0.759821,-1,-1,-1
426,71,929.00,348.00,65.00,212.00,0.799332,-1,-1,-1
426,72,854.00,363.00,63.00,208.00,0.796730,-1,-1,-1
426,76,321.00,410.00,80.00,196.00,0.798878,-1,-1,-1
426,107,1409.00,0.00,46.00,112.00,0.353487,-1,-1,-1
426,112,1756.00,134.00,62.00,181.00,0.787549,-1,-1,-1
426,120,423.00,229.00,67.00,186.00,0.609201,-1,-1,-1
426,122,1634.00,104.00,56.00,162.00,0.770586,-1,-1,-1
426,128,1145.00,76.00,59.00,163.00,0.615925,-1,-1,-1
426,130,1481.00,0.00,53.00,103.00,0.343396,-1,-1,-1
426,132,1241.00,752.00,89.00,265.00,0.860144,-1,-1,-1
426,136,1742.00,672.00,88.00,252.00,0.787633,-1,-1,-1
426,139,1470.00,135.00,59.00,158.00,0.642601,-1,-1,-1
426,144,235.00,128.00,53.00,174.00,0.147654,-1,-1,-1
426,146,436.00,74.00,56.00,171.00,0.279309,-1,-1,-1
426,147,481.00,216.00,53.00,179.00,0.577316,-1,-1,-1
427,5,1719.00,454.00,78.00,212.00,0.799176,-1,-1,-1
427,8,321.00,769.00,90.00,264.00,0.889949,-1,-1,-1
427,12,922.00,934.00,76.00,145.00,0.771264,-1,-1,-1
427,13,1568.00,591.00,106.00,233.00,0.856469,-1,-1,-1
427,20,677.00,281.00,59.00,127.00,0.432165,-1,-1,-1
427,26,796.00,138.00,68.00,173.00,0.397621,-1,-1,-1
427,29,548.00,116.00,60.00,171.00,0.339201,-1,-1,-1
427,51,348.00,233.00,53.00,183.00,0.538214,-1,-1,-1
427,55,393.00,393.00,70.00,208.00,0.750364,-1,-1,-1
427,71,928.00,346.00,66.00,213.00,0.799352,-1,-1,-1
427,72,853.00,362.00,63.00,208.00,0.775000,-1,-1,-1
427,76,320.00,411.00,79.00,195.00,0.771101,-1,-1,-1
427,107,1407.00,0.00,46.00,109.00,0.272644,-1,-1,-1
427,112,1757.00,136.00,61.00,182.00,0.757223,-1,-1,-1
427,120,422.00,228.00,67.00,190.00,0.689901,-1,-1,-1
427,122,1634.00,105.00,56.00,161.00,0.737206,-1,-1,-1
427,128,1146.00,78.00,60.00,163.00,0.628687,-1,-1,-1
427,130,1479.00,0.00,54.00,104.00,0.363785,-1,-1,-1
427,132,1239.00,750.00,90.00,266.00,0.860689,-1,-1,-1
427,136,1742.00,672.00,89.00,253.00,0.796309,-1,-1,-1
427,139,1469.00,135.00,59.00,158.00,0.645402,-1,-1,-1
427,144,235.00,144.00,49.00,157.00,0.204116,-1,-1,-1
427,146,437.00,74.00,55.00,172.00,0.256447,-1,-1,-1
427,147,481.00,217.00,54.00,179.00,0.620540,-1,-1,-1
428,5,1719.00,454.00,78.00,211.00,0.790118,-1,-1,-1
428,8,321.00,770.00,90.00,263.00,0.888289,-1,-1,-1
428,12,923.00,932.00,75.00,147.00,0.780304,-1,-1,-1
428,13,1568.00,591.00,107.00,233.00,0.848581,-1,-1,-1
428,20,678.00,281.00,58.00,127.00,0.445368,-1,-1,-1
428,26,796.00,138.00,68.00,173.00,0.404214,-1,-1,-1
428,29,548.00,115.00,60.00,172.00,0.348689,-1,-1,-1
428,51,348.00,236.00,53.00,182.00,0.520147,-1,-1,-1
428,55,392.00,393.00,72.00,212.00,0.757273,-1,-1,-1
428,71,928.00,345.00,66.00,213.00,0.770588,-1,-1,-1
428,72,852.00,362.00,64.00,208.00,0.775781,-1,-1,-1
428,76,318.00,413.00,79.00,193.00,0.746521,-1,-1,-1
428,107,1406.00,0.00,46.00,106.00,0.224051,-1,-1,-1
428,112,1758.00,137.00,61.00,183.00,0.748858,-1,-1,-1
428,120,422.00,230.00,68.00,191.00,0.691981,-1,-1,-1
428,122,1634.00,107.00,56.00,158.00,0.736630,-1,-1,-1
428,128,1147.00,79.00,60.00,164.00,0.609925,-1,-1,-1
428,130,1477.00,0.00,55.00,105.00,0.332981,-1,-1,-1
428,132,1238.00,747.00,90.00,268.00,0.858736,-1,-1,-1
428,136,1742.00,672.00,89.00,254.00,0.795506,-1,-1,-1
428,139,1468.00,135.00,60.00,158.00,0.616388,-1,-1,-1
428,144,235.00,150.00,48.00,151.00,0.181135,-1,-1,-1
428,146,438.00,73.00,55.00,173.00,0.257940,-1,-1,-1
428,147,481.00,218.00,54.00,178.00,0.643496,-1,-1,-1
429,5,1719.00,453.00,78.00,211.00,0.805506,-1,-1,-1
429,8,322.00,771.00,89.00,263.00,0.884892,-1,-1,-1
429,12,923.00,931.00,75.00,148.00,0.787358,-1,-1,-1
429,13,1569.00,592.00,105.00,232.00,0.868638,-1,-1,-1
429,20,677.00,280.00,59.00,128.00,0.372299,-1,-1,-1
429,26,796.00,139.00,67.00,172.00,0.383861,-1,-1,-1
429,29,549.00,115.00,59.00,170.00,0.274625,-1,-1,-1
429,51,347.00,238.00,52.00,181.00,0.543370,-1,-1,-1
429,55,392.00,394.00,72.00,215.00,0.753848,-1,-1,-1
429,71,928.00,344.00,67.00,214.00,0.780163,-1,-1,-1
429,72,852.00,361.00,64.00,210.00,0.773373,-1,-1,-1
429,76,316.00,414.00,78.00,192.00,0.734152,-1,-1,-1
429,107,1407.00,0.00,46.00,104.00,0.230939,-1,-1,-1
429,112,1759.00,140.00,60.00,177.00,0.765435,-1,-1,-1
429,120,420.00,231.00,69.00,193.00,0.689112,-1,-1,-1
429,122,1636.00,108.00,56.00,158.00,0.759088,-1,-1,-1
429,128,1148.00,81.00,60.00,164.00,0.645756,-1,-1,-1
429,130,1477.00,0.00,53.00,104.00,0.389991,-1,-1,-1
429,132,1236.00,745.00,91.00,270.00,0.861722,-1,-1,-1
429,136,1741.00,672.00,90.00,254.00,0.804853,-1,-1,-1
429,139,1468.00,135.00,60.00,158.00,0.629434,-1,-1,-1
429,144,234.00,149.00,49.00,152.00,0.145979,-1,-1,-1
429,146,438.00,73.00,55.00,173.00,0.231078,-1,-1,-1
429,147,482.00,219.00,55.00,178.00,0.613162,-1,-1,-1
430,5,1719.00,454.00,78.00,210.00,0.800295,-1,-1,-1
430,8,322.00,772.00,89.00,261.00,0.881481,-1,-1,-1
430,12,924.00,931.00,75.00,148.00,0.779590,-1,-1,-1
430,13,1568.00,592.00,106.00,231.00,0.859359,-1,-1,-1
430,20,678.00,281.00,58.00,127.00,0.425469,-1,-1,-1
430,26,795.00,139.00,68.00,173.00,0.365675,-1,-1,-1
430,29,548.00,114.00,59.00,173.00,0.293556,-1,-1,-1
430,51,343.00,240.00,53.00,182.00,0.467875,-1,-1,-1
430,55,391.00,395.00,72.00,218.00,0.749902,-1,-1,-1
430,71,927.00,343.00,68.00,216.00,0.776282,-1,-1,-1
430,72,851.00,361.00,65.00,211.00,0.766501,-1,-1,-1
430,76,314.00,413.00,79.00,194.00,0.716975,-1,-1,-1
430,107,1409.00,0.00,46.00,103.00,0.211194,-1,-1,-1
430,112,1761.00,142.00,58.00,172.00,0.700403,-1,-1,-1
430,120,419.00,231.00,70.00,198.00,0.699351,-1,-1,-1
430,122,1638.00,108.00,55.00,159.00,0.760262,-1,-1,-1
430,128,1149.00,82.00,59.00,164.00,0.617459,-1,-1,-1
430,130,1476.00,0.00,54.00,105.00,0.414794,-1,-1,-1
430,132,1235.00,744.00,91.00,272.00,0.850803,-1,-1,-1
430,136,1741.00,672.00,90.00,252.00,0.805954,-1,-1,-1
430,139,1469.00,134.00,60.00,159.00,0.612157,-1,-1,-1
430,144,233.00,149.00,50.00,152.00,0.140182,-1,-1,-1
430,146,440.00,74.00,53.00,170.00,0.242848,-1,-1,-1
430,147,482.00,220.00,56.00,180.00,0.597259,-1,-1,-1
431,5,1719.00,453.00,79.00,212.00,0.791776,-1,-1,-1
431,8,321.00,773.00,89.00,260.00,0.874317,-1,-1,-1
431,12,925.00,930.00,74.00,149.00,0.763228,-1,-1,-1
431,13,1568.00,593.00,106.00,230.00,0.850385,-1,-1,-1
431,20,677.00,280.00,59.00,128.00,0.389071,-1,-1,-1
431,26,795.00,138.00,68.00,174.00,0.355664,-1,-1,-1
431,29,547.00,115.00,59.00,173.00,0.326459,-1,-1,-1
431,51,342.00,242.00,53.00,181.00,0.491971,-1,-1,-1
431,55,391.00,398.00,72.00,218.00,0.757481,-1,-1,-1
431,71,926.00,342.00,69.00,217.00,0.778242,-1,-1,-1
431,72,850.00,360.00,65.00,210.00,0.762530,-1,-1,-1
431,76,313.00,412.00,78.00,193.00,0.725716,-1,-1,-1
431,107,1408.00,0.00,46.00,104.00,0.172916,-1,-1,-1
431,112,1761.00,144.00,57.00,172.00,0.726845,-1,-1,-1
431,120,418.00,232.00,71.00,201.00,0.661439,-1,-1,-1
431,122,1640.00,108.00,55.00,159.00,0.773322,-1,-1,-1
431,128,1150.00,83.00,58.00,163.00,0.654643,-1,-1,-1
431,130,1475.00,0.00,54.00,105.00,0.468612,-1,-1,-1
431,132,1233.00,742.00,92.00,274.00,0.856605,-1,-1,-1
431,136,1742.00,673.00,89.00,249.00,0.800837,-1,-1,-1
431,139,1469.00,133.00,61.00,161.00,0.581508,-1,-1,-1
431,144,232.00,146.00,51.00,156.00,0.158641,-1,-1,-1
431,146,440.00,72.00,54.00,173.00,0.157096,-1,-1,-1
431,147,483.00,221.00,57.00,181.00,0.588337,-1,-1,-1
432,5,1719.00,453.00,79.00,212.00,0.797406,-1,-1,-1
432,8,321.00,776.00,89.00,261.00,0.867264,-1,-1,-1
432,12,926.00,930.00,73.00,149.00,0.779553,-1,-1,-1
432,13,1568.00,594.00,105.00,230.00,0.836762,-1,-1,-1
432,20,677.00,280.00,59.00,128.00,0.382076,-1,-1,-1
432,26,794.00,138.00,69.00,174.00,0.367658,-1,-1,-1
432,29,547.00,115.00,58.00,172.00,0.314773,-1,-1,-1
432,51,341.00,243.00,53.00,180.00,0.402341,-1,-1,-1
432,55,391.00,401.00,72.00,218.00,0.775575,-1,-1,-1
432,71,925.00,342.00,70.00,216.00,0.775075,-1,-1,-1
432,72,850.00,359.00,64.00,210.00,0.748977,-1,-1,-1
432,76,313.00,412.00,78.00,192.00,0.733369,-1,-1,-1
432,107,1411.00,0.00,45.00,103.00,0.166660,-1,-1,-1
432,112,1763.00,147.00,57.00,167.00,0.703513,-1,-1,-1
432,120,418.00,234.00,70.00,199.00,0.648608,-1,-1,-1
432,122,1642.00,108.00,55.00,158.00,0.763602,-1,-1,-1
432,128,1151.00,82.00,58.00,165.00,0.643024,-1,-1,-1
432,130,1474.00,0.00,54.00,104.00,0.494837,-1,-1,-1
432,132,1233.00,742.00,92.00,274.00,0.865407,-1,-1,-1
432,136,1741.00,672.00,90.00,251.00,0.800233,-1,-1,-1
432,139,1469.00,134.00,61.00,161.00,0.580565,-1,-1,-1
432,144,231.00,141.00,53.00,161.00,0.164762,-1,-1,-1
432,146,440.00,66.00,55.00,178.00,0.116117,-1,-1,-1
432,147,484.00,224.00,57.00,179.00,0.599545,-1,-1,-1
433,5,1719.00,453.00,79.00,212.00,0.798027,-1,-1,-1
433,8,320.00,778.00,91.00,268.00,0.865050,-1,-1,-1
433,12,926.00,930.00,73.00,149.00,0.778653,-1,-1,-1
433,13,1567.00,595.00,105.00,229.00,0.848577,-1,-1,-1
433,20,677.00,279.00,59.00,130.00,0.434764,-1,-1,-1
433,26,795.00,138.00,68.00,174.00,0.383575,-1,-1,-1
433,29,548.00,117.00,56.00,170.00,0.385659,-1,-1,-1
433,51,340.00,243.00,53.00,179.00,0.467905,-1,-1,-1
433,55,391.00,404.00,72.00,218.00,0.792771,-1,-1,-1
433,71,925.00,342.00,70.00,216.00,0.786619,-1,-1,-1
433,72,850.00,357.00,64.00,209.00,0.741947,-1,-1,-1
433,76,315.00,413.00,76.00,193.00,0.765853,-1,-1,-1
433,112,1763.00,147.00,57.00,168.00,0.622881,-1,-1,-1
433,120,417.00,236.00,70.00,198.00,0.643860,-1,-1,-1
433,122,1644.00,109.00,55.00,159.00,0.798595,-1,-1,-1
433,128,1152.00,82.00,57.00,164.00,0.670513,-1,-1,-1
433,130,1473.00,0.00,54.00,104.00,0.490344,-1,-1,-1
433,132,1231.00,740.00,92.00,272.00,0.874820,-1,-1,-1
433,136,1741.00,672.00,90.00,250.00,0.790484,-1,-1,-1
433,139,1469.00,135.00,60.00,159.00,0.559280,-1,-1,-1
433,144,229.00,133.00,57.00,169.00,0.202453,-1,-1,-1
433,146,441.00,64.00,55.00,180.00,0.153743,-1,-1,-1
433,147,485.00,225.00,58.00,181.00,0.605833,-1,-1,-1
434,5,1719.00,453.00,79.00,212.00,0.797860,-1,-1,-1
434,8,320.00,781.00,91.00,270.00,0.857480,-1,-1,-1
434,12,926.00,930.00,73.00,149.00,0.797534,-1,-1,-1
434,13,1567.00,592.00,106.00,232.00,0.855715,-1,-1,-1
434,20,677.00,279.00,59.00,130.00,0.418118,-1,-1,-1
434,26,796.00,138.00,67.00,173.00,0.336232,-1,-1,-1
434,29,548.00,117.00,56.00,169.00,0.374174,-1,-1,-1
434,51,340.00,245.00,52.00,177.00,0.474060,-1,-1,-1
434,55,391.00,406.00,71.00,217.00,0.774242,-1,-1,-1
434,71,925.00,341.00,70.00,215.00,0.782181,-1,-1,-1
434,72,849.00,355.00,65.00,210.00,0.723873,-1,-1,-1
434,76,315.00,414.00,77.00,193.00,0.755106,-1,-1,-1
434,112,1763.00,148.00,58.00,167.00,0.647826,-1,-1,-1
434,120,416.00,238.00,70.00,198.00,0.634443,-1,-1,-1
434,122,1645.00,109.00,55.00,162.00,0.782755,-1,-1,-1
434,128,1153.00,83.00,57.00,163.00,0.689625,-1,-1,-1
434,130,1472.00,0.00,54.00,103.00,0.464520,-1,-1,-1
434,132,1228.00,738.00,92.00,271.00,0.870049,-1,-1,-1
434,136,1741.00,673.00,89.00,248.00,0.783260,-1,-1,-1
434,139,1470.00,138.00,58.00,158.00,0.555053,-1,-1,-1
434,144,227.00,123.00,60.00,179.00,0.141867,-1,-1,-1
434,146,442.00,62.00,55.00,183.00,0.121088,-1,-1,-1
434,147,485.00,227.00,59.00,182.00,0.576402,-1,-1,-1
435,5,1719.00,453.00,79.00,212.00,0.792481,-1,-1,-1
435,8,320.00,784.00,90.00,268.00,0.855856,-1,-1,-1
435,12,927.00,929.00,73.00,150.00,0.773122,-1,-1,-1
435,13,1568.00,593.00,106.00,230.00,0.857532,-1,-1,-1
435,20,677.00,280.00,59.00,128.00,0.341345,-1,-1,-1
435,26,796.00,138.00,67.00,173.00,0.341663,-1,-1,-1
435,29,547.00,114.00,57.00,172.00,0.289519,-1,-1,-1
435,51,337.00,246.00,54.00,178.00,0.518625,-1,-1,-1
435,55,391.00,408.00,71.00,215.00,0.763143,-1,-1,-1
435,71,924.00,340.00,70.00,216.00,0.753238,-1,-1,-1
435,72,848.00,353.00,65.00,210.00,0.717920,-1,-1,-1
435,76,315.00,416.00,77.00,195.00,0.758434,-1,-1,-1
435,112,1764.00,148.00,58.00,168.00,0.653875,-1,-1,-1
435,120,416.00,239.00,70.00,199.00,0.629313,-1,-1,-1
435,122,1645.00,110.00,55.00,163.00,0.799790,-1,-1,-1
435,128,1154.00,84.00,56.00,163.00,0.722981,-1,-1,-1
435,130,1469.00,0.00,55.00,102.00,0.491476,-1,-1,-1
435,132,1225.00,736.00,94.00,274.00,0.876688,-1,-1,-1
435,136,1740.00,673.00,90.00,249.00,0.773840,-1,-1,-1
435,139,1471.00,140.00,60.00,158.00,0.581418,-1,-1,-1
435,144,225.00,114.00,63.00,187.00,0.139038,-1,-1,-1
435,146,444.00,60.00,56.00,185.00,0.151271,-1,-1,-1
435,147,486.00,228.00,59.00,182.00,0.594164,-1,-1,-1
436,5,1719.00,453.00,79.00,212.00,0.787489,-1,-1,-1
436,8,320.00,787.00,90.00,265.00,0.847239,-1,-1,-1
436,12,927.00,929.00,73.00,150.00,0.800011,-1,-1,-1
436,13,1569.00,593.00,106.00,230.00,0.857511,-1,-1,-1
436,20,678.00,281.00,58.00,128.00,0.437497,-1,-1,-1
436,26,796.00,138.00,67.00,172.00,0.322904,-1,-1,-1
436,29,547.00,111.00,57.00,175.00,0.251913,-1,-1,-1
436,51,335.00,244.00,55.00,181.00,0.530734,-1,-1,-1
436,55,391.00,410.00,71.00,212.00,0.758612,-1,-1,-1
436,71,924.00,339.00,70.00,215.00,0.770959,-1,-1,-1
436,72,849.00,351.00,63.00,204.00,0.742835,-1,-1,-1
436,76,316.00,417.00,77.00,198.00,0.780200,-1,-1,-1
436,112,1765.00,149.00,56.00,165.00,0.629749,-1,-1,-1
436,120,416.00,241.00,69.00,196.00,0.677977,-1,-1,-1
436,122,1644.00,111.00,57.00,163.00,0.792181,-1,-1,-1
436,128,1154.00,85.00,56.00,164.00,0.706706,-1,-1,-1
436,130,1467.00,0.00,54.00,101.00,0.512608,-1,-1,-1
436,132,1223.00,734.00,93.00,272.00,0.873407,-1,-1,-1
436,136,1740.00,672.00,91.00,251.00,0.786930,-1,-1,-1
436,139,1472.00,140.00,60.00,160.00,0.544973,-1,-1,-1
436,144,225.00,109.00,63.00,192.00,0.151727,-1,-1,-1
436,146,444.00,57.00,56.00,189.00,0.181219,-1,-1,-1
436,147,486.00,229.00,61.00,182.00,0.625602,-1,-1,-1
437,5,1719.00,453.00,80.00,213.00,0.796480,-1,-1,-1
437,8,321.00,790.00,89.00,266.00,0.852386,-1,-1,-1
437,12,928.00,929.00,72.00,150.00,0.792609,-1,-1,-1
437,13,1569.00,593.00,106.00,231.00,0.862274,-1,-1,-1
437,20,677.00,281.00,59.00,128.00,0.431019,-1,-1,-1
437,26,795.00,138.00,67.00,173.00,0.335899,-1,-1,-1
437,29,546.00,111.00,57.00,175.00,0.288595,-1,-1,-1
437,51,335.00,245.00,55.00,181.00,0.571259,-1,-1,-1
437,55,391.00,411.00,70.00,211.00,0.746521,-1,-1,-1
437,71,924.00,338.00,70.00,214.00,0.776391,-1,-1,-1
437,72,848.00,349.00,64.00,203.00,0.739996,-1,-1,-1
437,76,315.00,418.00,77.00,201.00,0.787240,-1,-1,-1
437,107,1403.00,0.00,45.00,101.00,0.318296,-1,-1,-1
437,112,1768.00,149.00,57.00,165.00,0.684318,-1,-1,-1
437,120,416.00,242.00,69.00,196.00,0.703305,-1,-1,-1
437,122,1645.00,112.00,56.00,164.00,0.804789,-1,-1,-1
437,128,1155.00,85.00,57.00,166.00,0.724855,-1,-1,-1
437,130,1465.00,0.00,55.00,102.00,0.487904,-1,-1,-1
437,132,1220.00,731.00,93.00,272.00,0.880244,-1,-1,-1
437,136,1740.00,673.00,91.00,250.00,0.775224,-1,-1,-1
437,139,1473.00,141.00,61.00,162.00,0.589536,-1,-1,-1
437,144,224.00,106.00,64.00,196.00,0.159721,-1,-1,-1
437,146,446.00,61.00,55.00,185.00,0.235188,-1,-1,-1
437,147,488.00,230.00,60.00,182.00,0.663393,-1,-1,-1
438,5,1719.00,453.00,80.00,212.00,0.806912,-1,-1,-1
438,8,322.00,793.00,89.00,267.00,0.867578,-1,-1,-1
438,12,928.00,929.00,72.00,150.00,0.786123,-1,-1,-1
438,13,1568.00,593.00,107.00,231.00,0.863901,-1,-1,-1
438,20,678.00,282.00,58.00,127.00,0.457146,-1,-1,-1
438,26,795.00,138.00,67.00,173.00,0.373181,-1,-1,-1
438,29,547.00,112.00,56.00,174.00,0.277006,-1,-1,-1
438,51,333.00,245.00,57.00,182.00,0.579474,-1,-1,-1
438,55,390.00,411.00,71.00,211.00,0.742600,-1,-1,-1
438,71,923.00,335.00,71.00,216.00,0.784493,-1,-1,-1
438,72,848.00,347.00,63.00,203.00,0.777854,-1,-1,-1
438,76,316.00,420.00,76.00,201.00,0.813019,-1,-1,-1
438,107,1402.00,0.00,46.00,100.00,0.214535,-1,-1,-1
438,112,1769.00,149.00,59.00,167.00,0.704001,-1,-1,-1
438,120,416.00,243.00,69.00,195.00,0.705073,-1,-1,-1
438,122,1645.00,114.00,57.00,164.00,0.843364,-1,-1,-1
438,128,1155.00,87.00,57.00,165.00,0.765555,-1,-1,-1
438,130,1464.00,0.00,55.00,102.00,0.490972,-1,-1,-1
438,132,1218.00,728.00,92.00,270.00,0.882847,-1,-1,-1
438,136,1740.00,672.00,92.00,252.00,0.769879,-1,-1,-1
438,139,1472.00,144.00,61.00,162.00,0.595433,-1,-1,-1
438,144,225.00,106.00,63.00,196.00,0.169263,-1,-1,-1
438,146,446.00,58.00,55.00,187.00,0.219558,-1,-1,-1
438,147,488.00,230.00,61.00,183.00,0.668555,-1,-1,-1
439,5,1719.00,453.00,80.00,212.00,0.808791,-1,-1,-1
439,8,323.00,795.00,89.00,270.00,0.860840,-1,-1,-1
439,12,928.00,929.00,72.00,150.00,0.787075,-1,-1,-1
439,13,1568.00,593.00,107.00,231.00,0.867768,-1,-1,-1
439,20,677.00,281.00,59.00,128.00,0.438356,-1,-1,-1
439,26,794.00,138.00,68.00,173.00,0.418794,-1,-1,-1
439,29,547.00,113.00,56.00,173.00,0.290891,-1,-1,-1
439,51,333.00,246.00,58.00,182.00,0.598055,-1,-1,-1
439,55,390.00,411.00,70.00,212.00,0.741818,-1,-1,-1
439,71,923.00,333.00,72.00,216.00,0.798235,-1,-1,-1
439,72,847.00,345.00,63.00,201.00,0.791541,-1,-1,-1
439,76,315.00,422.00,77.00,201.00,0.819022,-1,-1,-1
439,107,1401.00,0.00,47.00,99.00,0.245988,-1,-1,-1
439,112,1771.00,149.00,59.00,166.00,0.735342,-1,-1,-1
439,120,416.00,243.00,68.00,195.00,0.707381,-1,-1,-1
439,122,1646.00,116.00,56.00,160.00,0.836266,-1,-1,-1
439,128,1155.00,89.00,58.00,167.00,0.785472,-1,-1,-1
439,130,1463.00,0.00,54.00,102.00,0.472448,-1,-1,-1
439,132,1216.00,724.00,91.00,268.00,0.885737,-1,-1,-1
439,136,1741.00,673.00,91.00,249.00,0.787427,-1,-1,-1
439,139,1472.00,149.00,60.00,158.00,0.634267,-1,-1,-1
439,144,225.00,107.00,63.00,194.00,0.169057,-1,-1,-1
439,146,444.00,49.00,58.00,196.00,0.137991,-1,-1,-1
439,147,488.00,230.00,62.00,184.00,0.666016,-1,-1,-1
440,5,1719.00,453.00,80.00,212.00,0.799486,-1,-1,-1
440,8,323.00,797.00,90.00,273.00,0.868113,-1,-1,-1
440,12,928.00,929.00,72.00,150.00,0.786352,-1,-1,-1
440,13,1569.00,594.00,106.00,229.00,0.862747,-1,-1,-1
440,20,677.00,281.00,59.00,128.00,0.398692,-1,-1,-1
440,26,794.00,138.00,68.00,173.00,0.418110,-1,-1,-1
440,29,547.00,112.00,56.00,174.00,0.301929,-1,-1,-1
440,51,332.00,246.00,58.00,185.00,0.610253,-1,-1,-1
440,55,391.00,411.00,70.00,212.00,0.754462,-1,-1,-1
440,71,924.00,331.00,71.00,213.00,0.817928,-1,-1,-1
440,72,847.00,343.00,63.00,201.00,0.795480,-1,-1,-1
440,76,315.00,424.00,76.00,200.00,0.819839,-1,-1,-1
440,107,1399.00,0.00,48.00,99.00,0.159436,-1,-1,-1
440,112,1770.00,149.00,63.00,172.00,0.720046,-1,-1,-1
440,120,416.00,244.00,68.00,194.00,0.731561,-1,-1,-1
440,122,1646.00,118.00,57.00,160.00,0.834560,-1,-1,-1
440,128,1155.00,91.00,59.00,166.00,0.773648,-1,-1,-1
440,130,1463.00,0.00,54.00,101.00,0.420187,-1,-1,-1
440,132,1216.00,720.00,89.00,262.00,0.880740,-1,-1,-1
440,136,1741.00,674.00,91.00,249.00,0.788951,-1,-1,-1
440,139,1472.00,150.00,59.00,157.00,0.600779,-1,-1,-1
440,144,225.00,106.00,63.00,195.00,0.178870,-1,-1,-1
440,146,446.00,52.00,56.00,193.00,0.193407,-1,-1,-1
440,147,489.00,230.00,62.00,184.00,0.674976,-1,-1,-1
441,5,1719.00,453.00,79.00,212.00,0.809631,-1,-1,-1
441,8,325.00,800.00,89.00,272.00,0.865460,-1,-1,-1
441,12,928.00,930.00,72.00,149.00,0.785963,-1,-1,-1
441,13,1569.00,595.00,105.00,228.00,0.865007,-1,-1,-1
441,20,677.00,281.00,59.00,128.00,0.452758,-1,-1,-1
441,26,794.00,138.00,68.00,174.00,0.392553,-1,-1,-1
441,29,548.00,114.00,54.00,171.00,0.332636,-1,-1,-1
441,51,332.00,248.00,58.00,181.00,0.623760,-1,-1,-1
441,55,391.00,412.00,70.00,212.00,0.738222,-1,-1,-1
441,71,925.00,329.00,70.00,210.00,0.806090,-1,-1,-1
441,72,848.00,342.00,62.00,201.00,0.796670,-1,-1,-1
441,76,314.00,427.00,76.00,198.00,0.826398,-1,-1,-1
441,107,1398.00,0.00,48.00,98.00,0.168287,-1,-1,-1
441,112,1769.00,149.00,66.00,180.00,0.715333,-1,-1,-1
441,120,416.00,245.00,68.00,194.00,0.713907,-1,-1,-1
441,122,1647.00,121.00,58.00,161.00,0.821731,-1,-1,-1
441,128,1155.00,93.00,59.00,165.00,0.764234,-1,-1,-1
441,130,1464.00,0.00,52.00,99.00,0.390869,-1,-1,-1
441,132,1216.00,717.00,88.00,259.00,0.876498,-1,-1,-1
441,136,1740.00,673.00,92.00,252.00,0.781012,-1,-1,-1
441,139,1473.00,150.00,60.00,157.00,0.573460,-1,-1,-1
441,144,227.00,110.00,60.00,191.00,0.189347,-1,-1,-1
441,146,447.00,55.00,54.00,190.00,0.206520,-1,-1,-1
441,147,490.00,231.00,62.00,183.00,0.680472,-1,-1,-1
442,5,1719.00,453.00,79.00,212.00,0.798213,-1,-1,-1
442,8,326.00,801.00,88.00,271.00,0.873426,-1,-1,-1
442,12,928.00,929.00,72.00,150.00,0.792756,-1,-1,-1
442,13,1569.00,594.00,106.00,230.00,0.873122,-1,-1,-1
442,20,677.00,281.00,59.00,128.00,0.493212,-1,-1,-1
442,26,795.00,138.00,67.00,174.00,0.376018,-1,-1,-1
442,29,548.00,115.00,54.00,170.00,0.299348,-1,-1,-1
442,51,331.00,248.00,59.00,182.00,0.608628,-1,-1,-1
442,55,391.00,411.00,70.00,212.00,0.749126,-1,-1,-1
442,71,925.00,326.00,70.00,209.00,0.805554,-1,-1,-1
442,72,847.00,341.00,63.00,202.00,0.807158,-1,-1,-1
442,76,312.00,429.00,76.00,197.00,0.805549,-1,-1,-1
442,107,1397.00,0.00,49.00,98.00,0.279691,-1,-1,-1
442,112,1769.00,149.00,68.00,186.00,0.674068,-1,-1,-1
442,120,415.00,245.00,68.00,193.00,0.702688,-1,-1,-1
442,122,1647.00,122.00,59.00,166.00,0.826576,-1,-1,-1
442,128,1155.00,95.00,60.00,166.00,0.752399,-1,-1,-1
442,130,1464.00,0.00,51.00,98.00,0.352769,-1,-1,-1
442,132,1214.00,713.00,89.00,261.00,0.878343,-1,-1,-1
442,136,1740.00,673.00,92.00,251.00,0.785322,-1,-1,-1
442,139,1473.00,150.00,59.00,157.00,0.554068,-1,-1,-1
442,144,227.00,113.00,60.00,188.00,0.194794,-1,-1,-1
442,146,448.00,56.00,54.00,189.00,0.159490,-1,-1,-1
442,147,490.00,231.00,63.00,183.00,0.703863,-1,-1,-1
443,5,1719.00,453.00,79.00,212.00,0.785035,-1,-1,-1
443,8,328.00,802.00,87.00,271.00,0.867211,-1,-1,-1
443,12,927.00,930.00,72.00,149.00,0.784357,-1,-1,-1
443,13,1569.00,593.00,107.00,231.00,0.861231,-1,-1,-1
443,20,677.00,281.00,59.00,128.00,0.402127,-1,-1,-1
443,26,794.00,138.00,68.00,174.00,0.359489,-1,-1,-1
443,29,549.00,115.00,54.00,170.00,0.256528,-1,-1,-1
443,51,331.00,249.00,59.00,181.00,0.634901,-1,-1,-1
443,55,390.00,412.00,71.00,212.00,0.754150,-1,-1,-1
443,71,926.00,325.00,70.00,207.00,0.783208,-1,-1,-1
443,72,847.00,340.00,63.00,203.00,0.773181,-1,-1,-1
443,76,309.00,425.00,77.00,201.00,0.752479,-1,-1,-1
443,107,1396.00,0.00,49.00,98.00,0.188309,-1,-1,-1
443,112,1770.00,153.00,67.00,183.00,0.702498,-1,-1,-1
443,120,414.00,245.00,69.00,194.00,0.698371,-1,-1,-1
443,122,1647.00,124.00,60.00,167.00,0.797691,-1,-1,-1
443,128,1156.00,98.00,60.00,165.00,0.744719,-1,-1,-1
443,130,1463.00,0.00,51.00,98.00,0.314897,-1,-1,-1
443,132,1212.00,710.00,90.00,262.00,0.871186,-1,-1,-1
443,136,1739.00,673.00,92.00,250.00,0.761226,-1,-1,-1
443,139,1472.00,150.00,59.00,157.00,0.536013,-1,-1,-1
443,144,227.00,114.00,60.00,186.00,0.166770,-1,-1,-1
443,146,449.00,57.00,53.00,188.00,0.158755,-1,-1,-1
443,147,490.00,232.00,63.00,183.00,0.651992,-1,-1,-1
444,5,1719.00,453.00,79.00,212.00,0.788523,-1,-1,-1
444,8,329.00,803.00,87.00,269.00,0.858381,-1,-1,-1
444,12,927.00,930.00,71.00,149.00,0.783520,-1,-1,-1
444,13,1568.00,593.00,107.00,231.00,0.866492,-1,-1,-1
444,20,677.00,280.00,59.00,129.00,0.370288,-1,-1,-1
444,26,794.00,138.00,68.00,173.00,0.385556,-1,-1,-1
444,29,550.00,116.00,53.00,169.00,0.286392,-1,-1,-1
444,51,331.00,251.00,60.00,180.00,0.663653,-1,-1,-1
444,55,391.00,413.00,71.00,214.00,0.736001,-1,-1,-1
444,71,926.00,323.00,70.00,208.00,0.783347,-1,-1,-1
444,72,847.00,340.00,63.00,204.00,0.797048,-1,-1,-1
444,76,306.00,425.00,79.00,201.00,0.724512,-1,-1,-1
444,107,1395.00,0.00,50.00,98.00,0.289582,-1,-1,-1
444,112,1771.00,154.00,68.00,185.00,0.701412,-1,-1,-1
444,120,414.00,245.00,68.00,194.00,0.714472,-1,-1,-1
444,122,1647.00,125.00,60.00,166.00,0.841690,-1,-1,-1
444,128,1157.00,99.00,61.00,166.00,0.738177,-1,-1,-1
444,130,1462.00,0.00,51.00,98.00,0.353223,-1,-1,-1
444,132,1211.00,708.00,91.00,265.00,0.871633,-1,-1,-1
444,136,1739.00,672.00,93.00,252.00,0.775282,-1,-1,-1
444,139,1471.00,150.00,60.00,158.00,0.544231,-1,-1,-1
444,144,229.00,126.00,56.00,174.00,0.231847,-1,-1,-1
444,146,449.00,59.00,53.00,186.00,0.169397,-1,-1,-1
444,147,491.00,234.00,63.00,183.00,0.686023,-1,-1,-1
445,5,1719.00,453.00,79.00,212.00,0.800158,-1,-1,-1
445,8,330.00,804.00,87.00,268.00,0.858836,-1,-1,-1
445,12,927.00,930.00,70.00,149.00,0.789526,-1,-1,-1
445,13,1568.00,594.00,107.00,230.00,0.862875,-1,-1,-1
445,20,677.00,280.00,59.00,129.00,0.400713,-1,-1,-1
445,26,795.00,138.00,67.00,173.00,0.343165,-1,-1,-1
445,29,550.00,115.00,52.00,170.00,0.282334,-1,-1,-1
445,51,329.00,251.00,62.00,183.00,0.673398,-1,-1,-1
445,55,391.00,416.00,71.00,216.00,0.731376,-1,-1,-1
445,71,926.00,322.00,69.00,209.00,0.777376,-1,-1,-1
445,72,847.00,340.00,62.00,204.00,0.776746,-1,-1,-1
445,76,305.00,425.00,79.00,201.00,0.728167,-1,-1,-1
445,107,1395.00,0.00,49.00,98.00,0.202427,-1,-1,-1
445,112,1772.00,157.00,67.00,185.00,0.713377,-1,-1,-1
445,120,414.00,246.00,68.00,194.00,0.694540,-1,-1,-1
445,122,1648.00,126.00,59.00,166.00,0.800669,-1,-1,-1
445,128,1158.00,101.00,61.00,166.00,0.721225,-1,-1,-1
445,130,1461.00,0.00,52.00,98.00,0.270148,-1,-1,-1
445,132,1209.00,706.00,92.00,266.00,0.881180,-1,-1,-1
445,136,1739.00,673.00,92.00,250.00,0.782631,-1,-1,-1
445,139,1472.00,151.00,60.00,155.00,0.575500,-1,-1,-1
445,144,229.00,131.00,55.00,170.00,0.188836,-1,-1,-1
445,146,450.00,60.00,52.00,184.00,0.152626,-1,-1,-1
445,147,491.00,235.00,63.00,184.00,0.724788,-1,-1,-1
446,5,1720.00,453.00,78.00,212.00,0.795121,-1,-1,-1
446,8,331.00,805.00,87.00,267.00,0.857815,-1,-1,-1
446,12,926.00,931.00,70.00,148.00,0.777449,-1,-1,-1
446,13,1568.00,593.00,107.00,231.00,0.868214,-1,-1,-1
446,20,677.00,280.00,59.00,128.00,0.417940,-1,-1,-1
446,26,795.00,138.00,67.00,174.00,0.345777,-1,-1,-1
446,29,550.00,116.00,52.00,169.00,0.197394,-1,-1,-1
446,51,328.00,252.00,62.00,184.00,0.669978,-1,-1,-1
446,55,390.00,417.00,72.00,219.00,0.736971,-1,-1,-1
446,71,926.00,322.00,68.00,208.00,0.789414,-1,-1,-1
446,72,847.00,340.00,62.00,204.00,0.783092,-1,-1,-1
446,76,304.00,426.00,79.00,200.00,0.689768,-1,-1,-1
446,107,1395.00,0.00,48.00,96.00,0.264791,-1,-1,-1
446,112,1774.00,161.00,66.00,182.00,0.691023,-1,-1,-1
446,120,413.00,246.00,68.00,194.00,0.673052,-1,-1,-1
446,122,1648.00,127.00,60.00,165.00,0.813372,-1,-1,-1
446,128,1159.00,101.00,62.00,166.00,0.696234,-1,-1,-1
446,130,1460.00,0.00,51.00,98.00,0.307785,-1,-1,-1
446,132,1208.00,705.00,92.00,267.00,0.878399,-1,-1,-1
446,136,1739.00,672.00,92.00,251.00,0.775305,-1,-1,-1
446,139,1472.00,152.00,60.00,154.00,0.607180,-1,-1,-1
446,144,229.00,126.00,56.00,174.00,0.159406,-1,-1,-1
446,146,450.00,63.00,52.00,181.00,0.166105,-1,-1,-1
446,147,491.00,237.00,64.00,183.00,0.723461,-1,-1,-1
447,5,1719.00,453.00,79.00,212.00,0.789201,-1,-1,-1
447,8,332.00,807.00,87.00,265.00,0.857576,-1,-1,-1
447,12,926.00,931.00,70.00,148.00,0.779983,-1,-1,-1
447,13,1568.00,594.00,107.00,230.00,0.871568,-1,-1,-1
447,20,677.00,280.00,59.00,129.00,0.434906,-1,-1,-1
447,26,795.00,138.00,67.00,174.00,0.361539,-1,-1,-1
447,29,549.00,112.00,52.00,173.00,0.190279,-1,-1,-1
447,51,328.00,255.00,63.00,181.00,0.659550,-1,-1,-1
447,55,390.00,418.00,73.00,222.00,0.769895,-1,-1,-1
447,71,926.00,321.00,68.00,209.00,0.789121,-1,-1,-1
447,72,846.00,339.00,62.00,204.00,0.775193,-1,-1,-1
447,76,303.00,429.00,80.00,198.00,0.710003,-1,-1,-1
447,107,1394.00,0.00,48.00,95.00,0.357074,-1,-1,-1
447,112,1775.00,164.00,65.00,177.00,0.703295,-1,-1,-1
447,120,413.00,247.00,69.00,193.00,0.673301,-1,-1,-1
447,122,1649.00,127.00,59.00,165.00,0.810058,-1,-1,-1
447,128,1160.00,102.00,62.00,166.00,0.668731,-1,-1,-1
447,130,1458.00,0.00,52.00,98.00,0.361695,-1,-1,-1
447,132,1207.00,704.00,93.00,268.00,0.881630,-1,-1,-1
447,136,1738.00,673.00,93.00,252.00,0.786401,-1,-1,-1
447,139,1471.00,151.00,62.00,156.00,0.577623,-1,-1,-1
447,144,231.00,138.00,52.00,162.00,0.151887,-1,-1,-1
447,146,450.00,64.00,52.00,178.00,0.174152,-1,-1,-1
447,147,492.00,238.00,64.00,184.00,0.732728,-1,-1,-1
448,5,1719.00,453.00,79.00,211.00,0.793083,-1,-1,-1
448,8,332.00,808.00,88.00,263.00,0.863929,-1,-1,-1
448,12,926.00,931.00,70.00,148.00,0.783175,-1,-1,-1
448,13,1567.00,593.00,108.00,231.00,0.870392,-1,-1,-1
448,20,677.00,281.00,59.00,128.00,0.457012,-1,-1,-1
448,26,795.00,138.00,68.00,174.00,0.342984,-1,-1,-1
448,51,327.00,257.00,63.00,180.00,0.684783,-1,-1,-1
448,55,391.00,420.00,72.00,222.00,0.759875,-1,-1,-1
448,71,925.00,321.00,68.00,208.00,0.788640,-1,-1,-1
448,72,846.00,338.00,62.00,205.00,0.770188,-1,-1,-1
448,76,303.00,431.00,80.00,196.00,0.662031,-1,-1,-1
448,107,1393.00,0.00,48.00,94.00,0.204345,-1,-1,-1
448,112,1777.00,166.00,63.00,174.00,0.709523,-1,-1,-1
448,120,413.00,249.00,67.00,190.00,0.648497,-1,-1,-1
448,122,1650.00,128.00,59.00,162.00,0.782416,-1,-1,-1
448,128,1163.00,102.00,62.00,166.00,0.702190,-1,-1,-1
448,130,1457.00,0.00,52.00,97.00,0.366160,-1,-1,-1
448,132,1205.00,703.00,94.00,270.00,0.882257,-1,-1,-1
448,136,1738.00,673.00,93.00,252.00,0.784693,-1,-1,-1
448,139,1470.00,150.00,63.00,159.00,0.563572,-1,-1,-1
448,144,230.00,131.00,55.00,169.00,0.145546,-1,-1,-1
448,146,450.00,64.00,52.00,178.00,0.164915,-1,-1,-1
448,147,492.00,240.00,65.00,184.00,0.733816,-1,-1,-1
448,164,325.00,431.00,65.00,196.00,0.400812,-1,-1,-1
449,5,1719.00,453.00,79.00,211.00,0.785297,-1,-1,-1
449,8,334.00,810.00,87.00,262.00,0.867630,-1,-1,-1
449,12,926.00,932.00,69.00,147.00,0.792579,-1,-1,-1
449,13,1568.00,592.00,108.00,232.00,0.873427,-1,-1,-1
449,20,678.00,281.00,58.00,128.00,0.454896,-1,-1,-1
449,26,796.00,138.00,67.00,174.00,0.331947,-1,-1,-1
449,51,326.00,259.00,61.00,179.00,0.661610,-1,-1,-1
449,55,391.00,423.00,72.00,221.00,0.745432,-1,-1,-1
449,71,925.00,320.00,67.00,209.00,0.751878,-1,-1,-1
449,72,846.00,335.00,62.00,206.00,0.781136,-1,-1,-1
449,76,303.00,434.00,80.00,193.00,0.575572,-1,-1,-1
449,107,1392.00,0.00,46.00,93.00,0.187304,-1,-1,-1
449,112,1777.00,167.00,63.00,174.00,0.697496,-1,-1,-1
449,120,413.00,250.00,68.00,191.00,0.638046,-1,-1,-1
449,122,1651.00,128.00,59.00,163.00,0.814356,-1,-1,-1
449,128,1165.00,103.00,62.00,164.00,0.695680,-1,-1,-1
449,130,1455.00,0.00,53.00,96.00,0.378078,-1,-1,-1
449,132,1202.00,702.00,94.00,270.00,0.880648,-1,-1,-1
449,136,1738.00,673.00,92.00,251.00,0.787103,-1,-1,-1
449,139,1469.00,153.00,63.00,158.00,0.570105,-1,-1,-1
449,144,231.00,132.00,55.00,169.00,0.127981,-1,-1,-1
449,146,450.00,63.00,53.00,179.00,0.174918,-1,-1,-1
449,147,492.00,242.00,66.00,184.00,0.743312,-1,-1,-1
449,164,325.00,432.00,65.00,194.00,0.482710,-1,-1,-1
450,5,1719.00,454.00,79.00,211.00,0.788059,-1,-1,-1
450,8,334.00,812.00,89.00,262.00,0.866570,-1,-1,-1
450,12,925.00,932.00,68.00,147.00,0.781205,-1,-1,-1
450,13,1569.00,591.00,108.00,233.00,0.872786,-1,-1,-1
450,20,678.00,280.00,58.00,129.00,0.483410,-1,-1,-1
450,26,796.00,138.00,67.00,174.00,0.313536,-1,-1,-1
450,51,324.00,260.00,61.00,178.00,0.642766,-1,-1,-1
450,55,391.00,425.00,72.00,221.00,0.759453,-1,-1,-1
450,71,924.00,320.00,67.00,209.00,0.752757,-1,-1,-1
450,72,845.00,333.00,63.00,208.00,0.782775,-1,-1,-1
450,76,303.00,435.00,79.00,192.00,0.700100,-1,-1,-1
450,107,1394.00,0.00,45.00,91.00,0.107487,-1,-1,-1
450,112,1778.00,167.00,63.00,174.00,0.696635,-1,-1,-1
450,120,412.00,251.00,69.00,191.00,0.650152,-1,-1,-1
450,122,1653.00,128.00,58.00,162.00,0.844356,-1,-1,-1
450,128,1168.00,104.00,62.00,163.00,0.704633,-1,-1,-1
450,130,1454.00,0.00,53.00,95.00,0.373184,-1,-1,-1
450,132,1200.00,701.00,93.00,269.00,0.882021,-1,-1,-1
450,136,1738.00,673.00,93.00,251.00,0.797799,-1,-1,-1
450,139,1469.00,156.00,63.00,156.00,0.622490,-1,-1,-1
450,144,231.00,134.00,54.00,167.00,0.176666,-1,-1,-1
450,146,450.00,64.00,53.00,178.00,0.147962,-1,-1,-1
450,147,491.00,243.00,67.00,186.00,0.706034,-1,-1,-1
450,164,324.00,434.00,64.00,192.00,0.510876,-1,-1,-1
451,5,1719.00,454.00,78.00,211.00,0.800219,-1,-1,-1
451,8,334.00,814.00,90.00,263.00,0.866997,-1,-1,-1
451,12,924.00,933.00,68.00,146.00,0.754154,-1,-1,-1
451,13,1568.00,590.00,109.00,233.00,0.875337,-1,-1,-1
451,20,678.00,280.00,58.00,129.00,0.470458,-1,-1,-1
451,26,796.00,138.00,67.00,173.00,0.344518,-1,-1,-1
451,51,324.00,261.00,61.00,177.00,0.637645,-1,-1,-1
451,55,391.00,427.00,72.00,220.00,0.752564,-1,-1,-1
451,71,923.00,319.00,66.00,210.00,0.765806,-1,-1,-1
451,72,845.00,331.00,63.00,207.00,0.768743,-1,-1,-1
451,76,303.00,436.00,80.00,194.00,0.731843,-1,-1,-1
451,107,1391.00,0.00,44.00,90.00,0.133120,-1,-1,-1
451,112,1779.00,169.00,62.00,172.00,0.742800,-1,-1,-1
451,120,409.00,253.00,68.00,189.00,0.618241,-1,-1,-1
451,122,1654.00,129.00,58.00,162.00,0.852264,-1,-1,-1
451,128,1170.00,105.00,62.00,165.00,0.670475,-1,-1,-1
451,130,1454.00,0.00,53.00,96.00,0.320068,-1,-1,-1
451,132,1198.00,699.00,93.00,271.00,0.871085,-1,-1,-1
451,136,1738.00,673.00,93.00,251.00,0.792927,-1,-1,-1
451,139,1469.00,157.00,63.00,157.00,0.660924,-1,-1,-1
451,144,230.00,135.00,54.00,167.00,0.187777,-1,-1,-1
451,146,450.00,64.00,53.00,177.00,0.147861,-1,-1,-1
451,147,491.00,244.00,67.00,186.00,0.730515,-1,-1,-1
452,5,1719.00,454.00,78.00,211.00,0.790455,-1,-1,-1
452,8,334.00,817.00,90.00,261.00,0.867038,-1,-1,-1
452,12,924.00,934.00,67.00,145.00,0.783674,-1,-1,-1
452,13,1568.00,591.00,108.00,232.00,0.867733,-1,-1,-1
452,20,677.00,280.00,59.00,129.00,0.486158,-1,-1,-1
452,26,796.00,138.00,67.00,173.00,0.360680,-1,-1,-1
452,51,323.00,261.00,61.00,178.00,0.624221,-1,-1,-1
452,55,391.00,429.00,71.00,218.00,0.774741,-1,-1,-1
452,71,922.00,318.00,66.00,210.00,0.765909,-1,-1,-1
452,72,845.00,328.00,62.00,208.00,0.779665,-1,-1,-1
452,76,303.00,438.00,81.00,195.00,0.772362,-1,-1,-1
452,107,1390.00,0.00,44.00,90.00,0.144212,-1,-1,-1
452,112,1780.00,169.00,61.00,172.00,0.717407,-1,-1,-1
452,120,406.00,255.00,70.00,187.00,0.606875,-1,-1,-1
452,122,1656.00,130.00,58.00,163.00,0.853040,-1,-1,-1
452,128,1172.00,107.00,62.00,165.00,0.673379,-1,-1,-1
452,130,1453.00,0.00,53.00,95.00,0.323507,-1,-1,-1
452,132,1196.00,696.00,94.00,274.00,0.861956,-1,-1,-1
452,136,1738.00,672.00,93.00,252.00,0.791555,-1,-1,-1
452,139,1469.00,159.00,63.00,157.00,0.667016,-1,-1,-1
452,144,231.00,140.00,52.00,162.00,0.153044,-1,-1,-1
452,146,451.00,67.00,52.00,173.00,0.162259,-1,-1,-1
452,147,491.00,245.00,67.00,186.00,0.734719,-1,-1,-1
453,5,1719.00,454.00,79.00,211.00,0.792225,-1,-1,-1
453,8,334.00,820.00,90.00,259.00,0.856491,-1,-1,-1
453,12,923.00,934.00,67.00,145.00,0.788273,-1,-1,-1
453,13,1568.00,591.00,108.00,232.00,0.874812,-1,-1,-1
453,20,677.00,280.00,59.00,129.00,0.457098,-1,-1,-1
453,26,795.00,138.00,67.00,173.00,0.387109,-1,-1,-1
453,51,322.00,261.00,61.00,177.00,0.639109,-1,-1,-1
453,55,391.00,430.00,71.00,218.00,0.784935,-1,-1,-1
453,71,921.00,317.00,67.00,210.00,0.748661,-1,-1,-1
453,72,845.00,327.00,61.00,205.00,0.755817,-1,-1,-1
453,76,303.00,438.00,83.00,201.00,0.798232,-1,-1,-1
453,112,1782.00,168.00,62.00,174.00,0.725329,-1,-1,-1
453,120,406.00,256.00,70.00,187.00,0.614013,-1,-1,-1
453,122,1657.00,131.00,57.00,162.00,0.848905,-1,-1,-1
453,128,1175.00,108.00,63.00,168.00,0.664641,-1,-1,-1
453,130,1454.00,0.00,53.00,95.00,0.304633,-1,-1,-1
453,132,1195.00,693.00,93.00,275.00,0.859917,-1,-1,-1
453,136,1738.00,673.00,93.00,252.00,0.787433,-1,-1,-1
453,139,1468.00,161.00,64.00,157.00,0.648723,-1,-1,-1
453,144,231.00,141.00,52.00,161.00,0.163111,-1,-1,-1
453,146,451.00,67.00,52.00,173.00,0.161608,-1,-1,-1
453,147,492.00,246.00,67.00,185.00,0.728918,-1,-1,-1
453,168,352.00,170.00,64.00,186.00,0.378734,-1,-1,-1
454,5,1720.00,453.00,79.00,212.00,0.793655,-1,-1,-1
454,8,335.00,823.00,89.00,256.00,0.852514,-1,-1,-1
454,12,921.00,935.00,67.00,144.00,0.792058,-1,-1,-1
454,13,1567.00,591.00,108.00,232.00,0.871991,-1,-1,-1
454,20,678.00,281.00,58.00,128.00,0.494537,-1,-1,-1
454,26,796.00,138.00,67.00,173.00,0.375891,-1,-1,-1
454,51,321.00,260.00,61.00,179.00,0.641722,-1,-1,-1
454,55,391.00,431.00,70.00,217.00,0.790304,-1,-1,-1
454,71,921.00,316.00,66.00,210.00,0.765109,-1,-1,-1
454,72,845.00,326.00,60.00,201.00,0.773780,-1,-1,-1
454,76,303.00,439.00,84.00,205.00,0.783633,-1,-1,-1
454,112,1783.00,170.00,61.00,170.00,0.762260,-1,-1,-1
454,120,403.00,256.00,72.00,187.00,0.661693,-1,-1,-1
454,122,1658.00,133.00,58.00,163.00,0.810566,-1,-1,-1
454,128,1177.00,110.00,62.00,167.00,0.661623,-1,-1,-1
454,130,1454.00,0.00,53.00,94.00,0.261103,-1,-1,-1
454,132,1194.00,689.00,93.00,276.00,0.864297,-1,-1,-1
454,136,1738.00,672.00,93.00,253.00,0.790305,-1,-1,-1
454,139,1468.00,162.00,64.00,157.00,0.626446,-1,-1,-1
454,144,231.00,140.00,52.00,162.00,0.202051,-1,-1,-1
454,146,451.00,69.00,52.00,170.00,0.191594,-1,-1,-1
454,147,492.00,246.00,67.00,187.00,0.727459,-1,-1,-1
454,168,354.00,171.00,64.00,187.00,0.371150,-1,-1,-1
455,5,1720.00,453.00,79.00,212.00,0.797723,-1,-1,-1
455,8,335.00,826.00,89.00,253.00,0.855027,-1,-1,-1
455,12,921.00,936.00,66.00,143.00,0.793725,-1,-1,-1
455,13,1567.00,592.00,108.00,232.00,0.872877,-1,-1,-1
455,20,677.00,280.00,59.00,129.00,0.459521,-1,-1,-1
455,26,795.00,137.00,67.00,175.00,0.369942,-1,-1,-1
455,51,319.00,259.00,62.00,180.00,0.683333,-1,-1,-1
455,55,391.00,431.00,70.00,218.00,0.785644,-1,-1,-1
455,71,920.00,313.00,66.00,211.00,0.764680,-1,-1,-1
455,72,845.00,324.00,60.00,199.00,0.759365,-1,-1,-1
455,76,304.00,442.00,84.00,206.00,0.780819,-1,-1,-1
455,112,1784.00,172.00,63.00,173.00,0.801683,-1,-1,-1
455,120,400.00,256.00,73.00,186.00,0.643197,-1,-1,-1
455,122,1659.00,135.00,57.00,162.00,0.810930,-1,-1,-1
455,128,1178.00,111.00,62.00,167.00,0.662949,-1,-1,-1
455,130,1455.00,0.00,52.00,91.00,0.341823,-1,-1,-1
455,132,1195.00,686.00,89.00,270.00,0.887476,-1,-1,-1
455,136,1738.00,672.00,94.00,253.00,0.785424,-1,-1,-1
455,139,1468.00,165.00,64.00,155.00,0.633125,-1,-1,-1
455,144,230.00,141.00,52.00,161.00,0.178614,-1,-1,-1
455,146,452.00,69.00,51.00,170.00,0.178686,-1,-1,-1
455,147,492.00,247.00,67.00,185.00,0.744140,-1,-1,-1
455,168,355.00,171.00,65.00,186.00,0.340693,-1,-1,-1
456,5,1720.00,453.00,79.00,213.00,0.794909,-1,-1,-1
456,8,335.00,829.00,89.00,250.00,0.864143,-1,-1,-1
456,12,921.00,937.00,66.00,142.00,0.784749,-1,-1,-1
456,13,1567.00,592.00,109.00,232.00,0.869710,-1,-1,-1
456,20,678.00,281.00,58.00,127.00,0.453288,-1,-1,-1
456,26,796.00,138.00,67.00,174.00,0.354196,-1,-1,-1
456,51,318.00,261.00,62.00,180.00,0.678149,-1,-1,-1
456,55,390.00,432.00,71.00,216.00,0.774627,-1,-1,-1
456,71,920.00,310.00,65.00,208.00,0.730902,-1,-1,-1
456,72,843.00,321.00,61.00,198.00,0.770812,-1,-1,-1
456,76,304.00,446.00,83.00,205.00,0.781650,-1,-1,-1
456,112,1784.00,173.00,64.00,177.00,0.784824,-1,-1,-1
456,120,400.00,257.00,74.00,189.00,0.633968,-1,-1,-1
456,122,1660.00,138.00,57.00,162.00,0.734784,-1,-1,-1
456,128,1179.00,114.00,62.00,166.00,0.691491,-1,-1,-1
456,130,1456.00,0.00,50.00,88.00,0.366040,-1,-1,-1
456,132,1194.00,682.00,88.00,266.00,0.892130,-1,-1,-1
456,136,1738.00,672.00,94.00,253.00,0.783303,-1,-1,-1
456,139,1468.00,167.00,63.00,152.00,0.653945,-1,-1,-1
456,144,230.00,139.00,52.00,162.00,0.238937,-1,-1,-1
456,146,451.00,68.00,52.00,171.00,0.168124,-1,-1,-1
456,147,492.00,247.00,67.00,186.00,0.756026,-1,-1,-1
456,168,359.00,174.00,64.00,183.00,0.324393,-1,-1,-1
457,5,1720.00,453.00,79.00,213.00,0.801323,-1,-1,-1
457,8,334.00,832.00,89.00,248.00,0.855739,-1,-1,-1
457,12,919.00,938.00,66.00,141.00,0.781099,-1,-1,-1
457,13,1567.00,593.00,108.00,231.00,0.864308,-1,-1,-1
457,20,678.00,280.00,58.00,128.00,0.432660,-1,-1,-1
457,26,797.00,137.00,66.00,175.00,0.349808,-1,-1,-1
457,51,317.00,261.00,61.00,180.00,0.656696,-1,-1,-1
457,55,390.00,432.00,70.00,216.00,0.778105,-1,-1,-1
457,71,920.00,308.00,64.00,206.00,0.726059,-1,-1,-1
457,72,842.00,320.00,62.00,199.00,0.754083,-1,-1,-1
457,76,304.00,446.00,83.00,207.00,0.785885,-1,-1,-1
457,112,1784.00,175.00,65.00,178.00,0.764839,-1,-1,-1
457,120,398.00,258.00,75.00,189.00,0.618109,-1,-1,-1
457,122,1661.00,141.00,57.00,161.00,0.719030,-1,-1,-1
457,128,1181.00,116.00,61.00,166.00,0.625998,-1,-1,-1
457,130,1456.00,0.00,49.00,86.00,0.340508,-1,-1,-1
457,132,1195.00,678.00,86.00,258.00,0.864716,-1,-1,-1
457,136,1738.00,673.00,93.00,252.00,0.787609,-1,-1,-1
457,139,1469.00,169.00,62.00,150.00,0.697012,-1,-1,-1
457,144,230.00,138.00,53.00,162.00,0.250804,-1,-1,-1
457,146,452.00,69.00,52.00,170.00,0.173096,-1,-1,-1
457,147,492.00,247.00,68.00,186.00,0.758157,-1,-1,-1
457,168,361.00,174.00,63.00,184.00,0.368361,-1,-1,-1
458,5,1719.00,453.00,80.00,213.00,0.792940,-1,-1,-1
458,8,334.00,835.00,88.00,244.00,0.862016,-1,-1,-1
458,12,919.00,939.00,65.00,140.00,0.787776,-1,-1,-1
458,13,1567.00,593.00,109.00,231.00,0.870499,-1,-1,-1
458,20,678.00,281.00,58.00,127.00,0.474505,-1,-1,-1
458,26,797.00,138.00,66.00,174.00,0.354522,-1,-1,-1
458,51,316.00,262.00,62.00,182.00,0.619469,-1,-1,-1
458,55,390.00,433.00,71.00,216.00,0.775155,-1,-1,-1
458,71,920.00,306.00,63.00,204.00,0.762572,-1,-1,-1
458,72,840.00,318.00,63.00,202.00,0.790685,-1,-1,-1
458,76,304.00,448.00,82.00,205.00,0.784531,-1,-1,-1
458,112,1785.00,177.00,64.00,175.00,0.728130,-1,-1,-1
458,120,398.00,259.00,75.00,188.00,0.610262,-1,-1,-1
458,122,1663.00,142.00,56.00,160.00,0.712870,-1,-1,-1
458,128,1182.00,118.00,61.00,168.00,0.666548,-1,-1,-1
458,130,1456.00,0.00,49.00,87.00,0.364514,-1,-1,-1
458,132,1195.00,674.00,85.00,254.00,0.858736,-1,-1,-1
458,136,1738.00,673.00,93.00,250.00,0.781483,-1,-1,-1
458,139,1468.00,169.00,63.00,151.00,0.692571,-1,-1,-1
458,144,230.00,138.00,53.00,162.00,0.252226,-1,-1,-1
458,146,452.00,68.00,52.00,171.00,0.191669,-1,-1,-1
458,147,492.00,247.00,67.00,186.00,0.764346,-1,-1,-1
458,168,363.00,179.00,61.00,179.00,0.308028,-1,-1,-1
459,5,1720.00,453.00,79.00,212.00,0.796367,-1,-1,-1
459,8,334.00,837.00,87.00,242.00,0.864713,-1,-1,-1
459,12,918.00,940.00,64.00,140.00,0.748853,-1,-1,-1
459,13,1567.00,593.00,110.00,231.00,0.866168,-1,-1,-1
459,20,678.00,280.00,58.00,128.00,0.505077,-1,-1,-1
459,26,797.00,138.00,66.00,173.00,0.352566,-1,-1,-1
459,51,316.00,264.00,61.00,182.00,0.611925,-1,-1,-1
459,55,390.00,433.00,70.00,216.00,0.775909,-1,-1,-1
459,71,919.00,304.00,63.00,204.00,0.783155,-1,-1,-1
459,72,839.00,317.00,63.00,201.00,0.776052,-1,-1,-1
459,76,303.00,448.00,82.00,206.00,0.766604,-1,-1,-1
459,112,1786.00,177.00,64.00,172.00,0.729768,-1,-1,-1
459,120,396.00,260.00,77.00,192.00,0.622539,-1,-1,-1
459,122,1664.00,143.00,57.00,160.00,0.737134,-1,-1,-1
459,128,1183.00,120.00,61.00,167.00,0.646674,-1,-1,-1
459,130,1455.00,0.00,49.00,86.00,0.365038,-1,-1,-1
459,132,1195.00,671.00,84.00,255.00,0.867185,-1,-1,-1
459,136,1738.00,673.00,92.00,250.00,0.787062,-1,-1,-1
459,139,1466.00,168.00,65.00,154.00,0.695838,-1,-1,-1
459,144,230.00,138.00,53.00,163.00,0.271214,-1,-1,-1
459,146,451.00,68.00,53.00,171.00,0.162538,-1,-1,-1
459,147,492.00,248.00,67.00,185.00,0.761733,-1,-1,-1
459,168,363.00,177.00,62.00,181.00,0.345857,-1,-1,-1
460,5,1720.00,454.00,79.00,211.00,0.790854,-1,-1,-1
460,8,333.00,838.00,87.00,241.00,0.870474,-1,-1,-1
460,12,917.00,940.00,64.00,140.00,0.728004,-1,-1,-1
460,13,1569.00,591.00,110.00,233.00,0.888633,-1,-1,-1
460,20,678.00,279.00,59.00,129.00,0.479197,-1,-1,-1
460,26,796.00,138.00,66.00,173.00,0.338375,-1,-1,-1
460,51,315.00,265.00,60.00,182.00,0.580001,-1,-1,-1
460,55,390.00,434.00,70.00,215.00,0.753038,-1,-1,-1
460,71,919.00,302.00,63.00,205.00,0.746027,-1,-1,-1
460,72,838.00,316.00,64.00,202.00,0.757457,-1,-1,-1
460,76,303.00,450.00,80.00,204.00,0.674221,-1,-1,-1
460,112,1787.00,180.00,66.00,176.00,0.710512,-1,-1,-1
460,120,396.00,260.00,77.00,192.00,0.608815,-1,-1,-1
460,122,1665.00,143.00,57.00,162.00,0.772469,-1,-1,-1
460,128,1184.00,122.00,61.00,167.00,0.649704,-1,-1,-1
460,130,1453.00,0.00,49.00,86.00,0.305647,-1,-1,-1
460,132,1193.00,668.00,86.00,256.00,0.864489,-1,-1,-1
460,136,1738.00,673.00,92.00,249.00,0.787996,-1,-1,-1
460,139,1465.00,168.00,65.00,155.00,0.664552,-1,-1,-1
460,144,230.00,139.00,53.00,162.00,0.232205,-1,-1,-1
460,146,452.00,69.00,53.00,170.00,0.155765,-1,-1,-1
460,147,491.00,249.00,68.00,186.00,0.744009,-1,-1,-1
460,168,363.00,177.00,61.00,181.00,0.286899,-1,-1,-1
461,5,1719.00,453.00,79.00,212.00,0.800292,-1,-1,-1
461,8,332.00,839.00,87.00,240.00,0.874377,-1,-1,-1
461,12,916.00,941.00,64.00,138.00,0.739270,-1,-1,-1
461,13,1569.00,590.00,111.00,234.00,0.882232,-1,-1,-1
461,20,678.00,280.00,58.00,128.00,0.487095,-1,-1,-1
461,26,796.00,138.00,66.00,174.00,0.337729,-1,-1,-1
461,51,315.00,267.00,60.00,183.00,0.625193,-1,-1,-1
461,55,390.00,435.00,70.00,217.00,0.763985,-1,-1,-1
461,71,919.00,301.00,63.00,205.00,0.765233,-1,-1,-1
461,72,837.00,315.00,66.00,204.00,0.793198,-1,-1,-1
461,76,301.00,452.00,80.00,202.00,0.716757,-1,-1,-1
461,112,1786.00,183.00,67.00,180.00,0.683157,-1,-1,-1
461,120,394.00,260.00,78.00,192.00,0.627276,-1,-1,-1
461,122,1667.00,144.00,57.00,161.00,0.769259,-1,-1,-1
461,128,1186.00,123.00,60.00,166.00,0.666404,-1,-1,-1
461,130,1452.00,0.00,49.00,85.00,0.322446,-1,-1,-1
461,132,1193.00,666.00,85.00,258.00,0.872536,-1,-1,-1
461,136,1738.00,674.00,92.00,248.00,0.787091,-1,-1,-1
461,139,1465.00,168.00,65.00,155.00,0.520881,-1,-1,-1
461,144,230.00,141.00,52.00,161.00,0.248032,-1,-1,-1
461,146,454.00,69.00,52.00,170.00,0.178205,-1,-1,-1
461,147,491.00,251.00,68.00,186.00,0.773282,-1,-1,-1
461,168,362.00,177.00,61.00,180.00,0.234048,-1,-1,-1
462,5,1719.00,454.00,80.00,211.00,0.808401,-1,-1,-1
462,8,331.00,840.00,88.00,238.00,0.869866,-1,-1,-1
462,12,914.00,941.00,64.00,138.00,0.757770,-1,-1,-1
462,13,1570.00,591.00,110.00,233.00,0.882446,-1,-1,-1
462,20,678.00,280.00,58.00,129.00,0.474988,-1,-1,-1
462,26,796.00,138.00,66.00,174.00,0.350243,-1,-1,-1
462,51,314.00,267.00,61.00,186.00,0.558519,-1,-1,-1
462,55,389.00,437.00,71.00,218.00,0.737969,-1,-1,-1
462,71,919.00,300.00,64.00,206.00,0.778791,-1,-1,-1
462,72,837.00,315.00,66.00,205.00,0.782484,-1,-1,-1
462,76,300.00,453.00,81.00,202.00,0.690609,-1,-1,-1
462,112,1786.00,183.00,66.00,181.00,0.680783,-1,-1,-1
462,120,392.00,260.00,79.00,196.00,0.621263,-1,-1,-1
462,122,1668.00,145.00,57.00,161.00,0.802830,-1,-1,-1
462,128,1186.00,123.00,60.00,167.00,0.682078,-1,-1,-1
462,130,1450.00,0.00,49.00,84.00,0.324150,-1,-1,-1
462,132,1192.00,664.00,86.00,260.00,0.879586,-1,-1,-1
462,136,1738.00,673.00,92.00,248.00,0.784178,-1,-1,-1
462,139,1465.00,168.00,65.00,154.00,0.647759,-1,-1,-1
462,144,230.00,138.00,53.00,164.00,0.218064,-1,-1,-1
462,146,453.00,70.00,53.00,169.00,0.195672,-1,-1,-1
462,147,491.00,252.00,68.00,187.00,0.763093,-1,-1,-1
462,168,364.00,173.00,61.00,183.00,0.181822,-1,-1,-1
463,5,1720.00,454.00,79.00,212.00,0.804771,-1,-1,-1
463,8,331.00,841.00,87.00,237.00,0.882027,-1,-1,-1
463,12,913.00,942.00,64.00,137.00,0.765294,-1,-1,-1
463,13,1569.00,590.00,111.00,234.00,0.891144,-1,-1,-1
463,20,678.00,280.00,58.00,128.00,0.457799,-1,-1,-1
463,26,796.00,138.00,66.00,174.00,0.333716,-1,-1,-1
463,51,314.00,270.00,61.00,185.00,0.598382,-1,-1,-1
463,55,388.00,440.00,72.00,219.00,0.709930,-1,-1,-1
463,71,919.00,299.00,65.00,208.00,0.761825,-1,-1,-1
463,72,836.00,314.00,67.00,205.00,0.762468,-1,-1,-1
463,76,299.00,454.00,81.00,201.00,0.728609,-1,-1,-1
463,112,1787.00,185.00,64.00,178.00,0.686624,-1,-1,-1
463,120,391.00,260.00,80.00,199.00,0.645616,-1,-1,-1
463,122,1670.00,145.00,57.00,161.00,0.811675,-1,-1,-1
463,128,1188.00,124.00,59.00,167.00,0.683358,-1,-1,-1
463,130,1448.00,0.00,49.00,84.00,0.313696,-1,-1,-1
463,132,1191.00,663.00,87.00,261.00,0.886313,-1,-1,-1
463,136,1738.00,673.00,91.00,248.00,0.785612,-1,-1,-1
463,139,1464.00,168.00,66.00,155.00,0.557498,-1,-1,-1
463,144,230.00,137.00,53.00,164.00,0.219432,-1,-1,-1
463,146,453.00,70.00,53.00,169.00,0.195420,-1,-1,-1
463,147,492.00,254.00,68.00,186.00,0.758214,-1,-1,-1
463,168,363.00,169.00,63.00,185.00,0.175052,-1,-1,-1
464,5,1720.00,453.00,79.00,212.00,0.808452,-1,-1,-1
464,8,331.00,843.00,87.00,236.00,0.874861,-1,-1,-1
464,12,911.00,942.00,63.00,137.00,0.776774,-1,-1,-1
464,13,1569.00,591.00,110.00,233.00,0.879755,-1,-1,-1
464,20,677.00,280.00,59.00,129.00,0.418302,-1,-1,-1
464,26,797.00,138.00,66.00,174.00,0.324035,-1,-1,-1
464,51,314.00,271.00,60.00,185.00,0.574383,-1,-1,-1
464,55,388.00,442.00,71.00,222.00,0.712086,-1,-1,-1
464,71,920.00,299.00,65.00,208.00,0.744274,-1,-1,-1
464,72,836.00,313.00,67.00,204.00,0.729679,-1,-1,-1
464,76,298.00,453.00,82.00,202.00,0.730954,-1,-1,-1
464,112,1787.00,186.00,64.00,182.00,0.662095,-1,-1,-1
464,120,390.00,260.00,82.00,205.00,0.615155,-1,-1,-1
464,122,1672.00,146.00,56.00,159.00,0.833499,-1,-1,-1
464,128,1190.00,124.00,58.00,165.00,0.682539,-1,-1,-1
464,130,1446.00,0.00,48.00,81.00,0.313888,-1,-1,-1
464,132,1190.00,663.00,87.00,261.00,0.874297,-1,-1,-1
464,136,1738.00,673.00,92.00,248.00,0.778871,-1,-1,-1
464,139,1464.00,168.00,66.00,156.00,0.650287,-1,-1,-1
464,144,230.00,136.00,54.00,164.00,0.220217,-1,-1,-1
464,146,451.00,71.00,53.00,168.00,0.185791,-1,-1,-1
464,147,492.00,256.00,68.00,186.00,0.737552,-1,-1,-1
464,168,363.00,167.00,63.00,185.00,0.187851,-1,-1,-1
465,5,1719.00,453.00,79.00,213.00,0.822246,-1,-1,-1
465,8,330.00,845.00,87.00,234.00,0.875152,-1,-1,-1
465,12,911.00,943.00,62.00,136.00,0.783656,-1,-1,-1
465,13,1568.00,590.00,111.00,234.00,0.885582,-1,-1,-1
465,20,678.00,280.00,58.00,128.00,0.434621,-1,-1,-1
465,26,796.00,138.00,67.00,174.00,0.313742,-1,-1,-1
465,51,313.00,272.00,60.00,185.00,0.583075,-1,-1,-1
465,55,387.00,444.00,72.00,222.00,0.725758,-1,-1,-1
465,71,920.00,299.00,66.00,209.00,0.742562,-1,-1,-1
465,72,836.00,312.00,67.00,204.00,0.726426,-1,-1,-1
465,76,297.00,453.00,83.00,201.00,0.763211,-1,-1,-1
465,112,1788.00,186.00,64.00,184.00,0.671027,-1,-1,-1
465,120,388.00,262.00,83.00,208.00,0.641116,-1,-1,-1
465,122,1673.00,146.00,56.00,159.00,0.827418,-1,-1,-1
465,128,1190.00,124.00,57.00,165.00,0.697840,-1,-1,-1
465,130,1445.00,0.00,48.00,80.00,0.348579,-1,-1,-1
465,132,1188.00,661.00,88.00,263.00,0.867630,-1,-1,-1
465,136,1738.00,672.00,92.00,250.00,0.793044,-1,-1,-1
465,139,1465.00,169.00,66.00,157.00,0.682690,-1,-1,-1
465,144,230.00,136.00,54.00,165.00,0.231559,-1,-1,-1
465,146,450.00,72.00,53.00,167.00,0.205580,-1,-1,-1
465,147,493.00,258.00,68.00,188.00,0.731272,-1,-1,-1
465,168,361.00,167.00,63.00,183.00,0.237069,-1,-1,-1
466,5,1720.00,452.00,79.00,213.00,0.830283,-1,-1,-1
466,8,330.00,847.00,87.00,232.00,0.868702,-1,-1,-1
466,12,910.00,943.00,62.00,136.00,0.802188,-1,-1,-1
466,13,1567.00,591.00,111.00,233.00,0.885406,-1,-1,-1
466,20,678.00,280.00,59.00,129.00,0.451550,-1,-1,-1
466,26,796.00,138.00,67.00,174.00,0.338971,-1,-1,-1
466,51,313.00,274.00,60.00,183.00,0.622323,-1,-1,-1
466,55,386.00,445.00,72.00,224.00,0.711583,-1,-1,-1
466,71,920.00,298.00,66.00,210.00,0.731305,-1,-1,-1
466,72,837.00,310.00,66.00,204.00,0.727991,-1,-1,-1
466,76,298.00,459.00,80.00,195.00,0.667550,-1,-1,-1
466,112,1789.00,186.00,63.00,184.00,0.668047,-1,-1,-1
466,120,388.00,263.00,81.00,206.00,0.646074,-1,-1,-1
466,122,1673.00,147.00,57.00,161.00,0.814026,-1,-1,-1
466,128,1191.00,124.00,57.00,166.00,0.720209,-1,-1,-1
466,130,1443.00,0.00,49.00,80.00,0.345625,-1,-1,-1
466,132,1186.00,660.00,88.00,263.00,0.872263,-1,-1,-1
466,136,1739.00,673.00,92.00,248.00,0.797053,-1,-1,-1
466,139,1466.00,170.00,66.00,157.00,0.663051,-1,-1,-1
466,144,229.00,135.00,55.00,166.00,0.225472,-1,-1,-1
466,146,448.00,71.00,54.00,168.00,0.247015,-1,-1,-1
466,147,493.00,261.00,68.00,188.00,0.751303,-1,-1,-1
466,168,361.00,168.00,64.00,179.00,0.213372,-1,-1,-1
467,5,1720.00,452.00,79.00,214.00,0.817556,-1,-1,-1
467,8,330.00,848.00,87.00,231.00,0.868756,-1,-1,-1
467,12,910.00,944.00,62.00,135.00,0.784933,-1,-1,-1
467,13,1567.00,592.00,111.00,232.00,0.890701,-1,-1,-1
467,20,678.00,280.00,59.00,128.00,0.432933,-1,-1,-1
467,26,796.00,138.00,66.00,173.00,0.339774,-1,-1,-1
467,51,312.00,276.00,60.00,183.00,0.653512,-1,-1,-1
467,55,386.00,446.00,72.00,226.00,0.721884,-1,-1,-1
467,71,919.00,298.00,67.00,211.00,0.741865,-1,-1,-1
467,72,837.00,307.00,66.00,204.00,0.730302,-1,-1,-1
467,76,299.00,462.00,80.00,191.00,0.725634,-1,-1,-1
467,112,1790.00,186.00,63.00,182.00,0.615530,-1,-1,-1
467,120,388.00,266.00,80.00,202.00,0.634040,-1,-1,-1
467,122,1673.00,148.00,57.00,163.00,0.789479,-1,-1,-1
467,128,1191.00,125.00,59.00,168.00,0.721868,-1,-1,-1
467,130,1442.00,0.00,49.00,81.00,0.336424,-1,-1,-1
467,132,1184.00,658.00,88.00,263.00,0.857776,-1,-1,-1
467,136,1738.00,672.00,93.00,250.00,0.776686,-1,-1,-1
467,139,1467.00,170.00,65.00,157.00,0.567372,-1,-1,-1
467,144,229.00,134.00,55.00,167.00,0.335481,-1,-1,-1
467,146,447.00,71.00,53.00,168.00,0.267190,-1,-1,-1
467,147,494.00,263.00,67.00,186.00,0.723427,-1,-1,-1
467,168,363.00,168.00,64.00,178.00,0.284910,-1,-1,-1
468,5,1720.00,453.00,79.00,213.00,0.818195,-1,-1,-1
468,8,331.00,850.00,87.00,229.00,0.869181,-1,-1,-1
468,12,909.00,944.00,62.00,135.00,0.767788,-1,-1,-1
468,13,1567.00,592.00,112.00,232.00,0.893402,-1,-1,-1
468,20,678.00,280.00,59.00,129.00,0.420709,-1,-1,-1
468,26,796.00,138.00,66.00,172.00,0.339356,-1,-1,-1
468,51,311.00,278.00,60.00,181.00,0.632805,-1,-1,-1
468,55,386.00,448.00,72.00,225.00,0.721410,-1,-1,-1
468,71,920.00,297.00,66.00,209.00,0.739959,-1,-1,-1
468,72,837.00,304.00,66.00,205.00,0.747882,-1,-1,-1
468,76,300.00,465.00,79.00,189.00,0.720558,-1,-1,-1
468,112,1791.00,186.00,64.00,183.00,0.625605,-1,-1,-1
468,120,388.00,268.00,80.00,202.00,0.680764,-1,-1,-1
468,122,1673.00,150.00,57.00,159.00,0.772903,-1,-1,-1
468,128,1192.00,126.00,59.00,171.00,0.757567,-1,-1,-1
468,130,1442.00,0.00,49.00,80.00,0.308431,-1,-1,-1
468,132,1182.00,656.00,88.00,264.00,0.868430,-1,-1,-1
468,136,1739.00,673.00,92.00,249.00,0.781440,-1,-1,-1
468,139,1468.00,173.00,64.00,153.00,0.557157,-1,-1,-1
468,144,229.00,133.00,55.00,168.00,0.267905,-1,-1,-1
468,146,446.00,69.00,54.00,170.00,0.241462,-1,-1,-1
468,147,495.00,264.00,67.00,186.00,0.706526,-1,-1,-1
468,168,362.00,169.00,66.00,178.00,0.261632,-1,-1,-1
469,5,1720.00,453.00,79.00,213.00,0.809136,-1,-1,-1
469,8,331.00,851.00,87.00,228.00,0.856844,-1,-1,-1
469,12,909.00,944.00,62.00,135.00,0.765543,-1,-1,-1
469,13,1568.00,593.00,111.00,231.00,0.886775,-1,-1,-1
469,20,678.00,278.00,59.00,131.00,0.385394,-1,-1,-1
469,26,796.00,138.00,67.00,173.00,0.306967,-1,-1,-1
469,51,309.00,278.00,63.00,189.00,0.620739,-1,-1,-1
469,55,386.00,449.00,71.00,224.00,0.722163,-1,-1,-1
469,71,920.00,296.00,67.00,210.00,0.748453,-1,-1,-1
469,72,837.00,303.00,65.00,200.00,0.740665,-1,-1,-1
469,76,300.00,464.00,80.00,192.00,0.751558,-1,-1,-1
469,112,1795.00,187.00,63.00,181.00,0.637666,-1,-1,-1
469,120,387.00,269.00,80.00,203.00,0.654769,-1,-1,-1
469,122,1673.00,151.00,57.00,161.00,0.780866,-1,-1,-1
469,128,1193.00,128.00,59.00,171.00,0.685257,-1,-1,-1
469,130,1440.00,0.00,50.00,81.00,0.277111,-1,-1,-1
469,132,1178.00,654.00,89.00,265.00,0.863795,-1,-1,-1
469,136,1739.00,672.00,92.00,251.00,0.768346,-1,-1,-1
469,139,1469.00,174.00,63.00,152.00,0.638989,-1,-1,-1
469,144,228.00,127.00,57.00,174.00,0.184323,-1,-1,-1
469,146,445.00,70.00,54.00,169.00,0.242311,-1,-1,-1
469,147,496.00,265.00,67.00,185.00,0.704377,-1,-1,-1
469,168,363.00,168.00,67.00,179.00,0.272746,-1,-1,-1
470,5,1720.00,452.00,79.00,212.00,0.812112,-1,-1,-1
470,8,331.00,854.00,87.00,225.00,0.861863,-1,-1,-1
470,12,909.00,945.00,62.00,133.00,0.793668,-1,-1,-1
470,13,1568.00,593.00,111.00,231.00,0.886944,-1,-1,-1
470,20,677.00,280.00,60.00,129.00,0.400753,-1,-1,-1
470,26,796.00,138.00,67.00,173.00,0.299765,-1,-1,-1
470,51,309.00,279.00,62.00,186.00,0.684294,-1,-1,-1
470,55,385.00,449.00,72.00,224.00,0.741613,-1,-1,-1
470,71,920.00,295.00,67.00,209.00,0.765866,-1,-1,-1
470,72,838.00,302.00,64.00,197.00,0.757527,-1,-1,-1
470,76,301.00,462.00,83.00,201.00,0.758303,-1,-1,-1
470,112,1798.00,188.00,62.00,181.00,0.663646,-1,-1,-1
470,120,387.00,272.00,80.00,203.00,0.656982,-1,-1,-1
470,122,1672.00,154.00,59.00,161.00,0.795646,-1,-1,-1
470,128,1194.00,130.00,59.00,170.00,0.716321,-1,-1,-1
470,130,1439.00,0.00,50.00,81.00,0.236084,-1,-1,-1
470,132,1176.00,652.00,90.00,264.00,0.853225,-1,-1,-1
470,136,1738.00,673.00,92.00,249.00,0.758047,-1,-1,-1
470,139,1470.00,175.00,62.00,151.00,0.659147,-1,-1,-1
470,144,229.00,131.00,56.00,170.00,0.242043,-1,-1,-1
470,146,444.00,70.00,54.00,170.00,0.242441,-1,-1,-1
470,147,497.00,266.00,66.00,183.00,0.704141,-1,-1,-1
470,168,363.00,169.00,68.00,178.00,0.341451,-1,-1,-1
471,5,1720.00,453.00,79.00,212.00,0.799505,-1,-1,-1
471,8,332.00,858.00,85.00,221.00,0.850069,-1,-1,-1
471,12,908.00,945.00,62.00,133.00,0.785167,-1,-1,-1
471,13,1568.00,594.00,111.00,229.00,0.867984,-1,-1,-1
471,20,677.00,279.00,59.00,130.00,0.435238,-1,-1,-1
471,26,796.00,138.00,67.00,173.00,0.310709,-1,-1,-1
471,51,308.00,280.00,63.00,188.00,0.651648,-1,-1,-1
471,55,385.00,450.00,71.00,223.00,0.736228,-1,-1,-1
471,71,921.00,293.00,67.00,208.00,0.751349,-1,-1,-1
471,72,839.00,301.00,63.00,195.00,0.752998,-1,-1,-1
471,76,301.00,462.00,85.00,207.00,0.773863,-1,-1,-1
471,112,1800.00,189.00,63.00,184.00,0.659119,-1,-1,-1
471,120,387.00,273.00,81.00,205.00,0.637157,-1,-1,-1
471,122,1672.00,156.00,59.00,160.00,0.797216,-1,-1,-1
471,128,1194.00,134.00,59.00,167.00,0.717578,-1,-1,-1
471,130,1438.00,0.00,51.00,81.00,0.230544,-1,-1,-1
471,132,1175.00,649.00,88.00,260.00,0.855343,-1,-1,-1
471,136,1738.00,673.00,91.00,247.00,0.758278,-1,-1,-1
471,139,1470.00,175.00,63.00,151.00,0.623492,-1,-1,-1
471,144,230.00,131.00,55.00,171.00,0.237505,-1,-1,-1
471,146,444.00,67.00,55.00,172.00,0.215511,-1,-1,-1
471,147,497.00,266.00,67.00,184.00,0.709200,-1,-1,-1
471,168,362.00,172.00,68.00,176.00,0.297638,-1,-1,-1
472,5,1721.00,453.00,78.00,212.00,0.811037,-1,-1,-1
472,8,333.00,861.00,84.00,218.00,0.850498,-1,-1,-1
472,12,907.00,945.00,62.00,133.00,0.777776,-1,-1,-1
472,13,1569.00,594.00,111.00,230.00,0.882664,-1,-1,-1
472,20,677.00,278.00,60.00,131.00,0.423615,-1,-1,-1
472,26,796.00,138.00,67.00,172.00,0.348030,-1,-1,-1
472,51,307.00,280.00,63.00,187.00,0.704155,-1,-1,-1
472,55,384.00,451.00,71.00,221.00,0.765027,-1,-1,-1
472,71,921.00,291.00,68.00,209.00,0.778879,-1,-1,-1
472,72,840.00,299.00,63.00,197.00,0.751884,-1,-1,-1
472,76,301.00,464.00,85.00,208.00,0.762515,-1,-1,-1
472,112,1801.00,190.00,63.00,186.00,0.662265,-1,-1,-1
472,120,388.00,274.00,79.00,202.00,0.634960,-1,-1,-1
472,122,1673.00,157.00,59.00,161.00,0.802356,-1,-1,-1
472,128,1196.00,136.00,59.00,166.00,0.738778,-1,-1,-1
472,130,1437.00,0.00,50.00,81.00,0.219171,-1,-1,-1
472,132,1175.00,644.00,87.00,257.00,0.883386,-1,-1,-1
472,136,1738.00,672.00,92.00,249.00,0.744119,-1,-1,-1
472,139,1471.00,175.00,63.00,151.00,0.625963,-1,-1,-1
472,144,230.00,132.00,55.00,169.00,0.254319,-1,-1,-1
472,146,443.00,67.00,56.00,171.00,0.271833,-1,-1,-1
472,147,498.00,266.00,66.00,183.00,0.714281,-1,-1,-1
472,168,362.00,173.00,67.00,175.00,0.262829,-1,-1,-1
473,5,1720.00,453.00,78.00,213.00,0.812186,-1,-1,-1
473,8,333.00,864.00,84.00,215.00,0.849366,-1,-1,-1
473,12,907.00,945.00,62.00,134.00,0.788177,-1,-1,-1
473,13,1570.00,594.00,111.00,229.00,0.881772,-1,-1,-1
473,20,677.00,279.00,59.00,130.00,0.428138,-1,-1,-1
473,26,796.00,138.00,67.00,172.00,0.343583,-1,-1,-1
473,51,307.00,280.00,62.00,185.00,0.718776,-1,-1,-1
473,55,383.00,452.00,71.00,221.00,0.715245,-1,-1,-1
473,71,923.00,289.00,67.00,208.00,0.782269,-1,-1,-1
473,72,840.00,298.00,63.00,198.00,0.753136,-1,-1,-1
473,76,302.00,467.00,83.00,208.00,0.771008,-1,-1,-1
473,112,1802.00,192.00,64.00,187.00,0.642078,-1,-1,-1
473,120,388.00,274.00,80.00,203.00,0.615911,-1,-1,-1
473,122,1673.00,160.00,60.00,162.00,0.815565,-1,-1,-1
473,128,1197.00,138.00,61.00,166.00,0.723542,-1,-1,-1
473,130,1438.00,0.00,49.00,79.00,0.196653,-1,-1,-1
473,132,1175.00,641.00,86.00,253.00,0.874224,-1,-1,-1
473,136,1738.00,671.00,92.00,250.00,0.740117,-1,-1,-1
473,139,1471.00,175.00,63.00,151.00,0.681389,-1,-1,-1
473,144,231.00,132.00,54.00,169.00,0.267461,-1,-1,-1
473,146,442.00,68.00,56.00,173.00,0.221507,-1,-1,-1
473,147,498.00,266.00,66.00,183.00,0.714428,-1,-1,-1
473,168,364.00,174.00,67.00,175.00,0.264461,-1,-1,-1
474,5,1721.00,452.00,78.00,214.00,0.803100,-1,-1,-1
474,8,335.00,868.00,83.00,211.00,0.840049,-1,-1,-1
474,12,907.00,946.00,63.00,133.00,0.785360,-1,-1,-1
474,13,1570.00,594.00,110.00,229.00,0.882654,-1,-1,-1
474,20,677.00,279.00,59.00,130.00,0.390714,-1,-1,-1
474,26,797.00,138.00,66.00,172.00,0.312162,-1,-1,-1
474,51,307.00,280.00,62.00,182.00,0.681038,-1,-1,-1
474,55,381.00,453.00,71.00,220.00,0.673786,-1,-1,-1
474,71,924.00,287.00,66.00,203.00,0.767328,-1,-1,-1
474,72,840.00,296.00,63.00,200.00,0.737070,-1,-1,-1
474,76,302.00,469.00,83.00,208.00,0.778976,-1,-1,-1
474,112,1802.00,196.00,63.00,186.00,0.657900,-1,-1,-1
474,120,387.00,275.00,79.00,202.00,0.623958,-1,-1,-1
474,122,1673.00,161.00,61.00,163.00,0.823665,-1,-1,-1
474,128,1199.00,138.00,63.00,170.00,0.707643,-1,-1,-1
474,130,1437.00,0.00,48.00,76.00,0.161559,-1,-1,-1
474,132,1175.00,638.00,85.00,250.00,0.871544,-1,-1,-1
474,136,1739.00,672.00,92.00,250.00,0.738904,-1,-1,-1
474,139,1472.00,175.00,62.00,150.00,0.649274,-1,-1,-1
474,144,231.00,132.00,55.00,169.00,0.261268,-1,-1,-1
474,146,442.00,69.00,56.00,173.00,0.204331,-1,-1,-1
474,147,498.00,267.00,66.00,183.00,0.689328,-1,-1,-1
474,168,365.00,176.00,66.00,175.00,0.246691,-1,-1,-1
475,5,1721.00,453.00,77.00,213.00,0.807153,-1,-1,-1
475,8,336.00,871.00,82.00,208.00,0.818454,-1,-1,-1
475,12,907.00,946.00,63.00,133.00,0.755195,-1,-1,-1
475,13,1569.00,595.00,110.00,228.00,0.883762,-1,-1,-1
475,20,677.00,279.00,59.00,130.00,0.361072,-1,-1,-1
475,26,797.00,138.00,66.00,171.00,0.282643,-1,-1,-1
475,51,306.00,282.00,63.00,182.00,0.688615,-1,-1,-1
475,55,381.00,453.00,70.00,219.00,0.668484,-1,-1,-1
475,71,925.00,285.00,66.00,201.00,0.794660,-1,-1,-1
475,72,841.00,295.00,62.00,200.00,0.740210,-1,-1,-1
475,76,302.00,470.00,81.00,207.00,0.756813,-1,-1,-1
475,112,1804.00,198.00,64.00,186.00,0.672214,-1,-1,-1
475,120,387.00,276.00,78.00,202.00,0.621577,-1,-1,-1
475,122,1674.00,163.00,61.00,162.00,0.849478,-1,-1,-1
475,128,1201.00,140.00,63.00,169.00,0.749794,-1,-1,-1
475,130,1437.00,0.00,47.00,74.00,0.192942,-1,-1,-1
475,132,1175.00,635.00,84.00,251.00,0.872430,-1,-1,-1
475,136,1739.00,672.00,92.00,252.00,0.733219,-1,-1,-1
475,139,1472.00,176.00,63.00,148.00,0.632157,-1,-1,-1
475,144,231.00,132.00,55.00,169.00,0.208406,-1,-1,-1
475,146,442.00,69.00,56.00,173.00,0.155088,-1,-1,-1
475,147,498.00,268.00,66.00,183.00,0.664576,-1,-1,-1
475,168,367.00,175.00,66.00,173.00,0.211725,-1,-1,-1
476,5,1721.00,453.00,77.00,212.00,0.790428,-1,-1,-1
476,8,337.00,873.00,82.00,206.00,0.833444,-1,-1,-1
476,12,905.00,946.00,64.00,133.00,0.783813,-1,-1,-1
476,13,1568.00,594.00,111.00,229.00,0.885147,-1,-1,-1
476,20,677.00,280.00,59.00,128.00,0.359111,-1,-1,-1
476,26,797.00,138.00,66.00,171.00,0.289547,-1,-1,-1
476,51,307.00,281.00,64.00,188.00,0.719259,-1,-1,-1
476,55,380.00,454.00,70.00,218.00,0.684301,-1,-1,-1
476,71,925.00,283.00,66.00,200.00,0.803637,-1,-1,-1
476,72,841.00,295.00,62.00,200.00,0.736596,-1,-1,-1
476,76,302.00,472.00,80.00,206.00,0.765832,-1,-1,-1
476,112,1806.00,199.00,64.00,187.00,0.691372,-1,-1,-1
476,120,387.00,277.00,78.00,200.00,0.656857,-1,-1,-1
476,122,1674.00,163.00,61.00,163.00,0.838943,-1,-1,-1
476,128,1202.00,140.00,63.00,169.00,0.746899,-1,-1,-1
476,130,1437.00,0.00,45.00,72.00,0.159438,-1,-1,-1
476,132,1174.00,632.00,86.00,253.00,0.878179,-1,-1,-1
476,136,1740.00,672.00,91.00,250.00,0.746394,-1,-1,-1
476,139,1472.00,176.00,63.00,148.00,0.653729,-1,-1,-1
476,144,231.00,133.00,55.00,167.00,0.225447,-1,-1,-1
476,146,442.00,69.00,56.00,173.00,0.175692,-1,-1,-1
476,147,498.00,268.00,67.00,186.00,0.681245,-1,-1,-1
476,168,368.00,173.00,65.00,172.00,0.222919,-1,-1,-1
477,5,1720.00,454.00,77.00,212.00,0.798713,-1,-1,-1
477,8,339.00,875.00,82.00,204.00,0.841702,-1,-1,-1
477,12,906.00,946.00,64.00,133.00,0.760323,-1,-1,-1
477,13,1567.00,593.00,111.00,230.00,0.863640,-1,-1,-1
477,20,677.00,279.00,59.00,129.00,0.350024,-1,-1,-1
477,26,796.00,138.00,67.00,172.00,0.285042,-1,-1,-1
477,51,307.00,282.00,65.00,189.00,0.678613,-1,-1,-1
477,55,382.00,455.00,69.00,218.00,0.696299,-1,-1,-1
477,71,926.00,281.00,66.00,201.00,0.779949,-1,-1,-1
477,72,841.00,295.00,62.00,201.00,0.720009,-1,-1,-1
477,76,302.00,475.00,80.00,203.00,0.771199,-1,-1,-1
477,112,1807.00,200.00,65.00,187.00,0.711912,-1,-1,-1
477,120,387.00,278.00,77.00,200.00,0.616320,-1,-1,-1
477,122,1674.00,164.00,62.00,161.00,0.831084,-1,-1,-1
477,128,1203.00,140.00,63.00,170.00,0.757321,-1,-1,-1
477,130,1438.00,0.00,44.00,71.00,0.218613,-1,-1,-1
477,132,1173.00,630.00,86.00,255.00,0.870435,-1,-1,-1
477,136,1741.00,671.00,91.00,254.00,0.742871,-1,-1,-1
477,139,1471.00,177.00,63.00,147.00,0.676727,-1,-1,-1
477,144,232.00,133.00,54.00,168.00,0.181172,-1,-1,-1
477,146,441.00,68.00,56.00,173.00,0.121551,-1,-1,-1
477,147,497.00,269.00,68.00,189.00,0.662550,-1,-1,-1
477,168,366.00,173.00,62.00,170.00,0.210171,-1,-1,-1
478,5,1719.00,453.00,77.00,212.00,0.795355,-1,-1,-1
478,8,341.00,877.00,82.00,202.00,0.834316,-1,-1,-1
478,12,906.00,947.00,63.00,132.00,0.765096,-1,-1,-1
478,13,1567.00,594.00,112.00,230.00,0.871332,-1,-1,-1
478,20,677.00,279.00,59.00,129.00,0.333475,-1,-1,-1
478,26,796.00,138.00,67.00,172.00,0.280098,-1,-1,-1
478,51,305.00,282.00,65.00,189.00,0.670111,-1,-1,-1
478,55,382.00,456.00,71.00,219.00,0.671003,-1,-1,-1
478,71,926.00,279.00,66.00,202.00,0.773625,-1,-1,-1
478,72,842.00,294.00,61.00,201.00,0.752008,-1,-1,-1
478,76,302.00,476.00,79.00,202.00,0.778146,-1,-1,-1
478,112,1808.00,202.00,65.00,184.00,0.715630,-1,-1,-1
478,120,387.00,277.00,77.00,201.00,0.609555,-1,-1,-1
478,122,1675.00,164.00,61.00,161.00,0.824957,-1,-1,-1
478,128,1205.00,141.00,63.00,170.00,0.648092,-1,-1,-1
478,130,1437.00,0.00,43.00,69.00,0.145687,-1,-1,-1
478,132,1172.00,629.00,86.00,256.00,0.868578,-1,-1,-1
478,136,1741.00,671.00,92.00,255.00,0.739335,-1,-1,-1
478,139,1471.00,176.00,64.00,150.00,0.661021,-1,-1,-1
478,144,232.00,133.00,54.00,167.00,0.181763,-1,-1,-1
478,146,440.00,68.00,56.00,173.00,0.128222,-1,-1,-1
478,147,497.00,271.00,67.00,190.00,0.651497,-1,-1,-1
478,168,365.00,172.00,62.00,170.00,0.169788,-1,-1,-1
479,5,1719.00,452.00,77.00,214.00,0.795871,-1,-1,-1
479,8,342.00,878.00,83.00,201.00,0.847991,-1,-1,-1
479,12,905.00,947.00,64.00,132.00,0.786497,-1,-1,-1
479,13,1567.00,594.00,112.00,230.00,0.869303,-1,-1,-1
479,20,677.00,279.00,59.00,129.00,0.383985,-1,-1,-1
479,26,796.00,138.00,67.00,172.00,0.296667,-1,-1,-1
479,51,305.00,284.00,65.00,189.00,0.681196,-1,-1,-1
479,55,382.00,457.00,72.00,223.00,0.675359,-1,-1,-1
479,71,927.00,278.00,65.00,203.00,0.776965,-1,-1,-1
479,72,842.00,294.00,61.00,201.00,0.763744,-1,-1,-1
479,76,300.00,477.00,80.00,201.00,0.746708,-1,-1,-1
479,112,1809.00,202.00,65.00,185.00,0.702677,-1,-1,-1
479,120,387.00,277.00,76.00,200.00,0.588483,-1,-1,-1
479,122,1677.00,163.00,61.00,162.00,0.840557,-1,-1,-1
479,128,1207.00,140.00,63.00,170.00,0.664937,-1,-1,-1
479,130,1437.00,0.00,42.00,69.00,0.203607,-1,-1,-1
479,132,1170.00,627.00,87.00,257.00,0.887076,-1,-1,-1
479,136,1741.00,671.00,92.00,256.00,0.752771,-1,-1,-1
479,139,1470.00,177.00,64.00,150.00,0.703714,-1,-1,-1
479,144,232.00,134.00,54.00,167.00,0.202480,-1,-1,-1
479,146,439.00,69.00,56.00,172.00,0.147304,-1,-1,-1
479,147,497.00,273.00,67.00,189.00,0.680034,-1,-1,-1
479,168,367.00,172.00,60.00,170.00,0.202472,-1,-1,-1
479,178,590.00,548.00,88.00,242.00,0.638804,-1,-1,-1
480,5,1719.00,452.00,76.00,213.00,0.829501,-1,-1,-1
480,8,344.00,880.00,83.00,199.00,0.838268,-1,-1,-1
480,12,905.00,948.00,64.00,131.00,0.773399,-1,-1,-1
480,13,1566.00,593.00,112.00,231.00,0.885227,-1,-1,-1
480,20,677.00,279.00,59.00,130.00,0.381510,-1,-1,-1
480,26,796.00,138.00,67.00,173.00,0.235021,-1,-1,-1
480,51,304.00,285.00,65.00,190.00,0.628625,-1,-1,-1
480,55,381.00,460.00,72.00,224.00,0.657129,-1,-1,-1
480,71,927.00,277.00,66.00,204.00,0.754828,-1,-1,-1
480,72,843.00,293.00,61.00,201.00,0.743525,-1,-1,-1
480,76,299.00,479.00,79.00,199.00,0.638281,-1,-1,-1
480,112,1811.00,203.00,66.00,185.00,0.710061,-1,-1,-1
480,120,387.00,279.00,75.00,198.00,0.575687,-1,-1,-1
480,122,1679.00,164.00,60.00,160.00,0.776337,-1,-1,-1
480,128,1210.00,141.00,62.00,170.00,0.676455,-1,-1,-1
480,130,1437.00,0.00,41.00,69.00,0.193718,-1,-1,-1
480,132,1169.00,627.00,87.00,257.00,0.883685,-1,-1,-1
480,136,1742.00,670.00,92.00,257.00,0.756792,-1,-1,-1
480,139,1470.00,178.00,64.00,151.00,0.649426,-1,-1,-1
480,144,232.00,135.00,54.00,166.00,0.191513,-1,-1,-1
480,146,440.00,70.00,54.00,171.00,0.114490,-1,-1,-1
480,147,496.00,276.00,67.00,188.00,0.623282,-1,-1,-1
480,168,368.00,173.00,59.00,169.00,0.177876,-1,-1,-1
480,178,591.00,548.00,87.00,242.00,0.607558,-1,-1,-1
481,5,1719.00,452.00,75.00,212.00,0.819703,-1,-1,-1
481,8,346.00,882.00,83.00,197.00,0.847314,-1,-1,-1
481,12,905.00,949.00,64.00,130.00,0.786219,-1,-1,-1
481,13,1567.00,594.00,112.00,230.00,0.877649,-1,-1,-1
481,20,677.00,280.00,59.00,129.00,0.408221,-1,-1,-1
481,26,796.00,138.00,68.00,173.00,0.254421,-1,-1,-1
481,51,303.00,287.00,66.00,190.00,0.664845,-1,-1,-1
481,55,380.00,462.00,73.00,226.00,0.647088,-1,-1,-1
481,71,928.00,276.00,65.00,205.00,0.772015,-1,-1,-1
481,72,843.00,292.00,61.00,201.00,0.733271,-1,-1,-1
481,76,298.00,480.00,79.00,199.00,0.561598,-1,-1,-1
481,112,1814.00,203.00,65.00,183.00,0.705222,-1,-1,-1
481,120,388.00,281.00,73.00,195.00,0.581373,-1,-1,-1
481,122,1680.00,164.00,61.00,162.00,0.782559,-1,-1,-1
481,128,1213.00,141.00,62.00,170.00,0.606661,-1,-1,-1
481,130,1436.00,0.00,42.00,69.00,0.191718,-1,-1,-1
481,132,1167.00,627.00,88.00,257.00,0.881091,-1,-1,-1
481,136,1743.00,669.00,91.00,257.00,0.759689,-1,-1,-1
481,139,1468.00,179.00,67.00,158.00,0.649030,-1,-1,-1
481,144,232.00,137.00,54.00,164.00,0.177179,-1,-1,-1
481,147,496.00,278.00,67.00,188.00,0.666311,-1,-1,-1
481,168,369.00,174.00,58.00,168.00,0.161053,-1,-1,-1
481,178,592.00,549.00,87.00,241.00,0.634823,-1,-1,-1
482,5,1719.00,453.00,75.00,211.00,0.820415,-1,-1,-1
482,8,347.00,884.00,84.00,195.00,0.860656,-1,-1,-1
482,12,905.00,949.00,64.00,130.00,0.780735,-1,-1,-1
482,13,1567.00,592.00,113.00,232.00,0.891319,-1,-1,-1
482,20,677.00,280.00,59.00,129.00,0.362921,-1,-1,-1
482,26,796.00,138.00,67.00,173.00,0.218354,-1,-1,-1
482,51,301.00,287.00,68.00,194.00,0.678658,-1,-1,-1
482,55,381.00,463.00,74.00,227.00,0.675092,-1,-1,-1
482,71,928.00,276.00,65.00,205.00,0.777062,-1,-1,-1
482,72,844.00,291.00,60.00,201.00,0.746179,-1,-1,-1
482,76,306.00,480.00,78.00,198.00,0.552135,-1,-1,-1
482,112,1816.00,204.00,64.00,181.00,0.755078,-1,-1,-1
482,120,388.00,283.00,72.00,193.00,0.578418,-1,-1,-1
482,122,1682.00,165.00,60.00,160.00,0.776484,-1,-1,-1
482,128,1217.00,141.00,62.00,174.00,0.580360,-1,-1,-1
482,130,1437.00,0.00,40.00,69.00,0.181745,-1,-1,-1
482,132,1165.00,626.00,88.00,258.00,0.888962,-1,-1,-1
482,136,1743.00,669.00,91.00,257.00,0.716480,-1,-1,-1
482,139,1468.00,179.00,68.00,161.00,0.652548,-1,-1,-1
482,144,232.00,138.00,53.00,162.00,0.184518,-1,-1,-1
482,147,495.00,279.00,68.00,189.00,0.654863,-1,-1,-1
482,168,372.00,175.00,57.00,166.00,0.157513,-1,-1,-1
482,178,592.00,551.00,86.00,240.00,0.636747,-1,-1,-1
483,5,1719.00,453.00,76.00,212.00,0.825669,-1,-1,-1
483,8,349.00,886.00,84.00,193.00,0.855183,-1,-1,-1
483,12,905.00,949.00,64.00,130.00,0.778179,-1,-1,-1
483,13,1566.00,592.00,113.00,232.00,0.872345,-1,-1,-1
483,20,677.00,280.00,59.00,129.00,0.416026,-1,-1,-1
483,26,796.00,139.00,67.00,172.00,0.247063,-1,-1,-1
483,51,302.00,289.00,67.00,192.00,0.646107,-1,-1,-1
483,55,381.00,465.00,74.00,226.00,0.640492,-1,-1,-1
483,71,927.00,276.00,65.00,206.00,0.786653,-1,-1,-1
483,72,844.00,289.00,60.00,200.00,0.763118,-1,-1,-1
483,76,302.00,481.00,78.00,197.00,0.545841,-1,-1,-1
483,112,1818.00,205.00,63.00,181.00,0.753107,-1,-1,-1
483,120,388.00,285.00,73.00,193.00,0.669059,-1,-1,-1
483,122,1684.00,166.00,60.00,161.00,0.794753,-1,-1,-1
483,128,1220.00,143.00,61.00,172.00,0.565134,-1,-1,-1
483,132,1163.00,625.00,89.00,259.00,0.893830,-1,-1,-1
483,136,1743.00,669.00,90.00,256.00,0.724418,-1,-1,-1
483,139,1467.00,180.00,68.00,163.00,0.612725,-1,-1,-1
483,144,232.00,139.00,53.00,161.00,0.176191,-1,-1,-1
483,147,495.00,281.00,67.00,188.00,0.680902,-1,-1,-1
483,168,373.00,175.00,56.00,166.00,0.165813,-1,-1,-1
483,178,591.00,551.00,87.00,239.00,0.681704,-1,-1,-1
484,5,1718.00,452.00,77.00,213.00,0.824621,-1,-1,-1
484,8,351.00,888.00,84.00,191.00,0.848010,-1,-1,-1
484,12,905.00,949.00,64.00,130.00,0.777454,-1,-1,-1
484,13,1566.00,592.00,113.00,232.00,0.881757,-1,-1,-1
484,20,677.00,281.00,59.00,128.00,0.400033,-1,-1,-1
484,26,796.00,139.00,67.00,171.00,0.229509,-1,-1,-1
484,51,304.00,290.00,64.00,187.00,0.645830,-1,-1,-1
484,55,381.00,468.00,75.00,227.00,0.649606,-1,-1,-1
484,71,928.00,276.00,65.00,206.00,0.778464,-1,-1,-1
484,72,844.00,287.00,60.00,198.00,0.746386,-1,-1,-1
484,76,299.00,481.00,78.00,198.00,0.610957,-1,-1,-1
484,112,1818.00,205.00,64.00,184.00,0.731851,-1,-1,-1
484,120,387.00,285.00,74.00,195.00,0.624159,-1,-1,-1
484,122,1685.00,167.00,60.00,162.00,0.786513,-1,-1,-1
484,128,1223.00,146.00,61.00,172.00,0.531214,-1,-1,-1
484,132,1160.00,623.00,90.00,259.00,0.885058,-1,-1,-1
484,136,1741.00,669.00,90.00,256.00,0.743121,-1,-1,-1
484,139,1468.00,180.00,67.00,161.00,0.610250,-1,-1,-1
484,144,232.00,140.00,52.00,160.00,0.164613,-1,-1,-1
484,147,495.00,283.00,66.00,187.00,0.649478,-1,-1,-1
484,168,375.00,174.00,57.00,170.00,0.119370,-1,-1,-1
484,178,592.00,552.00,86.00,238.00,0.710230,-1,-1,-1
485,5,1718.00,452.00,77.00,213.00,0.842822,-1,-1,-1
485,8,352.00,890.00,85.00,189.00,0.837461,-1,-1,-1
485,12,905.00,950.00,64.00,129.00,0.772928,-1,-1,-1
485,13,1566.00,593.00,112.00,231.00,0.883762,-1,-1,-1
485,20,677.00,281.00,59.00,128.00,0.394521,-1,-1,-1
485,26,797.00,139.00,66.00,170.00,0.225115,-1,-1,-1
485,51,303.00,290.00,64.00,186.00,0.631785,-1,-1,-1
485,55,381.00,469.00,74.00,228.00,0.653396,-1,-1,-1
485,71,928.00,275.00,64.00,205.00,0.786125,-1,-1,-1
485,72,845.00,284.00,58.00,196.00,0.738320,-1,-1,-1
485,76,299.00,482.00,79.00,198.00,0.604118,-1,-1,-1
485,112,1818.00,206.00,64.00,187.00,0.714108,-1,-1,-1
485,120,386.00,289.00,74.00,192.00,0.525849,-1,-1,-1
485,122,1687.00,169.00,58.00,161.00,0.768638,-1,-1,-1
485,128,1225.00,148.00,60.00,171.00,0.581612,-1,-1,-1
485,132,1158.00,622.00,90.00,258.00,0.883032,-1,-1,-1
485,136,1737.00,670.00,90.00,253.00,0.765471,-1,-1,-1
485,139,1466.00,181.00,67.00,161.00,0.652687,-1,-1,-1
485,144,232.00,140.00,52.00,160.00,0.166911,-1,-1,-1
485,147,494.00,284.00,66.00,186.00,0.546833,-1,-1,-1
485,168,377.00,174.00,55.00,169.00,0.126410,-1,-1,-1
485,178,591.00,552.00,87.00,238.00,0.717236,-1,-1,-1
486,5,1718.00,451.00,77.00,214.00,0.836264,-1,-1,-1
486,8,354.00,892.00,85.00,187.00,0.843688,-1,-1,-1
486,12,905.00,949.00,65.00,130.00,0.754215,-1,-1,-1
486,13,1566.00,595.00,112.00,229.00,0.882511,-1,-1,-1
486,20,677.00,280.00,59.00,129.00,0.387548,-1,-1,-1
486,26,796.00,139.00,67.00,171.00,0.213896,-1,-1,-1
486,51,302.00,292.00,63.00,183.00,0.600785,-1,-1,-1
486,55,378.00,469.00,75.00,231.00,0.628741,-1,-1,-1
486,71,928.00,274.00,64.00,205.00,0.770180,-1,-1,-1
486,72,845.00,282.00,59.00,195.00,0.734002,-1,-1,-1
486,76,300.00,484.00,81.00,202.00,0.563302,-1,-1,-1
486,112,1819.00,209.00,64.00,188.00,0.711967,-1,-1,-1
486,120,386.00,292.00,72.00,190.00,0.608702,-1,-1,-1
486,122,1687.00,171.00,59.00,162.00,0.738753,-1,-1,-1
486,128,1227.00,151.00,59.00,169.00,0.518753,-1,-1,-1
486,132,1155.00,620.00,91.00,258.00,0.886770,-1,-1,-1
486,136,1732.00,670.00,91.00,253.00,0.742744,-1,-1,-1
486,139,1465.00,180.00,67.00,162.00,0.623494,-1,-1,-1
486,144,232.00,141.00,52.00,159.00,0.152090,-1,-1,-1
486,147,493.00,285.00,67.00,185.00,0.583522,-1,-1,-1
486,168,381.00,173.00,53.00,166.00,0.152617,-1,-1,-1
486,178,590.00,551.00,87.00,239.00,0.724238,-1,-1,-1
487,5,1718.00,452.00,78.00,213.00,0.841427,-1,-1,-1
487,8,356.00,895.00,86.00,184.00,0.844480,-1,-1,-1
487,12,905.00,950.00,64.00,129.00,0.775885,-1,-1,-1
487,13,1566.00,594.00,112.00,230.00,0.886695,-1,-1,-1
487,20,677.00,280.00,59.00,129.00,0.392133,-1,-1,-1
487,26,796.00,139.00,67.00,171.00,0.219979,-1,-1,-1
487,51,300.00,293.00,64.00,182.00,0.639286,-1,-1,-1
487,55,379.00,471.00,74.00,229.00,0.619332,-1,-1,-1
487,71,928.00,273.00,64.00,204.00,0.776423,-1,-1,-1
487,72,845.00,280.00,59.00,194.00,0.720670,-1,-1,-1
487,76,297.00,486.00,83.00,205.00,0.668802,-1,-1,-1
487,112,1821.00,212.00,64.00,189.00,0.710364,-1,-1,-1
487,120,385.00,292.00,73.00,190.00,0.646792,-1,-1,-1
487,122,1689.00,172.00,58.00,160.00,0.718292,-1,-1,-1
487,128,1229.00,153.00,59.00,167.00,0.461797,-1,-1,-1
487,132,1154.00,617.00,90.00,259.00,0.874451,-1,-1,-1
487,136,1727.00,672.00,92.00,251.00,0.799565,-1,-1,-1
487,139,1464.00,180.00,67.00,163.00,0.667174,-1,-1,-1
487,144,232.00,142.00,52.00,158.00,0.173963,-1,-1,-1
487,147,488.00,285.00,68.00,185.00,0.540095,-1,-1,-1
487,168,385.00,174.00,51.00,157.00,0.155954,-1,-1,-1
487,178,589.00,552.00,87.00,238.00,0.746370,-1,-1,-1
488,5,1719.00,452.00,77.00,213.00,0.837632,-1,-1,-1
488,8,357.00,898.00,87.00,181.00,0.860435,-1,-1,-1
488,12,905.00,949.00,65.00,130.00,0.770590,-1,-1,-1
488,13,1566.00,594.00,111.00,230.00,0.866675,-1,-1,-1
488,20,677.00,280.00,59.00,129.00,0.351682,-1,-1,-1
488,26,796.00,139.00,67.00,171.00,0.261166,-1,-1,-1
488,51,299.00,293.00,64.00,185.00,0.637541,-1,-1,-1
488,55,379.00,469.00,74.00,232.00,0.624057,-1,-1,-1
488,71,928.00,271.00,63.00,201.00,0.761544,-1,-1,-1
488,72,844.00,279.00,59.00,195.00,0.745977,-1,-1,-1
488,76,296.00,489.00,83.00,206.00,0.668549,-1,-1,-1
488,112,1823.00,214.00,63.00,188.00,0.679705,-1,-1,-1
488,120,386.00,293.00,72.00,188.00,0.667375,-1,-1,-1
488,122,1690.00,174.00,57.00,159.00,0.712433,-1,-1,-1
488,128,1232.00,155.00,59.00,165.00,0.435743,-1,-1,-1
488,132,1152.00,613.00,92.00,261.00,0.856722,-1,-1,-1
488,136,1724.00,674.00,94.00,250.00,0.778508,-1,-1,-1
488,139,1464.00,181.00,66.00,162.00,0.695417,-1,-1,-1
488,144,232.00,142.00,52.00,157.00,0.154425,-1,-1,-1
488,147,488.00,285.00,68.00,185.00,0.611165,-1,-1,-1
488,168,388.00,177.00,49.00,149.00,0.159326,-1,-1,-1
488,178,588.00,551.00,87.00,239.00,0.758492,-1,-1,-1
488,186,1770.00,625.00,63.00,140.00,0.367849,-1,-1,-1
489,5,1718.00,452.00,78.00,214.00,0.826154,-1,-1,-1
489,8,359.00,900.00,87.00,179.00,0.871492,-1,-1,-1
489,12,905.00,950.00,65.00,129.00,0.782637,-1,-1,-1
489,13,1566.00,595.00,111.00,229.00,0.872083,-1,-1,-1
489,20,677.00,281.00,59.00,128.00,0.363285,-1,-1,-1
489,26,797.00,139.00,66.00,172.00,0.214785,-1,-1,-1
489,51,299.00,295.00,63.00,183.00,0.629055,-1,-1,-1
489,55,377.00,468.00,74.00,233.00,0.602593,-1,-1,-1
489,71,926.00,269.00,64.00,204.00,0.760733,-1,-1,-1
489,72,844.00,278.00,60.00,197.00,0.740018,-1,-1,-1
489,76,295.00,491.00,84.00,208.00,0.688128,-1,-1,-1
489,112,1825.00,215.00,62.00,189.00,0.663643,-1,-1,-1
489,120,386.00,293.00,72.00,186.00,0.597389,-1,-1,-1
489,122,1691.00,176.00,57.00,159.00,0.704696,-1,-1,-1
489,128,1235.00,156.00,60.00,165.00,0.380437,-1,-1,-1
489,132,1152.00,611.00,89.00,255.00,0.881199,-1,-1,-1
489,136,1722.00,676.00,95.00,248.00,0.763154,-1,-1,-1
489,139,1463.00,181.00,67.00,162.00,0.675201,-1,-1,-1
489,144,232.00,142.00,51.00,156.00,0.150766,-1,-1,-1
489,147,491.00,287.00,68.00,184.00,0.638525,-1,-1,-1
489,168,391.00,180.00,48.00,143.00,0.150139,-1,-1,-1
489,178,586.00,551.00,87.00,239.00,0.710184,-1,-1,-1
489,186,1767.00,624.00,66.00,149.00,0.317627,-1,-1,-1
490,5,1718.00,452.00,79.00,214.00,0.812514,-1,-1,-1
490,8,360.00,904.00,87.00,175.00,0.865081,-1,-1,-1
490,12,904.00,949.00,66.00,131.00,0.783075,-1,-1,-1
490,13,1566.00,595.00,111.00,229.00,0.860007,-1,-1,-1
490,20,677.00,281.00,59.00,128.00,0.357828,-1,-1,-1
490,26,797.00,140.00,66.00,171.00,0.210922,-1,-1,-1
490,51,297.00,295.00,64.00,185.00,0.640490,-1,-1,-1
490,55,378.00,470.00,72.00,232.00,0.626032,-1,-1,-1
490,71,926.00,268.00,63.00,200.00,0.726778,-1,-1,-1
490,72,843.00,277.00,61.00,197.00,0.733717,-1,-1,-1
490,76,294.00,492.00,85.00,211.00,0.651508,-1,-1,-1
490,112,1827.00,217.00,62.00,186.00,0.642006,-1,-1,-1
490,120,384.00,294.00,72.00,184.00,0.659540,-1,-1,-1
490,122,1692.00,177.00,57.00,159.00,0.723231,-1,-1,-1
490,128,1235.00,159.00,61.00,163.00,0.455770,-1,-1,-1
490,130,1431.00,0.00,38.00,65.00,0.251749,-1,-1,-1
490,132,1152.00,609.00,87.00,249.00,0.876338,-1,-1,-1
490,136,1719.00,677.00,97.00,247.00,0.734679,-1,-1,-1
490,139,1464.00,182.00,66.00,161.00,0.707390,-1,-1,-1
490,144,232.00,142.00,52.00,157.00,0.158611,-1,-1,-1
490,147,493.00,287.00,67.00,184.00,0.658888,-1,-1,-1
490,168,395.00,182.00,49.00,141.00,0.137258,-1,-1,-1
490,178,585.00,551.00,86.00,239.00,0.698771,-1,-1,-1
490,186,1762.00,624.00,70.00,156.00,0.269907,-1,-1,-1
491,5,1718.00,452.00,79.00,215.00,0.811412,-1,-1,-1
491,8,362.00,907.00,86.00,172.00,0.872334,-1,-1,-1
491,12,904.00,949.00,65.00,130.00,0.809297,-1,-1,-1
491,13,1567.00,595.00,111.00,230.00,0.879498,-1,-1,-1
491,20,677.00,282.00,59.00,127.00,0.343620,-1,-1,-1
491,26,796.00,140.00,67.00,171.00,0.199025,-1,-1,-1
491,51,297.00,296.00,64.00,184.00,0.677799,-1,-1,-1
491,55,377.00,472.00,71.00,230.00,0.637237,-1,-1,-1
491,71,926.00,266.00,63.00,199.00,0.733922,-1,-1,-1
491,72,843.00,276.00,61.00,198.00,0.743110,-1,-1,-1
491,76,301.00,496.00,83.00,209.00,0.614433,-1,-1,-1
491,112,1829.00,219.00,62.00,186.00,0.629910,-1,-1,-1
491,120,384.00,295.00,72.00,184.00,0.652832,-1,-1,-1
491,122,1693.00,178.00,58.00,158.00,0.697646,-1,-1,-1
491,128,1233.00,160.00,58.00,162.00,0.313293,-1,-1,-1
491,130,1430.00,0.00,38.00,64.00,0.202624,-1,-1,-1
491,132,1151.00,605.00,85.00,244.00,0.842085,-1,-1,-1
491,136,1716.00,680.00,97.00,242.00,0.732389,-1,-1,-1
491,139,1463.00,182.00,66.00,161.00,0.684890,-1,-1,-1
491,144,232.00,143.00,52.00,157.00,0.173215,-1,-1,-1
491,147,493.00,287.00,67.00,184.00,0.666323,-1,-1,-1
491,168,396.00,180.00,51.00,146.00,0.172017,-1,-1,-1
491,178,584.00,551.00,86.00,239.00,0.703716,-1,-1,-1
491,186,1760.00,623.00,71.00,162.00,0.323910,-1,-1,-1
492,5,1718.00,451.00,79.00,216.00,0.812550,-1,-1,-1
492,8,363.00,911.00,86.00,168.00,0.865193,-1,-1,-1
492,12,904.00,948.00,66.00,131.00,0.775264,-1,-1,-1
492,13,1567.00,596.00,110.00,229.00,0.877553,-1,-1,-1
492,20,677.00,282.00,59.00,127.00,0.361768,-1,-1,-1
492,26,796.00,140.00,67.00,171.00,0.196871,-1,-1,-1
492,51,297.00,296.00,64.00,185.00,0.660521,-1,-1,-1
492,55,376.00,475.00,69.00,227.00,0.647108,-1,-1,-1
492,71,926.00,264.00,63.00,199.00,0.752657,-1,-1,-1
492,72,843.00,275.00,62.00,199.00,0.750918,-1,-1,-1
492,76,296.00,497.00,83.00,210.00,0.744965,-1,-1,-1
492,112,1830.00,221.00,61.00,186.00,0.646220,-1,-1,-1
492,120,381.00,295.00,74.00,186.00,0.667340,-1,-1,-1
492,122,1696.00,179.00,57.00,159.00,0.710736,-1,-1,-1
492,128,1238.00,161.00,59.00,161.00,0.484655,-1,-1,-1
492,130,1430.00,0.00,38.00,64.00,0.184441,-1,-1,-1
492,132,1150.00,602.00,85.00,243.00,0.847491,-1,-1,-1
492,136,1714.00,682.00,98.00,241.00,0.771197,-1,-1,-1
492,139,1463.00,183.00,66.00,160.00,0.669713,-1,-1,-1
492,144,232.00,142.00,52.00,158.00,0.157608,-1,-1,-1
492,147,492.00,288.00,67.00,185.00,0.700174,-1,-1,-1
492,168,398.00,178.00,52.00,150.00,0.164077,-1,-1,-1
492,178,583.00,551.00,85.00,239.00,0.678512,-1,-1,-1
492,186,1754.00,623.00,79.00,183.00,0.340842,-1,-1,-1
493,5,1718.00,452.00,79.00,215.00,0.812102,-1,-1,-1
493,8,364.00,914.00,86.00,166.00,0.869441,-1,-1,-1
493,12,903.00,947.00,67.00,132.00,0.812390,-1,-1,-1
493,13,1567.00,597.00,110.00,228.00,0.872591,-1,-1,-1
493,20,678.00,283.00,58.00,126.00,0.377068,-1,-1,-1
493,26,796.00,140.00,67.00,172.00,0.216434,-1,-1,-1
493,51,295.00,297.00,65.00,187.00,0.669527,-1,-1,-1
493,55,376.00,477.00,68.00,225.00,0.659616,-1,-1,-1
493,71,925.00,262.00,65.00,199.00,0.776436,-1,-1,-1
493,72,842.00,275.00,63.00,199.00,0.750525,-1,-1,-1
493,76,292.00,499.00,84.00,209.00,0.727641,-1,-1,-1
493,112,1831.00,223.00,61.00,184.00,0.648142,-1,-1,-1
493,120,379.00,296.00,75.00,188.00,0.636806,-1,-1,-1
493,122,1697.00,179.00,57.00,157.00,0.746974,-1,-1,-1
493,128,1242.00,161.00,59.00,161.00,0.506283,-1,-1,-1
493,130,1430.00,0.00,38.00,62.00,0.114212,-1,-1,-1
493,132,1150.00,598.00,84.00,244.00,0.849046,-1,-1,-1
493,136,1713.00,682.00,98.00,240.00,0.759226,-1,-1,-1
493,139,1463.00,184.00,66.00,160.00,0.658769,-1,-1,-1
493,144,232.00,143.00,52.00,158.00,0.170516,-1,-1,-1
493,147,492.00,290.00,68.00,187.00,0.704178,-1,-1,-1
493,168,402.00,176.00,52.00,152.00,0.171205,-1,-1,-1
493,178,582.00,551.00,84.00,239.00,0.676137,-1,-1,-1
493,186,1743.00,622.00,96.00,227.00,0.153775,-1,-1,-1
494,5,1718.00,452.00,79.00,215.00,0.808407,-1,-1,-1
494,8,364.00,917.00,86.00,163.00,0.847802,-1,-1,-1
494,12,903.00,947.00,66.00,132.00,0.808506,-1,-1,-1
494,13,1568.00,596.00,109.00,229.00,0.863588,-1,-1,-1
494,20,678.00,282.00,58.00,127.00,0.343126,-1,-1,-1
494,26,796.00,140.00,67.00,171.00,0.217374,-1,-1,-1
494,51,294.00,297.00,66.00,190.00,0.643683,-1,-1,-1
494,55,376.00,479.00,66.00,222.00,0.640630,-1,-1,-1
494,71,925.00,260.00,65.00,199.00,0.763883,-1,-1,-1
494,72,842.00,274.00,62.00,198.00,0.766338,-1,-1,-1
494,76,289.00,500.00,84.00,208.00,0.766628,-1,-1,-1
494,112,1833.00,223.00,61.00,183.00,0.650288,-1,-1,-1
494,120,376.00,296.00,77.00,193.00,0.636232,-1,-1,-1
494,122,1699.00,179.00,56.00,158.00,0.777716,-1,-1,-1
494,128,1243.00,160.00,60.00,161.00,0.477560,-1,-1,-1
494,130,1429.00,0.00,38.00,61.00,0.190666,-1,-1,-1
494,132,1148.00,595.00,86.00,246.00,0.856905,-1,-1,-1
494,136,1712.00,683.00,98.00,238.00,0.792488,-1,-1,-1
494,139,1463.00,185.00,67.00,161.00,0.698013,-1,-1,-1
494,144,232.00,142.00,52.00,159.00,0.174276,-1,-1,-1
494,147,491.00,291.00,69.00,190.00,0.694988,-1,-1,-1
494,168,404.00,175.00,54.00,157.00,0.180875,-1,-1,-1
494,178,581.00,551.00,83.00,239.00,0.684801,-1,-1,-1
495,5,1719.00,452.00,79.00,214.00,0.807888,-1,-1,-1
495,8,364.00,919.00,86.00,160.00,0.858464,-1,-1,-1
495,12,902.00,946.00,67.00,132.00,0.796337,-1,-1,-1
495,13,1567.00,595.00,110.00,230.00,0.854496,-1,-1,-1
495,20,677.00,282.00,59.00,127.00,0.389561,-1,-1,-1
495,26,797.00,140.00,65.00,170.00,0.199219,-1,-1,-1
495,51,294.00,298.00,65.00,192.00,0.677293,-1,-1,-1
495,55,376.00,480.00,65.00,221.00,0.633258,-1,-1,-1
495,71,927.00,258.00,65.00,201.00,0.768344,-1,-1,-1
495,72,842.00,273.00,63.00,199.00,0.752976,-1,-1,-1
495,76,287.00,500.00,85.00,208.00,0.773726,-1,-1,-1
495,112,1835.00,224.00,61.00,182.00,0.652255,-1,-1,-1
495,120,374.00,297.00,77.00,193.00,0.616853,-1,-1,-1
495,122,1700.00,179.00,57.00,159.00,0.824188,-1,-1,-1
495,128,1246.00,159.00,60.00,162.00,0.477566,-1,-1,-1
495,130,1427.00,0.00,38.00,61.00,0.153558,-1,-1,-1
495,132,1147.00,594.00,86.00,247.00,0.876293,-1,-1,-1
495,136,1710.00,683.00,98.00,237.00,0.805299,-1,-1,-1
495,139,1464.00,186.00,66.00,161.00,0.673905,-1,-1,-1
495,144,233.00,142.00,51.00,159.00,0.170014,-1,-1,-1
495,147,491.00,292.00,68.00,190.00,0.727796,-1,-1,-1
495,168,405.00,172.00,58.00,171.00,0.214631,-1,-1,-1
495,178,579.00,550.00,82.00,239.00,0.680281,-1,-1,-1
496,5,1719.00,452.00,79.00,215.00,0.813411,-1,-1,-1
496,8,364.00,921.00,87.00,158.00,0.858420,-1,-1,-1
496,12,902.00,946.00,67.00,132.00,0.794734,-1,-1,-1
496,13,1568.00,595.00,110.00,230.00,0.856727,-1,-1,-1
496,20,676.00,281.00,60.00,128.00,0.354787,-1,-1,-1
496,26,797.00,140.00,66.00,171.00,0.209147,-1,-1,-1
496,51,293.00,298.00,66.00,194.00,0.673756,-1,-1,-1
496,55,376.00,482.00,65.00,224.00,0.608668,-1,-1,-1
496,71,927.00,257.00,66.00,201.00,0.753539,-1,-1,-1
496,72,842.00,271.00,63.00,200.00,0.744527,-1,-1,-1
496,76,285.00,502.00,86.00,206.00,0.804614,-1,-1,-1
496,112,1837.00,224.00,61.00,182.00,0.668030,-1,-1,-1
496,120,372.00,298.00,77.00,193.00,0.679080,-1,-1,-1
496,122,1700.00,179.00,58.00,163.00,0.838017,-1,-1,-1
496,128,1245.00,162.00,59.00,158.00,0.486342,-1,-1,-1
496,132,1147.00,593.00,86.00,248.00,0.875386,-1,-1,-1
496,136,1709.00,680.00,98.00,239.00,0.790784,-1,-1,-1
496,139,1464.00,189.00,67.00,161.00,0.710938,-1,-1,-1
496,144,232.00,141.00,53.00,160.00,0.170751,-1,-1,-1
496,147,490.00,293.00,69.00,192.00,0.739769,-1,-1,-1
496,168,405.00,169.00,59.00,176.00,0.275026,-1,-1,-1
496,178,578.00,549.00,81.00,240.00,0.703125,-1,-1,-1
497,5,1719.00,453.00,79.00,213.00,0.807162,-1,-1,-1
497,8,365.00,923.00,86.00,156.00,0.845919,-1,-1,-1
497,12,901.00,946.00,67.00,132.00,0.803879,-1,-1,-1
497,13,1567.00,594.00,111.00,231.00,0.856440,-1,-1,-1
497,20,676.00,281.00,60.00,129.00,0.384258,-1,-1,-1
497,26,797.00,140.00,66.00,170.00,0.258087,-1,-1,-1
497,51,293.00,301.00,65.00,192.00,0.698575,-1,-1,-1
497,55,375.00,484.00,66.00,228.00,0.631836,-1,-1,-1
497,71,928.00,257.00,67.00,203.00,0.764944,-1,-1,-1
497,72,842.00,270.00,63.00,200.00,0.732738,-1,-1,-1
497,76,284.00,500.00,86.00,207.00,0.802183,-1,-1,-1
497,112,1837.00,224.00,61.00,180.00,0.652045,-1,-1,-1
497,120,371.00,300.00,76.00,192.00,0.717144,-1,-1,-1
497,122,1700.00,180.00,59.00,166.00,0.840455,-1,-1,-1
497,128,1245.00,158.00,61.00,163.00,0.411281,-1,-1,-1
497,132,1147.00,592.00,86.00,250.00,0.880101,-1,-1,-1
497,136,1708.00,679.00,99.00,239.00,0.797469,-1,-1,-1
497,139,1464.00,192.00,66.00,158.00,0.670521,-1,-1,-1
497,144,232.00,140.00,53.00,162.00,0.228140,-1,-1,-1
497,147,490.00,295.00,69.00,191.00,0.780230,-1,-1,-1
497,168,406.00,169.00,60.00,179.00,0.272391,-1,-1,-1
497,178,577.00,549.00,80.00,239.00,0.713810,-1,-1,-1
498,5,1720.00,453.00,78.00,212.00,0.797771,-1,-1,-1
498,8,365.00,924.00,87.00,155.00,0.840660,-1,-1,-1
498,12,901.00,946.00,67.00,132.00,0.811532,-1,-1,-1
498,13,1568.00,594.00,110.00,231.00,0.858407,-1,-1,-1
498,20,677.00,282.00,59.00,128.00,0.394291,-1,-1,-1
498,26,797.00,140.00,66.00,172.00,0.218376,-1,-1,-1
498,51,292.00,302.00,66.00,194.00,0.663551,-1,-1,-1
498,55,376.00,486.00,65.00,229.00,0.592000,-1,-1,-1
498,71,928.00,256.00,67.00,204.00,0.755087,-1,-1,-1
498,72,842.00,268.00,63.00,199.00,0.720975,-1,-1,-1
498,76,283.00,501.00,87.00,206.00,0.770848,-1,-1,-1
498,112,1838.00,225.00,60.00,180.00,0.631095,-1,-1,-1
498,120,370.00,301.00,76.00,193.00,0.669804,-1,-1,-1
498,122,1700.00,182.00,60.00,168.00,0.892758,-1,-1,-1
498,128,1253.00,155.00,65.00,166.00,0.332283,-1,-1,-1
498,132,1146.00,591.00,87.00,252.00,0.890725,-1,-1,-1
498,136,1708.00,682.00,98.00,237.00,0.794850,-1,-1,-1
498,139,1465.00,194.00,65.00,157.00,0.671668,-1,-1,-1
498,144,233.00,140.00,53.00,162.00,0.209921,-1,-1,-1
498,147,490.00,296.00,69.00,193.00,0.752439,-1,-1,-1
498,168,409.00,169.00,60.00,180.00,0.285965,-1,-1,-1
498,178,577.00,549.00,79.00,239.00,0.687328,-1,-1,-1
499,5,1720.00,453.00,78.00,211.00,0.804356,-1,-1,-1
499,8,365.00,925.00,88.00,154.00,0.836719,-1,-1,-1
499,12,900.00,945.00,67.00,133.00,0.810579,-1,-1,-1
499,13,1570.00,595.00,109.00,230.00,0.845309,-1,-1,-1
499,20,676.00,282.00,60.00,128.00,0.411398,-1,-1,-1
499,26,797.00,140.00,67.00,173.00,0.266884,-1,-1,-1
499,51,292.00,304.00,65.00,194.00,0.657638,-1,-1,-1
499,55,375.00,487.00,65.00,231.00,0.628328,-1,-1,-1
499,71,929.00,257.00,66.00,203.00,0.760157,-1,-1,-1
499,72,842.00,267.00,63.00,198.00,0.743500,-1,-1,-1
499,76,283.00,501.00,87.00,206.00,0.764784,-1,-1,-1
499,112,1841.00,226.00,62.00,184.00,0.719501,-1,-1,-1
499,120,371.00,302.00,75.00,191.00,0.663190,-1,-1,-1
499,122,1700.00,184.00,60.00,170.00,0.905924,-1,-1,-1
499,128,1252.00,164.00,64.00,157.00,0.429810,-1,-1,-1
499,132,1146.00,590.00,87.00,253.00,0.886879,-1,-1,-1
499,136,1708.00,684.00,97.00,235.00,0.790568,-1,-1,-1
499,139,1465.00,196.00,66.00,157.00,0.718939,-1,-1,-1
499,144,233.00,140.00,53.00,162.00,0.205821,-1,-1,-1
499,147,490.00,298.00,69.00,192.00,0.755522,-1,-1,-1
499,168,414.00,172.00,55.00,165.00,0.311831,-1,-1,-1
499,178,577.00,548.00,78.00,240.00,0.697846,-1,-1,-1
500,5,1720.00,453.00,78.00,209.00,0.790982,-1,-1,-1
500,8,366.00,927.00,87.00,152.00,0.829049,-1,-1,-1
500,12,900.00,945.00,66.00,133.00,0.836819,-1,-1,-1
500,13,1570.00,596.00,108.00,230.00,0.847857,-1,-1,-1
500,20,676.00,283.00,59.00,128.00,0.367805,-1,-1,-1
500,26,797.00,140.00,67.00,174.00,0.213577,-1,-1,-1
500,51,292.00,306.00,65.00,197.00,0.674654,-1,-1,-1
500,55,374.00,488.00,65.00,234.00,0.618022,-1,-1,-1
500,71,929.00,257.00,67.00,203.00,0.735899,-1,-1,-1
500,72,843.00,265.00,62.00,195.00,0.724026,-1,-1,-1
500,76,283.00,498.00,88.00,209.00,0.754603,-1,-1,-1
500,112,1842.00,227.00,63.00,186.00,0.694650,-1,-1,-1
500,120,370.00,304.00,75.00,192.00,0.683830,-1,-1,-1
500,122,1700.00,186.00,60.00,170.00,0.883760,-1,-1,-1
500,128,1254.00,172.00,63.00,148.00,0.406099,-1,-1,-1
500,132,1145.00,589.00,87.00,252.00,0.836775,-1,-1,-1
500,136,1708.00,685.00,98.00,234.00,0.772220,-1,-1,-1
500,139,1466.00,197.00,66.00,159.00,0.644312,-1,-1,-1
500,144,233.00,139.00,53.00,164.00,0.187060,-1,-1,-1
500,147,490.00,299.00,69.00,192.00,0.742710,-1,-1,-1
500,168,419.00,172.00,53.00,161.00,0.221811,-1,-1,-1
500,178,576.00,548.00,78.00,240.00,0.687542,-1,-1,-1
501,5,1720.00,453.00,78.00,208.00,0.777447,-1,-1,-1
501,8,368.00,929.00,87.00,150.00,0.836053,-1,-1,-1
501,12,899.00,945.00,67.00,133.00,0.809320,-1,-1,-1
501,13,1571.00,596.00,108.00,230.00,0.854043,-1,-1,-1
501,20,676.00,283.00,60.00,128.00,0.338875,-1,-1,-1
501,26,797.00,140.00,66.00,174.00,0.236324,-1,-1,-1
501,51,293.00,308.00,65.00,197.00,0.708949,-1,-1,-1
501,55,374.00,491.00,65.00,234.00,0.632907,-1,-1,-1
501,71,931.00,256.00,66.00,203.00,0.744425,-1,-1,-1
501,72,844.00,263.00,61.00,192.00,0.747974,-1,-1,-1
501,76,285.00,497.00,88.00,210.00,0.759740,-1,-1,-1
501,112,1842.00,229.00,65.00,190.00,0.715693,-1,-1,-1
501,120,369.00,306.00,75.00,194.00,0.696043,-1,-1,-1
501,122,1699.00,188.00,62.00,171.00,0.846556,-1,-1,-1
501,128,1254.00,176.00,63.00,144.00,0.400944,-1,-1,-1
501,132,1143.00,587.00,88.00,253.00,0.848156,-1,-1,-1
501,136,1708.00,685.00,97.00,234.00,0.726068,-1,-1,-1
501,139,1465.00,200.00,68.00,161.00,0.634031,-1,-1,-1
501,144,233.00,139.00,54.00,163.00,0.174968,-1,-1,-1
501,147,489.00,299.00,69.00,193.00,0.760460,-1,-1,-1
501,168,424.00,172.00,51.00,158.00,0.223900,-1,-1,-1
501,178,577.00,548.00,76.00,239.00,0.659954,-1,-1,-1
502,5,1720.00,453.00,78.00,207.00,0.793166,-1,-1,-1
502,8,368.00,931.00,87.00,148.00,0.841181,-1,-1,-1
502,12,899.00,945.00,67.00,133.00,0.802614,-1,-1,-1
502,13,1571.00,596.00,108.00,230.00,0.839467,-1,-1,-1
502,20,676.00,283.00,60.00,128.00,0.379050,-1,-1,-1
502,26,796.00,140.00,67.00,175.00,0.244415,-1,-1,-1
502,51,292.00,310.00,66.00,198.00,0.726761,-1,-1,-1
502,55,375.00,494.00,65.00,234.00,0.655097,-1,-1,-1
502,71,932.00,255.00,66.00,203.00,0.718074,-1,-1,-1
502,72,845.00,260.00,61.00,192.00,0.725924,-1,-1,-1
502,76,287.00,501.00,87.00,207.00,0.746593,-1,-1,-1
502,112,1842.00,231.00,66.00,193.00,0.719652,-1,-1,-1
502,120,368.00,308.00,75.00,194.00,0.691443,-1,-1,-1
502,122,1699.00,191.00,62.00,172.00,0.847897,-1,-1,-1
502,128,1253.00,177.00,63.00,144.00,0.374904,-1,-1,-1
502,132,1141.00,586.00,88.00,252.00,0.848324,-1,-1,-1
502,136,1701.00,684.00,96.00,236.00,0.713170,-1,-1,-1
502,139,1466.00,203.00,67.00,159.00,0.563476,-1,-1,-1
502,144,234.00,139.00,53.00,164.00,0.177027,-1,-1,-1
502,147,488.00,301.00,69.00,191.00,0.739919,-1,-1,-1
502,168,426.00,172.00,51.00,159.00,0.346776,-1,-1,-1
502,178,576.00,547.00,76.00,240.00,0.663177,-1,-1,-1
503,5,1721.00,453.00,78.00,208.00,0.813284,-1,-1,-1
503,8,370.00,932.00,86.00,147.00,0.855987,-1,-1,-1
503,12,898.00,944.00,66.00,134.00,0.807505,-1,-1,-1
503,13,1571.00,597.00,109.00,230.00,0.832930,-1,-1,-1
503,20,676.00,283.00,60.00,128.00,0.371866,-1,-1,-1
503,26,796.00,140.00,67.00,175.00,0.229905,-1,-1,-1
503,51,293.00,312.00,64.00,196.00,0.754024,-1,-1,-1
503,55,375.00,495.00,65.00,235.00,0.658529,-1,-1,-1
503,71,933.00,254.00,65.00,202.00,0.748858,-1,-1,-1
503,72,846.00,258.00,61.00,193.00,0.735034,-1,-1,-1
503,76,289.00,506.00,85.00,204.00,0.752498,-1,-1,-1
503,112,1844.00,234.00,66.00,191.00,0.749454,-1,-1,-1
503,120,368.00,309.00,74.00,195.00,0.707741,-1,-1,-1
503,122,1698.00,193.00,64.00,176.00,0.866092,-1,-1,-1
503,128,1251.00,179.00,63.00,142.00,0.341673,-1,-1,-1
503,132,1139.00,584.00,88.00,253.00,0.862671,-1,-1,-1
503,136,1697.00,684.00,95.00,236.00,0.711574,-1,-1,-1
503,139,1467.00,204.00,67.00,159.00,0.629404,-1,-1,-1
503,144,234.00,139.00,53.00,163.00,0.161053,-1,-1,-1
503,147,488.00,302.00,69.00,190.00,0.693866,-1,-1,-1
503,168,429.00,173.00,50.00,159.00,0.354783,-1,-1,-1
503,178,576.00,546.00,75.00,241.00,0.679230,-1,-1,-1
504,5,1720.00,453.00,79.00,208.00,0.808721,-1,-1,-1
504,8,371.00,935.00,86.00,144.00,0.861591,-1,-1,-1
504,12,898.00,944.00,65.00,134.00,0.811722,-1,-1,-1
504,13,1571.00,596.00,109.00,231.00,0.847318,-1,-1,-1
504,20,676.00,283.00,60.00,129.00,0.385442,-1,-1,-1
504,26,796.00,140.00,67.00,176.00,0.247592,-1,-1,-1
504,51,294.00,314.00,64.00,195.00,0.741434,-1,-1,-1
504,55,374.00,497.00,65.00,233.00,0.694193,-1,-1,-1
504,71,934.00,253.00,65.00,202.00,0.741982,-1,-1,-1
504,72,846.00,257.00,62.00,194.00,0.737705,-1,-1,-1
504,76,289.00,509.00,86.00,207.00,0.782232,-1,-1,-1
504,112,1846.00,236.00,66.00,191.00,0.717969,-1,-1,-1
504,120,368.00,312.00,74.00,193.00,0.694190,-1,-1,-1
504,122,1698.00,196.00,65.00,176.00,0.883278,-1,-1,-1
504,128,1252.00,179.00,62.00,141.00,0.440271,-1,-1,-1
504,132,1138.00,582.00,86.00,251.00,0.858897,-1,-1,-1
504,136,1693.00,684.00,93.00,236.00,0.723977,-1,-1,-1
504,139,1468.00,205.00,66.00,158.00,0.565205,-1,-1,-1
504,144,234.00,139.00,53.00,163.00,0.189098,-1,-1,-1
504,147,487.00,302.00,68.00,190.00,0.694517,-1,-1,-1
504,168,431.00,176.00,51.00,160.00,0.300611,-1,-1,-1
504,178,574.00,545.00,75.00,242.00,0.663094,-1,-1,-1
505,5,1720.00,453.00,80.00,209.00,0.817874,-1,-1,-1
505,8,373.00,937.00,85.00,142.00,0.867284,-1,-1,-1
505,12,896.00,944.00,66.00,134.00,0.815438,-1,-1,-1
505,13,1571.00,596.00,108.00,231.00,0.818676,-1,-1,-1
505,20,676.00,282.00,61.00,129.00,0.357225,-1,-1,-1
505,26,797.00,140.00,67.00,177.00,0.238054,-1,-1,-1
505,51,294.00,315.00,64.00,196.00,0.732669,-1,-1,-1
505,55,374.00,498.00,64.00,232.00,0.695935,-1,-1,-1
505,71,935.00,250.00,64.00,203.00,0.729728,-1,-1,-1
505,72,847.00,256.00,61.00,195.00,0.730020,-1,-1,-1
505,76,290.00,512.00,85.00,209.00,0.752461,-1,-1,-1
505,112,1846.00,238.00,66.00,191.00,0.711279,-1,-1,-1
505,120,368.00,314.00,72.00,191.00,0.705442,-1,-1,-1
505,122,1698.00,197.00,65.00,178.00,0.874918,-1,-1,-1
505,128,1253.00,178.00,62.00,142.00,0.387859,-1,-1,-1
505,132,1138.00,580.00,85.00,248.00,0.858639,-1,-1,-1
505,136,1693.00,684.00,90.00,237.00,0.671080,-1,-1,-1
505,139,1469.00,205.00,67.00,161.00,0.632129,-1,-1,-1
505,144,234.00,139.00,54.00,164.00,0.192873,-1,-1,-1
505,147,486.00,303.00,69.00,188.00,0.733681,-1,-1,-1
505,168,435.00,178.00,52.00,160.00,0.422017,-1,-1,-1
505,178,573.00,544.00,76.00,244.00,0.684888,-1,-1,-1
506,5,1720.00,453.00,80.00,211.00,0.818341,-1,-1,-1
506,8,374.00,940.00,84.00,139.00,0.860699,-1,-1,-1
506,12,896.00,944.00,65.00,135.00,0.822933,-1,-1,-1
506,13,1571.00,596.00,108.00,231.00,0.819796,-1,-1,-1
506,20,676.00,281.00,61.00,130.00,0.369350,-1,-1,-1
506,26,797.00,140.00,67.00,176.00,0.240359,-1,-1,-1
506,51,295.00,316.00,64.00,195.00,0.717472,-1,-1,-1
506,55,374.00,499.00,64.00,232.00,0.691660,-1,-1,-1
506,71,937.00,249.00,62.00,198.00,0.739971,-1,-1,-1
506,72,847.00,256.00,61.00,195.00,0.740643,-1,-1,-1
506,76,290.00,515.00,85.00,211.00,0.773341,-1,-1,-1
506,112,1847.00,240.00,66.00,192.00,0.725000,-1,-1,-1
506,120,367.00,315.00,72.00,190.00,0.675546,-1,-1,-1
506,122,1698.00,198.00,65.00,178.00,0.855700,-1,-1,-1
506,128,1257.00,178.00,61.00,141.00,0.394478,-1,-1,-1
506,132,1138.00,576.00,83.00,245.00,0.859586,-1,-1,-1
506,136,1691.00,683.00,89.00,238.00,0.643477,-1,-1,-1
506,139,1470.00,206.00,67.00,159.00,0.623392,-1,-1,-1
506,144,234.00,139.00,54.00,164.00,0.188021,-1,-1,-1
506,147,486.00,304.00,69.00,188.00,0.715798,-1,-1,-1
506,168,439.00,179.00,53.00,158.00,0.531643,-1,-1,-1
506,178,574.00,543.00,74.00,244.00,0.669801,-1,-1,-1
507,5,1719.00,453.00,80.00,210.00,0.813845,-1,-1,-1
507,8,376.00,943.00,83.00,136.00,0.847958,-1,-1,-1
507,12,895.00,943.00,65.00,136.00,0.809869,-1,-1,-1
507,13,1572.00,595.00,109.00,231.00,0.806940,-1,-1,-1
507,20,676.00,281.00,60.00,131.00,0.399726,-1,-1,-1
507,26,797.00,140.00,66.00,175.00,0.267592,-1,-1,-1
507,51,294.00,316.00,65.00,195.00,0.727210,-1,-1,-1
507,55,374.00,501.00,64.00,230.00,0.697283,-1,-1,-1
507,71,939.00,247.00,61.00,196.00,0.772944,-1,-1,-1
507,72,848.00,256.00,60.00,195.00,0.731723,-1,-1,-1
507,76,290.00,517.00,85.00,213.00,0.804228,-1,-1,-1
507,112,1847.00,242.00,66.00,191.00,0.719539,-1,-1,-1
507,120,366.00,315.00,73.00,195.00,0.716327,-1,-1,-1
507,122,1698.00,200.00,66.00,176.00,0.867167,-1,-1,-1
507,128,1261.00,177.00,61.00,143.00,0.370634,-1,-1,-1
507,132,1137.00,573.00,83.00,242.00,0.862470,-1,-1,-1
507,136,1692.00,682.00,87.00,238.00,0.474153,-1,-1,-1
507,139,1472.00,206.00,66.00,158.00,0.604035,-1,-1,-1
507,144,234.00,139.00,53.00,164.00,0.210015,-1,-1,-1
507,147,486.00,304.00,69.00,190.00,0.740693,-1,-1,-1
507,168,441.00,178.00,54.00,158.00,0.477425,-1,-1,-1
507,178,573.00,541.00,74.00,246.00,0.688489,-1,-1,-1
508,5,1719.00,454.00,80.00,210.00,0.818034,-1,-1,-1
508,8,378.00,946.00,82.00,133.00,0.842116,-1,-1,-1
508,12,894.00,943.00,65.00,136.00,0.815811,-1,-1,-1
508,13,1573.00,595.00,108.00,231.00,0.797715,-1,-1,-1
508,20,676.00,280.00,61.00,132.00,0.394277,-1,-1,-1
508,26,796.00,140.00,67.00,176.00,0.295702,-1,-1,-1
508,51,295.00,317.00,65.00,194.00,0.733277,-1,-1,-1
508,55,373.00,502.00,63.00,229.00,0.709150,-1,-1,-1
508,71,940.00,246.00,61.00,194.00,0.768995,-1,-1,-1
508,72,848.00,255.00,60.00,196.00,0.748650,-1,-1,-1
508,76,290.00,520.00,86.00,214.00,0.777093,-1,-1,-1
508,112,1847.00,244.00,66.00,190.00,0.742514,-1,-1,-1
508,120,365.00,316.00,73.00,196.00,0.699593,-1,-1,-1
508,122,1699.00,200.00,65.00,175.00,0.834488,-1,-1,-1
508,128,1265.00,177.00,61.00,143.00,0.323676,-1,-1,-1
508,132,1137.00,570.00,82.00,241.00,0.863974,-1,-1,-1
508,136,1689.00,680.00,86.00,239.00,0.566551,-1,-1,-1
508,139,1471.00,206.00,67.00,159.00,0.641331,-1,-1,-1
508,144,234.00,140.00,53.00,163.00,0.216995,-1,-1,-1
508,147,484.00,307.00,70.00,191.00,0.755433,-1,-1,-1
508,168,442.00,180.00,55.00,155.00,0.465691,-1,-1,-1
508,178,573.00,541.00,74.00,246.00,0.702203,-1,-1,-1
509,5,1718.00,454.00,81.00,210.00,0.821609,-1,-1,-1
509,8,381.00,949.00,81.00,130.00,0.833163,-1,-1,-1
509,12,893.00,942.00,64.00,137.00,0.800328,-1,-1,-1
509,13,1572.00,594.00,109.00,232.00,0.802034,-1,-1,-1
509,20,675.00,279.00,61.00,133.00,0.407590,-1,-1,-1
509,26,796.00,140.00,68.00,177.00,0.287290,-1,-1,-1
509,51,295.00,318.00,65.00,193.00,0.735232,-1,-1,-1
509,55,374.00,502.00,63.00,229.00,0.720547,-1,-1,-1
509,71,940.00,244.00,61.00,195.00,0.783910,-1,-1,-1
509,72,849.00,255.00,60.00,195.00,0.742666,-1,-1,-1
509,76,290.00,523.00,84.00,213.00,0.781463,-1,-1,-1
509,112,1848.00,245.00,64.00,188.00,0.765608,-1,-1,-1
509,120,365.00,317.00,72.00,194.00,0.715430,-1,-1,-1
509,122,1700.00,200.00,64.00,173.00,0.839994,-1,-1,-1
509,128,1269.00,179.00,60.00,142.00,0.485875,-1,-1,-1
509,132,1136.00,568.00,82.00,241.00,0.859173,-1,-1,-1
509,136,1681.00,677.00,87.00,241.00,0.517111,-1,-1,-1
509,139,1471.00,207.00,66.00,158.00,0.648128,-1,-1,-1
509,144,234.00,140.00,53.00,163.00,0.224512,-1,-1,-1
509,147,483.00,308.00,70.00,193.00,0.733852,-1,-1,-1
509,168,442.00,181.00,56.00,154.00,0.433194,-1,-1,-1
509,178,574.00,540.00,73.00,248.00,0.662058,-1,-1,-1
510,5,1718.00,454.00,81.00,211.00,0.823260,-1,-1,-1
510,8,384.00,952.00,80.00,127.00,0.838182,-1,-1,-1
510,12,892.00,941.00,64.00,138.00,0.856920,-1,-1,-1
510,13,1572.00,593.00,108.00,233.00,0.784451,-1,-1,-1
510,20,676.00,281.00,60.00,132.00,0.394085,-1,-1,-1
510,26,796.00,140.00,67.00,177.00,0.258259,-1,-1,-1
510,51,295.00,318.00,65.00,194.00,0.709198,-1,-1,-1
510,55,374.00,503.00,62.00,227.00,0.713291,-1,-1,-1
510,71,939.00,242.00,61.00,196.00,0.778718,-1,-1,-1
510,72,850.00,255.00,60.00,195.00,0.763700,-1,-1,-1
510,76,289.00,526.00,84.00,210.00,0.776918,-1,-1,-1
510,112,1849.00,244.00,64.00,190.00,0.757248,-1,-1,-1
510,120,364.00,318.00,71.00,193.00,0.709395,-1,-1,-1
510,122,1702.00,201.00,64.00,171.00,0.797656,-1,-1,-1
510,128,1270.00,180.00,58.00,141.00,0.471703,-1,-1,-1
510,132,1136.00,565.00,82.00,244.00,0.859641,-1,-1,-1
510,136,1676.00,679.00,86.00,238.00,0.665323,-1,-1,-1
510,139,1471.00,206.00,67.00,160.00,0.691574,-1,-1,-1
510,144,234.00,140.00,53.00,163.00,0.184834,-1,-1,-1
510,147,484.00,311.00,70.00,193.00,0.703053,-1,-1,-1
510,168,441.00,181.00,57.00,154.00,0.388151,-1,-1,-1
510,178,574.00,539.00,72.00,249.00,0.667202,-1,-1,-1
511,5,1718.00,453.00,81.00,212.00,0.823480,-1,-1,-1
511,8,387.00,955.00,79.00,124.00,0.844193,-1,-1,-1
511,12,891.00,940.00,63.00,139.00,0.826057,-1,-1,-1
511,13,1570.00,591.00,109.00,234.00,0.729441,-1,-1,-1
511,20,676.00,282.00,60.00,131.00,0.395470,-1,-1,-1
511,26,796.00,140.00,67.00,177.00,0.224792,-1,-1,-1
511,51,295.00,318.00,66.00,195.00,0.735289,-1,-1,-1
511,55,373.00,505.00,62.00,225.00,0.715107,-1,-1,-1
511,71,939.00,241.00,61.00,196.00,0.792461,-1,-1,-1
511,72,851.00,254.00,59.00,195.00,0.744619,-1,-1,-1
511,76,287.00,528.00,83.00,208.00,0.772770,-1,-1,-1
511,112,1850.00,244.00,64.00,190.00,0.760893,-1,-1,-1
511,120,363.00,318.00,72.00,194.00,0.720692,-1,-1,-1
511,122,1703.00,202.00,64.00,169.00,0.834148,-1,-1,-1
511,128,1272.00,182.00,57.00,140.00,0.485270,-1,-1,-1
511,132,1134.00,563.00,83.00,246.00,0.867686,-1,-1,-1
511,136,1672.00,681.00,85.00,237.00,0.676289,-1,-1,-1
511,139,1472.00,207.00,67.00,159.00,0.694585,-1,-1,-1
511,144,233.00,140.00,53.00,163.00,0.199248,-1,-1,-1
511,147,482.00,313.00,70.00,193.00,0.691012,-1,-1,-1
511,168,441.00,180.00,59.00,155.00,0.266874,-1,-1,-1
511,178,574.00,538.00,71.00,250.00,0.653467,-1,-1,-1
512,5,1718.00,454.00,81.00,211.00,0.829212,-1,-1,-1
512,8,390.00,958.00,78.00,121.00,0.856517,-1,-1,-1
512,12,890.00,939.00,63.00,140.00,0.816249,-1,-1,-1
512,13,1570.00,592.00,108.00,233.00,0.766208,-1,-1,-1
512,20,676.00,283.00,59.00,130.00,0.377102,-1,-1,-1
512,26,797.00,140.00,67.00,177.00,0.225454,-1,-1,-1
512,51,295.00,318.00,66.00,196.00,0.728707,-1,-1,-1
512,55,373.00,507.00,61.00,223.00,0.725690,-1,-1,-1
512,71,937.00,239.00,62.00,198.00,0.779077,-1,-1,-1
512,72,851.00,253.00,60.00,196.00,0.727059,-1,-1,-1
512,76,285.00,530.00,83.00,205.00,0.760451,-1,-1,-1
512,112,1852.00,244.00,63.00,190.00,0.790395,-1,-1,-1
512,120,363.00,318.00,71.00,193.00,0.698990,-1,-1,-1
512,122,1706.00,202.00,63.00,169.00,0.815750,-1,-1,-1
512,128,1278.00,180.00,58.00,143.00,0.512094,-1,-1,-1
512,132,1132.00,561.00,85.00,251.00,0.869104,-1,-1,-1
512,136,1668.00,676.00,86.00,242.00,0.668332,-1,-1,-1
512,139,1472.00,207.00,68.00,161.00,0.705337,-1,-1,-1
512,144,233.00,140.00,53.00,163.00,0.180686,-1,-1,-1
512,147,481.00,316.00,70.00,193.00,0.671707,-1,-1,-1
512,168,440.00,177.00,58.00,156.00,0.117338,-1,-1,-1
512,178,575.00,538.00,70.00,250.00,0.647495,-1,-1,-1
513,5,1718.00,454.00,80.00,211.00,0.835281,-1,-1,-1
513,8,393.00,961.00,77.00,118.00,0.849431,-1,-1,-1
513,12,889.00,939.00,62.00,140.00,0.859989,-1,-1,-1
513,13,1569.00,592.00,108.00,233.00,0.768135,-1,-1,-1
513,20,676.00,282.00,59.00,130.00,0.360134,-1,-1,-1
513,26,797.00,140.00,67.00,176.00,0.260480,-1,-1,-1
513,51,294.00,319.00,67.00,195.00,0.710061,-1,-1,-1
513,55,373.00,508.00,60.00,223.00,0.720567,-1,-1,-1
513,71,936.00,239.00,62.00,199.00,0.765153,-1,-1,-1
513,72,852.00,251.00,59.00,197.00,0.735255,-1,-1,-1
513,76,281.00,531.00,84.00,203.00,0.763039,-1,-1,-1
513,112,1854.00,245.00,63.00,188.00,0.784013,-1,-1,-1
513,120,362.00,318.00,71.00,193.00,0.705158,-1,-1,-1
513,122,1709.00,204.00,62.00,168.00,0.802197,-1,-1,-1
513,128,1282.00,181.00,59.00,142.00,0.544986,-1,-1,-1
513,132,1131.00,561.00,84.00,249.00,0.868641,-1,-1,-1
513,136,1664.00,677.00,87.00,241.00,0.713248,-1,-1,-1
513,139,1472.00,207.00,68.00,162.00,0.691183,-1,-1,-1
513,144,233.00,140.00,53.00,162.00,0.164445,-1,-1,-1
513,147,480.00,318.00,70.00,193.00,0.718848,-1,-1,-1
513,168,445.00,175.00,62.00,161.00,0.181485,-1,-1,-1
513,178,575.00,538.00,70.00,250.00,0.638746,-1,-1,-1
514,5,1718.00,454.00,80.00,212.00,0.825410,-1,-1,-1
514,8,395.00,963.00,77.00,117.00,0.844193,-1,-1,-1
514,12,888.00,938.00,62.00,140.00,0.831566,-1,-1,-1
514,13,1569.00,593.00,108.00,232.00,0.743457,-1,-1,-1
514,20,676.00,283.00,59.00,129.00,0.346837,-1,-1,-1
514,26,797.00,140.00,66.00,176.00,0.234295,-1,-1,-1
514,51,293.00,319.00,67.00,196.00,0.685685,-1,-1,-1
514,55,373.00,508.00,62.00,227.00,0.709185,-1,-1,-1
514,71,937.00,238.00,61.00,200.00,0.734553,-1,-1,-1
514,72,852.00,249.00,59.00,196.00,0.684664,-1,-1,-1
514,76,277.00,531.00,86.00,204.00,0.750169,-1,-1,-1
514,112,1855.00,246.00,63.00,189.00,0.761433,-1,-1,-1
514,120,362.00,319.00,71.00,192.00,0.690035,-1,-1,-1
514,122,1711.00,206.00,61.00,167.00,0.779618,-1,-1,-1
514,128,1285.00,184.00,58.00,138.00,0.516005,-1,-1,-1
514,132,1129.00,561.00,85.00,248.00,0.875041,-1,-1,-1
514,136,1662.00,677.00,87.00,240.00,0.735028,-1,-1,-1
514,139,1471.00,211.00,68.00,160.00,0.652210,-1,-1,-1
514,144,233.00,140.00,52.00,162.00,0.135304,-1,-1,-1
514,147,479.00,318.00,70.00,196.00,0.671131,-1,-1,-1
514,178,577.00,537.00,68.00,251.00,0.583139,-1,-1,-1
515,5,1718.00,454.00,81.00,212.00,0.824693,-1,-1,-1
515,8,399.00,964.00,76.00,116.00,0.841515,-1,-1,-1
515,12,887.00,937.00,61.00,141.00,0.824950,-1,-1,-1
515,13,1570.00,593.00,107.00,232.00,0.725105,-1,-1,-1
515,20,677.00,283.00,58.00,129.00,0.366914,-1,-1,-1
515,26,797.00,140.00,66.00,176.00,0.224602,-1,-1,-1
515,51,292.00,321.00,68.00,196.00,0.713949,-1,-1,-1
515,55,373.00,509.00,63.00,230.00,0.725897,-1,-1,-1
515,71,937.00,238.00,61.00,199.00,0.753131,-1,-1,-1
515,72,853.00,248.00,58.00,193.00,0.710429,-1,-1,-1
515,76,276.00,532.00,87.00,203.00,0.786547,-1,-1,-1
515,112,1855.00,246.00,63.00,191.00,0.752114,-1,-1,-1
515,120,361.00,319.00,71.00,195.00,0.702877,-1,-1,-1
515,122,1712.00,208.00,61.00,167.00,0.782814,-1,-1,-1
515,128,1290.00,186.00,59.00,136.00,0.538912,-1,-1,-1
515,132,1128.00,560.00,84.00,248.00,0.867223,-1,-1,-1
515,136,1658.00,675.00,89.00,243.00,0.705853,-1,-1,-1
515,139,1471.00,213.00,69.00,162.00,0.654048,-1,-1,-1
515,144,232.00,140.00,52.00,162.00,0.173341,-1,-1,-1
515,147,478.00,319.00,71.00,195.00,0.683881,-1,-1,-1
515,178,578.00,537.00,68.00,252.00,0.596780,-1,-1,-1
516,5,1718.00,454.00,81.00,213.00,0.809620,-1,-1,-1
516,8,402.00,966.00,77.00,113.00,0.815366,-1,-1,-1
516,12,885.00,936.00,61.00,143.00,0.820815,-1,-1,-1
516,13,1569.00,593.00,107.00,232.00,0.729772,-1,-1,-1
516,20,676.00,282.00,59.00,130.00,0.371168,-1,-1,-1
516,26,798.00,139.00,65.00,177.00,0.238790,-1,-1,-1
516,51,292.00,322.00,68.00,196.00,0.735625,-1,-1,-1
516,55,373.00,510.00,63.00,233.00,0.730643,-1,-1,-1
516,71,937.00,238.00,61.00,199.00,0.722421,-1,-1,-1
516,72,854.00,246.00,57.00,189.00,0.677554,-1,-1,-1
516,76,274.00,532.00,88.00,203.00,0.725366,-1,-1,-1
516,112,1856.00,248.00,64.00,193.00,0.755698,-1,-1,-1
516,120,360.00,320.00,72.00,194.00,0.728655,-1,-1,-1
516,122,1712.00,211.00,61.00,166.00,0.744260,-1,-1,-1
516,128,1291.00,188.00,61.00,136.00,0.621092,-1,-1,-1
516,132,1126.00,560.00,85.00,246.00,0.863205,-1,-1,-1
516,136,1651.00,646.00,98.00,270.00,0.764140,-1,-1,-1
516,139,1469.00,214.00,69.00,163.00,0.612464,-1,-1,-1
516,144,232.00,139.00,52.00,163.00,0.195723,-1,-1,-1
516,147,477.00,319.00,71.00,196.00,0.693375,-1,-1,-1
516,178,579.00,537.00,66.00,251.00,0.581032,-1,-1,-1
517,5,1718.00,454.00,80.00,213.00,0.805486,-1,-1,-1
517,8,404.00,967.00,78.00,112.00,0.827499,-1,-1,-1
517,12,883.00,935.00,62.00,144.00,0.850838,-1,-1,-1
517,13,1570.00,592.00,106.00,233.00,0.682121,-1,-1,-1
517,20,676.00,283.00,59.00,128.00,0.399703,-1,-1,-1
517,26,797.00,140.00,66.00,177.00,0.233624,-1,-1,-1
517,51,292.00,324.00,69.00,198.00,0.734545,-1,-1,-1
517,55,373.00,511.00,64.00,236.00,0.746694,-1,-1,-1
517,71,937.00,238.00,61.00,198.00,0.715071,-1,-1,-1
517,72,854.00,243.00,58.00,189.00,0.682728,-1,-1,-1
517,76,271.00,532.00,90.00,204.00,0.750932,-1,-1,-1
517,112,1857.00,250.00,63.00,194.00,0.776666,-1,-1,-1
517,120,360.00,322.00,72.00,191.00,0.703611,-1,-1,-1
517,122,1713.00,213.00,60.00,165.00,0.741698,-1,-1,-1
517,128,1295.00,193.00,61.00,130.00,0.639355,-1,-1,-1
517,132,1124.00,559.00,84.00,246.00,0.873231,-1,-1,-1
517,136,1648.00,638.00,100.00,277.00,0.759012,-1,-1,-1
517,139,1468.00,215.00,69.00,165.00,0.610742,-1,-1,-1
517,144,231.00,139.00,53.00,163.00,0.226638,-1,-1,-1
517,147,476.00,320.00,71.00,195.00,0.680648,-1,-1,-1
517,178,580.00,537.00,65.00,251.00,0.578559,-1,-1,-1
517,200,298.00,533.00,70.00,201.00,0.390625,-1,-1,-1
518,5,1718.00,454.00,80.00,214.00,0.810044,-1,-1,-1
518,8,406.00,968.00,79.00,111.00,0.834267,-1,-1,-1
518,12,882.00,934.00,61.00,145.00,0.858786,-1,-1,-1
518,13,1570.00,592.00,106.00,233.00,0.690329,-1,-1,-1
518,20,676.00,283.00,59.00,129.00,0.424046,-1,-1,-1
518,26,797.00,140.00,66.00,178.00,0.245683,-1,-1,-1
518,51,291.00,325.00,70.00,203.00,0.703386,-1,-1,-1
518,55,372.00,514.00,65.00,236.00,0.751306,-1,-1,-1
518,71,937.00,237.00,61.00,198.00,0.733315,-1,-1,-1
518,72,855.00,241.00,57.00,190.00,0.717514,-1,-1,-1
518,76,271.00,533.00,91.00,204.00,0.736930,-1,-1,-1
518,112,1857.00,251.00,63.00,196.00,0.748886,-1,-1,-1
518,120,359.00,324.00,73.00,195.00,0.681220,-1,-1,-1
518,122,1714.00,215.00,60.00,165.00,0.675011,-1,-1,-1
518,128,1300.00,197.00,60.00,126.00,0.639109,-1,-1,-1
518,132,1123.00,558.00,85.00,247.00,0.878303,-1,-1,-1
518,136,1646.00,632.00,102.00,282.00,0.774677,-1,-1,-1
518,139,1467.00,216.00,69.00,167.00,0.591949,-1,-1,-1
518,144,231.00,139.00,52.00,163.00,0.209415,-1,-1,-1
518,147,477.00,321.00,70.00,195.00,0.683356,-1,-1,-1
518,178,581.00,537.00,64.00,251.00,0.595898,-1,-1,-1
518,200,298.00,533.00,70.00,201.00,0.405194,-1,-1,-1
519,5,1718.00,454.00,80.00,214.00,0.808967,-1,-1,-1
519,8,408.00,968.00,80.00,111.00,0.806643,-1,-1,-1
519,12,881.00,933.00,61.00,146.00,0.832849,-1,-1,-1
519,13,1570.00,592.00,106.00,233.00,0.669874,-1,-1,-1
519,20,676.00,282.00,59.00,130.00,0.399577,-1,-1,-1
519,26,798.00,140.00,66.00,178.00,0.230644,-1,-1,-1
519,51,291.00,327.00,70.00,205.00,0.682140,-1,-1,-1
519,55,373.00,516.00,64.00,237.00,0.760115,-1,-1,-1
519,71,938.00,235.00,60.00,200.00,0.735246,-1,-1,-1
519,72,854.00,238.00,59.00,192.00,0.725568,-1,-1,-1
519,76,272.00,534.00,92.00,206.00,0.726506,-1,-1,-1
519,112,1858.00,252.00,62.00,198.00,0.759229,-1,-1,-1
519,120,356.00,325.00,77.00,207.00,0.716728,-1,-1,-1
519,122,1715.00,217.00,60.00,164.00,0.622872,-1,-1,-1
519,128,1304.00,199.00,60.00,124.00,0.662259,-1,-1,-1
519,132,1120.00,556.00,86.00,249.00,0.879584,-1,-1,-1
519,136,1645.00,629.00,103.00,284.00,0.795973,-1,-1,-1
519,139,1467.00,218.00,68.00,168.00,0.607241,-1,-1,-1
519,144,230.00,140.00,52.00,162.00,0.129613,-1,-1,-1
519,147,476.00,321.00,70.00,194.00,0.678775,-1,-1,-1
519,178,582.00,537.00,63.00,251.00,0.609585,-1,-1,-1
519,200,298.00,534.00,70.00,204.00,0.449322,-1,-1,-1
520,5,1718.00,455.00,80.00,213.00,0.805264,-1,-1,-1
520,8,411.00,971.00,81.00,108.00,0.807214,-1,-1,-1
520,12,880.00,932.00,61.00,147.00,0.816642,-1,-1,-1
520,13,1571.00,591.00,105.00,234.00,0.636889,-1,-1,-1
520,20,676.00,282.00,59.00,130.00,0.390063,-1,-1,-1
520,26,799.00,140.00,65.00,178.00,0.229526,-1,-1,-1
520,51,290.00,330.00,70.00,204.00,0.663783,-1,-1,-1
520,55,373.00,517.00,64.00,238.00,0.763388,-1,-1,-1
520,71,937.00,234.00,60.00,200.00,0.771187,-1,-1,-1
520,72,854.00,236.00,60.00,194.00,0.716509,-1,-1,-1
520,76,272.00,537.00,93.00,208.00,0.762342,-1,-1,-1
520,112,1859.00,253.00,61.00,198.00,0.751618,-1,-1,-1
520,120,354.00,327.00,78.00,211.00,0.719920,-1,-1,-1
520,122,1717.00,218.00,59.00,161.00,0.732351,-1,-1,-1
520,128,1307.00,199.00,59.00,124.00,0.639157,-1,-1,-1
520,132,1119.00,554.00,86.00,250.00,0.871835,-1,-1,-1
520,136,1647.00,650.00,97.00,264.00,0.772681,-1,-1,-1
520,139,1468.00,220.00,67.00,167.00,0.625557,-1,-1,-1
520,147,475.00,322.00,70.00,193.00,0.659119,-1,-1,-1
520,178,583.00,537.00,62.00,250.00,0.605040,-1,-1,-1
521,5,1718.00,455.00,79.00,212.00,0.814373,-1,-1,-1
521,8,413.00,973.00,81.00,106.00,0.828983,-1,-1,-1
521,12,880.00,933.00,60.00,145.00,0.843981,-1,-1,-1
521,13,1569.00,591.00,106.00,234.00,0.634647,-1,-1,-1
521,20,676.00,282.00,59.00,130.00,0.408047,-1,-1,-1
521,26,799.00,140.00,66.00,180.00,0.201915,-1,-1,-1
521,51,289.00,332.00,69.00,203.00,0.687615,-1,-1,-1
521,55,374.00,518.00,65.00,238.00,0.790023,-1,-1,-1
521,71,936.00,232.00,60.00,202.00,0.751783,-1,-1,-1
521,72,855.00,235.00,59.00,194.00,0.701350,-1,-1,-1
521,76,272.00,539.00,94.00,212.00,0.778741,-1,-1,-1
521,112,1860.00,254.00,60.00,201.00,0.750563,-1,-1,-1
521,120,352.00,329.00,79.00,212.00,0.737810,-1,-1,-1
521,122,1720.00,219.00,57.00,157.00,0.712382,-1,-1,-1
521,128,1309.00,198.00,60.00,126.00,0.558669,-1,-1,-1
521,132,1119.00,551.00,85.00,249.00,0.864759,-1,-1,-1
521,136,1645.00,637.00,101.00,274.00,0.803140,-1,-1,-1
521,139,1471.00,221.00,66.00,165.00,0.609487,-1,-1,-1
521,147,475.00,323.00,69.00,191.00,0.684675,-1,-1,-1
521,168,463.00,174.00,60.00,162.00,0.327618,-1,-1,-1
521,178,583.00,538.00,62.00,249.00,0.615110,-1,-1,-1
522,5,1718.00,455.00,79.00,211.00,0.803694,-1,-1,-1
522,8,416.00,976.00,81.00,103.00,0.803928,-1,-1,-1
522,12,879.00,932.00,60.00,146.00,0.835418,-1,-1,-1
522,13,1570.00,591.00,104.00,231.00,0.580118,-1,-1,-1
522,20,676.00,282.00,59.00,130.00,0.431517,-1,-1,-1
522,26,799.00,140.00,63.00,175.00,0.222938,-1,-1,-1
522,51,288.00,333.00,69.00,203.00,0.705410,-1,-1,-1
522,55,374.00,519.00,65.00,238.00,0.793214,-1,-1,-1
522,71,936.00,231.00,60.00,199.00,0.739958,-1,-1,-1
522,72,854.00,234.00,60.00,194.00,0.724926,-1,-1,-1
522,76,273.00,541.00,95.00,214.00,0.840995,-1,-1,-1
522,112,1861.00,256.00,59.00,200.00,0.750312,-1,-1,-1
522,120,352.00,330.00,79.00,212.00,0.734011,-1,-1,-1
522,122,1721.00,219.00,59.00,162.00,0.735996,-1,-1,-1
522,128,1312.00,197.00,60.00,128.00,0.626297,-1,-1,-1
522,132,1117.00,548.00,85.00,249.00,0.858321,-1,-1,-1
522,136,1645.00,641.00,99.00,269.00,0.820397,-1,-1,-1
522,139,1471.00,222.00,67.00,165.00,0.604797,-1,-1,-1
522,147,475.00,324.00,69.00,191.00,0.687084,-1,-1,-1
522,168,465.00,173.00,57.00,162.00,0.335119,-1,-1,-1
522,178,584.00,537.00,61.00,250.00,0.626698,-1,-1,-1
522,202,512.00,169.00,75.00,189.00,0.410634,-1,-1,-1
523,5,1719.00,455.00,78.00,211.00,0.803618,-1,-1,-1
523,8,418.00,979.00,82.00,100.00,0.811305,-1,-1,-1
523,12,879.00,932.00,60.00,146.00,0.816103,-1,-1,-1
523,13,1569.00,592.00,105.00,232.00,0.565103,-1,-1,-1
523,20,676.00,282.00,59.00,130.00,0.433485,-1,-1,-1
523,26,799.00,140.00,63.00,174.00,0.236133,-1,-1,-1
523,51,286.00,335.00,69.00,202.00,0.718118,-1,-1,-1
523,55,374.00,520.00,65.00,236.00,0.801819,-1,-1,-1
523,71,937.00,229.00,58.00,194.00,0.763156,-1,-1,-1
523,72,854.00,233.00,61.00,195.00,0.719207,-1,-1,-1
523,76,274.00,544.00,95.00,215.00,0.813534,-1,-1,-1
523,112,1861.00,258.00,59.00,201.00,0.727705,-1,-1,-1
523,120,351.00,331.00,79.00,214.00,0.743014,-1,-1,-1
523,122,1723.00,220.00,57.00,158.00,0.707498,-1,-1,-1
523,128,1313.00,198.00,60.00,127.00,0.701814,-1,-1,-1
523,132,1117.00,545.00,83.00,243.00,0.857210,-1,-1,-1
523,136,1645.00,641.00,98.00,268.00,0.777686,-1,-1,-1
523,139,1472.00,223.00,66.00,164.00,0.590350,-1,-1,-1
523,147,473.00,324.00,71.00,194.00,0.710132,-1,-1,-1
523,168,467.00,170.00,57.00,163.00,0.341840,-1,-1,-1
523,178,584.00,537.00,60.00,249.00,0.658949,-1,-1,-1
523,202,513.00,170.00,74.00,189.00,0.402187,-1,-1,-1
524,5,1719.00,455.00,78.00,211.00,0.802252,-1,-1,-1
524,8,420.00,982.00,81.00,97.00,0.821629,-1,-1,-1
524,12,878.00,931.00,60.00,147.00,0.803849,-1,-1,-1
524,13,1568.00,591.00,105.00,234.00,0.607047,-1,-1,-1
524,20,676.00,282.00,59.00,130.00,0.429731,-1,-1,-1
524,26,798.00,140.00,64.00,176.00,0.239565,-1,-1,-1
524,51,285.00,337.00,69.00,202.00,0.707321,-1,-1,-1
524,55,374.00,521.00,64.00,236.00,0.799367,-1,-1,-1
524,71,937.00,227.00,57.00,192.00,0.789643,-1,-1,-1
524,72,855.00,234.00,60.00,194.00,0.727449,-1,-1,-1
524,76,275.00,546.00,94.00,217.00,0.818586,-1,-1,-1
524,112,1862.00,260.00,58.00,198.00,0.727243,-1,-1,-1
524,120,350.00,333.00,79.00,212.00,0.724445,-1,-1,-1
524,122,1724.00,220.00,57.00,159.00,0.804388,-1,-1,-1
524,128,1314.00,197.00,59.00,128.00,0.669680,-1,-1,-1
524,132,1115.00,543.00,82.00,238.00,0.851283,-1,-1,-1
524,136,1644.00,637.00,99.00,271.00,0.789780,-1,-1,-1
524,139,1473.00,223.00,65.00,163.00,0.611541,-1,-1,-1
524,147,472.00,326.00,71.00,195.00,0.716248,-1,-1,-1
524,168,469.00,171.00,57.00,167.00,0.389424,-1,-1,-1
524,178,584.00,537.00,60.00,249.00,0.677956,-1,-1,-1
524,202,516.00,172.00,74.00,187.00,0.371494,-1,-1,-1
