1,1,822.00,349.00,193.00,481.00,0.909015,-1,-1,-1
1,2,1406.00,375.00,136.00,340.00,0.898991,-1,-1,-1
1,3,1166.00,308.00,178.00,482.00,0.885356,-1,-1,-1
1,4,982.00,328.00,170.00,517.00,0.860092,-1,-1,-1
1,5,1314.00,434.00,90.00,277.00,0.826482,-1,-1,-1
1,6,1688.00,527.00,70.00,191.00,0.823305,-1,-1,-1
1,7,1544.00,420.00,82.00,282.00,0.813337,-1,-1,-1
1,8,120.00,531.00,76.00,212.00,0.802617,-1,-1,-1
1,9,1824.00,420.00,94.00,215.00,0.795109,-1,-1,-1
2,1,823.00,351.00,193.00,480.00,0.901759,-1,-1,-1
2,2,1409.00,376.00,135.00,338.00,0.896173,-1,-1,-1
2,3,1177.00,311.00,177.00,480.00,0.910784,-1,-1,-1
2,4,993.00,329.00,169.00,516.00,0.869532,-1,-1,-1
2,5,1318.00,432.00,91.00,277.00,0.826493,-1,-1,-1
2,6,1692.00,528.00,70.00,191.00,0.837511,-1,-1,-1
2,7,1545.00,419.00,83.00,283.00,0.812248,-1,-1,-1
2,8,120.00,532.00,77.00,211.00,0.794062,-1,-1,-1
2,9,1825.00,421.00,93.00,214.00,0.786202,-1,-1,-1
3,1,830.00,352.00,192.00,477.00,0.907628,-1,-1,-1
3,2,1413.00,377.00,134.00,336.00,0.899715,-1,-1,-1
3,3,1183.00,314.00,176.00,477.00,0.912129,-1,-1,-1
3,4,1003.00,330.00,169.00,515.00,0.880354,-1,-1,-1
3,5,1322.00,431.00,90.00,277.00,0.784566,-1,-1,-1
3,6,1695.00,528.00,72.00,194.00,0.847568,-1,-1,-1
3,7,1546.00,420.00,82.00,282.00,0.805025,-1,-1,-1
3,8,121.00,532.00,76.00,211.00,0.803144,-1,-1,-1
3,9,1826.00,422.00,92.00,212.00,0.763267,-1,-1,-1
4,1,846.00,354.00,189.00,472.00,0.898891,-1,-1,-1
4,2,1417.00,378.00,133.00,335.00,0.903547,-1,-1,-1
4,3,1191.00,317.00,174.00,473.00,0.901345,-1,-1,-1
4,4,1030.00,332.00,168.00,510.00,0.893570,-1,-1,-1
4,5,1326.00,429.00,90.00,275.00,0.814665,-1,-1,-1
4,6,1701.00,531.00,70.00,191.00,0.836189,-1,-1,-1
4,7,1546.00,420.00,82.00,282.00,0.810785,-1,-1,-1
4,8,120.00,531.00,77.00,212.00,0.795998,-1,-1,-1
4,9,1826.00,420.00,93.00,213.00,0.827289,-1,-1,-1
5,1,863.00,354.00,185.00,465.00,0.900941,-1,-1,-1
5,2,1419.00,381.00,133.00,331.00,0.897886,-1,-1,-1
5,3,1196.00,320.00,171.00,465.00,0.904773,-1,-1,-1
5,4,1050.00,334.00,170.00,507.00,0.901148,-1,-1,-1
5,5,1330.00,426.00,90.00,276.00,0.806275,-1,-1,-1
5,6,1705.00,531.00,71.00,192.00,0.851899,-1,-1,-1
5,7,1547.00,420.00,81.00,281.00,0.804073,-1,-1,-1
5,8,120.00,532.00,77.00,211.00,0.803864,-1,-1,-1
5,9,1827.00,419.00,92.00,213.00,0.841080,-1,-1,-1
6,1,883.00,352.00,180.00,460.00,0.900162,-1,-1,-1
6,2,1423.00,384.00,132.00,328.00,0.891479,-1,-1,-1
6,3,1205.00,321.00,167.00,456.00,0.861681,-1,-1,-1
6,4,1063.00,337.00,173.00,503.00,0.905537,-1,-1,-1
6,5,1337.00,426.00,90.00,276.00,0.785606,-1,-1,-1
6,6,1711.00,531.00,71.00,192.00,0.844733,-1,-1,-1
6,7,1549.00,420.00,80.00,280.00,0.810268,-1,-1,-1
6,8,121.00,532.00,76.00,211.00,0.803803,-1,-1,-1
6,9,1828.00,419.00,92.00,212.00,0.823651,-1,-1,-1
6,11,34.00,499.00,75.00,249.00,0.500158,-1,-1,-1
7,1,891.00,351.00,178.00,459.00,0.893892,-1,-1,-1
7,2,1427.00,386.00,129.00,325.00,0.882317,-1,-1,-1
7,3,1209.00,321.00,166.00,457.00,0.873794,-1,-1,-1
7,4,1067.00,338.00,177.00,503.00,0.904617,-1,-1,-1
7,5,1344.00,426.00,88.00,276.00,0.812706,-1,-1,-1
7,6,1714.00,529.00,71.00,194.00,0.832530,-1,-1,-1
7,7,1550.00,421.00,80.00,279.00,0.821989,-1,-1,-1
7,8,120.00,531.00,76.00,213.00,0.795794,-1,-1,-1
7,9,1829.00,419.00,91.00,211.00,0.830529,-1,-1,-1
7,11,29.00,500.00,75.00,248.00,0.328152,-1,-1,-1
8,1,898.00,350.00,174.00,459.00,0.896265,-1,-1,-1
8,2,1429.00,387.00,128.00,323.00,0.884652,-1,-1,-1
8,3,1216.00,320.00,165.00,457.00,0.887238,-1,-1,-1
8,4,1070.00,337.00,179.00,502.00,0.923553,-1,-1,-1
8,5,1352.00,430.00,87.00,272.00,0.814054,-1,-1,-1
8,6,1717.00,526.00,73.00,197.00,0.852232,-1,-1,-1
8,7,1551.00,422.00,80.00,279.00,0.820738,-1,-1,-1
8,8,120.00,531.00,77.00,213.00,0.809327,-1,-1,-1
8,9,1829.00,419.00,91.00,210.00,0.816472,-1,-1,-1
8,11,29.00,540.00,65.00,208.00,0.446487,-1,-1,-1
9,1,908.00,349.00,172.00,459.00,0.880628,-1,-1,-1
9,2,1432.00,387.00,125.00,319.00,0.884990,-1,-1,-1
9,3,1227.00,320.00,163.00,453.00,0.891870,-1,-1,-1
9,4,1077.00,336.00,182.00,502.00,0.915270,-1,-1,-1
9,5,1362.00,432.00,86.00,269.00,0.816729,-1,-1,-1
9,6,1725.00,526.00,74.00,197.00,0.857871,-1,-1,-1
9,7,1553.00,423.00,80.00,279.00,0.839275,-1,-1,-1
9,8,122.00,532.00,75.00,211.00,0.784625,-1,-1,-1
9,9,1831.00,419.00,89.00,210.00,0.738604,-1,-1,-1
9,11,30.00,557.00,61.00,191.00,0.580028,-1,-1,-1
9,13,1687.00,469.00,44.00,115.00,0.375363,-1,-1,-1
10,1,922.00,351.00,169.00,456.00,0.879256,-1,-1,-1
10,2,1432.00,387.00,123.00,316.00,0.874128,-1,-1,-1
10,3,1236.00,320.00,162.00,449.00,0.908492,-1,-1,-1
10,4,1083.00,334.00,184.00,503.00,0.908644,-1,-1,-1
10,5,1366.00,434.00,85.00,266.00,0.774013,-1,-1,-1
10,6,1730.00,526.00,76.00,198.00,0.874452,-1,-1,-1
10,7,1556.00,425.00,79.00,277.00,0.824879,-1,-1,-1
10,8,121.00,534.00,76.00,209.00,0.754997,-1,-1,-1
10,9,1834.00,419.00,86.00,211.00,0.764954,-1,-1,-1
10,11,31.00,557.00,62.00,191.00,0.470832,-1,-1,-1
10,13,1687.00,469.00,44.00,116.00,0.348128,-1,-1,-1
11,1,943.00,354.00,168.00,454.00,0.870442,-1,-1,-1
11,2,1432.00,387.00,119.00,315.00,0.878680,-1,-1,-1
11,3,1247.00,318.00,163.00,450.00,0.901037,-1,-1,-1
11,4,1099.00,334.00,180.00,495.00,0.907775,-1,-1,-1
11,5,1372.00,435.00,84.00,264.00,0.802547,-1,-1,-1
11,6,1734.00,528.00,76.00,197.00,0.878814,-1,-1,-1
11,7,1560.00,426.00,78.00,275.00,0.835160,-1,-1,-1
11,8,121.00,534.00,76.00,209.00,0.760778,-1,-1,-1
11,9,1837.00,419.00,83.00,211.00,0.778115,-1,-1,-1
11,11,35.00,565.00,60.00,183.00,0.403596,-1,-1,-1
11,13,1687.00,469.00,44.00,115.00,0.291147,-1,-1,-1
12,1,961.00,357.00,167.00,451.00,0.898407,-1,-1,-1
12,2,1435.00,387.00,116.00,314.00,0.877315,-1,-1,-1
12,3,1255.00,319.00,164.00,448.00,0.902439,-1,-1,-1
12,4,1114.00,334.00,177.00,491.00,0.888997,-1,-1,-1
12,5,1375.00,436.00,85.00,262.00,0.776837,-1,-1,-1
12,6,1736.00,529.00,78.00,196.00,0.867695,-1,-1,-1
12,7,1563.00,428.00,78.00,272.00,0.845409,-1,-1,-1
12,8,121.00,534.00,75.00,210.00,0.768605,-1,-1,-1
12,9,1840.00,421.00,80.00,208.00,0.758275,-1,-1,-1
12,11,32.00,566.00,62.00,182.00,0.433637,-1,-1,-1
12,13,1689.00,469.00,43.00,115.00,0.305028,-1,-1,-1
12,14,1108.00,335.00,62.00,387.00,0.695173,-1,-1,-1
12,15,244.00,514.00,52.00,60.00,0.330951,-1,-1,-1
13,1,975.00,359.00,167.00,448.00,0.893430,-1,-1,-1
13,2,1438.00,387.00,115.00,313.00,0.881824,-1,-1,-1
13,3,1263.00,319.00,164.00,448.00,0.878404,-1,-1,-1
13,4,1127.00,333.00,175.00,492.00,0.856623,-1,-1,-1
13,5,1377.00,435.00,85.00,264.00,0.737359,-1,-1,-1
13,6,1739.00,530.00,78.00,195.00,0.857535,-1,-1,-1
13,7,1568.00,428.00,79.00,272.00,0.842530,-1,-1,-1
13,8,120.00,534.00,76.00,209.00,0.694972,-1,-1,-1
13,9,1841.00,420.00,79.00,210.00,0.739185,-1,-1,-1
13,11,33.00,570.00,63.00,178.00,0.418999,-1,-1,-1
13,14,1114.00,336.00,62.00,383.00,0.683073,-1,-1,-1
13,15,245.00,514.00,51.00,60.00,0.317494,-1,-1,-1
14,1,985.00,361.00,166.00,445.00,0.905748,-1,-1,-1
14,2,1444.00,387.00,112.00,312.00,0.868707,-1,-1,-1
14,3,1270.00,322.00,166.00,446.00,0.855162,-1,-1,-1
14,4,1141.00,334.00,175.00,491.00,0.883946,-1,-1,-1
14,5,1378.00,436.00,85.00,260.00,0.757243,-1,-1,-1
14,6,1741.00,531.00,78.00,196.00,0.847754,-1,-1,-1
14,7,1576.00,430.00,82.00,272.00,0.869314,-1,-1,-1
14,8,120.00,535.00,76.00,208.00,0.732236,-1,-1,-1
14,9,1844.00,422.00,76.00,208.00,0.742701,-1,-1,-1
14,11,32.00,569.00,65.00,179.00,0.356980,-1,-1,-1
14,13,1687.00,470.00,43.00,114.00,0.265167,-1,-1,-1
14,14,1123.00,337.00,65.00,409.00,0.727749,-1,-1,-1
14,15,245.00,514.00,50.00,58.00,0.280175,-1,-1,-1
15,1,988.00,362.00,166.00,441.00,0.904532,-1,-1,-1
15,2,1451.00,388.00,111.00,312.00,0.858956,-1,-1,-1
15,3,1275.00,324.00,166.00,448.00,0.843181,-1,-1,-1
15,4,1154.00,335.00,173.00,489.00,0.888649,-1,-1,-1
15,5,1382.00,435.00,84.00,259.00,0.745230,-1,-1,-1
15,6,1742.00,531.00,78.00,197.00,0.838976,-1,-1,-1
15,7,1580.00,431.00,83.00,271.00,0.885510,-1,-1,-1
15,8,120.00,535.00,76.00,209.00,0.714960,-1,-1,-1
15,9,1846.00,423.00,74.00,206.00,0.756943,-1,-1,-1
15,14,1130.00,339.00,68.00,421.00,0.746977,-1,-1,-1
16,1,992.00,359.00,168.00,444.00,0.913023,-1,-1,-1
16,2,1459.00,389.00,111.00,311.00,0.851173,-1,-1,-1
16,3,1286.00,328.00,165.00,444.00,0.863699,-1,-1,-1
16,4,1165.00,337.00,172.00,486.00,0.887476,-1,-1,-1
16,5,1390.00,432.00,83.00,262.00,0.718100,-1,-1,-1
16,6,1741.00,530.00,79.00,199.00,0.836677,-1,-1,-1
16,7,1583.00,433.00,85.00,270.00,0.884418,-1,-1,-1
16,8,120.00,535.00,76.00,209.00,0.749123,-1,-1,-1
16,9,1849.00,424.00,71.00,205.00,0.737519,-1,-1,-1
16,14,1140.00,342.00,68.00,423.00,0.807439,-1,-1,-1
16,15,245.00,514.00,49.00,57.00,0.296645,-1,-1,-1
17,1,996.00,358.00,167.00,443.00,0.914980,-1,-1,-1
17,2,1465.00,390.00,110.00,310.00,0.835005,-1,-1,-1
17,3,1294.00,330.00,163.00,440.00,0.891631,-1,-1,-1
17,4,1175.00,339.00,172.00,484.00,0.873652,-1,-1,-1
17,5,1397.00,432.00,82.00,262.00,0.731880,-1,-1,-1
17,6,1739.00,530.00,80.00,198.00,0.840115,-1,-1,-1
17,7,1584.00,438.00,85.00,265.00,0.876691,-1,-1,-1
17,8,120.00,536.00,75.00,207.00,0.740526,-1,-1,-1
17,9,1851.00,424.00,69.00,204.00,0.746432,-1,-1,-1
17,14,1148.00,343.00,68.00,424.00,0.804252,-1,-1,-1
18,1,1003.00,359.00,163.00,435.00,0.912099,-1,-1,-1
18,2,1470.00,391.00,109.00,310.00,0.834555,-1,-1,-1
18,3,1300.00,332.00,160.00,429.00,0.865422,-1,-1,-1
18,4,1186.00,340.00,172.00,482.00,0.857237,-1,-1,-1
18,5,1403.00,430.00,80.00,263.00,0.775526,-1,-1,-1
18,6,1736.00,530.00,79.00,198.00,0.839278,-1,-1,-1
18,7,1585.00,444.00,85.00,259.00,0.882568,-1,-1,-1
18,8,120.00,536.00,75.00,207.00,0.698422,-1,-1,-1
18,9,1852.00,424.00,68.00,203.00,0.753248,-1,-1,-1
18,13,1686.00,470.00,44.00,114.00,0.253087,-1,-1,-1
18,14,1153.00,345.00,68.00,421.00,0.764331,-1,-1,-1
19,1,1012.00,359.00,159.00,428.00,0.897307,-1,-1,-1
19,2,1475.00,392.00,109.00,307.00,0.870498,-1,-1,-1
19,3,1306.00,334.00,159.00,426.00,0.871056,-1,-1,-1
19,4,1198.00,346.00,172.00,477.00,0.887223,-1,-1,-1
19,5,1410.00,432.00,78.00,261.00,0.751866,-1,-1,-1
19,6,1730.00,528.00,80.00,201.00,0.843905,-1,-1,-1
19,7,1587.00,452.00,85.00,251.00,0.870160,-1,-1,-1
19,8,120.00,536.00,75.00,207.00,0.715648,-1,-1,-1
19,9,1855.00,424.00,65.00,200.00,0.747337,-1,-1,-1
19,14,1159.00,348.00,69.00,417.00,0.765730,-1,-1,-1
20,1,1022.00,357.00,157.00,429.00,0.893930,-1,-1,-1
20,2,1479.00,392.00,108.00,306.00,0.864347,-1,-1,-1
20,3,1311.00,336.00,156.00,421.00,0.878348,-1,-1,-1
20,4,1207.00,348.00,171.00,473.00,0.870210,-1,-1,-1
20,5,1414.00,431.00,78.00,262.00,0.696309,-1,-1,-1
20,6,1726.00,526.00,81.00,203.00,0.860109,-1,-1,-1
20,7,1588.00,458.00,84.00,245.00,0.866279,-1,-1,-1
20,8,120.00,535.00,75.00,208.00,0.675940,-1,-1,-1
20,9,1859.00,423.00,61.00,199.00,0.680616,-1,-1,-1
20,13,1686.00,470.00,44.00,114.00,0.285584,-1,-1,-1
20,14,1164.00,348.00,70.00,416.00,0.784881,-1,-1,-1
21,1,1038.00,356.00,156.00,427.00,0.892900,-1,-1,-1
21,2,1484.00,392.00,109.00,305.00,0.852235,-1,-1,-1
21,3,1316.00,336.00,154.00,418.00,0.893191,-1,-1,-1
21,4,1220.00,348.00,170.00,471.00,0.895562,-1,-1,-1
21,5,1422.00,434.00,75.00,258.00,0.714754,-1,-1,-1
21,6,1724.00,525.00,82.00,204.00,0.895526,-1,-1,-1
21,7,1592.00,464.00,84.00,239.00,0.849630,-1,-1,-1
21,8,121.00,534.00,75.00,209.00,0.677152,-1,-1,-1
21,9,1862.00,423.00,58.00,196.00,0.665822,-1,-1,-1
21,13,1687.00,470.00,43.00,113.00,0.277099,-1,-1,-1
21,14,1175.00,347.00,73.00,417.00,0.816121,-1,-1,-1
22,1,1050.00,355.00,157.00,428.00,0.901731,-1,-1,-1
22,2,1486.00,392.00,108.00,304.00,0.824740,-1,-1,-1
22,3,1323.00,335.00,153.00,417.00,0.874990,-1,-1,-1
22,4,1232.00,348.00,168.00,467.00,0.890891,-1,-1,-1
22,5,1425.00,430.00,75.00,261.00,0.619166,-1,-1,-1
22,6,1720.00,525.00,85.00,204.00,0.889277,-1,-1,-1
22,7,1594.00,468.00,84.00,235.00,0.849374,-1,-1,-1
22,8,121.00,532.00,76.00,211.00,0.669036,-1,-1,-1
22,9,1863.00,423.00,57.00,196.00,0.682811,-1,-1,-1
22,13,1687.00,471.00,42.00,112.00,0.256148,-1,-1,-1
22,14,1184.00,345.00,75.00,417.00,0.827085,-1,-1,-1
23,1,1060.00,356.00,157.00,427.00,0.896820,-1,-1,-1
23,2,1487.00,391.00,108.00,304.00,0.842449,-1,-1,-1
23,3,1327.00,333.00,153.00,420.00,0.892984,-1,-1,-1
23,4,1241.00,346.00,167.00,463.00,0.860893,-1,-1,-1
23,5,1430.00,435.00,74.00,258.00,0.682750,-1,-1,-1
23,6,1718.00,525.00,87.00,205.00,0.879740,-1,-1,-1
23,7,1595.00,471.00,85.00,232.00,0.862700,-1,-1,-1
23,8,121.00,534.00,75.00,209.00,0.688218,-1,-1,-1
23,9,1866.00,423.00,54.00,195.00,0.718586,-1,-1,-1
23,13,1686.00,470.00,43.00,113.00,0.313389,-1,-1,-1
23,14,1190.00,345.00,77.00,415.00,0.795578,-1,-1,-1
24,1,1070.00,359.00,159.00,424.00,0.888096,-1,-1,-1
24,2,1491.00,391.00,106.00,300.00,0.854888,-1,-1,-1
24,3,1333.00,332.00,150.00,417.00,0.862517,-1,-1,-1
24,4,1252.00,345.00,165.00,458.00,0.851031,-1,-1,-1
24,5,1434.00,439.00,71.00,252.00,0.722382,-1,-1,-1
24,6,1715.00,525.00,90.00,206.00,0.882158,-1,-1,-1
24,7,1597.00,476.00,86.00,226.00,0.858519,-1,-1,-1
24,8,121.00,533.00,76.00,210.00,0.741613,-1,-1,-1
24,9,1868.00,422.00,52.00,196.00,0.727939,-1,-1,-1
24,13,1686.00,470.00,43.00,114.00,0.395339,-1,-1,-1
24,14,1197.00,344.00,78.00,408.00,0.822445,-1,-1,-1
25,1,1077.00,361.00,160.00,423.00,0.892525,-1,-1,-1
25,2,1499.00,389.00,104.00,301.00,0.867777,-1,-1,-1
25,3,1338.00,332.00,148.00,416.00,0.835101,-1,-1,-1
25,4,1260.00,344.00,165.00,457.00,0.870485,-1,-1,-1
25,5,1436.00,441.00,71.00,248.00,0.776499,-1,-1,-1
25,6,1713.00,525.00,92.00,206.00,0.889213,-1,-1,-1
25,7,1598.00,481.00,87.00,221.00,0.849163,-1,-1,-1
25,8,121.00,531.00,76.00,212.00,0.732748,-1,-1,-1
25,9,1870.00,423.00,50.00,191.00,0.688144,-1,-1,-1
25,13,1687.00,470.00,42.00,114.00,0.386613,-1,-1,-1
25,14,1203.00,344.00,80.00,405.00,0.822417,-1,-1,-1
26,1,1083.00,364.00,161.00,418.00,0.895275,-1,-1,-1
26,2,1510.00,388.00,105.00,302.00,0.869305,-1,-1,-1
26,3,1346.00,333.00,145.00,415.00,0.843445,-1,-1,-1
26,4,1269.00,346.00,164.00,453.00,0.886453,-1,-1,-1
26,5,1443.00,441.00,69.00,245.00,0.713036,-1,-1,-1
26,6,1710.00,525.00,94.00,206.00,0.890305,-1,-1,-1
26,7,1600.00,488.00,86.00,213.00,0.823335,-1,-1,-1
26,8,121.00,531.00,76.00,212.00,0.715724,-1,-1,-1
26,9,1872.00,423.00,48.00,187.00,0.672361,-1,-1,-1
26,13,1686.00,470.00,43.00,114.00,0.358868,-1,-1,-1
26,14,1207.00,344.00,82.00,404.00,0.840112,-1,-1,-1
27,1,1089.00,367.00,161.00,415.00,0.889155,-1,-1,-1
27,2,1517.00,388.00,105.00,302.00,0.880083,-1,-1,-1
27,3,1353.00,333.00,142.00,411.00,0.844198,-1,-1,-1
27,4,1278.00,346.00,162.00,452.00,0.870140,-1,-1,-1
27,5,1448.00,442.00,67.00,242.00,0.640125,-1,-1,-1
27,6,1707.00,526.00,96.00,205.00,0.893536,-1,-1,-1
27,7,1601.00,493.00,87.00,208.00,0.801593,-1,-1,-1
27,8,121.00,530.00,76.00,213.00,0.720055,-1,-1,-1
27,9,1875.00,425.00,45.00,184.00,0.689224,-1,-1,-1
27,13,1686.00,470.00,43.00,114.00,0.326928,-1,-1,-1
27,14,1211.00,344.00,85.00,404.00,0.841133,-1,-1,-1
28,1,1093.00,368.00,162.00,414.00,0.899764,-1,-1,-1
28,2,1523.00,388.00,105.00,302.00,0.875437,-1,-1,-1
28,3,1361.00,334.00,137.00,408.00,0.841753,-1,-1,-1
28,4,1289.00,347.00,162.00,450.00,0.885473,-1,-1,-1
28,5,1454.00,442.00,64.00,236.00,0.638019,-1,-1,-1
28,6,1704.00,526.00,97.00,205.00,0.891307,-1,-1,-1
28,7,1602.00,496.00,88.00,204.00,0.806698,-1,-1,-1
28,8,121.00,528.00,76.00,215.00,0.719843,-1,-1,-1
28,9,1877.00,426.00,43.00,178.00,0.600425,-1,-1,-1
28,13,1686.00,470.00,42.00,114.00,0.386696,-1,-1,-1
28,14,1214.00,345.00,86.00,404.00,0.832923,-1,-1,-1
29,1,1098.00,369.00,162.00,412.00,0.889362,-1,-1,-1
29,2,1530.00,388.00,105.00,303.00,0.882507,-1,-1,-1
29,3,1370.00,337.00,134.00,402.00,0.806483,-1,-1,-1
29,4,1303.00,349.00,165.00,449.00,0.865398,-1,-1,-1
29,5,1459.00,441.00,64.00,238.00,0.567339,-1,-1,-1
29,6,1700.00,525.00,98.00,207.00,0.871084,-1,-1,-1
29,7,1607.00,505.00,83.00,189.00,0.701356,-1,-1,-1
29,8,122.00,531.00,75.00,212.00,0.736600,-1,-1,-1
29,9,1881.00,430.00,39.00,155.00,0.626464,-1,-1,-1
29,13,1686.00,470.00,42.00,114.00,0.329451,-1,-1,-1
29,14,1218.00,347.00,88.00,402.00,0.839381,-1,-1,-1
30,1,1101.00,369.00,162.00,411.00,0.892681,-1,-1,-1
30,2,1536.00,388.00,106.00,303.00,0.862764,-1,-1,-1
30,3,1379.00,339.00,130.00,394.00,0.788953,-1,-1,-1
30,4,1312.00,353.00,166.00,444.00,0.880018,-1,-1,-1
30,5,1463.00,439.00,64.00,242.00,0.701411,-1,-1,-1
30,6,1698.00,525.00,99.00,207.00,0.861241,-1,-1,-1
30,7,1602.00,507.00,84.00,190.00,0.599957,-1,-1,-1
30,8,122.00,533.00,74.00,210.00,0.730903,-1,-1,-1
30,9,1883.00,431.00,37.00,143.00,0.616478,-1,-1,-1
30,13,1686.00,470.00,42.00,113.00,0.311310,-1,-1,-1
30,14,1224.00,348.00,90.00,401.00,0.831706,-1,-1,-1
30,17,36.00,561.00,75.00,186.00,0.387871,-1,-1,-1
31,1,1104.00,370.00,159.00,406.00,0.896751,-1,-1,-1
31,2,1550.00,391.00,109.00,301.00,0.879425,-1,-1,-1
31,3,1386.00,343.00,125.00,389.00,0.712473,-1,-1,-1
31,4,1320.00,354.00,167.00,441.00,0.882786,-1,-1,-1
31,5,1476.00,448.00,60.00,231.00,0.570062,-1,-1,-1
31,6,1696.00,526.00,100.00,206.00,0.872381,-1,-1,-1
31,7,1598.00,516.00,82.00,184.00,0.717857,-1,-1,-1
31,8,122.00,532.00,74.00,211.00,0.727018,-1,-1,-1
31,9,1884.00,431.00,36.00,141.00,0.670964,-1,-1,-1
31,13,1686.00,470.00,42.00,112.00,0.389603,-1,-1,-1
31,14,1230.00,349.00,92.00,399.00,0.864574,-1,-1,-1
32,1,1105.00,370.00,156.00,400.00,0.898592,-1,-1,-1
32,2,1556.00,391.00,112.00,301.00,0.884765,-1,-1,-1
32,3,1391.00,345.00,122.00,386.00,0.631553,-1,-1,-1
32,4,1325.00,353.00,168.00,441.00,0.890500,-1,-1,-1
32,5,1480.00,452.00,60.00,227.00,0.544640,-1,-1,-1
32,6,1695.00,526.00,101.00,206.00,0.869574,-1,-1,-1
32,7,1597.00,517.00,83.00,184.00,0.735083,-1,-1,-1
32,8,122.00,529.00,74.00,214.00,0.741610,-1,-1,-1
32,9,1884.00,431.00,36.00,141.00,0.693284,-1,-1,-1
32,13,1686.00,470.00,41.00,112.00,0.369899,-1,-1,-1
32,14,1234.00,352.00,94.00,395.00,0.860577,-1,-1,-1
33,1,1105.00,367.00,153.00,400.00,0.901410,-1,-1,-1
33,2,1561.00,393.00,114.00,298.00,0.864429,-1,-1,-1
33,3,1396.00,347.00,120.00,387.00,0.599126,-1,-1,-1
33,4,1328.00,356.00,167.00,439.00,0.874253,-1,-1,-1
33,5,1486.00,451.00,60.00,226.00,0.448607,-1,-1,-1
33,6,1693.00,526.00,102.00,206.00,0.858073,-1,-1,-1
33,7,1597.00,518.00,83.00,183.00,0.748238,-1,-1,-1
33,8,122.00,527.00,75.00,216.00,0.738763,-1,-1,-1
33,9,1885.00,430.00,35.00,145.00,0.683923,-1,-1,-1
33,13,1685.00,470.00,42.00,111.00,0.310747,-1,-1,-1
33,14,1238.00,354.00,96.00,394.00,0.861154,-1,-1,-1
34,1,1105.00,368.00,150.00,398.00,0.896555,-1,-1,-1
34,2,1565.00,392.00,117.00,299.00,0.879994,-1,-1,-1
34,4,1339.00,356.00,166.00,436.00,0.896250,-1,-1,-1
34,5,1489.00,451.00,59.00,224.00,0.462641,-1,-1,-1
34,6,1691.00,526.00,102.00,206.00,0.860575,-1,-1,-1
34,7,1597.00,520.00,83.00,181.00,0.692304,-1,-1,-1
34,8,122.00,526.00,75.00,217.00,0.760071,-1,-1,-1
34,9,1885.00,429.00,35.00,148.00,0.650976,-1,-1,-1
34,14,1244.00,355.00,99.00,393.00,0.876210,-1,-1,-1
35,1,1106.00,367.00,148.00,399.00,0.892960,-1,-1,-1
35,2,1573.00,392.00,107.00,264.00,0.820914,-1,-1,-1
35,4,1348.00,354.00,164.00,432.00,0.897911,-1,-1,-1
35,5,1490.00,452.00,59.00,222.00,0.541932,-1,-1,-1
35,6,1688.00,526.00,102.00,206.00,0.853047,-1,-1,-1
35,7,1594.00,521.00,83.00,180.00,0.687198,-1,-1,-1
35,8,122.00,527.00,75.00,216.00,0.769264,-1,-1,-1
35,9,1885.00,428.00,35.00,152.00,0.630397,-1,-1,-1
35,13,1684.00,470.00,42.00,111.00,0.336960,-1,-1,-1
35,14,1249.00,355.00,101.00,390.00,0.859173,-1,-1,-1
35,18,1422.00,347.00,78.00,136.00,0.388750,-1,-1,-1
36,1,1114.00,367.00,146.00,397.00,0.884890,-1,-1,-1
36,2,1576.00,391.00,107.00,255.00,0.811857,-1,-1,-1
36,4,1358.00,349.00,164.00,432.00,0.884133,-1,-1,-1
36,5,1499.00,451.00,58.00,224.00,0.557321,-1,-1,-1
36,6,1687.00,527.00,100.00,204.00,0.853641,-1,-1,-1
36,7,1598.00,525.00,82.00,176.00,0.744129,-1,-1,-1
36,8,122.00,532.00,74.00,211.00,0.757539,-1,-1,-1
36,9,1885.00,428.00,35.00,154.00,0.635537,-1,-1,-1
36,13,1682.00,470.00,43.00,112.00,0.398601,-1,-1,-1
36,14,1255.00,354.00,105.00,389.00,0.819868,-1,-1,-1
37,1,1121.00,367.00,145.00,398.00,0.892333,-1,-1,-1
37,2,1578.00,392.00,105.00,247.00,0.825558,-1,-1,-1
37,4,1364.00,347.00,164.00,432.00,0.882862,-1,-1,-1
37,5,1505.00,451.00,57.00,224.00,0.502090,-1,-1,-1
37,6,1687.00,527.00,98.00,204.00,0.860473,-1,-1,-1
37,7,1599.00,525.00,83.00,176.00,0.806597,-1,-1,-1
37,8,123.00,533.00,73.00,210.00,0.751731,-1,-1,-1
37,9,1885.00,428.00,35.00,153.00,0.530958,-1,-1,-1
37,13,1683.00,470.00,43.00,112.00,0.298328,-1,-1,-1
37,14,1260.00,352.00,108.00,390.00,0.820573,-1,-1,-1
38,1,1129.00,369.00,143.00,396.00,0.890719,-1,-1,-1
38,2,1578.00,392.00,106.00,245.00,0.820418,-1,-1,-1
38,4,1368.00,346.00,165.00,434.00,0.864368,-1,-1,-1
38,5,1500.00,447.00,59.00,228.00,0.570467,-1,-1,-1
38,6,1687.00,528.00,98.00,202.00,0.866236,-1,-1,-1
38,7,1598.00,525.00,84.00,176.00,0.773951,-1,-1,-1
38,8,123.00,532.00,73.00,211.00,0.732444,-1,-1,-1
38,9,1886.00,429.00,34.00,150.00,0.587332,-1,-1,-1
38,13,1684.00,470.00,43.00,111.00,0.343853,-1,-1,-1
38,14,1265.00,350.00,110.00,390.00,0.834431,-1,-1,-1
38,19,1473.00,404.00,87.00,273.00,0.321930,-1,-1,-1
38,20,1330.00,398.00,67.00,297.00,0.331039,-1,-1,-1
39,1,1137.00,370.00,142.00,393.00,0.878292,-1,-1,-1
39,2,1576.00,391.00,105.00,245.00,0.798758,-1,-1,-1
39,4,1374.00,347.00,167.00,434.00,0.870319,-1,-1,-1
39,5,1500.00,447.00,61.00,229.00,0.461072,-1,-1,-1
39,6,1689.00,529.00,96.00,200.00,0.873166,-1,-1,-1
39,7,1596.00,522.00,85.00,179.00,0.777313,-1,-1,-1
39,8,122.00,528.00,74.00,215.00,0.731472,-1,-1,-1
39,9,1886.00,430.00,34.00,143.00,0.607831,-1,-1,-1
39,13,1685.00,471.00,42.00,110.00,0.277256,-1,-1,-1
39,14,1271.00,349.00,110.00,387.00,0.855730,-1,-1,-1
40,1,1142.00,371.00,142.00,391.00,0.884175,-1,-1,-1
40,2,1575.00,391.00,104.00,249.00,0.729346,-1,-1,-1
40,4,1376.00,348.00,168.00,435.00,0.877399,-1,-1,-1
40,5,1500.00,445.00,63.00,230.00,0.667041,-1,-1,-1
40,6,1692.00,529.00,95.00,200.00,0.858791,-1,-1,-1
40,7,1596.00,522.00,84.00,178.00,0.772941,-1,-1,-1
40,8,122.00,528.00,74.00,216.00,0.728121,-1,-1,-1
40,9,1886.00,432.00,33.00,139.00,0.633592,-1,-1,-1
40,13,1685.00,471.00,43.00,112.00,0.330084,-1,-1,-1
40,14,1275.00,349.00,110.00,385.00,0.857223,-1,-1,-1
40,21,1231.00,417.00,63.00,271.00,0.596304,-1,-1,-1
41,1,1147.00,374.00,141.00,388.00,0.872167,-1,-1,-1
41,2,1573.00,391.00,115.00,285.00,0.694256,-1,-1,-1
41,4,1382.00,351.00,168.00,429.00,0.880685,-1,-1,-1
41,5,1506.00,440.00,64.00,235.00,0.645055,-1,-1,-1
41,6,1696.00,530.00,94.00,198.00,0.840964,-1,-1,-1
41,7,1595.00,519.00,85.00,181.00,0.609089,-1,-1,-1
41,8,122.00,525.00,75.00,218.00,0.714363,-1,-1,-1
41,9,1886.00,433.00,33.00,140.00,0.680084,-1,-1,-1
41,13,1684.00,471.00,43.00,112.00,0.299413,-1,-1,-1
41,14,1278.00,350.00,108.00,382.00,0.843754,-1,-1,-1
41,21,1230.00,415.00,64.00,273.00,0.593379,-1,-1,-1
42,1,1151.00,374.00,139.00,388.00,0.870008,-1,-1,-1
42,2,1579.00,392.00,108.00,272.00,0.434995,-1,-1,-1
42,4,1385.00,354.00,168.00,423.00,0.876574,-1,-1,-1
42,5,1510.00,437.00,65.00,238.00,0.645122,-1,-1,-1
42,6,1699.00,529.00,92.00,198.00,0.851253,-1,-1,-1
42,7,1595.00,515.00,87.00,185.00,0.668426,-1,-1,-1
42,8,123.00,526.00,74.00,217.00,0.741154,-1,-1,-1
42,9,1887.00,434.00,32.00,139.00,0.687799,-1,-1,-1
42,13,1685.00,472.00,43.00,111.00,0.310159,-1,-1,-1
42,14,1279.00,349.00,108.00,383.00,0.855640,-1,-1,-1
42,21,1235.00,416.00,62.00,270.00,0.387816,-1,-1,-1
43,1,1155.00,375.00,138.00,387.00,0.870588,-1,-1,-1
43,2,1585.00,393.00,99.00,253.00,0.636321,-1,-1,-1
43,4,1389.00,356.00,168.00,420.00,0.889494,-1,-1,-1
43,5,1513.00,435.00,65.00,241.00,0.720787,-1,-1,-1
43,6,1700.00,528.00,92.00,198.00,0.856000,-1,-1,-1
43,7,1595.00,510.00,89.00,189.00,0.696507,-1,-1,-1
43,8,123.00,531.00,73.00,212.00,0.732631,-1,-1,-1
43,9,1887.00,435.00,32.00,138.00,0.677389,-1,-1,-1
43,13,1685.00,472.00,43.00,112.00,0.317889,-1,-1,-1
43,14,1283.00,350.00,108.00,382.00,0.844659,-1,-1,-1
44,1,1160.00,375.00,135.00,386.00,0.891519,-1,-1,-1
44,2,1593.00,394.00,97.00,246.00,0.653002,-1,-1,-1
44,4,1394.00,358.00,168.00,418.00,0.894774,-1,-1,-1
44,5,1517.00,435.00,65.00,241.00,0.704931,-1,-1,-1
44,6,1701.00,528.00,92.00,197.00,0.847280,-1,-1,-1
44,7,1595.00,504.00,91.00,188.00,0.646738,-1,-1,-1
44,8,122.00,533.00,73.00,210.00,0.717197,-1,-1,-1
44,9,1887.00,436.00,32.00,138.00,0.699514,-1,-1,-1
44,13,1685.00,470.00,43.00,113.00,0.404914,-1,-1,-1
44,14,1287.00,350.00,108.00,383.00,0.840459,-1,-1,-1
45,1,1164.00,374.00,134.00,387.00,0.889214,-1,-1,-1
45,2,1600.00,395.00,94.00,241.00,0.691255,-1,-1,-1
45,4,1399.00,359.00,168.00,417.00,0.900048,-1,-1,-1
45,5,1521.00,437.00,64.00,238.00,0.685151,-1,-1,-1
45,6,1701.00,527.00,92.00,198.00,0.846262,-1,-1,-1
45,7,1599.00,498.00,96.00,197.00,0.759826,-1,-1,-1
45,8,122.00,535.00,73.00,208.00,0.728067,-1,-1,-1
45,9,1887.00,436.00,32.00,138.00,0.685683,-1,-1,-1
45,13,1681.00,469.00,50.00,132.00,0.269447,-1,-1,-1
45,14,1291.00,351.00,107.00,383.00,0.832491,-1,-1,-1
46,1,1172.00,373.00,131.00,383.00,0.895404,-1,-1,-1
46,2,1606.00,396.00,93.00,236.00,0.753876,-1,-1,-1
46,4,1405.00,360.00,168.00,414.00,0.873843,-1,-1,-1
46,5,1531.00,440.00,60.00,223.00,0.506383,-1,-1,-1
46,6,1700.00,527.00,91.00,198.00,0.852407,-1,-1,-1
46,7,1596.00,493.00,102.00,204.00,0.814712,-1,-1,-1
46,8,122.00,535.00,73.00,209.00,0.742661,-1,-1,-1
46,9,1887.00,436.00,32.00,141.00,0.677244,-1,-1,-1
46,14,1296.00,355.00,105.00,377.00,0.837567,-1,-1,-1
47,1,1180.00,372.00,130.00,380.00,0.890624,-1,-1,-1
47,2,1611.00,397.00,95.00,242.00,0.743922,-1,-1,-1
47,4,1408.00,359.00,168.00,411.00,0.877239,-1,-1,-1
47,5,1537.00,442.00,58.00,217.00,0.538837,-1,-1,-1
47,6,1699.00,527.00,91.00,198.00,0.837244,-1,-1,-1
47,7,1590.00,488.00,105.00,211.00,0.844428,-1,-1,-1
47,8,122.00,536.00,73.00,208.00,0.733844,-1,-1,-1
47,9,1886.00,437.00,33.00,142.00,0.666326,-1,-1,-1
47,14,1299.00,356.00,104.00,375.00,0.845217,-1,-1,-1
47,22,1366.00,403.00,71.00,285.00,0.426550,-1,-1,-1
48,1,1186.00,372.00,131.00,379.00,0.875863,-1,-1,-1
48,2,1615.00,396.00,96.00,252.00,0.770508,-1,-1,-1
48,4,1415.00,360.00,165.00,406.00,0.890882,-1,-1,-1
48,5,1542.00,444.00,57.00,216.00,0.591134,-1,-1,-1
48,6,1699.00,526.00,91.00,200.00,0.845658,-1,-1,-1
48,7,1588.00,484.00,108.00,216.00,0.839164,-1,-1,-1
48,8,122.00,535.00,73.00,209.00,0.709713,-1,-1,-1
48,9,1887.00,437.00,33.00,145.00,0.656114,-1,-1,-1
48,14,1302.00,358.00,102.00,372.00,0.846502,-1,-1,-1
48,22,1368.00,404.00,71.00,283.00,0.547812,-1,-1,-1
49,1,1194.00,374.00,131.00,376.00,0.877712,-1,-1,-1
49,2,1622.00,395.00,98.00,260.00,0.813875,-1,-1,-1
49,4,1419.00,360.00,166.00,405.00,0.895609,-1,-1,-1
49,5,1545.00,445.00,58.00,219.00,0.653622,-1,-1,-1
49,6,1699.00,527.00,91.00,198.00,0.839505,-1,-1,-1
49,7,1585.00,479.00,110.00,220.00,0.850279,-1,-1,-1
49,8,122.00,535.00,73.00,209.00,0.726373,-1,-1,-1
49,9,1885.00,435.00,35.00,155.00,0.599818,-1,-1,-1
49,14,1303.00,361.00,102.00,370.00,0.859091,-1,-1,-1
49,17,20.00,564.00,78.00,184.00,0.375725,-1,-1,-1
49,22,1375.00,403.00,70.00,285.00,0.658145,-1,-1,-1
50,1,1200.00,376.00,132.00,374.00,0.875788,-1,-1,-1
50,2,1628.00,395.00,101.00,268.00,0.826439,-1,-1,-1
50,4,1422.00,360.00,165.00,404.00,0.897678,-1,-1,-1
50,5,1549.00,445.00,57.00,219.00,0.530871,-1,-1,-1
50,6,1700.00,528.00,89.00,197.00,0.837819,-1,-1,-1
50,7,1584.00,476.00,110.00,224.00,0.858671,-1,-1,-1
50,8,122.00,535.00,73.00,209.00,0.689110,-1,-1,-1
50,9,1884.00,433.00,36.00,164.00,0.579990,-1,-1,-1
50,14,1306.00,363.00,101.00,367.00,0.869220,-1,-1,-1
50,22,1379.00,403.00,69.00,285.00,0.684007,-1,-1,-1
51,1,1205.00,379.00,134.00,371.00,0.847096,-1,-1,-1
51,2,1638.00,395.00,103.00,273.00,0.824144,-1,-1,-1
51,4,1425.00,360.00,165.00,404.00,0.888237,-1,-1,-1
51,5,1554.00,442.00,54.00,206.00,0.346721,-1,-1,-1
51,6,1699.00,527.00,89.00,198.00,0.826162,-1,-1,-1
51,7,1582.00,473.00,112.00,227.00,0.860044,-1,-1,-1
51,8,122.00,536.00,74.00,207.00,0.654460,-1,-1,-1
51,9,1884.00,432.00,36.00,174.00,0.634651,-1,-1,-1
51,14,1309.00,364.00,101.00,367.00,0.848064,-1,-1,-1
51,22,1383.00,402.00,70.00,288.00,0.667230,-1,-1,-1
52,1,1209.00,377.00,136.00,375.00,0.792284,-1,-1,-1
52,2,1644.00,395.00,105.00,275.00,0.862147,-1,-1,-1
52,4,1430.00,360.00,164.00,404.00,0.892191,-1,-1,-1
52,6,1699.00,528.00,88.00,198.00,0.829911,-1,-1,-1
52,7,1581.00,470.00,114.00,230.00,0.863883,-1,-1,-1
52,8,122.00,536.00,74.00,207.00,0.670108,-1,-1,-1
52,9,1884.00,432.00,36.00,177.00,0.644082,-1,-1,-1
52,14,1310.00,366.00,101.00,365.00,0.820411,-1,-1,-1
52,22,1390.00,405.00,68.00,284.00,0.651241,-1,-1,-1
53,1,1214.00,377.00,138.00,376.00,0.847790,-1,-1,-1
53,2,1651.00,395.00,106.00,275.00,0.835723,-1,-1,-1
53,4,1433.00,362.00,163.00,401.00,0.896128,-1,-1,-1
53,5,1556.00,439.00,55.00,214.00,0.300914,-1,-1,-1
53,6,1698.00,528.00,87.00,198.00,0.823222,-1,-1,-1
53,7,1582.00,465.00,114.00,236.00,0.846700,-1,-1,-1
53,8,122.00,535.00,74.00,208.00,0.756554,-1,-1,-1
53,9,1883.00,432.00,37.00,180.00,0.650123,-1,-1,-1
53,14,1312.00,366.00,101.00,364.00,0.817918,-1,-1,-1
53,22,1395.00,404.00,69.00,284.00,0.603057,-1,-1,-1
54,1,1220.00,379.00,138.00,374.00,0.877362,-1,-1,-1
54,2,1660.00,395.00,107.00,277.00,0.851920,-1,-1,-1
54,4,1438.00,364.00,161.00,397.00,0.906807,-1,-1,-1
54,5,1559.00,439.00,56.00,220.00,0.476626,-1,-1,-1
54,6,1698.00,527.00,86.00,198.00,0.826797,-1,-1,-1
54,7,1583.00,463.00,113.00,237.00,0.825565,-1,-1,-1
54,8,121.00,534.00,75.00,209.00,0.746714,-1,-1,-1
54,9,1883.00,432.00,37.00,180.00,0.591137,-1,-1,-1
54,14,1314.00,365.00,101.00,363.00,0.812869,-1,-1,-1
54,22,1401.00,404.00,69.00,284.00,0.627016,-1,-1,-1
54,24,1192.00,407.00,66.00,291.00,0.569972,-1,-1,-1
55,1,1225.00,380.00,137.00,373.00,0.876142,-1,-1,-1
55,2,1662.00,395.00,109.00,277.00,0.843609,-1,-1,-1
55,4,1442.00,369.00,159.00,392.00,0.904841,-1,-1,-1
55,5,1561.00,441.00,56.00,221.00,0.313104,-1,-1,-1
55,6,1698.00,527.00,86.00,199.00,0.822908,-1,-1,-1
55,7,1580.00,459.00,115.00,241.00,0.834696,-1,-1,-1
55,8,121.00,534.00,75.00,210.00,0.765536,-1,-1,-1
55,9,1884.00,432.00,36.00,181.00,0.544077,-1,-1,-1
55,14,1316.00,364.00,101.00,360.00,0.821048,-1,-1,-1
55,22,1405.00,409.00,68.00,276.00,0.614792,-1,-1,-1
55,24,1191.00,405.00,67.00,296.00,0.616617,-1,-1,-1
55,26,1899.00,432.00,21.00,182.00,0.414550,-1,-1,-1
55,27,1429.00,361.00,59.00,331.00,0.505738,-1,-1,-1
56,1,1230.00,381.00,136.00,371.00,0.862658,-1,-1,-1
56,2,1668.00,396.00,109.00,275.00,0.751299,-1,-1,-1
56,4,1446.00,371.00,157.00,389.00,0.909337,-1,-1,-1
56,5,1566.00,444.00,51.00,204.00,0.334114,-1,-1,-1
56,6,1696.00,526.00,86.00,201.00,0.822776,-1,-1,-1
56,7,1577.00,454.00,116.00,247.00,0.849859,-1,-1,-1
56,8,121.00,535.00,75.00,209.00,0.755767,-1,-1,-1
56,9,1884.00,433.00,36.00,181.00,0.528428,-1,-1,-1
56,14,1320.00,364.00,100.00,356.00,0.819451,-1,-1,-1
56,22,1407.00,411.00,69.00,275.00,0.593959,-1,-1,-1
56,24,1189.00,403.00,69.00,304.00,0.796601,-1,-1,-1
56,26,1899.00,434.00,20.00,180.00,0.408670,-1,-1,-1
56,27,1429.00,364.00,59.00,327.00,0.509369,-1,-1,-1
57,1,1232.00,381.00,136.00,369.00,0.854033,-1,-1,-1
57,2,1664.00,396.00,110.00,275.00,0.690413,-1,-1,-1
57,4,1449.00,372.00,156.00,387.00,0.908309,-1,-1,-1
57,6,1694.00,526.00,86.00,201.00,0.823187,-1,-1,-1
57,7,1576.00,449.00,116.00,252.00,0.848501,-1,-1,-1
57,8,121.00,536.00,74.00,208.00,0.707123,-1,-1,-1
57,9,1885.00,434.00,35.00,179.00,0.599997,-1,-1,-1
57,14,1322.00,363.00,100.00,355.00,0.814619,-1,-1,-1
57,22,1410.00,411.00,70.00,276.00,0.587947,-1,-1,-1
57,24,1188.00,402.00,71.00,309.00,0.794850,-1,-1,-1
57,27,1433.00,366.00,59.00,323.00,0.513306,-1,-1,-1
58,1,1235.00,378.00,135.00,370.00,0.844683,-1,-1,-1
58,2,1666.00,398.00,110.00,274.00,0.613805,-1,-1,-1
58,4,1450.00,371.00,157.00,388.00,0.915153,-1,-1,-1
58,6,1692.00,526.00,86.00,200.00,0.821426,-1,-1,-1
58,7,1575.00,447.00,116.00,254.00,0.848993,-1,-1,-1
58,8,121.00,536.00,74.00,208.00,0.712930,-1,-1,-1
58,9,1885.00,435.00,35.00,177.00,0.565099,-1,-1,-1
58,14,1325.00,364.00,100.00,354.00,0.843087,-1,-1,-1
58,17,23.00,562.00,83.00,186.00,0.356605,-1,-1,-1
58,22,1414.00,411.00,71.00,274.00,0.596024,-1,-1,-1
58,24,1188.00,401.00,73.00,314.00,0.806418,-1,-1,-1
58,27,1435.00,367.00,59.00,319.00,0.489213,-1,-1,-1
59,1,1238.00,380.00,133.00,366.00,0.849696,-1,-1,-1
59,2,1680.00,397.00,91.00,217.00,0.653454,-1,-1,-1
59,4,1452.00,372.00,156.00,385.00,0.909227,-1,-1,-1
59,6,1688.00,527.00,87.00,200.00,0.843027,-1,-1,-1
59,7,1575.00,443.00,115.00,258.00,0.848071,-1,-1,-1
59,8,121.00,538.00,74.00,206.00,0.710262,-1,-1,-1
59,9,1886.00,435.00,34.00,177.00,0.558460,-1,-1,-1
59,14,1331.00,364.00,99.00,355.00,0.845323,-1,-1,-1
59,17,24.00,570.00,82.00,177.00,0.319460,-1,-1,-1
59,22,1416.00,410.00,72.00,277.00,0.472775,-1,-1,-1
59,24,1186.00,402.00,75.00,316.00,0.837656,-1,-1,-1
59,27,1437.00,368.00,59.00,319.00,0.603918,-1,-1,-1
60,1,1241.00,378.00,131.00,366.00,0.838944,-1,-1,-1
60,2,1686.00,397.00,83.00,193.00,0.714510,-1,-1,-1
60,4,1453.00,372.00,154.00,380.00,0.906406,-1,-1,-1
60,6,1687.00,528.00,87.00,200.00,0.838926,-1,-1,-1
60,7,1575.00,439.00,115.00,262.00,0.850372,-1,-1,-1
60,8,122.00,537.00,74.00,207.00,0.720329,-1,-1,-1
60,9,1886.00,436.00,34.00,177.00,0.557446,-1,-1,-1
60,14,1337.00,366.00,99.00,353.00,0.848174,-1,-1,-1
60,17,22.00,574.00,84.00,173.00,0.287731,-1,-1,-1
60,22,1418.00,408.00,74.00,284.00,0.358771,-1,-1,-1
60,24,1184.00,404.00,76.00,315.00,0.820985,-1,-1,-1
60,26,1899.00,438.00,20.00,175.00,0.254857,-1,-1,-1
60,27,1438.00,368.00,62.00,333.00,0.588788,-1,-1,-1
61,1,1245.00,379.00,128.00,361.00,0.818508,-1,-1,-1
61,2,1687.00,397.00,84.00,191.00,0.731661,-1,-1,-1
61,4,1454.00,372.00,153.00,375.00,0.898801,-1,-1,-1
61,6,1685.00,528.00,87.00,200.00,0.846616,-1,-1,-1
61,7,1575.00,435.00,114.00,266.00,0.844669,-1,-1,-1
61,8,122.00,537.00,74.00,207.00,0.729979,-1,-1,-1
61,9,1886.00,437.00,34.00,177.00,0.571695,-1,-1,-1
61,14,1342.00,369.00,100.00,350.00,0.850455,-1,-1,-1
61,17,22.00,575.00,85.00,173.00,0.308157,-1,-1,-1
61,24,1182.00,405.00,78.00,315.00,0.793467,-1,-1,-1
61,26,1898.00,437.00,20.00,177.00,0.303836,-1,-1,-1
61,27,1443.00,370.00,60.00,324.00,0.595719,-1,-1,-1
62,1,1248.00,377.00,126.00,361.00,0.820311,-1,-1,-1
62,2,1688.00,397.00,89.00,196.00,0.692030,-1,-1,-1
62,4,1453.00,371.00,154.00,375.00,0.895975,-1,-1,-1
62,6,1683.00,527.00,88.00,200.00,0.846972,-1,-1,-1
62,7,1575.00,432.00,114.00,269.00,0.841436,-1,-1,-1
62,8,122.00,537.00,74.00,206.00,0.689549,-1,-1,-1
62,9,1886.00,437.00,34.00,176.00,0.582674,-1,-1,-1
62,14,1347.00,370.00,100.00,348.00,0.842490,-1,-1,-1
62,22,1421.00,402.00,74.00,283.00,0.383279,-1,-1,-1
62,24,1181.00,405.00,80.00,317.00,0.834251,-1,-1,-1
62,26,1898.00,437.00,20.00,176.00,0.254097,-1,-1,-1
62,27,1446.00,370.00,60.00,319.00,0.569903,-1,-1,-1
63,1,1252.00,378.00,124.00,360.00,0.817216,-1,-1,-1
63,2,1689.00,397.00,93.00,205.00,0.756986,-1,-1,-1
63,4,1452.00,371.00,154.00,375.00,0.896292,-1,-1,-1
63,6,1682.00,527.00,90.00,200.00,0.840001,-1,-1,-1
63,7,1575.00,430.00,113.00,272.00,0.850512,-1,-1,-1
63,8,122.00,537.00,75.00,207.00,0.711963,-1,-1,-1
63,9,1886.00,438.00,34.00,174.00,0.612288,-1,-1,-1
63,14,1351.00,372.00,100.00,344.00,0.840838,-1,-1,-1
63,22,1421.00,401.00,74.00,281.00,0.481213,-1,-1,-1
63,24,1178.00,405.00,83.00,318.00,0.849848,-1,-1,-1
63,26,1898.00,438.00,21.00,175.00,0.259975,-1,-1,-1
63,27,1447.00,375.00,60.00,311.00,0.504433,-1,-1,-1
64,1,1257.00,379.00,121.00,358.00,0.864928,-1,-1,-1
64,2,1685.00,397.00,105.00,234.00,0.750454,-1,-1,-1
64,4,1453.00,371.00,155.00,375.00,0.889601,-1,-1,-1
64,6,1679.00,525.00,94.00,203.00,0.843467,-1,-1,-1
64,7,1574.00,424.00,114.00,278.00,0.860320,-1,-1,-1
64,8,122.00,535.00,75.00,209.00,0.715765,-1,-1,-1
64,9,1886.00,437.00,34.00,175.00,0.604330,-1,-1,-1
64,14,1353.00,372.00,101.00,345.00,0.858638,-1,-1,-1
64,22,1428.00,402.00,73.00,279.00,0.463587,-1,-1,-1
64,24,1176.00,404.00,85.00,320.00,0.858475,-1,-1,-1
64,26,1899.00,437.00,21.00,175.00,0.251852,-1,-1,-1
64,27,1448.00,378.00,59.00,305.00,0.491206,-1,-1,-1
65,1,1260.00,381.00,120.00,355.00,0.868643,-1,-1,-1
65,2,1682.00,397.00,112.00,254.00,0.794739,-1,-1,-1
65,4,1453.00,372.00,155.00,374.00,0.888087,-1,-1,-1
65,6,1676.00,524.00,96.00,204.00,0.854262,-1,-1,-1
65,7,1574.00,422.00,114.00,279.00,0.857301,-1,-1,-1
65,8,123.00,534.00,75.00,210.00,0.689121,-1,-1,-1
65,9,1886.00,434.00,34.00,178.00,0.627898,-1,-1,-1
65,14,1355.00,374.00,99.00,340.00,0.844664,-1,-1,-1
65,22,1432.00,403.00,71.00,276.00,0.336711,-1,-1,-1
65,24,1174.00,402.00,88.00,322.00,0.865101,-1,-1,-1
65,26,1900.00,435.00,20.00,176.00,0.283036,-1,-1,-1
65,27,1448.00,378.00,60.00,303.00,0.374732,-1,-1,-1
65,31,792.00,455.00,80.00,251.00,0.385206,-1,-1,-1
66,1,1269.00,384.00,118.00,350.00,0.853771,-1,-1,-1
66,2,1686.00,397.00,114.00,262.00,0.846847,-1,-1,-1
66,4,1453.00,377.00,155.00,370.00,0.872286,-1,-1,-1
66,6,1674.00,527.00,96.00,201.00,0.865684,-1,-1,-1
66,7,1577.00,418.00,112.00,283.00,0.832929,-1,-1,-1
66,8,123.00,525.00,78.00,219.00,0.742080,-1,-1,-1
66,9,1887.00,435.00,33.00,176.00,0.617087,-1,-1,-1
66,14,1354.00,375.00,98.00,335.00,0.832175,-1,-1,-1
66,24,1172.00,400.00,90.00,324.00,0.855841,-1,-1,-1
66,26,1900.00,436.00,20.00,174.00,0.250227,-1,-1,-1
66,31,800.00,456.00,78.00,245.00,0.681927,-1,-1,-1
67,1,1276.00,386.00,117.00,349.00,0.867772,-1,-1,-1
67,2,1694.00,399.00,113.00,263.00,0.829636,-1,-1,-1
67,4,1451.00,381.00,154.00,367.00,0.873639,-1,-1,-1
67,6,1673.00,528.00,97.00,201.00,0.833251,-1,-1,-1
67,7,1582.00,415.00,111.00,285.00,0.820155,-1,-1,-1
67,8,123.00,527.00,77.00,217.00,0.788860,-1,-1,-1
67,9,1887.00,437.00,33.00,174.00,0.515949,-1,-1,-1
67,14,1359.00,376.00,96.00,333.00,0.823922,-1,-1,-1
67,24,1170.00,399.00,93.00,325.00,0.856514,-1,-1,-1
67,31,805.00,457.00,78.00,242.00,0.698579,-1,-1,-1
68,1,1281.00,389.00,117.00,345.00,0.875020,-1,-1,-1
68,2,1698.00,401.00,113.00,261.00,0.844687,-1,-1,-1
68,4,1451.00,383.00,153.00,364.00,0.876332,-1,-1,-1
68,6,1673.00,528.00,96.00,201.00,0.809858,-1,-1,-1
68,7,1587.00,413.00,108.00,288.00,0.827766,-1,-1,-1
68,8,123.00,528.00,77.00,216.00,0.785742,-1,-1,-1
68,9,1887.00,437.00,33.00,173.00,0.511682,-1,-1,-1
68,14,1362.00,376.00,95.00,332.00,0.826545,-1,-1,-1
68,24,1169.00,398.00,96.00,326.00,0.858439,-1,-1,-1
68,31,806.00,459.00,79.00,245.00,0.784476,-1,-1,-1
69,1,1287.00,391.00,117.00,343.00,0.870059,-1,-1,-1
69,2,1703.00,403.00,110.00,257.00,0.792624,-1,-1,-1
69,4,1450.00,381.00,152.00,366.00,0.890833,-1,-1,-1
69,6,1675.00,528.00,94.00,200.00,0.760154,-1,-1,-1
69,7,1592.00,412.00,106.00,289.00,0.848282,-1,-1,-1
69,8,123.00,529.00,76.00,214.00,0.791979,-1,-1,-1
69,9,1889.00,440.00,31.00,168.00,0.493807,-1,-1,-1
69,14,1365.00,376.00,94.00,332.00,0.801935,-1,-1,-1
69,24,1169.00,396.00,98.00,328.00,0.861024,-1,-1,-1
69,31,815.00,459.00,81.00,247.00,0.721834,-1,-1,-1
70,1,1292.00,391.00,119.00,344.00,0.867851,-1,-1,-1
70,2,1706.00,405.00,108.00,254.00,0.761841,-1,-1,-1
70,4,1449.00,378.00,153.00,367.00,0.883377,-1,-1,-1
70,6,1676.00,529.00,92.00,199.00,0.718507,-1,-1,-1
70,7,1596.00,411.00,103.00,291.00,0.823394,-1,-1,-1
70,8,123.00,528.00,76.00,215.00,0.742885,-1,-1,-1
70,9,1890.00,442.00,30.00,162.00,0.425386,-1,-1,-1
70,14,1369.00,377.00,92.00,331.00,0.798258,-1,-1,-1
70,24,1169.00,395.00,100.00,328.00,0.864002,-1,-1,-1
71,1,1297.00,391.00,120.00,344.00,0.873477,-1,-1,-1
71,2,1709.00,404.00,107.00,255.00,0.808815,-1,-1,-1
71,4,1450.00,377.00,152.00,367.00,0.874883,-1,-1,-1
71,6,1678.00,529.00,91.00,199.00,0.754477,-1,-1,-1
71,7,1602.00,410.00,100.00,291.00,0.839451,-1,-1,-1
71,8,123.00,523.00,78.00,220.00,0.758343,-1,-1,-1
71,9,1890.00,443.00,29.00,159.00,0.405732,-1,-1,-1
71,14,1372.00,376.00,91.00,329.00,0.796759,-1,-1,-1
71,24,1166.00,394.00,103.00,331.00,0.865663,-1,-1,-1
72,1,1301.00,391.00,120.00,343.00,0.879418,-1,-1,-1
72,2,1712.00,405.00,104.00,254.00,0.760903,-1,-1,-1
72,4,1449.00,378.00,150.00,362.00,0.871681,-1,-1,-1
72,6,1680.00,529.00,89.00,199.00,0.750466,-1,-1,-1
72,7,1606.00,411.00,98.00,290.00,0.833278,-1,-1,-1
72,8,123.00,529.00,75.00,214.00,0.762654,-1,-1,-1
72,14,1374.00,375.00,89.00,330.00,0.802211,-1,-1,-1
72,24,1163.00,394.00,105.00,334.00,0.861657,-1,-1,-1
72,33,1571.00,418.00,58.00,269.00,0.585890,-1,-1,-1
73,1,1303.00,391.00,120.00,342.00,0.885919,-1,-1,-1
73,2,1716.00,405.00,103.00,254.00,0.811231,-1,-1,-1
73,4,1450.00,379.00,147.00,356.00,0.867064,-1,-1,-1
73,6,1679.00,529.00,88.00,200.00,0.780334,-1,-1,-1
73,7,1609.00,410.00,97.00,291.00,0.815935,-1,-1,-1
73,8,122.00,529.00,76.00,214.00,0.747324,-1,-1,-1
73,14,1377.00,375.00,88.00,330.00,0.798942,-1,-1,-1
73,24,1160.00,395.00,108.00,334.00,0.869772,-1,-1,-1
73,33,1573.00,416.00,58.00,267.00,0.669675,-1,-1,-1
74,1,1307.00,391.00,119.00,341.00,0.893519,-1,-1,-1
74,2,1720.00,404.00,101.00,255.00,0.822868,-1,-1,-1
74,4,1448.00,380.00,145.00,351.00,0.879402,-1,-1,-1
74,6,1680.00,527.00,87.00,203.00,0.766319,-1,-1,-1
74,7,1614.00,409.00,94.00,293.00,0.805316,-1,-1,-1
74,8,122.00,525.00,76.00,218.00,0.729083,-1,-1,-1
74,14,1382.00,376.00,86.00,328.00,0.799424,-1,-1,-1
74,17,41.00,574.00,79.00,172.00,0.348923,-1,-1,-1
74,24,1160.00,396.00,109.00,335.00,0.846328,-1,-1,-1
74,33,1578.00,414.00,58.00,266.00,0.698476,-1,-1,-1
75,1,1310.00,392.00,119.00,339.00,0.898203,-1,-1,-1
75,2,1727.00,404.00,101.00,254.00,0.829518,-1,-1,-1
75,4,1446.00,380.00,145.00,350.00,0.884506,-1,-1,-1
75,6,1680.00,525.00,88.00,205.00,0.756926,-1,-1,-1
75,7,1618.00,409.00,93.00,293.00,0.781321,-1,-1,-1
75,8,123.00,528.00,76.00,216.00,0.705438,-1,-1,-1
75,14,1386.00,378.00,82.00,325.00,0.786215,-1,-1,-1
75,17,43.00,574.00,75.00,172.00,0.317329,-1,-1,-1
75,24,1159.00,397.00,110.00,336.00,0.851616,-1,-1,-1
75,33,1581.00,413.00,57.00,263.00,0.731143,-1,-1,-1
76,1,1315.00,391.00,117.00,337.00,0.866474,-1,-1,-1
76,2,1734.00,402.00,103.00,256.00,0.848533,-1,-1,-1
76,4,1445.00,379.00,146.00,351.00,0.883346,-1,-1,-1
76,6,1683.00,523.00,86.00,206.00,0.740984,-1,-1,-1
76,7,1621.00,411.00,92.00,291.00,0.741164,-1,-1,-1
76,8,122.00,526.00,76.00,218.00,0.761078,-1,-1,-1
76,14,1388.00,380.00,80.00,322.00,0.741113,-1,-1,-1
76,24,1155.00,395.00,114.00,340.00,0.879272,-1,-1,-1
76,33,1586.00,413.00,57.00,265.00,0.734634,-1,-1,-1
77,1,1321.00,390.00,117.00,336.00,0.860622,-1,-1,-1
77,2,1739.00,402.00,103.00,255.00,0.848388,-1,-1,-1
77,4,1445.00,380.00,147.00,351.00,0.895495,-1,-1,-1
77,6,1683.00,525.00,85.00,204.00,0.748412,-1,-1,-1
77,7,1627.00,410.00,89.00,286.00,0.679306,-1,-1,-1
77,8,122.00,527.00,76.00,218.00,0.735230,-1,-1,-1
77,14,1392.00,383.00,77.00,318.00,0.662261,-1,-1,-1
77,24,1155.00,395.00,116.00,341.00,0.880991,-1,-1,-1
77,33,1593.00,413.00,61.00,277.00,0.706484,-1,-1,-1
78,1,1326.00,389.00,117.00,335.00,0.871039,-1,-1,-1
78,2,1742.00,402.00,104.00,255.00,0.835673,-1,-1,-1
78,4,1446.00,383.00,146.00,348.00,0.906645,-1,-1,-1
78,6,1682.00,522.00,85.00,206.00,0.762227,-1,-1,-1
78,7,1634.00,410.00,87.00,284.00,0.720993,-1,-1,-1
78,8,123.00,528.00,75.00,217.00,0.765549,-1,-1,-1
78,14,1394.00,384.00,75.00,316.00,0.563935,-1,-1,-1
78,24,1155.00,393.00,118.00,343.00,0.868669,-1,-1,-1
78,33,1596.00,415.00,62.00,278.00,0.702478,-1,-1,-1
79,1,1331.00,389.00,117.00,333.00,0.869078,-1,-1,-1
79,2,1744.00,404.00,104.00,255.00,0.825741,-1,-1,-1
79,4,1447.00,387.00,145.00,344.00,0.905884,-1,-1,-1
79,6,1682.00,526.00,82.00,203.00,0.746757,-1,-1,-1
79,7,1634.00,410.00,89.00,290.00,0.710250,-1,-1,-1
79,8,123.00,529.00,75.00,215.00,0.770862,-1,-1,-1
79,14,1397.00,386.00,71.00,307.00,0.333656,-1,-1,-1
79,17,44.00,574.00,73.00,173.00,0.367998,-1,-1,-1
79,24,1154.00,391.00,120.00,345.00,0.871768,-1,-1,-1
79,33,1599.00,417.00,61.00,271.00,0.736344,-1,-1,-1
79,36,1408.00,386.00,48.00,129.00,0.484045,-1,-1,-1
80,1,1337.00,390.00,118.00,332.00,0.871684,-1,-1,-1
80,2,1744.00,404.00,104.00,254.00,0.837107,-1,-1,-1
80,4,1450.00,392.00,143.00,339.00,0.900825,-1,-1,-1
80,6,1682.00,528.00,81.00,201.00,0.758058,-1,-1,-1
80,7,1635.00,410.00,91.00,290.00,0.727508,-1,-1,-1
80,8,123.00,526.00,76.00,218.00,0.761281,-1,-1,-1
80,17,44.00,574.00,72.00,173.00,0.348549,-1,-1,-1
80,24,1153.00,389.00,122.00,347.00,0.872336,-1,-1,-1
80,33,1601.00,421.00,60.00,262.00,0.725913,-1,-1,-1
80,36,1410.00,388.00,48.00,127.00,0.469422,-1,-1,-1
80,37,1515.00,376.00,59.00,94.00,0.497441,-1,-1,-1
81,1,1340.00,390.00,118.00,332.00,0.867735,-1,-1,-1
81,2,1746.00,407.00,103.00,250.00,0.824463,-1,-1,-1
81,4,1452.00,396.00,141.00,335.00,0.895912,-1,-1,-1
81,6,1683.00,529.00,80.00,200.00,0.763334,-1,-1,-1
81,7,1648.00,410.00,87.00,283.00,0.642095,-1,-1,-1
81,8,123.00,523.00,77.00,221.00,0.763179,-1,-1,-1
81,17,45.00,574.00,70.00,173.00,0.266619,-1,-1,-1
81,24,1152.00,386.00,123.00,350.00,0.864540,-1,-1,-1
81,33,1603.00,421.00,62.00,267.00,0.729693,-1,-1,-1
81,36,1413.00,388.00,43.00,111.00,0.377769,-1,-1,-1
81,37,1517.00,376.00,59.00,94.00,0.449339,-1,-1,-1
82,1,1344.00,389.00,118.00,334.00,0.872087,-1,-1,-1
82,2,1749.00,408.00,102.00,250.00,0.802922,-1,-1,-1
82,4,1453.00,398.00,142.00,333.00,0.891777,-1,-1,-1
82,6,1682.00,528.00,80.00,201.00,0.761928,-1,-1,-1
82,7,1664.00,408.00,72.00,232.00,0.361146,-1,-1,-1
82,8,123.00,525.00,76.00,219.00,0.769686,-1,-1,-1
82,17,46.00,572.00,69.00,175.00,0.271016,-1,-1,-1
82,24,1150.00,384.00,125.00,353.00,0.861306,-1,-1,-1
82,33,1607.00,425.00,61.00,257.00,0.720671,-1,-1,-1
82,37,1519.00,378.00,65.00,102.00,0.325379,-1,-1,-1
83,1,1346.00,389.00,118.00,334.00,0.876593,-1,-1,-1
83,2,1753.00,409.00,100.00,248.00,0.826649,-1,-1,-1
83,4,1456.00,399.00,141.00,331.00,0.899102,-1,-1,-1
83,6,1676.00,528.00,81.00,201.00,0.766234,-1,-1,-1
83,7,1677.00,405.00,57.00,180.00,0.428536,-1,-1,-1
83,8,123.00,526.00,76.00,218.00,0.771706,-1,-1,-1
83,17,47.00,572.00,68.00,175.00,0.324765,-1,-1,-1
83,24,1149.00,383.00,126.00,355.00,0.864213,-1,-1,-1
83,33,1609.00,425.00,63.00,252.00,0.747879,-1,-1,-1
83,37,1521.00,379.00,72.00,112.00,0.347627,-1,-1,-1
84,1,1351.00,388.00,118.00,335.00,0.870531,-1,-1,-1
84,2,1755.00,409.00,99.00,247.00,0.823608,-1,-1,-1
84,4,1460.00,399.00,140.00,329.00,0.899954,-1,-1,-1
84,6,1676.00,528.00,80.00,201.00,0.773933,-1,-1,-1
84,7,1684.00,404.00,55.00,169.00,0.546959,-1,-1,-1
84,8,123.00,527.00,76.00,217.00,0.755194,-1,-1,-1
84,24,1148.00,383.00,127.00,358.00,0.866777,-1,-1,-1
84,33,1613.00,423.00,65.00,252.00,0.750795,-1,-1,-1
84,37,1526.00,381.00,76.00,120.00,0.313799,-1,-1,-1
84,40,1734.00,466.00,52.00,241.00,0.478214,-1,-1,-1
85,1,1355.00,387.00,118.00,336.00,0.873798,-1,-1,-1
85,2,1758.00,410.00,97.00,243.00,0.815184,-1,-1,-1
85,4,1461.00,398.00,140.00,329.00,0.897888,-1,-1,-1
85,6,1677.00,528.00,81.00,201.00,0.794657,-1,-1,-1
85,8,123.00,527.00,76.00,217.00,0.764193,-1,-1,-1
85,24,1146.00,385.00,127.00,358.00,0.872653,-1,-1,-1
85,33,1616.00,422.00,66.00,251.00,0.766985,-1,-1,-1
85,37,1530.00,384.00,75.00,119.00,0.265265,-1,-1,-1
85,40,1737.00,467.00,52.00,238.00,0.369516,-1,-1,-1
86,1,1359.00,386.00,118.00,336.00,0.892153,-1,-1,-1
86,2,1761.00,410.00,94.00,240.00,0.790750,-1,-1,-1
86,4,1464.00,398.00,138.00,325.00,0.898784,-1,-1,-1
86,6,1679.00,528.00,80.00,201.00,0.771108,-1,-1,-1
86,7,1682.00,399.00,92.00,288.00,0.729161,-1,-1,-1
86,8,124.00,529.00,74.00,215.00,0.774304,-1,-1,-1
86,24,1144.00,385.00,127.00,360.00,0.854335,-1,-1,-1
86,33,1620.00,421.00,68.00,249.00,0.795999,-1,-1,-1
86,40,1740.00,461.00,53.00,244.00,0.264853,-1,-1,-1
87,1,1364.00,390.00,116.00,332.00,0.894629,-1,-1,-1
87,2,1763.00,408.00,95.00,241.00,0.790295,-1,-1,-1
87,4,1468.00,397.00,138.00,324.00,0.887896,-1,-1,-1
87,6,1679.00,530.00,80.00,200.00,0.722082,-1,-1,-1
87,7,1685.00,395.00,97.00,310.00,0.774636,-1,-1,-1
87,8,123.00,529.00,74.00,215.00,0.780408,-1,-1,-1
87,24,1140.00,386.00,128.00,361.00,0.863672,-1,-1,-1
87,33,1624.00,419.00,70.00,251.00,0.812469,-1,-1,-1
87,37,1502.00,389.00,156.00,257.00,0.604747,-1,-1,-1
88,1,1370.00,396.00,112.00,325.00,0.883364,-1,-1,-1
88,2,1765.00,407.00,94.00,242.00,0.791944,-1,-1,-1
88,4,1470.00,396.00,138.00,324.00,0.871002,-1,-1,-1
88,6,1678.00,532.00,79.00,197.00,0.631790,-1,-1,-1
88,7,1688.00,395.00,99.00,320.00,0.779624,-1,-1,-1
88,8,123.00,529.00,74.00,215.00,0.776796,-1,-1,-1
88,24,1137.00,386.00,129.00,364.00,0.861376,-1,-1,-1
88,33,1627.00,419.00,71.00,251.00,0.829697,-1,-1,-1
88,37,1502.00,391.00,165.00,284.00,0.688299,-1,-1,-1
89,1,1376.00,400.00,109.00,319.00,0.880399,-1,-1,-1
89,2,1767.00,406.00,93.00,242.00,0.746742,-1,-1,-1
89,4,1475.00,395.00,138.00,324.00,0.850618,-1,-1,-1
89,6,1679.00,532.00,80.00,197.00,0.773355,-1,-1,-1
89,7,1695.00,395.00,99.00,323.00,0.788248,-1,-1,-1
89,8,122.00,529.00,74.00,215.00,0.774035,-1,-1,-1
89,24,1134.00,384.00,129.00,367.00,0.850623,-1,-1,-1
89,33,1630.00,419.00,73.00,251.00,0.752989,-1,-1,-1
89,37,1505.00,389.00,167.00,300.00,0.762317,-1,-1,-1
90,1,1381.00,402.00,106.00,312.00,0.870910,-1,-1,-1
90,2,1769.00,406.00,92.00,242.00,0.738413,-1,-1,-1
90,4,1476.00,396.00,137.00,322.00,0.852496,-1,-1,-1
90,6,1679.00,533.00,80.00,196.00,0.748726,-1,-1,-1
90,7,1701.00,396.00,101.00,323.00,0.827817,-1,-1,-1
90,8,122.00,530.00,74.00,215.00,0.787342,-1,-1,-1
90,24,1131.00,383.00,130.00,368.00,0.819279,-1,-1,-1
90,33,1632.00,420.00,75.00,250.00,0.731238,-1,-1,-1
90,37,1508.00,391.00,162.00,303.00,0.612168,-1,-1,-1
91,1,1384.00,402.00,105.00,309.00,0.870081,-1,-1,-1
91,2,1774.00,405.00,89.00,241.00,0.692240,-1,-1,-1
91,4,1478.00,396.00,135.00,321.00,0.845999,-1,-1,-1
91,6,1678.00,532.00,80.00,197.00,0.670075,-1,-1,-1
91,7,1709.00,395.00,102.00,325.00,0.830627,-1,-1,-1
91,8,123.00,531.00,73.00,214.00,0.780929,-1,-1,-1
91,24,1126.00,381.00,131.00,371.00,0.827654,-1,-1,-1
91,33,1632.00,419.00,76.00,251.00,0.646616,-1,-1,-1
91,37,1513.00,388.00,157.00,306.00,0.591773,-1,-1,-1
92,1,1388.00,404.00,105.00,307.00,0.887340,-1,-1,-1
92,2,1779.00,406.00,89.00,241.00,0.755689,-1,-1,-1
92,4,1482.00,398.00,134.00,319.00,0.872516,-1,-1,-1
92,6,1679.00,534.00,79.00,195.00,0.686608,-1,-1,-1
92,7,1715.00,397.00,104.00,323.00,0.824181,-1,-1,-1
92,8,123.00,531.00,73.00,213.00,0.781830,-1,-1,-1
92,9,1890.00,444.00,26.00,135.00,0.323364,-1,-1,-1
92,24,1121.00,377.00,133.00,375.00,0.853319,-1,-1,-1
92,33,1637.00,421.00,76.00,250.00,0.623343,-1,-1,-1
93,1,1391.00,405.00,104.00,306.00,0.891444,-1,-1,-1
93,2,1784.00,407.00,88.00,241.00,0.721277,-1,-1,-1
93,4,1485.00,400.00,133.00,317.00,0.875488,-1,-1,-1
93,6,1680.00,535.00,80.00,194.00,0.737280,-1,-1,-1
93,7,1717.00,398.00,106.00,324.00,0.806763,-1,-1,-1
93,8,123.00,531.00,72.00,213.00,0.787458,-1,-1,-1
93,9,1889.00,444.00,28.00,136.00,0.271210,-1,-1,-1
93,24,1119.00,375.00,134.00,377.00,0.848588,-1,-1,-1
93,33,1643.00,422.00,78.00,248.00,0.706617,-1,-1,-1
93,37,1528.00,393.00,146.00,299.00,0.630195,-1,-1,-1
94,1,1394.00,403.00,103.00,306.00,0.852144,-1,-1,-1
94,2,1785.00,407.00,87.00,239.00,0.565592,-1,-1,-1
94,4,1489.00,402.00,132.00,315.00,0.866135,-1,-1,-1
94,6,1683.00,534.00,80.00,197.00,0.679892,-1,-1,-1
94,7,1720.00,398.00,106.00,325.00,0.807610,-1,-1,-1
94,8,123.00,531.00,72.00,213.00,0.786397,-1,-1,-1
94,24,1116.00,373.00,135.00,378.00,0.860644,-1,-1,-1
94,33,1646.00,422.00,80.00,247.00,0.691824,-1,-1,-1
94,37,1539.00,391.00,139.00,295.00,0.702002,-1,-1,-1
95,1,1397.00,403.00,103.00,305.00,0.788849,-1,-1,-1
95,2,1787.00,406.00,86.00,240.00,0.592101,-1,-1,-1
95,4,1493.00,404.00,130.00,313.00,0.849169,-1,-1,-1
95,6,1686.00,533.00,81.00,199.00,0.731113,-1,-1,-1
95,7,1722.00,397.00,107.00,326.00,0.784510,-1,-1,-1
95,8,123.00,531.00,71.00,213.00,0.776787,-1,-1,-1
95,24,1112.00,371.00,137.00,381.00,0.884473,-1,-1,-1
95,33,1648.00,422.00,81.00,246.00,0.665525,-1,-1,-1
95,37,1547.00,390.00,135.00,295.00,0.701954,-1,-1,-1
95,48,1639.00,428.00,69.00,239.00,0.411336,-1,-1,-1
96,1,1402.00,406.00,103.00,302.00,0.771466,-1,-1,-1
96,2,1790.00,408.00,83.00,238.00,0.595447,-1,-1,-1
96,4,1495.00,404.00,130.00,312.00,0.834508,-1,-1,-1
96,6,1689.00,533.00,81.00,200.00,0.738641,-1,-1,-1
96,7,1723.00,397.00,107.00,326.00,0.791252,-1,-1,-1
96,8,122.00,527.00,73.00,217.00,0.782030,-1,-1,-1
96,24,1110.00,371.00,139.00,384.00,0.867256,-1,-1,-1
96,33,1652.00,421.00,82.00,246.00,0.693233,-1,-1,-1
96,37,1552.00,389.00,130.00,295.00,0.660928,-1,-1,-1
96,50,1392.00,393.00,66.00,311.00,0.568110,-1,-1,-1
97,1,1411.00,407.00,104.00,300.00,0.815726,-1,-1,-1
97,2,1795.00,409.00,81.00,236.00,0.331933,-1,-1,-1
97,4,1500.00,405.00,129.00,310.00,0.838835,-1,-1,-1
97,6,1693.00,533.00,81.00,200.00,0.752240,-1,-1,-1
97,7,1724.00,394.00,107.00,328.00,0.813032,-1,-1,-1
97,8,121.00,525.00,73.00,219.00,0.801688,-1,-1,-1
97,24,1107.00,371.00,141.00,388.00,0.888340,-1,-1,-1
97,33,1656.00,424.00,80.00,234.00,0.599682,-1,-1,-1
97,37,1561.00,391.00,126.00,289.00,0.736833,-1,-1,-1
97,50,1393.00,394.00,60.00,279.00,0.512114,-1,-1,-1
98,1,1420.00,411.00,103.00,293.00,0.819292,-1,-1,-1
98,2,1800.00,409.00,79.00,236.00,0.361930,-1,-1,-1
98,4,1506.00,405.00,127.00,306.00,0.855585,-1,-1,-1
98,6,1698.00,530.00,82.00,203.00,0.751087,-1,-1,-1
98,7,1727.00,394.00,107.00,330.00,0.811961,-1,-1,-1
98,8,121.00,524.00,73.00,220.00,0.802032,-1,-1,-1
98,24,1107.00,371.00,141.00,390.00,0.879705,-1,-1,-1
98,33,1659.00,427.00,81.00,235.00,0.650303,-1,-1,-1
98,37,1568.00,393.00,120.00,283.00,0.770809,-1,-1,-1
98,50,1390.00,395.00,61.00,281.00,0.548956,-1,-1,-1
98,52,0.00,546.00,199.00,434.00,0.621563,-1,-1,-1
99,1,1424.00,410.00,104.00,294.00,0.847401,-1,-1,-1
99,2,1805.00,407.00,78.00,240.00,0.313849,-1,-1,-1
99,4,1512.00,404.00,126.00,304.00,0.851452,-1,-1,-1
99,6,1717.00,525.00,87.00,208.00,0.764844,-1,-1,-1
99,7,1735.00,392.00,101.00,311.00,0.794705,-1,-1,-1
99,8,121.00,522.00,73.00,222.00,0.783288,-1,-1,-1
99,24,1104.00,372.00,143.00,392.00,0.893809,-1,-1,-1
99,33,1661.00,425.00,84.00,238.00,0.835964,-1,-1,-1
99,37,1574.00,396.00,115.00,275.00,0.772214,-1,-1,-1
99,52,0.00,474.00,223.00,505.00,0.596203,-1,-1,-1
100,1,1427.00,410.00,104.00,294.00,0.851029,-1,-1,-1
100,2,1806.00,439.00,68.00,204.00,0.330689,-1,-1,-1
100,4,1516.00,403.00,126.00,305.00,0.851214,-1,-1,-1
100,6,1719.00,525.00,85.00,208.00,0.658383,-1,-1,-1
100,7,1739.00,390.00,104.00,320.00,0.783640,-1,-1,-1
100,8,124.00,521.00,74.00,223.00,0.772262,-1,-1,-1
100,24,1103.00,372.00,145.00,394.00,0.871973,-1,-1,-1
100,33,1664.00,424.00,85.00,238.00,0.720340,-1,-1,-1
100,37,1579.00,397.00,112.00,268.00,0.729421,-1,-1,-1
100,40,1748.00,520.00,53.00,212.00,0.595267,-1,-1,-1
100,52,0.00,318.00,267.00,662.00,0.869730,-1,-1,-1
101,1,1430.00,410.00,104.00,294.00,0.840567,-1,-1,-1
101,4,1521.00,401.00,126.00,307.00,0.864456,-1,-1,-1
101,6,1720.00,523.00,84.00,209.00,0.827285,-1,-1,-1
101,7,1743.00,389.00,106.00,326.00,0.763105,-1,-1,-1
101,8,125.00,518.00,75.00,225.00,0.787772,-1,-1,-1
101,24,1103.00,372.00,146.00,395.00,0.868465,-1,-1,-1
101,33,1667.00,422.00,85.00,239.00,0.694849,-1,-1,-1
101,37,1582.00,396.00,109.00,267.00,0.705096,-1,-1,-1
101,52,0.00,250.00,284.00,732.00,0.860453,-1,-1,-1
102,1,1434.00,410.00,103.00,292.00,0.889772,-1,-1,-1
102,4,1526.00,403.00,125.00,305.00,0.879357,-1,-1,-1
102,6,1726.00,522.00,85.00,212.00,0.820251,-1,-1,-1
102,7,1745.00,389.00,99.00,309.00,0.587480,-1,-1,-1
102,8,123.00,515.00,74.00,222.00,0.671321,-1,-1,-1
102,24,1102.00,371.00,147.00,396.00,0.879830,-1,-1,-1
102,33,1671.00,420.00,86.00,242.00,0.781561,-1,-1,-1
102,37,1585.00,395.00,108.00,269.00,0.728923,-1,-1,-1
102,52,0.00,222.00,287.00,759.00,0.904164,-1,-1,-1
103,1,1438.00,409.00,103.00,291.00,0.888646,-1,-1,-1
103,2,1798.00,430.00,90.00,277.00,0.418221,-1,-1,-1
103,4,1531.00,404.00,123.00,303.00,0.878177,-1,-1,-1
103,6,1732.00,521.00,87.00,213.00,0.849868,-1,-1,-1
103,7,1745.00,389.00,97.00,306.00,0.514889,-1,-1,-1
103,8,126.00,518.00,62.00,184.00,0.478403,-1,-1,-1
103,9,1890.00,443.00,27.00,129.00,0.252821,-1,-1,-1
103,14,1426.00,394.00,58.00,196.00,0.484718,-1,-1,-1
103,24,1100.00,369.00,150.00,398.00,0.887388,-1,-1,-1
103,33,1675.00,420.00,87.00,242.00,0.726166,-1,-1,-1
103,37,1590.00,395.00,105.00,268.00,0.726275,-1,-1,-1
103,52,0.00,212.00,282.00,768.00,0.912772,-1,-1,-1
104,1,1443.00,407.00,103.00,291.00,0.864237,-1,-1,-1
104,4,1539.00,406.00,122.00,300.00,0.884873,-1,-1,-1
104,6,1740.00,522.00,89.00,212.00,0.851506,-1,-1,-1
104,7,1762.00,389.00,107.00,323.00,0.828134,-1,-1,-1
104,14,1429.00,394.00,55.00,183.00,0.390263,-1,-1,-1
104,24,1098.00,366.00,152.00,402.00,0.881315,-1,-1,-1
104,33,1678.00,420.00,89.00,242.00,0.717264,-1,-1,-1
104,37,1594.00,393.00,103.00,268.00,0.719360,-1,-1,-1
104,52,0.00,209.00,278.00,775.00,0.906061,-1,-1,-1
105,1,1450.00,407.00,102.00,290.00,0.853305,-1,-1,-1
105,4,1545.00,408.00,122.00,298.00,0.885563,-1,-1,-1
105,6,1746.00,523.00,92.00,212.00,0.875370,-1,-1,-1
105,7,1771.00,388.00,115.00,331.00,0.652970,-1,-1,-1
105,14,1422.00,392.00,75.00,255.00,0.369075,-1,-1,-1
105,24,1095.00,363.00,154.00,406.00,0.877889,-1,-1,-1
105,33,1682.00,422.00,88.00,239.00,0.694835,-1,-1,-1
105,37,1599.00,391.00,102.00,270.00,0.553681,-1,-1,-1
105,52,0.00,211.00,278.00,772.00,0.891468,-1,-1,-1
105,60,923.00,520.00,35.00,109.00,0.527830,-1,-1,-1
106,1,1454.00,406.00,103.00,291.00,0.832427,-1,-1,-1
106,4,1549.00,409.00,122.00,296.00,0.890445,-1,-1,-1
106,6,1749.00,523.00,95.00,213.00,0.845543,-1,-1,-1
106,7,1775.00,387.00,120.00,334.00,0.738906,-1,-1,-1
106,14,1422.00,394.00,84.00,287.00,0.624036,-1,-1,-1
106,24,1095.00,360.00,154.00,408.00,0.868604,-1,-1,-1
106,33,1683.00,426.00,87.00,235.00,0.646157,-1,-1,-1
106,37,1604.00,390.00,100.00,269.00,0.550535,-1,-1,-1
106,52,0.00,213.00,290.00,768.00,0.884169,-1,-1,-1
106,60,923.00,518.00,35.00,111.00,0.439860,-1,-1,-1
107,1,1459.00,407.00,103.00,290.00,0.790136,-1,-1,-1
107,4,1554.00,410.00,120.00,293.00,0.893654,-1,-1,-1
107,6,1754.00,520.00,98.00,215.00,0.771647,-1,-1,-1
107,7,1778.00,387.00,125.00,338.00,0.813864,-1,-1,-1
107,14,1424.00,394.00,87.00,302.00,0.658255,-1,-1,-1
107,24,1092.00,358.00,156.00,414.00,0.874687,-1,-1,-1
107,33,1689.00,428.00,87.00,232.00,0.725709,-1,-1,-1
107,37,1609.00,387.00,97.00,266.00,0.566552,-1,-1,-1
107,52,0.00,219.00,331.00,760.00,0.905392,-1,-1,-1
107,60,923.00,518.00,35.00,111.00,0.485114,-1,-1,-1
108,1,1462.00,407.00,104.00,289.00,0.797601,-1,-1,-1
108,2,1822.00,411.00,98.00,314.00,0.552248,-1,-1,-1
108,4,1557.00,410.00,120.00,292.00,0.882129,-1,-1,-1
108,5,1687.00,431.00,69.00,228.00,0.572614,-1,-1,-1
108,6,1759.00,520.00,100.00,216.00,0.770795,-1,-1,-1
108,7,1776.00,388.00,129.00,339.00,0.292237,-1,-1,-1
108,14,1429.00,395.00,86.00,306.00,0.637873,-1,-1,-1
108,24,1089.00,357.00,158.00,419.00,0.864099,-1,-1,-1
108,33,1692.00,429.00,88.00,231.00,0.670781,-1,-1,-1
108,37,1611.00,387.00,97.00,275.00,0.625959,-1,-1,-1
108,52,25.00,226.00,338.00,751.00,0.902160,-1,-1,-1
108,60,921.00,517.00,36.00,113.00,0.460466,-1,-1,-1
109,1,1465.00,409.00,105.00,287.00,0.837184,-1,-1,-1
109,4,1562.00,409.00,119.00,292.00,0.885959,-1,-1,-1
109,5,1691.00,432.00,69.00,227.00,0.633797,-1,-1,-1
109,6,1769.00,520.00,100.00,217.00,0.815956,-1,-1,-1
109,7,1780.00,390.00,131.00,339.00,0.382764,-1,-1,-1
109,14,1434.00,396.00,84.00,299.00,0.532596,-1,-1,-1
109,24,1084.00,357.00,159.00,421.00,0.871196,-1,-1,-1
109,37,1615.00,388.00,96.00,279.00,0.534694,-1,-1,-1
109,52,59.00,237.00,337.00,738.00,0.928626,-1,-1,-1
110,1,1469.00,412.00,105.00,283.00,0.760496,-1,-1,-1
110,2,1836.00,433.00,84.00,294.00,0.357065,-1,-1,-1
110,4,1569.00,408.00,118.00,291.00,0.873015,-1,-1,-1
110,5,1694.00,432.00,69.00,226.00,0.567939,-1,-1,-1
110,6,1781.00,522.00,97.00,215.00,0.751968,-1,-1,-1
110,7,1779.00,389.00,133.00,339.00,0.360156,-1,-1,-1
110,14,1437.00,396.00,82.00,299.00,0.607716,-1,-1,-1
110,24,1079.00,357.00,160.00,423.00,0.877380,-1,-1,-1
110,33,1698.00,431.00,90.00,233.00,0.515292,-1,-1,-1
110,48,1626.00,388.00,79.00,281.00,0.551327,-1,-1,-1
110,52,80.00,246.00,339.00,725.00,0.929117,-1,-1,-1
111,1,1471.00,414.00,106.00,280.00,0.825063,-1,-1,-1
111,4,1575.00,408.00,116.00,290.00,0.847335,-1,-1,-1
111,5,1697.00,431.00,70.00,227.00,0.627223,-1,-1,-1
111,6,1789.00,523.00,98.00,216.00,0.780350,-1,-1,-1
111,7,1786.00,387.00,133.00,341.00,0.648309,-1,-1,-1
111,14,1441.00,397.00,77.00,282.00,0.558723,-1,-1,-1
111,24,1076.00,359.00,160.00,422.00,0.870226,-1,-1,-1
111,37,1627.00,389.00,94.00,281.00,0.534697,-1,-1,-1
111,52,89.00,253.00,341.00,714.00,0.934351,-1,-1,-1
112,1,1478.00,415.00,105.00,277.00,0.844903,-1,-1,-1
112,4,1581.00,406.00,116.00,292.00,0.835439,-1,-1,-1
112,6,1801.00,524.00,98.00,217.00,0.750220,-1,-1,-1
112,8,121.00,519.00,76.00,223.00,0.639309,-1,-1,-1
112,14,1446.00,397.00,72.00,265.00,0.531530,-1,-1,-1
112,24,1075.00,360.00,159.00,424.00,0.864792,-1,-1,-1
112,33,1703.00,430.00,89.00,227.00,0.590802,-1,-1,-1
112,37,1634.00,390.00,91.00,278.00,0.472496,-1,-1,-1
112,52,97.00,259.00,343.00,704.00,0.932141,-1,-1,-1
112,66,1765.00,445.00,54.00,194.00,0.405586,-1,-1,-1
113,1,1483.00,416.00,106.00,276.00,0.869766,-1,-1,-1
113,4,1584.00,404.00,117.00,294.00,0.851166,-1,-1,-1
113,5,1700.00,431.00,70.00,227.00,0.267661,-1,-1,-1
113,6,1811.00,525.00,99.00,215.00,0.823969,-1,-1,-1
113,8,121.00,516.00,77.00,228.00,0.705487,-1,-1,-1
113,14,1450.00,397.00,68.00,250.00,0.589056,-1,-1,-1
113,24,1069.00,358.00,161.00,429.00,0.876842,-1,-1,-1
113,33,1705.00,430.00,90.00,225.00,0.647519,-1,-1,-1
113,37,1643.00,390.00,90.00,279.00,0.501014,-1,-1,-1
113,52,108.00,264.00,344.00,693.00,0.936521,-1,-1,-1
113,66,1768.00,445.00,54.00,195.00,0.498854,-1,-1,-1
114,1,1487.00,416.00,107.00,274.00,0.874358,-1,-1,-1
114,4,1589.00,404.00,116.00,294.00,0.868005,-1,-1,-1
114,5,1706.00,430.00,70.00,226.00,0.652068,-1,-1,-1
114,6,1818.00,526.00,99.00,215.00,0.866827,-1,-1,-1
114,7,1815.00,381.00,98.00,245.00,0.528353,-1,-1,-1
114,8,120.00,518.00,76.00,227.00,0.735695,-1,-1,-1
114,14,1451.00,397.00,69.00,255.00,0.572113,-1,-1,-1
114,17,47.00,563.00,67.00,183.00,0.306249,-1,-1,-1
114,24,1061.00,355.00,162.00,435.00,0.888983,-1,-1,-1
114,37,1646.00,393.00,89.00,278.00,0.696531,-1,-1,-1
114,52,130.00,267.00,339.00,683.00,0.926258,-1,-1,-1
114,66,1772.00,448.00,53.00,191.00,0.627758,-1,-1,-1
115,1,1490.00,416.00,106.00,271.00,0.875523,-1,-1,-1
115,4,1594.00,405.00,116.00,292.00,0.869021,-1,-1,-1
115,5,1708.00,429.00,70.00,225.00,0.609644,-1,-1,-1
115,6,1822.00,526.00,98.00,217.00,0.860161,-1,-1,-1
115,7,1821.00,379.00,93.00,229.00,0.675076,-1,-1,-1
115,8,119.00,519.00,76.00,227.00,0.764657,-1,-1,-1
115,14,1453.00,396.00,70.00,267.00,0.541297,-1,-1,-1
115,17,48.00,563.00,65.00,183.00,0.420497,-1,-1,-1
115,24,1055.00,354.00,163.00,436.00,0.882784,-1,-1,-1
115,37,1650.00,394.00,88.00,279.00,0.708496,-1,-1,-1
115,52,155.00,269.00,329.00,666.00,0.930938,-1,-1,-1
115,66,1774.00,449.00,54.00,190.00,0.657556,-1,-1,-1
116,1,1490.00,415.00,106.00,272.00,0.848505,-1,-1,-1
116,4,1598.00,407.00,116.00,290.00,0.864206,-1,-1,-1
116,5,1712.00,428.00,70.00,225.00,0.546894,-1,-1,-1
116,6,1826.00,527.00,94.00,215.00,0.744172,-1,-1,-1
116,7,1825.00,379.00,91.00,224.00,0.761028,-1,-1,-1
116,8,120.00,519.00,74.00,227.00,0.752074,-1,-1,-1
116,14,1454.00,396.00,74.00,281.00,0.416279,-1,-1,-1
116,17,48.00,564.00,64.00,182.00,0.446965,-1,-1,-1
116,24,1049.00,351.00,164.00,441.00,0.892412,-1,-1,-1
116,37,1655.00,394.00,85.00,278.00,0.688718,-1,-1,-1
116,52,181.00,271.00,318.00,652.00,0.878960,-1,-1,-1
116,66,1775.00,450.00,53.00,190.00,0.678533,-1,-1,-1
117,1,1490.00,415.00,104.00,272.00,0.849040,-1,-1,-1
117,4,1602.00,411.00,115.00,285.00,0.880657,-1,-1,-1
117,5,1721.00,429.00,69.00,224.00,0.675110,-1,-1,-1
117,6,1836.00,525.00,84.00,218.00,0.683603,-1,-1,-1
117,7,1824.00,377.00,96.00,244.00,0.828842,-1,-1,-1
117,8,120.00,517.00,74.00,228.00,0.766117,-1,-1,-1
117,14,1457.00,396.00,75.00,292.00,0.565236,-1,-1,-1
117,17,50.00,564.00,63.00,183.00,0.436264,-1,-1,-1
117,24,1043.00,348.00,165.00,444.00,0.890280,-1,-1,-1
117,37,1661.00,393.00,84.00,276.00,0.785011,-1,-1,-1
117,52,218.00,271.00,302.00,642.00,0.889738,-1,-1,-1
117,66,1779.00,452.00,52.00,186.00,0.700525,-1,-1,-1
118,1,1490.00,414.00,103.00,272.00,0.828652,-1,-1,-1
118,4,1606.00,413.00,113.00,282.00,0.861703,-1,-1,-1
118,5,1727.00,435.00,66.00,217.00,0.585670,-1,-1,-1
118,6,1848.00,526.00,72.00,217.00,0.500404,-1,-1,-1
118,7,1825.00,376.00,95.00,254.00,0.795651,-1,-1,-1
118,8,121.00,516.00,74.00,229.00,0.767666,-1,-1,-1
118,14,1460.00,397.00,73.00,287.00,0.587352,-1,-1,-1
118,24,1038.00,344.00,166.00,447.00,0.894587,-1,-1,-1
118,37,1665.00,392.00,83.00,276.00,0.795575,-1,-1,-1
118,52,256.00,274.00,287.00,635.00,0.902480,-1,-1,-1
118,66,1779.00,451.00,53.00,185.00,0.751063,-1,-1,-1
119,1,1492.00,415.00,101.00,271.00,0.800333,-1,-1,-1
119,4,1612.00,413.00,112.00,281.00,0.840528,-1,-1,-1
119,5,1733.00,434.00,67.00,216.00,0.632985,-1,-1,-1
119,7,1817.00,376.00,103.00,325.00,0.788034,-1,-1,-1
119,8,121.00,512.00,76.00,233.00,0.778549,-1,-1,-1
119,14,1465.00,400.00,72.00,286.00,0.597497,-1,-1,-1
119,24,1033.00,342.00,167.00,450.00,0.892981,-1,-1,-1
119,37,1672.00,390.00,83.00,277.00,0.692533,-1,-1,-1
119,52,292.00,276.00,274.00,632.00,0.909695,-1,-1,-1
119,66,1783.00,451.00,53.00,185.00,0.680355,-1,-1,-1
120,1,1498.00,416.00,98.00,267.00,0.765449,-1,-1,-1
120,4,1617.00,412.00,111.00,280.00,0.827993,-1,-1,-1
120,5,1738.00,435.00,66.00,212.00,0.665190,-1,-1,-1
120,7,1819.00,376.00,101.00,349.00,0.803005,-1,-1,-1
120,8,122.00,509.00,77.00,236.00,0.769815,-1,-1,-1
120,14,1470.00,401.00,72.00,285.00,0.637871,-1,-1,-1
120,24,1029.00,340.00,167.00,454.00,0.890291,-1,-1,-1
120,37,1678.00,389.00,84.00,276.00,0.747428,-1,-1,-1
120,52,321.00,278.00,262.00,626.00,0.887164,-1,-1,-1
120,66,1785.00,451.00,52.00,182.00,0.673791,-1,-1,-1
121,1,1500.00,417.00,98.00,266.00,0.767868,-1,-1,-1
121,4,1621.00,411.00,112.00,279.00,0.824647,-1,-1,-1
121,5,1739.00,434.00,66.00,210.00,0.593097,-1,-1,-1
121,7,1821.00,376.00,99.00,361.00,0.830163,-1,-1,-1
121,8,121.00,518.00,74.00,227.00,0.743416,-1,-1,-1
121,14,1474.00,402.00,72.00,284.00,0.638689,-1,-1,-1
121,24,1025.00,339.00,169.00,458.00,0.870660,-1,-1,-1
121,37,1683.00,389.00,84.00,274.00,0.774973,-1,-1,-1
121,52,349.00,284.00,255.00,621.00,0.915578,-1,-1,-1
121,66,1786.00,447.00,53.00,185.00,0.716102,-1,-1,-1
122,1,1505.00,416.00,97.00,269.00,0.749362,-1,-1,-1
122,4,1625.00,410.00,111.00,277.00,0.845435,-1,-1,-1
122,5,1739.00,439.00,66.00,208.00,0.410756,-1,-1,-1
122,7,1828.00,375.00,92.00,358.00,0.803816,-1,-1,-1
122,8,121.00,527.00,71.00,218.00,0.743294,-1,-1,-1
122,14,1479.00,402.00,71.00,282.00,0.493487,-1,-1,-1
122,17,32.00,567.00,69.00,182.00,0.435039,-1,-1,-1
122,24,1021.00,339.00,171.00,462.00,0.845679,-1,-1,-1
122,37,1691.00,391.00,84.00,268.00,0.720883,-1,-1,-1
122,52,374.00,292.00,252.00,612.00,0.920663,-1,-1,-1
122,66,1788.00,446.00,55.00,187.00,0.721324,-1,-1,-1
123,1,1509.00,415.00,97.00,270.00,0.732526,-1,-1,-1
123,4,1629.00,411.00,111.00,275.00,0.857989,-1,-1,-1
123,5,1740.00,440.00,68.00,209.00,0.384097,-1,-1,-1
123,7,1834.00,374.00,86.00,352.00,0.804963,-1,-1,-1
123,8,120.00,530.00,71.00,215.00,0.799154,-1,-1,-1
123,14,1482.00,402.00,70.00,279.00,0.592135,-1,-1,-1
123,24,1019.00,339.00,173.00,466.00,0.866463,-1,-1,-1
123,37,1699.00,393.00,87.00,265.00,0.687913,-1,-1,-1
123,52,389.00,300.00,250.00,602.00,0.925435,-1,-1,-1
123,66,1792.00,448.00,55.00,184.00,0.741203,-1,-1,-1
124,1,1511.00,417.00,96.00,267.00,0.798776,-1,-1,-1
124,4,1632.00,410.00,112.00,276.00,0.864565,-1,-1,-1
124,5,1741.00,438.00,68.00,209.00,0.446521,-1,-1,-1
124,7,1838.00,373.00,82.00,359.00,0.774183,-1,-1,-1
124,8,121.00,531.00,70.00,214.00,0.753746,-1,-1,-1
124,14,1488.00,402.00,69.00,276.00,0.593993,-1,-1,-1
124,24,1012.00,339.00,175.00,468.00,0.879134,-1,-1,-1
124,37,1703.00,394.00,90.00,265.00,0.589508,-1,-1,-1
124,52,400.00,302.00,251.00,597.00,0.928006,-1,-1,-1
124,66,1796.00,450.00,54.00,181.00,0.691097,-1,-1,-1
125,1,1515.00,419.00,94.00,264.00,0.803897,-1,-1,-1
125,4,1635.00,410.00,112.00,277.00,0.858258,-1,-1,-1
125,5,1742.00,435.00,69.00,212.00,0.404649,-1,-1,-1
125,7,1842.00,371.00,78.00,359.00,0.706920,-1,-1,-1
125,8,121.00,531.00,70.00,214.00,0.711552,-1,-1,-1
125,14,1493.00,403.00,67.00,274.00,0.556472,-1,-1,-1
125,24,1008.00,339.00,176.00,473.00,0.889010,-1,-1,-1
125,37,1707.00,395.00,91.00,264.00,0.663693,-1,-1,-1
125,52,409.00,304.00,253.00,594.00,0.937845,-1,-1,-1
125,66,1799.00,451.00,55.00,180.00,0.706167,-1,-1,-1
125,72,1165.00,455.00,52.00,192.00,0.697260,-1,-1,-1
126,1,1516.00,418.00,94.00,265.00,0.801562,-1,-1,-1
126,4,1637.00,410.00,111.00,277.00,0.867239,-1,-1,-1
126,5,1745.00,432.00,70.00,215.00,0.268120,-1,-1,-1
126,8,119.00,513.00,75.00,232.00,0.525946,-1,-1,-1
126,14,1496.00,402.00,67.00,274.00,0.451298,-1,-1,-1
126,24,1003.00,339.00,178.00,477.00,0.905031,-1,-1,-1
126,37,1708.00,396.00,94.00,263.00,0.693844,-1,-1,-1
126,52,415.00,309.00,254.00,587.00,0.928279,-1,-1,-1
126,66,1803.00,452.00,56.00,179.00,0.703139,-1,-1,-1
126,72,1165.00,454.00,53.00,193.00,0.712914,-1,-1,-1
126,74,1872.00,374.00,48.00,254.00,0.633093,-1,-1,-1
127,1,1514.00,417.00,94.00,263.00,0.826721,-1,-1,-1
127,4,1642.00,410.00,113.00,278.00,0.872995,-1,-1,-1
127,5,1751.00,430.00,70.00,217.00,0.631524,-1,-1,-1
127,8,121.00,527.00,70.00,218.00,0.618013,-1,-1,-1
127,24,995.00,338.00,181.00,480.00,0.907984,-1,-1,-1
127,37,1705.00,397.00,93.00,263.00,0.562762,-1,-1,-1
127,52,429.00,306.00,254.00,585.00,0.896377,-1,-1,-1
127,66,1808.00,454.00,56.00,177.00,0.743654,-1,-1,-1
127,72,1167.00,454.00,53.00,192.00,0.715331,-1,-1,-1
127,74,1873.00,371.00,47.00,258.00,0.698820,-1,-1,-1
128,1,1520.00,419.00,92.00,259.00,0.793613,-1,-1,-1
128,4,1649.00,412.00,112.00,275.00,0.855295,-1,-1,-1
128,5,1754.00,429.00,69.00,218.00,0.560795,-1,-1,-1
128,8,121.00,526.00,70.00,218.00,0.659320,-1,-1,-1
128,14,1509.00,401.00,66.00,271.00,0.294830,-1,-1,-1
128,24,990.00,336.00,183.00,483.00,0.902630,-1,-1,-1
128,37,1708.00,396.00,91.00,257.00,0.441645,-1,-1,-1
128,52,445.00,306.00,248.00,578.00,0.905082,-1,-1,-1
128,66,1810.00,454.00,57.00,177.00,0.724709,-1,-1,-1
128,72,1169.00,453.00,53.00,193.00,0.732393,-1,-1,-1
128,74,1876.00,374.00,44.00,254.00,0.623102,-1,-1,-1
129,1,1525.00,415.00,94.00,262.00,0.836467,-1,-1,-1
129,4,1654.00,414.00,112.00,271.00,0.879498,-1,-1,-1
129,5,1757.00,430.00,69.00,218.00,0.610236,-1,-1,-1
129,8,123.00,527.00,70.00,217.00,0.657851,-1,-1,-1
129,24,983.00,332.00,185.00,486.00,0.896208,-1,-1,-1
129,37,1712.00,396.00,91.00,255.00,0.406898,-1,-1,-1
129,52,469.00,307.00,237.00,564.00,0.892738,-1,-1,-1
129,66,1812.00,457.00,57.00,173.00,0.768923,-1,-1,-1
129,72,1176.00,453.00,53.00,192.00,0.764348,-1,-1,-1
129,74,1880.00,380.00,40.00,245.00,0.465094,-1,-1,-1
130,1,1532.00,413.00,95.00,264.00,0.845942,-1,-1,-1
130,4,1658.00,416.00,111.00,268.00,0.881421,-1,-1,-1
130,5,1757.00,427.00,68.00,220.00,0.654941,-1,-1,-1
130,8,123.00,527.00,70.00,217.00,0.643280,-1,-1,-1
130,9,1889.00,410.00,31.00,173.00,0.422037,-1,-1,-1
130,24,980.00,328.00,186.00,490.00,0.901269,-1,-1,-1
130,37,1713.00,397.00,91.00,259.00,0.512960,-1,-1,-1
130,52,496.00,304.00,226.00,557.00,0.871682,-1,-1,-1
130,66,1813.00,458.00,58.00,172.00,0.766585,-1,-1,-1
130,72,1180.00,453.00,53.00,192.00,0.797729,-1,-1,-1
131,1,1538.00,410.00,96.00,267.00,0.847704,-1,-1,-1
131,4,1662.00,417.00,110.00,267.00,0.872063,-1,-1,-1
131,5,1759.00,423.00,68.00,225.00,0.639613,-1,-1,-1
131,8,123.00,521.00,72.00,223.00,0.637164,-1,-1,-1
131,9,1889.00,419.00,31.00,162.00,0.411039,-1,-1,-1
131,24,975.00,324.00,188.00,494.00,0.903313,-1,-1,-1
131,37,1715.00,397.00,90.00,259.00,0.533608,-1,-1,-1
131,52,519.00,301.00,218.00,556.00,0.904936,-1,-1,-1
131,66,1814.00,457.00,58.00,173.00,0.775424,-1,-1,-1
131,72,1184.00,452.00,54.00,193.00,0.800911,-1,-1,-1
132,1,1544.00,408.00,97.00,269.00,0.869197,-1,-1,-1
132,4,1666.00,415.00,110.00,268.00,0.888359,-1,-1,-1
132,5,1762.00,425.00,66.00,223.00,0.628685,-1,-1,-1
132,8,123.00,522.00,72.00,222.00,0.673992,-1,-1,-1
132,9,1889.00,427.00,30.00,153.00,0.562981,-1,-1,-1
132,24,970.00,321.00,189.00,499.00,0.905612,-1,-1,-1
132,37,1717.00,395.00,86.00,255.00,0.544509,-1,-1,-1
132,52,541.00,302.00,210.00,553.00,0.899566,-1,-1,-1
132,66,1815.00,454.00,60.00,175.00,0.761316,-1,-1,-1
132,72,1190.00,452.00,54.00,194.00,0.796928,-1,-1,-1
133,1,1547.00,405.00,100.00,272.00,0.851572,-1,-1,-1
133,4,1670.00,414.00,111.00,270.00,0.882449,-1,-1,-1
133,5,1761.00,423.00,64.00,225.00,0.435848,-1,-1,-1
133,8,122.00,526.00,71.00,218.00,0.685578,-1,-1,-1
133,9,1889.00,436.00,29.00,141.00,0.341891,-1,-1,-1
133,24,964.00,320.00,191.00,504.00,0.909210,-1,-1,-1
133,37,1729.00,397.00,84.00,253.00,0.586875,-1,-1,-1
133,52,561.00,302.00,204.00,551.00,0.892054,-1,-1,-1
133,66,1814.00,452.00,61.00,177.00,0.780350,-1,-1,-1
133,72,1194.00,452.00,55.00,194.00,0.808888,-1,-1,-1
134,1,1553.00,410.00,98.00,267.00,0.860194,-1,-1,-1
134,4,1676.00,413.00,110.00,268.00,0.877385,-1,-1,-1
134,8,121.00,524.00,71.00,220.00,0.689403,-1,-1,-1
134,9,1890.00,442.00,27.00,135.00,0.460864,-1,-1,-1
134,24,953.00,320.00,191.00,505.00,0.914925,-1,-1,-1
134,37,1734.00,395.00,84.00,254.00,0.686515,-1,-1,-1
134,52,591.00,310.00,200.00,543.00,0.908207,-1,-1,-1
134,66,1814.00,451.00,62.00,178.00,0.785830,-1,-1,-1
134,72,1197.00,453.00,56.00,193.00,0.804350,-1,-1,-1
135,1,1558.00,416.00,97.00,260.00,0.861676,-1,-1,-1
135,4,1680.00,414.00,110.00,265.00,0.858881,-1,-1,-1
135,8,122.00,531.00,69.00,213.00,0.623598,-1,-1,-1
135,9,1890.00,444.00,27.00,132.00,0.505336,-1,-1,-1
135,24,939.00,320.00,194.00,508.00,0.919093,-1,-1,-1
135,37,1737.00,394.00,85.00,259.00,0.710654,-1,-1,-1
135,52,611.00,314.00,202.00,539.00,0.924199,-1,-1,-1
135,66,1816.00,451.00,64.00,178.00,0.780550,-1,-1,-1
135,72,1200.00,453.00,58.00,193.00,0.828984,-1,-1,-1
136,1,1562.00,419.00,97.00,256.00,0.827424,-1,-1,-1
136,4,1682.00,412.00,111.00,266.00,0.866063,-1,-1,-1
136,8,122.00,533.00,69.00,211.00,0.620427,-1,-1,-1
136,9,1889.00,445.00,28.00,132.00,0.489878,-1,-1,-1
136,24,927.00,320.00,196.00,512.00,0.916157,-1,-1,-1
136,37,1739.00,393.00,85.00,263.00,0.734241,-1,-1,-1
136,52,624.00,318.00,204.00,534.00,0.927112,-1,-1,-1
136,66,1816.00,451.00,65.00,179.00,0.743335,-1,-1,-1
136,72,1202.00,453.00,60.00,193.00,0.853109,-1,-1,-1
137,1,1564.00,411.00,99.00,264.00,0.825024,-1,-1,-1
137,4,1686.00,411.00,111.00,267.00,0.858037,-1,-1,-1
137,8,123.00,534.00,67.00,210.00,0.676672,-1,-1,-1
137,9,1890.00,444.00,28.00,135.00,0.515342,-1,-1,-1
137,24,919.00,321.00,198.00,515.00,0.909937,-1,-1,-1
137,37,1744.00,393.00,85.00,265.00,0.667225,-1,-1,-1
137,52,633.00,323.00,206.00,526.00,0.920908,-1,-1,-1
137,66,1814.00,451.00,67.00,178.00,0.665406,-1,-1,-1
137,72,1203.00,453.00,62.00,194.00,0.840020,-1,-1,-1
138,1,1566.00,411.00,100.00,263.00,0.842853,-1,-1,-1
138,4,1689.00,411.00,112.00,267.00,0.851101,-1,-1,-1
138,8,123.00,535.00,67.00,209.00,0.676673,-1,-1,-1
138,9,1890.00,444.00,28.00,133.00,0.421324,-1,-1,-1
138,24,914.00,321.00,199.00,520.00,0.910127,-1,-1,-1
138,37,1752.00,396.00,83.00,260.00,0.665263,-1,-1,-1
138,52,635.00,328.00,208.00,518.00,0.912339,-1,-1,-1
138,66,1816.00,450.00,68.00,178.00,0.674965,-1,-1,-1
138,72,1204.00,453.00,64.00,193.00,0.833216,-1,-1,-1
139,1,1568.00,410.00,99.00,261.00,0.842725,-1,-1,-1
139,4,1692.00,411.00,114.00,267.00,0.848094,-1,-1,-1
139,8,123.00,536.00,67.00,208.00,0.671476,-1,-1,-1
139,9,1890.00,445.00,28.00,132.00,0.522975,-1,-1,-1
139,24,908.00,319.00,202.00,526.00,0.912686,-1,-1,-1
139,37,1759.00,399.00,82.00,255.00,0.641300,-1,-1,-1
139,52,639.00,331.00,210.00,514.00,0.916739,-1,-1,-1
139,66,1821.00,449.00,68.00,178.00,0.752336,-1,-1,-1
139,72,1206.00,452.00,65.00,193.00,0.813568,-1,-1,-1
140,1,1572.00,413.00,97.00,257.00,0.843436,-1,-1,-1
140,4,1695.00,412.00,114.00,267.00,0.838323,-1,-1,-1
140,8,123.00,536.00,67.00,208.00,0.715219,-1,-1,-1
140,9,1890.00,445.00,28.00,130.00,0.504283,-1,-1,-1
140,24,900.00,318.00,204.00,528.00,0.905262,-1,-1,-1
140,37,1764.00,406.00,80.00,247.00,0.555860,-1,-1,-1
140,52,646.00,332.00,211.00,509.00,0.911447,-1,-1,-1
140,66,1825.00,449.00,68.00,178.00,0.781066,-1,-1,-1
140,72,1209.00,451.00,65.00,193.00,0.831689,-1,-1,-1
141,1,1575.00,416.00,95.00,253.00,0.858579,-1,-1,-1
141,4,1697.00,414.00,114.00,265.00,0.838690,-1,-1,-1
141,8,122.00,536.00,68.00,208.00,0.685732,-1,-1,-1
141,9,1890.00,445.00,28.00,129.00,0.530256,-1,-1,-1
141,24,894.00,315.00,204.00,531.00,0.905801,-1,-1,-1
141,37,1766.00,402.00,82.00,253.00,0.662901,-1,-1,-1
141,52,655.00,331.00,209.00,503.00,0.908064,-1,-1,-1
141,66,1828.00,451.00,66.00,175.00,0.794208,-1,-1,-1
141,72,1211.00,450.00,65.00,193.00,0.814811,-1,-1,-1
142,1,1577.00,414.00,95.00,256.00,0.849850,-1,-1,-1
142,4,1700.00,417.00,113.00,261.00,0.819471,-1,-1,-1
142,8,122.00,536.00,68.00,208.00,0.662284,-1,-1,-1
142,9,1890.00,444.00,28.00,132.00,0.528721,-1,-1,-1
142,24,879.00,311.00,204.00,536.00,0.895827,-1,-1,-1
142,37,1768.00,401.00,83.00,256.00,0.739451,-1,-1,-1
142,52,671.00,328.00,204.00,498.00,0.901638,-1,-1,-1
142,66,1831.00,449.00,66.00,176.00,0.770565,-1,-1,-1
142,72,1217.00,449.00,63.00,193.00,0.759151,-1,-1,-1
143,1,1580.00,415.00,93.00,254.00,0.831108,-1,-1,-1
143,4,1704.00,417.00,114.00,261.00,0.828947,-1,-1,-1
143,8,122.00,535.00,68.00,209.00,0.706599,-1,-1,-1
143,9,1890.00,444.00,29.00,131.00,0.541197,-1,-1,-1
143,24,868.00,306.00,205.00,541.00,0.907620,-1,-1,-1
143,37,1769.00,401.00,82.00,256.00,0.749168,-1,-1,-1
143,52,686.00,327.00,198.00,493.00,0.899828,-1,-1,-1
143,66,1833.00,447.00,65.00,176.00,0.786624,-1,-1,-1
143,72,1221.00,450.00,63.00,191.00,0.786804,-1,-1,-1
144,1,1589.00,418.00,92.00,251.00,0.836342,-1,-1,-1
144,4,1709.00,416.00,114.00,260.00,0.823153,-1,-1,-1
144,8,122.00,534.00,68.00,210.00,0.698156,-1,-1,-1
144,9,1891.00,444.00,28.00,131.00,0.515519,-1,-1,-1
144,14,1570.00,401.00,57.00,238.00,0.428228,-1,-1,-1
144,24,859.00,303.00,206.00,545.00,0.907540,-1,-1,-1
144,37,1771.00,400.00,82.00,257.00,0.756571,-1,-1,-1
144,52,709.00,327.00,190.00,490.00,0.851123,-1,-1,-1
144,66,1834.00,445.00,65.00,177.00,0.764878,-1,-1,-1
144,72,1226.00,449.00,62.00,192.00,0.811159,-1,-1,-1
145,1,1596.00,418.00,93.00,251.00,0.806560,-1,-1,-1
145,4,1712.00,413.00,114.00,260.00,0.826725,-1,-1,-1
145,8,122.00,535.00,68.00,209.00,0.671700,-1,-1,-1
145,9,1890.00,444.00,29.00,133.00,0.483232,-1,-1,-1
145,14,1576.00,401.00,57.00,236.00,0.318720,-1,-1,-1
145,24,856.00,300.00,206.00,553.00,0.905307,-1,-1,-1
145,37,1773.00,398.00,84.00,259.00,0.729459,-1,-1,-1
145,52,728.00,327.00,182.00,490.00,0.814784,-1,-1,-1
145,66,1838.00,448.00,64.00,174.00,0.758477,-1,-1,-1
145,72,1229.00,448.00,62.00,193.00,0.814990,-1,-1,-1
145,78,1681.00,470.00,41.00,115.00,0.461009,-1,-1,-1
146,1,1602.00,420.00,93.00,249.00,0.733762,-1,-1,-1
146,4,1714.00,414.00,113.00,256.00,0.831783,-1,-1,-1
146,8,122.00,534.00,69.00,210.00,0.710830,-1,-1,-1
146,9,1889.00,444.00,29.00,138.00,0.403644,-1,-1,-1
146,14,1581.00,403.00,57.00,242.00,0.396540,-1,-1,-1
146,24,851.00,297.00,207.00,561.00,0.879317,-1,-1,-1
146,37,1776.00,397.00,84.00,260.00,0.754622,-1,-1,-1
146,52,744.00,328.00,176.00,488.00,0.856561,-1,-1,-1
146,66,1841.00,448.00,62.00,174.00,0.664338,-1,-1,-1
146,72,1233.00,448.00,62.00,194.00,0.830557,-1,-1,-1
146,78,1680.00,470.00,42.00,115.00,0.352709,-1,-1,-1
147,1,1609.00,423.00,92.00,245.00,0.748317,-1,-1,-1
147,4,1716.00,414.00,112.00,255.00,0.830304,-1,-1,-1
147,8,122.00,533.00,69.00,211.00,0.710188,-1,-1,-1
147,9,1888.00,444.00,31.00,144.00,0.282404,-1,-1,-1
147,14,1588.00,403.00,60.00,257.00,0.514503,-1,-1,-1
147,24,842.00,298.00,208.00,568.00,0.903614,-1,-1,-1
147,37,1782.00,395.00,84.00,262.00,0.814928,-1,-1,-1
147,52,766.00,352.00,162.00,462.00,0.693973,-1,-1,-1
147,66,1848.00,448.00,62.00,174.00,0.648137,-1,-1,-1
147,72,1240.00,448.00,62.00,194.00,0.818138,-1,-1,-1
147,78,1679.00,468.00,42.00,118.00,0.314348,-1,-1,-1
148,1,1611.00,426.00,93.00,242.00,0.770319,-1,-1,-1
148,4,1718.00,415.00,111.00,254.00,0.825598,-1,-1,-1
148,8,122.00,534.00,69.00,210.00,0.703338,-1,-1,-1
148,9,1886.00,443.00,33.00,155.00,0.276385,-1,-1,-1
148,14,1592.00,404.00,61.00,262.00,0.583743,-1,-1,-1
148,24,835.00,298.00,209.00,574.00,0.891926,-1,-1,-1
148,37,1787.00,396.00,84.00,260.00,0.804374,-1,-1,-1
148,52,768.00,341.00,162.00,472.00,0.709758,-1,-1,-1
148,66,1852.00,447.00,62.00,176.00,0.502709,-1,-1,-1
148,72,1245.00,448.00,63.00,195.00,0.809994,-1,-1,-1
148,78,1682.00,467.00,44.00,120.00,0.285677,-1,-1,-1
149,1,1613.00,423.00,94.00,245.00,0.818268,-1,-1,-1
149,4,1722.00,417.00,111.00,252.00,0.833994,-1,-1,-1
149,8,122.00,533.00,69.00,211.00,0.728153,-1,-1,-1
149,9,1885.00,444.00,33.00,152.00,0.335453,-1,-1,-1
149,14,1595.00,403.00,59.00,256.00,0.583186,-1,-1,-1
149,24,818.00,299.00,210.00,577.00,0.897553,-1,-1,-1
149,37,1793.00,397.00,85.00,255.00,0.714255,-1,-1,-1
149,52,766.00,341.00,157.00,470.00,0.673201,-1,-1,-1
149,66,1851.00,445.00,65.00,183.00,0.314436,-1,-1,-1
149,72,1251.00,448.00,65.00,195.00,0.850744,-1,-1,-1
150,1,1615.00,421.00,95.00,245.00,0.801557,-1,-1,-1
150,4,1725.00,418.00,110.00,251.00,0.855026,-1,-1,-1
150,8,122.00,534.00,68.00,210.00,0.718663,-1,-1,-1
150,14,1601.00,404.00,59.00,257.00,0.609634,-1,-1,-1
150,24,806.00,300.00,213.00,580.00,0.891025,-1,-1,-1
150,37,1796.00,398.00,87.00,254.00,0.724413,-1,-1,-1
150,52,767.00,342.00,151.00,468.00,0.386201,-1,-1,-1
150,66,1853.00,447.00,65.00,181.00,0.583049,-1,-1,-1
150,72,1254.00,450.00,66.00,192.00,0.828573,-1,-1,-1
151,1,1620.00,419.00,94.00,245.00,0.844411,-1,-1,-1
151,4,1727.00,418.00,110.00,251.00,0.866223,-1,-1,-1
151,8,122.00,534.00,68.00,210.00,0.717328,-1,-1,-1
151,9,1886.00,444.00,34.00,159.00,0.374769,-1,-1,-1
151,14,1606.00,406.00,56.00,252.00,0.565824,-1,-1,-1
151,24,793.00,299.00,217.00,585.00,0.894358,-1,-1,-1
151,37,1802.00,398.00,89.00,255.00,0.745240,-1,-1,-1
151,66,1855.00,444.00,65.00,181.00,0.376646,-1,-1,-1
151,72,1256.00,452.00,67.00,190.00,0.839776,-1,-1,-1
152,1,1623.00,418.00,94.00,245.00,0.858428,-1,-1,-1
152,4,1732.00,417.00,111.00,252.00,0.887159,-1,-1,-1
152,8,122.00,535.00,68.00,209.00,0.710920,-1,-1,-1
152,9,1888.00,444.00,32.00,169.00,0.408474,-1,-1,-1
152,14,1612.00,408.00,55.00,251.00,0.626492,-1,-1,-1
152,24,779.00,297.00,220.00,590.00,0.900495,-1,-1,-1
152,37,1806.00,400.00,89.00,250.00,0.776676,-1,-1,-1
152,66,1861.00,444.00,59.00,180.00,0.477296,-1,-1,-1
152,72,1258.00,452.00,70.00,190.00,0.860107,-1,-1,-1
153,1,1631.00,418.00,94.00,245.00,0.834371,-1,-1,-1
153,4,1737.00,418.00,109.00,251.00,0.889450,-1,-1,-1
153,8,122.00,534.00,68.00,209.00,0.704904,-1,-1,-1
153,9,1888.00,444.00,32.00,174.00,0.387637,-1,-1,-1
153,14,1616.00,409.00,55.00,250.00,0.645552,-1,-1,-1
153,24,762.00,292.00,226.00,596.00,0.849804,-1,-1,-1
153,37,1806.00,402.00,89.00,248.00,0.809629,-1,-1,-1
153,66,1868.00,444.00,52.00,178.00,0.381724,-1,-1,-1
153,72,1258.00,451.00,74.00,192.00,0.860130,-1,-1,-1
154,1,1633.00,416.00,96.00,246.00,0.870608,-1,-1,-1
154,4,1741.00,420.00,108.00,249.00,0.878414,-1,-1,-1
154,8,125.00,519.00,74.00,225.00,0.661452,-1,-1,-1
154,9,1886.00,448.00,34.00,173.00,0.341870,-1,-1,-1
154,14,1623.00,407.00,51.00,226.00,0.321509,-1,-1,-1
154,24,751.00,288.00,230.00,599.00,0.890043,-1,-1,-1
154,37,1811.00,403.00,90.00,247.00,0.810761,-1,-1,-1
154,66,1866.00,444.00,54.00,182.00,0.307947,-1,-1,-1
154,72,1259.00,448.00,77.00,195.00,0.834906,-1,-1,-1
155,1,1637.00,417.00,97.00,244.00,0.891659,-1,-1,-1
155,4,1744.00,420.00,108.00,248.00,0.886363,-1,-1,-1
155,8,122.00,520.00,73.00,224.00,0.679835,-1,-1,-1
155,9,1885.00,447.00,35.00,174.00,0.487501,-1,-1,-1
155,14,1629.00,406.00,46.00,200.00,0.464629,-1,-1,-1
155,24,743.00,283.00,235.00,605.00,0.860436,-1,-1,-1
155,37,1814.00,403.00,90.00,247.00,0.808877,-1,-1,-1
155,72,1257.00,445.00,81.00,198.00,0.802827,-1,-1,-1
156,1,1640.00,417.00,99.00,244.00,0.878755,-1,-1,-1
156,4,1746.00,420.00,108.00,249.00,0.880260,-1,-1,-1
156,8,121.00,524.00,72.00,219.00,0.678882,-1,-1,-1
156,9,1883.00,450.00,35.00,171.00,0.461230,-1,-1,-1
156,14,1633.00,404.00,46.00,193.00,0.444201,-1,-1,-1
156,24,730.00,279.00,237.00,608.00,0.878121,-1,-1,-1
156,37,1813.00,402.00,91.00,250.00,0.773962,-1,-1,-1
156,52,887.00,345.00,135.00,439.00,0.792408,-1,-1,-1
156,72,1258.00,445.00,83.00,199.00,0.751656,-1,-1,-1
157,1,1649.00,419.00,99.00,242.00,0.840107,-1,-1,-1
157,4,1750.00,420.00,108.00,247.00,0.856757,-1,-1,-1
157,8,121.00,523.00,72.00,220.00,0.766716,-1,-1,-1
157,9,1882.00,450.00,36.00,172.00,0.472688,-1,-1,-1
157,14,1635.00,404.00,54.00,227.00,0.545948,-1,-1,-1
157,24,720.00,276.00,238.00,613.00,0.910366,-1,-1,-1
157,37,1818.00,402.00,90.00,249.00,0.753348,-1,-1,-1
157,52,901.00,344.00,133.00,439.00,0.852183,-1,-1,-1
157,72,1270.00,444.00,82.00,199.00,0.649603,-1,-1,-1
158,1,1657.00,423.00,98.00,238.00,0.818768,-1,-1,-1
158,4,1755.00,419.00,106.00,245.00,0.855864,-1,-1,-1
158,8,121.00,522.00,71.00,221.00,0.739965,-1,-1,-1
158,9,1883.00,449.00,35.00,171.00,0.454976,-1,-1,-1
158,14,1639.00,404.00,53.00,223.00,0.574566,-1,-1,-1
158,24,712.00,274.00,239.00,617.00,0.914430,-1,-1,-1
158,37,1823.00,402.00,89.00,247.00,0.747901,-1,-1,-1
158,52,911.00,344.00,130.00,440.00,0.881687,-1,-1,-1
158,72,1276.00,443.00,81.00,201.00,0.729379,-1,-1,-1
159,1,1664.00,424.00,98.00,237.00,0.843576,-1,-1,-1
159,4,1760.00,419.00,107.00,244.00,0.828763,-1,-1,-1
159,8,121.00,527.00,70.00,216.00,0.786288,-1,-1,-1
159,9,1886.00,448.00,34.00,171.00,0.466787,-1,-1,-1
159,14,1645.00,405.00,47.00,192.00,0.538023,-1,-1,-1
159,24,694.00,272.00,242.00,624.00,0.906538,-1,-1,-1
159,37,1829.00,401.00,86.00,240.00,0.754597,-1,-1,-1
159,52,920.00,345.00,128.00,438.00,0.890015,-1,-1,-1
159,72,1280.00,441.00,79.00,202.00,0.746307,-1,-1,-1
160,1,1668.00,425.00,98.00,236.00,0.865190,-1,-1,-1
160,4,1763.00,419.00,107.00,244.00,0.785212,-1,-1,-1
160,8,120.00,529.00,70.00,214.00,0.785753,-1,-1,-1
160,9,1887.00,448.00,33.00,172.00,0.431490,-1,-1,-1
160,14,1647.00,405.00,45.00,180.00,0.523525,-1,-1,-1
160,24,675.00,273.00,246.00,628.00,0.916305,-1,-1,-1
160,37,1830.00,400.00,87.00,241.00,0.728632,-1,-1,-1
160,52,929.00,347.00,128.00,435.00,0.890455,-1,-1,-1
160,72,1284.00,442.00,76.00,201.00,0.740802,-1,-1,-1
161,1,1670.00,426.00,98.00,235.00,0.854357,-1,-1,-1
161,4,1766.00,419.00,108.00,244.00,0.777767,-1,-1,-1
161,8,121.00,530.00,69.00,214.00,0.778846,-1,-1,-1
161,9,1888.00,445.00,32.00,177.00,0.329449,-1,-1,-1
161,14,1651.00,408.00,43.00,168.00,0.433681,-1,-1,-1
161,24,658.00,274.00,250.00,634.00,0.929931,-1,-1,-1
161,37,1832.00,399.00,87.00,245.00,0.791730,-1,-1,-1
161,52,939.00,350.00,132.00,432.00,0.907103,-1,-1,-1
161,72,1290.00,445.00,74.00,198.00,0.781326,-1,-1,-1
162,1,1674.00,426.00,98.00,234.00,0.834404,-1,-1,-1
162,4,1772.00,419.00,107.00,242.00,0.662877,-1,-1,-1
162,8,121.00,530.00,69.00,213.00,0.784050,-1,-1,-1
162,14,1655.00,409.00,43.00,165.00,0.481112,-1,-1,-1
162,24,649.00,276.00,255.00,639.00,0.919377,-1,-1,-1
162,37,1834.00,399.00,86.00,247.00,0.818103,-1,-1,-1
162,52,952.00,354.00,135.00,428.00,0.918020,-1,-1,-1
162,72,1296.00,445.00,73.00,199.00,0.824775,-1,-1,-1
163,1,1676.00,425.00,97.00,233.00,0.781247,-1,-1,-1
163,4,1780.00,420.00,108.00,241.00,0.642678,-1,-1,-1
163,5,1768.00,424.00,52.00,208.00,0.630574,-1,-1,-1
163,8,121.00,530.00,68.00,213.00,0.757540,-1,-1,-1
163,14,1653.00,409.00,51.00,195.00,0.409481,-1,-1,-1
163,24,644.00,276.00,258.00,644.00,0.923398,-1,-1,-1
163,37,1836.00,401.00,84.00,246.00,0.776630,-1,-1,-1
163,52,959.00,358.00,138.00,423.00,0.912339,-1,-1,-1
163,72,1301.00,446.00,72.00,198.00,0.811843,-1,-1,-1
164,1,1676.00,425.00,96.00,232.00,0.817155,-1,-1,-1
164,4,1784.00,421.00,107.00,241.00,0.746714,-1,-1,-1
164,5,1769.00,426.00,52.00,205.00,0.557065,-1,-1,-1
164,8,121.00,530.00,68.00,213.00,0.787016,-1,-1,-1
164,14,1656.00,412.00,47.00,175.00,0.388518,-1,-1,-1
164,24,637.00,273.00,263.00,652.00,0.914613,-1,-1,-1
164,37,1838.00,400.00,82.00,247.00,0.707666,-1,-1,-1
164,52,961.00,361.00,141.00,418.00,0.923923,-1,-1,-1
164,72,1306.00,444.00,72.00,200.00,0.771274,-1,-1,-1
165,1,1678.00,422.00,96.00,234.00,0.808708,-1,-1,-1
165,4,1786.00,422.00,107.00,240.00,0.786479,-1,-1,-1
165,5,1775.00,428.00,51.00,202.00,0.541387,-1,-1,-1
165,8,121.00,531.00,68.00,212.00,0.776727,-1,-1,-1
165,14,1661.00,411.00,46.00,171.00,0.392507,-1,-1,-1
165,24,625.00,269.00,267.00,661.00,0.915519,-1,-1,-1
165,37,1842.00,402.00,78.00,243.00,0.735069,-1,-1,-1
165,52,961.00,363.00,144.00,415.00,0.918582,-1,-1,-1
165,72,1312.00,444.00,72.00,200.00,0.829658,-1,-1,-1
166,1,1685.00,422.00,94.00,232.00,0.744359,-1,-1,-1
166,4,1790.00,423.00,105.00,237.00,0.782987,-1,-1,-1
166,5,1774.00,430.00,51.00,200.00,0.628769,-1,-1,-1
166,8,121.00,532.00,68.00,211.00,0.773537,-1,-1,-1
166,14,1664.00,412.00,47.00,171.00,0.311061,-1,-1,-1
166,24,610.00,266.00,271.00,666.00,0.924688,-1,-1,-1
166,37,1845.00,404.00,75.00,239.00,0.737800,-1,-1,-1
166,52,964.00,363.00,146.00,415.00,0.910626,-1,-1,-1
166,72,1315.00,444.00,73.00,200.00,0.814581,-1,-1,-1
166,87,1162.00,474.00,40.00,168.00,0.611717,-1,-1,-1
167,1,1690.00,423.00,92.00,230.00,0.697891,-1,-1,-1
167,4,1794.00,422.00,106.00,239.00,0.770375,-1,-1,-1
167,5,1773.00,431.00,50.00,198.00,0.635875,-1,-1,-1
167,8,121.00,532.00,68.00,211.00,0.768821,-1,-1,-1
167,14,1666.00,412.00,50.00,180.00,0.374051,-1,-1,-1
167,24,586.00,261.00,273.00,672.00,0.911650,-1,-1,-1
167,33,1662.00,412.00,62.00,242.00,0.426174,-1,-1,-1
167,37,1848.00,407.00,72.00,235.00,0.730885,-1,-1,-1
167,52,971.00,364.00,145.00,409.00,0.910799,-1,-1,-1
167,72,1320.00,447.00,73.00,198.00,0.863042,-1,-1,-1
167,87,1167.00,474.00,39.00,167.00,0.690548,-1,-1,-1
168,1,1694.00,421.00,93.00,233.00,0.658997,-1,-1,-1
168,4,1795.00,422.00,107.00,239.00,0.791462,-1,-1,-1
168,5,1774.00,431.00,51.00,199.00,0.608582,-1,-1,-1
168,8,121.00,532.00,68.00,212.00,0.725065,-1,-1,-1
168,24,568.00,255.00,274.00,678.00,0.916519,-1,-1,-1
168,33,1664.00,410.00,63.00,245.00,0.456297,-1,-1,-1
168,37,1851.00,407.00,69.00,234.00,0.726005,-1,-1,-1
168,52,980.00,362.00,143.00,405.00,0.912625,-1,-1,-1
168,72,1322.00,449.00,74.00,196.00,0.857693,-1,-1,-1
168,87,1171.00,475.00,39.00,165.00,0.558938,-1,-1,-1
168,89,817.00,515.00,47.00,120.00,0.557856,-1,-1,-1
169,1,1701.00,425.00,92.00,228.00,0.689962,-1,-1,-1
169,4,1799.00,423.00,105.00,237.00,0.814278,-1,-1,-1
169,5,1774.00,430.00,52.00,201.00,0.671395,-1,-1,-1
169,8,121.00,530.00,69.00,214.00,0.769002,-1,-1,-1
169,24,557.00,252.00,273.00,681.00,0.922902,-1,-1,-1
169,33,1671.00,409.00,64.00,247.00,0.547975,-1,-1,-1
169,37,1854.00,407.00,66.00,233.00,0.766356,-1,-1,-1
169,52,989.00,361.00,141.00,400.00,0.895970,-1,-1,-1
169,72,1324.00,449.00,75.00,196.00,0.841196,-1,-1,-1
169,87,1180.00,477.00,40.00,164.00,0.628302,-1,-1,-1
169,89,817.00,516.00,46.00,120.00,0.585701,-1,-1,-1
170,1,1706.00,426.00,92.00,227.00,0.683519,-1,-1,-1
170,4,1804.00,423.00,104.00,235.00,0.855794,-1,-1,-1
170,5,1776.00,430.00,51.00,199.00,0.733611,-1,-1,-1
170,8,122.00,533.00,68.00,211.00,0.748734,-1,-1,-1
170,24,540.00,248.00,277.00,691.00,0.912717,-1,-1,-1
170,33,1676.00,408.00,64.00,247.00,0.579379,-1,-1,-1
170,37,1856.00,407.00,64.00,231.00,0.699263,-1,-1,-1
170,52,1009.00,360.00,138.00,397.00,0.895222,-1,-1,-1
170,72,1327.00,450.00,75.00,195.00,0.823062,-1,-1,-1
170,87,1185.00,477.00,42.00,163.00,0.679262,-1,-1,-1
170,89,814.00,516.00,46.00,119.00,0.580150,-1,-1,-1
171,1,1711.00,428.00,91.00,226.00,0.752174,-1,-1,-1
171,4,1808.00,422.00,104.00,235.00,0.868884,-1,-1,-1
171,5,1778.00,430.00,51.00,195.00,0.752380,-1,-1,-1
171,8,122.00,532.00,68.00,212.00,0.747936,-1,-1,-1
171,24,527.00,246.00,280.00,700.00,0.921367,-1,-1,-1
171,33,1677.00,409.00,63.00,241.00,0.526889,-1,-1,-1
171,37,1856.00,404.00,64.00,238.00,0.612461,-1,-1,-1
171,52,1021.00,359.00,136.00,397.00,0.903711,-1,-1,-1
171,72,1330.00,450.00,75.00,195.00,0.816019,-1,-1,-1
171,87,1188.00,477.00,43.00,163.00,0.734564,-1,-1,-1
171,89,813.00,516.00,46.00,119.00,0.671263,-1,-1,-1
171,92,929.00,533.00,31.00,77.00,0.397629,-1,-1,-1
172,1,1716.00,429.00,90.00,224.00,0.737984,-1,-1,-1
172,4,1811.00,422.00,103.00,235.00,0.855911,-1,-1,-1
172,5,1781.00,430.00,52.00,196.00,0.763972,-1,-1,-1
172,8,122.00,533.00,68.00,211.00,0.743393,-1,-1,-1
172,24,511.00,242.00,284.00,717.00,0.934819,-1,-1,-1
172,33,1683.00,408.00,64.00,243.00,0.718564,-1,-1,-1
172,37,1859.00,403.00,61.00,241.00,0.633777,-1,-1,-1
172,52,1034.00,360.00,133.00,397.00,0.872860,-1,-1,-1
172,72,1333.00,449.00,75.00,195.00,0.699134,-1,-1,-1
172,87,1190.00,477.00,45.00,162.00,0.629627,-1,-1,-1
172,89,812.00,517.00,45.00,117.00,0.450651,-1,-1,-1
173,1,1719.00,426.00,90.00,225.00,0.758420,-1,-1,-1
173,4,1814.00,422.00,102.00,236.00,0.841034,-1,-1,-1
173,5,1784.00,429.00,52.00,197.00,0.733470,-1,-1,-1
173,8,122.00,534.00,68.00,209.00,0.735640,-1,-1,-1
173,24,497.00,242.00,286.00,724.00,0.904050,-1,-1,-1
173,33,1686.00,408.00,65.00,244.00,0.722407,-1,-1,-1
173,37,1862.00,403.00,58.00,232.00,0.587346,-1,-1,-1
173,52,1045.00,361.00,130.00,395.00,0.895516,-1,-1,-1
173,72,1338.00,449.00,73.00,194.00,0.659008,-1,-1,-1
173,87,1195.00,476.00,46.00,163.00,0.710610,-1,-1,-1
173,89,810.00,517.00,45.00,118.00,0.568494,-1,-1,-1
174,1,1722.00,425.00,88.00,225.00,0.716230,-1,-1,-1
174,4,1815.00,421.00,105.00,241.00,0.812436,-1,-1,-1
174,5,1788.00,427.00,53.00,200.00,0.716355,-1,-1,-1
174,8,122.00,535.00,68.00,209.00,0.730736,-1,-1,-1
174,24,481.00,242.00,288.00,730.00,0.924479,-1,-1,-1
174,33,1690.00,409.00,65.00,244.00,0.741355,-1,-1,-1
174,37,1862.00,402.00,58.00,248.00,0.523218,-1,-1,-1
174,52,1052.00,363.00,129.00,394.00,0.894942,-1,-1,-1
174,72,1342.00,448.00,72.00,195.00,0.707292,-1,-1,-1
174,87,1198.00,474.00,46.00,163.00,0.545358,-1,-1,-1
174,89,810.00,518.00,45.00,116.00,0.331248,-1,-1,-1
175,1,1724.00,426.00,86.00,224.00,0.841923,-1,-1,-1
175,4,1818.00,421.00,102.00,242.00,0.829967,-1,-1,-1
175,5,1789.00,427.00,52.00,199.00,0.667056,-1,-1,-1
175,8,122.00,534.00,68.00,210.00,0.691973,-1,-1,-1
175,24,460.00,242.00,293.00,741.00,0.925322,-1,-1,-1
175,33,1689.00,412.00,63.00,237.00,0.744832,-1,-1,-1
175,37,1864.00,402.00,56.00,258.00,0.414786,-1,-1,-1
175,52,1061.00,366.00,128.00,391.00,0.883879,-1,-1,-1
175,72,1350.00,449.00,70.00,195.00,0.764835,-1,-1,-1
175,87,1201.00,472.00,47.00,164.00,0.655648,-1,-1,-1
176,1,1728.00,425.00,85.00,225.00,0.827901,-1,-1,-1
176,4,1820.00,422.00,100.00,243.00,0.755192,-1,-1,-1
176,5,1791.00,427.00,52.00,200.00,0.677346,-1,-1,-1
176,8,122.00,532.00,69.00,212.00,0.722463,-1,-1,-1
176,24,443.00,241.00,298.00,752.00,0.925937,-1,-1,-1
176,33,1691.00,413.00,63.00,235.00,0.797249,-1,-1,-1
176,52,1068.00,369.00,127.00,387.00,0.883581,-1,-1,-1
176,72,1356.00,448.00,69.00,196.00,0.814872,-1,-1,-1
176,87,1203.00,471.00,47.00,164.00,0.594927,-1,-1,-1
176,97,6.00,273.00,51.00,664.00,0.742548,-1,-1,-1
177,1,1733.00,423.00,85.00,226.00,0.820405,-1,-1,-1
177,4,1817.00,424.00,99.00,238.00,0.742829,-1,-1,-1
177,5,1796.00,428.00,50.00,199.00,0.667260,-1,-1,-1
177,8,122.00,530.00,69.00,214.00,0.680711,-1,-1,-1
177,24,424.00,239.00,302.00,758.00,0.917870,-1,-1,-1
177,33,1694.00,417.00,61.00,231.00,0.756822,-1,-1,-1
177,37,1860.00,408.00,60.00,265.00,0.555133,-1,-1,-1
177,52,1075.00,370.00,128.00,386.00,0.896826,-1,-1,-1
177,72,1362.00,449.00,68.00,195.00,0.797982,-1,-1,-1
177,87,1209.00,470.00,46.00,162.00,0.620305,-1,-1,-1
177,97,24.00,273.00,53.00,663.00,0.868770,-1,-1,-1
178,1,1738.00,424.00,85.00,226.00,0.829189,-1,-1,-1
178,4,1817.00,425.00,93.00,234.00,0.771699,-1,-1,-1
178,5,1799.00,429.00,49.00,197.00,0.612983,-1,-1,-1
178,8,121.00,525.00,70.00,219.00,0.608678,-1,-1,-1
178,9,1874.00,386.00,46.00,296.00,0.584434,-1,-1,-1
178,24,408.00,235.00,304.00,763.00,0.921621,-1,-1,-1
178,33,1698.00,416.00,61.00,233.00,0.757481,-1,-1,-1
178,37,1858.00,398.00,62.00,278.00,0.648704,-1,-1,-1
178,52,1078.00,371.00,130.00,384.00,0.896925,-1,-1,-1
178,72,1367.00,448.00,67.00,196.00,0.819723,-1,-1,-1
178,87,1212.00,469.00,47.00,167.00,0.589105,-1,-1,-1
178,97,48.00,270.00,57.00,664.00,0.897479,-1,-1,-1
179,1,1743.00,423.00,85.00,227.00,0.833722,-1,-1,-1
179,4,1816.00,427.00,89.00,231.00,0.715545,-1,-1,-1
179,5,1800.00,430.00,47.00,196.00,0.459493,-1,-1,-1
179,8,120.00,518.00,73.00,226.00,0.611615,-1,-1,-1
179,24,392.00,230.00,307.00,769.00,0.923372,-1,-1,-1
179,33,1701.00,412.00,62.00,237.00,0.742806,-1,-1,-1
179,37,1857.00,389.00,63.00,288.00,0.704425,-1,-1,-1
179,52,1082.00,372.00,130.00,384.00,0.892429,-1,-1,-1
179,72,1372.00,449.00,68.00,196.00,0.823899,-1,-1,-1
179,87,1211.00,470.00,49.00,167.00,0.596782,-1,-1,-1
179,97,69.00,271.00,62.00,661.00,0.913862,-1,-1,-1
180,1,1746.00,424.00,85.00,226.00,0.857602,-1,-1,-1
180,4,1815.00,429.00,84.00,226.00,0.503750,-1,-1,-1
180,5,1805.00,432.00,48.00,201.00,0.346358,-1,-1,-1
180,8,118.00,521.00,72.00,222.00,0.440332,-1,-1,-1
180,24,374.00,221.00,310.00,778.00,0.936241,-1,-1,-1
180,33,1705.00,411.00,62.00,237.00,0.724573,-1,-1,-1
180,37,1854.00,386.00,66.00,291.00,0.692032,-1,-1,-1
180,52,1091.00,372.00,129.00,381.00,0.858288,-1,-1,-1
180,72,1379.00,450.00,69.00,195.00,0.834562,-1,-1,-1
180,87,1213.00,469.00,51.00,169.00,0.644859,-1,-1,-1
180,97,89.00,275.00,70.00,652.00,0.912032,-1,-1,-1
181,1,1750.00,425.00,84.00,225.00,0.847006,-1,-1,-1
181,4,1809.00,430.00,81.00,225.00,0.292502,-1,-1,-1
181,5,1810.00,433.00,48.00,201.00,0.427203,-1,-1,-1
181,8,119.00,518.00,73.00,224.00,0.553799,-1,-1,-1
181,24,358.00,214.00,313.00,785.00,0.925067,-1,-1,-1
181,33,1709.00,409.00,60.00,238.00,0.719201,-1,-1,-1
181,37,1849.00,384.00,71.00,293.00,0.807207,-1,-1,-1
181,52,1100.00,371.00,126.00,377.00,0.860625,-1,-1,-1
181,72,1381.00,451.00,72.00,194.00,0.840332,-1,-1,-1
181,87,1216.00,467.00,53.00,169.00,0.573110,-1,-1,-1
181,97,97.00,278.00,80.00,647.00,0.925572,-1,-1,-1
182,1,1755.00,426.00,83.00,222.00,0.857810,-1,-1,-1
182,8,115.00,513.00,74.00,226.00,0.293185,-1,-1,-1
182,24,339.00,207.00,315.00,793.00,0.915433,-1,-1,-1
182,33,1712.00,409.00,61.00,236.00,0.752739,-1,-1,-1
182,37,1843.00,384.00,72.00,293.00,0.829524,-1,-1,-1
182,52,1116.00,369.00,123.00,371.00,0.848976,-1,-1,-1
182,72,1382.00,451.00,74.00,194.00,0.841893,-1,-1,-1
182,87,1222.00,465.00,56.00,175.00,0.441979,-1,-1,-1
182,97,99.00,282.00,90.00,644.00,0.923130,-1,-1,-1
182,103,1682.00,471.00,40.00,115.00,0.488602,-1,-1,-1
183,1,1758.00,428.00,82.00,220.00,0.888036,-1,-1,-1
183,24,320.00,204.00,318.00,800.00,0.918249,-1,-1,-1
183,33,1717.00,408.00,60.00,235.00,0.761870,-1,-1,-1
183,37,1840.00,384.00,74.00,293.00,0.837596,-1,-1,-1
183,52,1128.00,369.00,120.00,369.00,0.852229,-1,-1,-1
183,72,1383.00,451.00,76.00,194.00,0.854157,-1,-1,-1
183,87,1228.00,469.00,54.00,167.00,0.380422,-1,-1,-1
183,97,95.00,283.00,103.00,646.00,0.931789,-1,-1,-1
183,103,1682.00,470.00,40.00,115.00,0.448164,-1,-1,-1
184,1,1760.00,429.00,81.00,218.00,0.842545,-1,-1,-1
184,24,303.00,201.00,322.00,811.00,0.925884,-1,-1,-1
184,33,1721.00,409.00,59.00,233.00,0.759197,-1,-1,-1
184,37,1829.00,384.00,78.00,293.00,0.848195,-1,-1,-1
184,52,1137.00,368.00,119.00,370.00,0.865112,-1,-1,-1
184,72,1383.00,451.00,78.00,194.00,0.855649,-1,-1,-1
184,87,1234.00,469.00,54.00,165.00,0.376637,-1,-1,-1
184,97,91.00,285.00,116.00,646.00,0.939622,-1,-1,-1
184,103,1681.00,469.00,40.00,116.00,0.460805,-1,-1,-1
185,1,1761.00,430.00,80.00,221.00,0.776461,-1,-1,-1
185,9,1873.00,380.00,47.00,284.00,0.435131,-1,-1,-1
185,24,263.00,200.00,332.00,821.00,0.923052,-1,-1,-1
185,33,1724.00,409.00,61.00,233.00,0.762478,-1,-1,-1
185,37,1815.00,383.00,83.00,295.00,0.801286,-1,-1,-1
185,52,1148.00,368.00,117.00,369.00,0.861367,-1,-1,-1
185,72,1384.00,450.00,80.00,195.00,0.865733,-1,-1,-1
185,87,1242.00,469.00,45.00,134.00,0.355496,-1,-1,-1
185,97,85.00,284.00,129.00,646.00,0.930370,-1,-1,-1
185,103,1680.00,469.00,41.00,117.00,0.531640,-1,-1,-1
186,1,1761.00,429.00,78.00,220.00,0.530352,-1,-1,-1
186,9,1871.00,379.00,49.00,286.00,0.545130,-1,-1,-1
186,24,233.00,200.00,343.00,831.00,0.931311,-1,-1,-1
186,33,1726.00,408.00,61.00,234.00,0.732683,-1,-1,-1
186,37,1802.00,388.00,89.00,290.00,0.803938,-1,-1,-1
186,52,1157.00,370.00,116.00,368.00,0.874869,-1,-1,-1
186,72,1385.00,451.00,81.00,195.00,0.848332,-1,-1,-1
186,97,79.00,284.00,140.00,646.00,0.926300,-1,-1,-1
186,103,1680.00,469.00,41.00,118.00,0.462895,-1,-1,-1
187,9,1868.00,381.00,49.00,281.00,0.698419,-1,-1,-1
187,24,215.00,201.00,354.00,839.00,0.929345,-1,-1,-1
187,33,1730.00,410.00,61.00,231.00,0.772733,-1,-1,-1
187,37,1794.00,392.00,94.00,284.00,0.847096,-1,-1,-1
187,52,1169.00,371.00,118.00,366.00,0.894547,-1,-1,-1
187,72,1388.00,450.00,82.00,195.00,0.769462,-1,-1,-1
187,97,71.00,283.00,152.00,646.00,0.929401,-1,-1,-1
187,103,1681.00,469.00,40.00,117.00,0.496967,-1,-1,-1
188,9,1860.00,383.00,53.00,286.00,0.711861,-1,-1,-1
188,24,202.00,202.00,364.00,845.00,0.919043,-1,-1,-1
188,33,1732.00,411.00,62.00,230.00,0.779036,-1,-1,-1
188,37,1787.00,395.00,99.00,281.00,0.843097,-1,-1,-1
188,52,1180.00,375.00,120.00,361.00,0.898295,-1,-1,-1
188,72,1392.00,449.00,82.00,196.00,0.748957,-1,-1,-1
188,89,793.00,514.00,39.00,102.00,0.493290,-1,-1,-1
188,97,65.00,282.00,162.00,640.00,0.923971,-1,-1,-1
188,103,1681.00,469.00,40.00,116.00,0.465841,-1,-1,-1
189,9,1851.00,386.00,57.00,285.00,0.711592,-1,-1,-1
189,24,189.00,200.00,376.00,857.00,0.923973,-1,-1,-1
189,33,1733.00,412.00,61.00,225.00,0.732831,-1,-1,-1
189,37,1783.00,395.00,103.00,280.00,0.825374,-1,-1,-1
189,52,1187.00,378.00,123.00,357.00,0.896404,-1,-1,-1
189,72,1398.00,449.00,80.00,196.00,0.782255,-1,-1,-1
189,89,794.00,515.00,37.00,98.00,0.421899,-1,-1,-1
189,97,61.00,279.00,168.00,634.00,0.884317,-1,-1,-1
189,103,1680.00,470.00,41.00,116.00,0.467282,-1,-1,-1
190,9,1846.00,388.00,60.00,275.00,0.696661,-1,-1,-1
190,24,173.00,195.00,384.00,869.00,0.922707,-1,-1,-1
190,33,1734.00,413.00,57.00,207.00,0.680280,-1,-1,-1
190,37,1773.00,395.00,106.00,281.00,0.832863,-1,-1,-1
190,52,1190.00,380.00,127.00,355.00,0.901640,-1,-1,-1
190,72,1406.00,447.00,79.00,198.00,0.787379,-1,-1,-1
190,89,793.00,516.00,38.00,101.00,0.255197,-1,-1,-1
190,97,68.00,278.00,172.00,632.00,0.863946,-1,-1,-1
190,103,1679.00,470.00,41.00,116.00,0.539912,-1,-1,-1
191,9,1843.00,388.00,62.00,267.00,0.740390,-1,-1,-1
191,24,160.00,187.00,391.00,880.00,0.929932,-1,-1,-1
191,33,1733.00,417.00,54.00,194.00,0.612598,-1,-1,-1
191,37,1766.00,397.00,105.00,279.00,0.812935,-1,-1,-1
191,52,1191.00,382.00,129.00,353.00,0.906175,-1,-1,-1
191,72,1411.00,446.00,78.00,199.00,0.782033,-1,-1,-1
191,89,793.00,517.00,38.00,102.00,0.264502,-1,-1,-1
191,97,83.00,278.00,171.00,629.00,0.854585,-1,-1,-1
191,103,1679.00,470.00,41.00,116.00,0.561167,-1,-1,-1
192,9,1834.00,391.00,68.00,274.00,0.778416,-1,-1,-1
192,24,122.00,179.00,396.00,888.00,0.908875,-1,-1,-1
192,37,1751.00,396.00,106.00,278.00,0.776664,-1,-1,-1
192,52,1194.00,384.00,131.00,350.00,0.902310,-1,-1,-1
192,72,1417.00,447.00,76.00,199.00,0.812539,-1,-1,-1
192,97,101.00,282.00,169.00,624.00,0.732924,-1,-1,-1
192,103,1679.00,470.00,41.00,117.00,0.575044,-1,-1,-1
193,9,1829.00,394.00,72.00,274.00,0.828242,-1,-1,-1
193,24,89.00,172.00,397.00,895.00,0.911506,-1,-1,-1
193,37,1739.00,397.00,106.00,277.00,0.825738,-1,-1,-1
193,52,1201.00,384.00,131.00,347.00,0.895163,-1,-1,-1
193,72,1423.00,447.00,76.00,200.00,0.845150,-1,-1,-1
193,97,102.00,283.00,168.00,624.00,0.288218,-1,-1,-1
193,103,1680.00,470.00,40.00,117.00,0.572704,-1,-1,-1
193,107,1881.00,428.00,36.00,206.00,0.656371,-1,-1,-1
194,9,1822.00,394.00,77.00,276.00,0.845736,-1,-1,-1
194,24,58.00,164.00,396.00,904.00,0.917068,-1,-1,-1
194,37,1729.00,397.00,104.00,276.00,0.790863,-1,-1,-1
194,52,1207.00,382.00,131.00,346.00,0.886046,-1,-1,-1
194,72,1429.00,448.00,75.00,197.00,0.837436,-1,-1,-1
194,103,1680.00,470.00,41.00,117.00,0.564706,-1,-1,-1
194,107,1877.00,427.00,38.00,217.00,0.736612,-1,-1,-1
195,9,1817.00,394.00,82.00,275.00,0.833149,-1,-1,-1
195,24,24.00,160.00,397.00,914.00,0.932722,-1,-1,-1
195,37,1721.00,395.00,102.00,280.00,0.766802,-1,-1,-1
195,52,1220.00,379.00,131.00,346.00,0.881671,-1,-1,-1
195,72,1434.00,448.00,75.00,198.00,0.835393,-1,-1,-1
195,103,1681.00,470.00,41.00,117.00,0.515818,-1,-1,-1
195,107,1876.00,427.00,38.00,217.00,0.724170,-1,-1,-1
196,5,1842.00,433.00,54.00,224.00,0.261590,-1,-1,-1
196,9,1807.00,394.00,84.00,275.00,0.800132,-1,-1,-1
196,24,0.00,154.00,396.00,919.00,0.938561,-1,-1,-1
196,37,1712.00,396.00,102.00,278.00,0.835040,-1,-1,-1
196,52,1232.00,377.00,129.00,347.00,0.882891,-1,-1,-1
196,72,1438.00,447.00,76.00,200.00,0.825311,-1,-1,-1
196,103,1680.00,470.00,42.00,117.00,0.358421,-1,-1,-1
196,107,1876.00,427.00,39.00,217.00,0.790517,-1,-1,-1
197,1,1776.00,391.00,94.00,276.00,0.700804,-1,-1,-1
197,5,1841.00,434.00,49.00,207.00,0.740551,-1,-1,-1
197,9,1810.00,392.00,80.00,270.00,0.320135,-1,-1,-1
197,24,0.00,151.00,379.00,921.00,0.946714,-1,-1,-1
197,37,1701.00,398.00,102.00,276.00,0.879402,-1,-1,-1
197,52,1242.00,374.00,128.00,349.00,0.863486,-1,-1,-1
197,72,1440.00,448.00,77.00,198.00,0.820822,-1,-1,-1
197,107,1878.00,428.00,38.00,214.00,0.759784,-1,-1,-1
197,110,304.00,667.00,127.00,206.00,0.529495,-1,-1,-1
198,1,1774.00,390.00,93.00,279.00,0.765122,-1,-1,-1
198,5,1836.00,433.00,50.00,206.00,0.774140,-1,-1,-1
198,24,0.00,149.00,369.00,921.00,0.902503,-1,-1,-1
198,37,1690.00,399.00,106.00,275.00,0.863205,-1,-1,-1
198,52,1248.00,373.00,128.00,350.00,0.880139,-1,-1,-1
198,72,1443.00,449.00,77.00,196.00,0.812265,-1,-1,-1
198,107,1880.00,428.00,37.00,212.00,0.767849,-1,-1,-1
199,1,1768.00,391.00,90.00,278.00,0.709879,-1,-1,-1
199,5,1834.00,431.00,51.00,209.00,0.826514,-1,-1,-1
199,24,0.00,148.00,354.00,923.00,0.927792,-1,-1,-1
199,37,1678.00,400.00,110.00,274.00,0.860363,-1,-1,-1
199,52,1255.00,372.00,127.00,351.00,0.867323,-1,-1,-1
199,72,1445.00,449.00,79.00,197.00,0.837382,-1,-1,-1
199,107,1881.00,429.00,37.00,208.00,0.743158,-1,-1,-1
199,111,265.00,295.00,188.00,578.00,0.879210,-1,-1,-1
200,1,1762.00,392.00,88.00,277.00,0.665276,-1,-1,-1
200,5,1831.00,430.00,53.00,209.00,0.851464,-1,-1,-1
200,24,0.00,146.00,344.00,925.00,0.948767,-1,-1,-1
200,37,1669.00,403.00,114.00,272.00,0.889645,-1,-1,-1
200,52,1264.00,374.00,124.00,348.00,0.862618,-1,-1,-1
200,72,1448.00,449.00,80.00,197.00,0.801810,-1,-1,-1
200,107,1883.00,432.00,36.00,203.00,0.700695,-1,-1,-1
200,111,257.00,300.00,189.00,578.00,0.902132,-1,-1,-1
201,1,1757.00,393.00,88.00,277.00,0.719773,-1,-1,-1
201,5,1829.00,429.00,55.00,210.00,0.855499,-1,-1,-1
201,24,0.00,146.00,339.00,925.00,0.949957,-1,-1,-1
201,37,1663.00,405.00,117.00,268.00,0.886602,-1,-1,-1
201,52,1272.00,380.00,122.00,343.00,0.880616,-1,-1,-1
201,72,1453.00,451.00,80.00,196.00,0.794213,-1,-1,-1
201,107,1885.00,433.00,35.00,199.00,0.664783,-1,-1,-1
201,111,244.00,303.00,195.00,590.00,0.906897,-1,-1,-1
202,1,1747.00,396.00,90.00,274.00,0.604317,-1,-1,-1
202,5,1827.00,428.00,59.00,211.00,0.858301,-1,-1,-1
202,24,0.00,138.00,331.00,933.00,0.926691,-1,-1,-1
202,37,1658.00,407.00,121.00,265.00,0.856391,-1,-1,-1
202,52,1283.00,384.00,121.00,338.00,0.902642,-1,-1,-1
202,72,1457.00,448.00,80.00,198.00,0.734809,-1,-1,-1
202,107,1888.00,439.00,32.00,190.00,0.573923,-1,-1,-1
202,111,236.00,302.00,202.00,599.00,0.913254,-1,-1,-1
203,1,1742.00,403.00,90.00,267.00,0.468625,-1,-1,-1
203,5,1828.00,428.00,62.00,211.00,0.858669,-1,-1,-1
203,9,1768.00,407.00,76.00,260.00,0.658621,-1,-1,-1
203,24,0.00,131.00,319.00,939.00,0.876248,-1,-1,-1
203,37,1654.00,407.00,124.00,267.00,0.802449,-1,-1,-1
203,52,1291.00,386.00,121.00,336.00,0.910294,-1,-1,-1
203,72,1462.00,447.00,78.00,197.00,0.717005,-1,-1,-1
203,107,1892.00,442.00,28.00,170.00,0.417215,-1,-1,-1
203,111,243.00,297.00,206.00,601.00,0.893607,-1,-1,-1
204,1,1746.00,408.00,89.00,261.00,0.425911,-1,-1,-1
204,5,1829.00,428.00,63.00,211.00,0.847469,-1,-1,-1
204,9,1776.00,414.00,65.00,225.00,0.614848,-1,-1,-1
204,24,0.00,124.00,303.00,948.00,0.913412,-1,-1,-1
204,37,1649.00,408.00,125.00,265.00,0.803880,-1,-1,-1
204,52,1297.00,387.00,121.00,335.00,0.905455,-1,-1,-1
204,72,1466.00,446.00,77.00,199.00,0.756984,-1,-1,-1
204,107,1896.00,443.00,24.00,143.00,0.330589,-1,-1,-1
204,111,254.00,294.00,207.00,601.00,0.881803,-1,-1,-1
204,114,1690.00,402.00,98.00,271.00,0.515871,-1,-1,-1
205,1,1738.00,405.00,93.00,264.00,0.706863,-1,-1,-1
205,5,1830.00,429.00,65.00,210.00,0.811534,-1,-1,-1
205,9,1777.00,417.00,61.00,209.00,0.749095,-1,-1,-1
205,24,0.00,112.00,268.00,959.00,0.916373,-1,-1,-1
205,37,1640.00,408.00,124.00,265.00,0.826410,-1,-1,-1
205,52,1303.00,388.00,120.00,333.00,0.900941,-1,-1,-1
205,72,1472.00,445.00,77.00,201.00,0.764573,-1,-1,-1
205,107,1895.00,444.00,25.00,157.00,0.310184,-1,-1,-1
205,111,274.00,293.00,204.00,591.00,0.910230,-1,-1,-1
206,1,1731.00,405.00,96.00,264.00,0.847716,-1,-1,-1
206,5,1833.00,430.00,68.00,210.00,0.815856,-1,-1,-1
206,8,111.00,474.00,86.00,272.00,0.713989,-1,-1,-1
206,9,1777.00,418.00,60.00,204.00,0.768628,-1,-1,-1
206,24,0.00,103.00,242.00,966.00,0.909630,-1,-1,-1
206,37,1631.00,408.00,121.00,264.00,0.824201,-1,-1,-1
206,52,1309.00,388.00,118.00,331.00,0.889830,-1,-1,-1
206,72,1477.00,447.00,76.00,200.00,0.775581,-1,-1,-1
206,107,1893.00,443.00,27.00,164.00,0.298985,-1,-1,-1
206,111,287.00,295.00,199.00,582.00,0.894552,-1,-1,-1
207,1,1718.00,404.00,102.00,266.00,0.879930,-1,-1,-1
207,5,1834.00,431.00,69.00,210.00,0.825525,-1,-1,-1
207,8,118.00,511.00,74.00,233.00,0.775847,-1,-1,-1
207,9,1776.00,420.00,60.00,202.00,0.805252,-1,-1,-1
207,24,0.00,104.00,216.00,965.00,0.876592,-1,-1,-1
207,37,1619.00,407.00,119.00,265.00,0.797524,-1,-1,-1
207,52,1317.00,387.00,115.00,327.00,0.880537,-1,-1,-1
207,72,1483.00,449.00,74.00,197.00,0.676754,-1,-1,-1
207,107,1891.00,444.00,28.00,166.00,0.306856,-1,-1,-1
207,111,302.00,297.00,197.00,577.00,0.915918,-1,-1,-1
207,117,1161.00,466.00,32.00,178.00,0.541310,-1,-1,-1
208,1,1707.00,403.00,106.00,267.00,0.866850,-1,-1,-1
208,5,1834.00,432.00,69.00,209.00,0.844578,-1,-1,-1
208,8,120.00,526.00,70.00,217.00,0.744139,-1,-1,-1
208,9,1777.00,419.00,63.00,208.00,0.817800,-1,-1,-1
208,24,0.00,129.00,191.00,940.00,0.834197,-1,-1,-1
208,37,1608.00,407.00,115.00,263.00,0.792051,-1,-1,-1
208,52,1323.00,387.00,113.00,324.00,0.870419,-1,-1,-1
208,72,1491.00,447.00,75.00,199.00,0.702240,-1,-1,-1
208,111,314.00,297.00,196.00,575.00,0.922532,-1,-1,-1
208,117,1162.00,465.00,32.00,179.00,0.661839,-1,-1,-1
209,1,1699.00,401.00,110.00,269.00,0.849510,-1,-1,-1
209,5,1835.00,434.00,70.00,206.00,0.817879,-1,-1,-1
209,8,121.00,530.00,69.00,213.00,0.746372,-1,-1,-1
209,9,1780.00,419.00,64.00,209.00,0.798842,-1,-1,-1
209,37,1602.00,407.00,111.00,265.00,0.797094,-1,-1,-1
209,52,1328.00,385.00,112.00,325.00,0.864840,-1,-1,-1
209,72,1497.00,448.00,76.00,198.00,0.746260,-1,-1,-1
209,111,324.00,298.00,195.00,574.00,0.916104,-1,-1,-1
209,117,1164.00,464.00,32.00,179.00,0.678660,-1,-1,-1
210,5,1839.00,434.00,70.00,204.00,0.836912,-1,-1,-1
210,8,122.00,530.00,68.00,213.00,0.727122,-1,-1,-1
210,9,1781.00,418.00,66.00,214.00,0.797147,-1,-1,-1
210,37,1595.00,410.00,108.00,261.00,0.821560,-1,-1,-1
210,52,1334.00,383.00,112.00,327.00,0.864934,-1,-1,-1
210,72,1504.00,449.00,78.00,196.00,0.810376,-1,-1,-1
210,107,1893.00,445.00,27.00,170.00,0.265717,-1,-1,-1
210,111,341.00,299.00,197.00,573.00,0.923162,-1,-1,-1
210,114,1691.00,402.00,98.00,265.00,0.887555,-1,-1,-1
210,117,1170.00,464.00,32.00,179.00,0.739679,-1,-1,-1
210,118,0.00,360.00,68.00,712.00,0.673312,-1,-1,-1
211,5,1842.00,434.00,69.00,202.00,0.846943,-1,-1,-1
211,8,120.00,529.00,69.00,215.00,0.618035,-1,-1,-1
211,9,1783.00,418.00,66.00,215.00,0.788051,-1,-1,-1
211,37,1585.00,411.00,106.00,260.00,0.866187,-1,-1,-1
211,52,1340.00,382.00,111.00,327.00,0.862683,-1,-1,-1
211,72,1507.00,450.00,79.00,195.00,0.802514,-1,-1,-1
211,111,358.00,299.00,199.00,573.00,0.913594,-1,-1,-1
211,114,1685.00,402.00,98.00,264.00,0.873916,-1,-1,-1
211,117,1175.00,463.00,34.00,180.00,0.805615,-1,-1,-1
212,5,1843.00,434.00,69.00,200.00,0.832816,-1,-1,-1
212,8,120.00,527.00,69.00,216.00,0.711468,-1,-1,-1
212,9,1785.00,417.00,66.00,215.00,0.782828,-1,-1,-1
212,37,1575.00,414.00,106.00,258.00,0.869889,-1,-1,-1
212,52,1354.00,383.00,111.00,326.00,0.888614,-1,-1,-1
212,72,1507.00,452.00,81.00,195.00,0.789955,-1,-1,-1
212,111,380.00,301.00,203.00,571.00,0.921466,-1,-1,-1
212,114,1669.00,401.00,97.00,265.00,0.765130,-1,-1,-1
212,117,1182.00,464.00,35.00,179.00,0.792868,-1,-1,-1
212,119,2.00,899.00,39.00,178.00,0.445459,-1,-1,-1
213,5,1843.00,434.00,70.00,200.00,0.829055,-1,-1,-1
213,8,120.00,527.00,70.00,217.00,0.732963,-1,-1,-1
213,9,1786.00,417.00,66.00,214.00,0.764044,-1,-1,-1
213,37,1568.00,417.00,108.00,255.00,0.876200,-1,-1,-1
213,52,1366.00,386.00,112.00,322.00,0.893647,-1,-1,-1
213,72,1504.00,451.00,83.00,198.00,0.777097,-1,-1,-1
213,111,393.00,303.00,209.00,570.00,0.928412,-1,-1,-1
213,114,1657.00,403.00,96.00,264.00,0.846809,-1,-1,-1
213,117,1185.00,465.00,38.00,179.00,0.821642,-1,-1,-1
214,5,1843.00,433.00,71.00,201.00,0.825594,-1,-1,-1
214,8,120.00,526.00,70.00,218.00,0.711919,-1,-1,-1
214,9,1787.00,416.00,66.00,215.00,0.772765,-1,-1,-1
214,37,1563.00,418.00,109.00,254.00,0.889799,-1,-1,-1
214,52,1375.00,389.00,113.00,318.00,0.894003,-1,-1,-1
214,72,1501.00,451.00,84.00,197.00,0.734450,-1,-1,-1
214,111,403.00,305.00,213.00,568.00,0.933992,-1,-1,-1
214,114,1646.00,405.00,94.00,263.00,0.842923,-1,-1,-1
214,117,1187.00,465.00,41.00,179.00,0.870999,-1,-1,-1
215,5,1843.00,432.00,72.00,201.00,0.825591,-1,-1,-1
215,8,121.00,527.00,69.00,217.00,0.771269,-1,-1,-1
215,9,1789.00,417.00,66.00,214.00,0.759268,-1,-1,-1
215,37,1558.00,419.00,112.00,253.00,0.884803,-1,-1,-1
215,52,1383.00,390.00,114.00,317.00,0.899585,-1,-1,-1
215,72,1504.00,450.00,82.00,196.00,0.662634,-1,-1,-1
215,107,1887.00,438.00,31.00,186.00,0.362184,-1,-1,-1
215,111,410.00,308.00,214.00,565.00,0.923702,-1,-1,-1
215,114,1641.00,405.00,94.00,263.00,0.830233,-1,-1,-1
215,117,1187.00,464.00,44.00,179.00,0.878201,-1,-1,-1
216,5,1843.00,432.00,73.00,201.00,0.813477,-1,-1,-1
216,8,121.00,526.00,70.00,217.00,0.773517,-1,-1,-1
216,9,1790.00,417.00,66.00,214.00,0.770616,-1,-1,-1
216,37,1556.00,420.00,112.00,251.00,0.841336,-1,-1,-1
216,52,1386.00,391.00,116.00,316.00,0.907425,-1,-1,-1
216,72,1507.00,449.00,79.00,195.00,0.563245,-1,-1,-1
216,107,1886.00,436.00,32.00,190.00,0.400749,-1,-1,-1
216,111,415.00,312.00,215.00,560.00,0.920726,-1,-1,-1
216,114,1636.00,406.00,94.00,263.00,0.840324,-1,-1,-1
216,117,1187.00,461.00,47.00,182.00,0.834098,-1,-1,-1
216,124,45.00,500.00,66.00,248.00,0.588558,-1,-1,-1
217,5,1844.00,432.00,73.00,200.00,0.820876,-1,-1,-1
217,8,121.00,529.00,69.00,215.00,0.752432,-1,-1,-1
217,9,1793.00,419.00,66.00,213.00,0.775547,-1,-1,-1
217,37,1549.00,420.00,112.00,251.00,0.861838,-1,-1,-1
217,52,1391.00,393.00,116.00,314.00,0.900299,-1,-1,-1
217,72,1513.00,450.00,75.00,190.00,0.491307,-1,-1,-1
217,107,1885.00,435.00,33.00,193.00,0.279892,-1,-1,-1
217,111,416.00,314.00,217.00,554.00,0.921980,-1,-1,-1
217,114,1631.00,408.00,94.00,260.00,0.864557,-1,-1,-1
217,117,1191.00,461.00,48.00,180.00,0.785688,-1,-1,-1
217,124,47.00,501.00,65.00,247.00,0.381578,-1,-1,-1
218,5,1846.00,433.00,72.00,198.00,0.829918,-1,-1,-1
218,8,121.00,529.00,69.00,215.00,0.715601,-1,-1,-1
218,9,1795.00,420.00,67.00,212.00,0.799932,-1,-1,-1
218,37,1541.00,417.00,111.00,253.00,0.837938,-1,-1,-1
218,52,1393.00,392.00,117.00,314.00,0.905048,-1,-1,-1
218,111,417.00,315.00,218.00,551.00,0.927166,-1,-1,-1
218,114,1627.00,410.00,95.00,258.00,0.872883,-1,-1,-1
218,117,1196.00,461.00,48.00,180.00,0.787083,-1,-1,-1
218,124,48.00,502.00,65.00,246.00,0.377420,-1,-1,-1
219,5,1847.00,434.00,72.00,197.00,0.846533,-1,-1,-1
219,8,121.00,526.00,70.00,218.00,0.690144,-1,-1,-1
219,9,1797.00,421.00,66.00,211.00,0.822579,-1,-1,-1
219,37,1535.00,414.00,110.00,256.00,0.825847,-1,-1,-1
219,52,1396.00,392.00,116.00,313.00,0.883642,-1,-1,-1
219,103,1680.00,467.00,43.00,119.00,0.263402,-1,-1,-1
219,111,418.00,314.00,219.00,550.00,0.923092,-1,-1,-1
219,114,1622.00,410.00,97.00,258.00,0.877402,-1,-1,-1
219,117,1201.00,461.00,50.00,180.00,0.783372,-1,-1,-1
219,118,29.00,526.00,54.00,476.00,0.761326,-1,-1,-1
220,5,1848.00,436.00,71.00,195.00,0.868313,-1,-1,-1
220,8,120.00,518.00,72.00,226.00,0.673754,-1,-1,-1
220,9,1798.00,422.00,66.00,210.00,0.822250,-1,-1,-1
220,37,1528.00,415.00,106.00,255.00,0.744068,-1,-1,-1
220,52,1402.00,392.00,114.00,309.00,0.880406,-1,-1,-1
220,103,1681.00,467.00,43.00,119.00,0.371134,-1,-1,-1
220,111,422.00,316.00,218.00,545.00,0.923034,-1,-1,-1
220,114,1612.00,411.00,100.00,257.00,0.874714,-1,-1,-1
220,117,1208.00,460.00,50.00,181.00,0.766446,-1,-1,-1
221,5,1849.00,437.00,71.00,194.00,0.865675,-1,-1,-1
221,8,119.00,509.00,75.00,235.00,0.680904,-1,-1,-1
221,9,1799.00,423.00,66.00,208.00,0.808489,-1,-1,-1
221,37,1522.00,414.00,102.00,255.00,0.723728,-1,-1,-1
221,52,1408.00,392.00,112.00,308.00,0.881380,-1,-1,-1
221,103,1681.00,468.00,42.00,118.00,0.457680,-1,-1,-1
221,111,428.00,316.00,217.00,542.00,0.912576,-1,-1,-1
221,114,1604.00,413.00,103.00,255.00,0.880811,-1,-1,-1
221,117,1212.00,459.00,52.00,182.00,0.806410,-1,-1,-1
221,126,14.00,226.00,192.00,755.00,0.915121,-1,-1,-1
222,5,1850.00,439.00,70.00,193.00,0.851367,-1,-1,-1
222,8,119.00,510.00,74.00,234.00,0.456624,-1,-1,-1
222,9,1799.00,424.00,66.00,207.00,0.784946,-1,-1,-1
222,37,1512.00,417.00,100.00,253.00,0.717516,-1,-1,-1
222,52,1414.00,389.00,111.00,311.00,0.853328,-1,-1,-1
222,103,1680.00,469.00,42.00,116.00,0.509370,-1,-1,-1
222,111,440.00,315.00,213.00,534.00,0.906266,-1,-1,-1
222,114,1599.00,413.00,103.00,254.00,0.872582,-1,-1,-1
222,117,1219.00,460.00,52.00,181.00,0.786145,-1,-1,-1
222,126,24.00,230.00,191.00,751.00,0.923531,-1,-1,-1
223,5,1852.00,438.00,68.00,193.00,0.836449,-1,-1,-1
223,9,1800.00,424.00,66.00,206.00,0.776348,-1,-1,-1
223,37,1502.00,418.00,98.00,252.00,0.773445,-1,-1,-1
223,52,1420.00,389.00,109.00,310.00,0.832351,-1,-1,-1
223,103,1680.00,469.00,42.00,116.00,0.463418,-1,-1,-1
223,111,452.00,315.00,209.00,528.00,0.915457,-1,-1,-1
223,114,1588.00,414.00,103.00,252.00,0.874712,-1,-1,-1
223,117,1225.00,459.00,54.00,183.00,0.812053,-1,-1,-1
223,126,28.00,233.00,192.00,747.00,0.932812,-1,-1,-1
224,5,1852.00,438.00,68.00,192.00,0.832838,-1,-1,-1
224,9,1803.00,424.00,65.00,203.00,0.774814,-1,-1,-1
224,37,1497.00,418.00,98.00,252.00,0.747056,-1,-1,-1
224,52,1423.00,388.00,106.00,310.00,0.816966,-1,-1,-1
224,103,1680.00,470.00,42.00,115.00,0.466358,-1,-1,-1
224,111,464.00,313.00,205.00,526.00,0.924592,-1,-1,-1
224,114,1581.00,414.00,102.00,251.00,0.866158,-1,-1,-1
224,117,1231.00,458.00,57.00,184.00,0.839898,-1,-1,-1
224,126,29.00,236.00,193.00,744.00,0.934024,-1,-1,-1
225,5,1853.00,437.00,67.00,191.00,0.842455,-1,-1,-1
225,9,1806.00,423.00,64.00,204.00,0.813194,-1,-1,-1
225,37,1497.00,420.00,96.00,249.00,0.775871,-1,-1,-1
225,52,1431.00,390.00,104.00,306.00,0.815232,-1,-1,-1
225,103,1679.00,469.00,43.00,116.00,0.540640,-1,-1,-1
225,111,474.00,313.00,202.00,525.00,0.928763,-1,-1,-1
225,114,1570.00,413.00,100.00,252.00,0.827572,-1,-1,-1
225,117,1237.00,458.00,60.00,184.00,0.844550,-1,-1,-1
225,126,28.00,235.00,196.00,745.00,0.923288,-1,-1,-1
226,5,1854.00,436.00,66.00,192.00,0.832805,-1,-1,-1
226,9,1808.00,422.00,64.00,203.00,0.804782,-1,-1,-1
226,37,1499.00,423.00,94.00,246.00,0.649673,-1,-1,-1
226,52,1438.00,390.00,102.00,304.00,0.830965,-1,-1,-1
226,103,1679.00,469.00,42.00,117.00,0.488554,-1,-1,-1
226,111,482.00,312.00,199.00,525.00,0.927316,-1,-1,-1
226,114,1559.00,413.00,99.00,253.00,0.767416,-1,-1,-1
226,117,1240.00,460.00,62.00,182.00,0.850709,-1,-1,-1
226,126,27.00,233.00,199.00,747.00,0.927428,-1,-1,-1
227,5,1856.00,434.00,64.00,194.00,0.842204,-1,-1,-1
227,9,1810.00,422.00,64.00,204.00,0.807525,-1,-1,-1
227,37,1504.00,437.00,87.00,231.00,0.506232,-1,-1,-1
227,52,1446.00,393.00,102.00,302.00,0.843718,-1,-1,-1
227,103,1679.00,470.00,42.00,116.00,0.464067,-1,-1,-1
227,111,492.00,313.00,197.00,525.00,0.920247,-1,-1,-1
227,114,1551.00,414.00,96.00,251.00,0.815798,-1,-1,-1
227,117,1243.00,461.00,65.00,180.00,0.869294,-1,-1,-1
227,126,26.00,228.00,205.00,760.00,0.929905,-1,-1,-1
228,5,1858.00,433.00,62.00,196.00,0.830039,-1,-1,-1
228,9,1812.00,422.00,64.00,204.00,0.818423,-1,-1,-1
228,37,1508.00,436.00,85.00,231.00,0.500303,-1,-1,-1
228,52,1452.00,394.00,101.00,300.00,0.848013,-1,-1,-1
228,103,1679.00,470.00,42.00,116.00,0.500173,-1,-1,-1
228,111,501.00,314.00,195.00,523.00,0.922607,-1,-1,-1
228,114,1547.00,415.00,94.00,250.00,0.778934,-1,-1,-1
228,117,1244.00,459.00,68.00,182.00,0.859438,-1,-1,-1
228,126,39.00,224.00,208.00,759.00,0.913327,-1,-1,-1
229,5,1859.00,433.00,61.00,196.00,0.808422,-1,-1,-1
229,9,1813.00,423.00,65.00,203.00,0.808345,-1,-1,-1
229,37,1511.00,423.00,87.00,242.00,0.464847,-1,-1,-1
229,52,1456.00,397.00,102.00,298.00,0.838056,-1,-1,-1
229,103,1679.00,469.00,42.00,116.00,0.504674,-1,-1,-1
229,111,510.00,316.00,192.00,522.00,0.935725,-1,-1,-1
229,114,1538.00,415.00,96.00,251.00,0.636027,-1,-1,-1
229,117,1246.00,458.00,69.00,183.00,0.866141,-1,-1,-1
229,126,77.00,221.00,207.00,756.00,0.890045,-1,-1,-1
230,5,1861.00,433.00,59.00,196.00,0.786750,-1,-1,-1
230,9,1815.00,423.00,64.00,203.00,0.809092,-1,-1,-1
230,52,1463.00,398.00,102.00,297.00,0.865263,-1,-1,-1
230,103,1680.00,470.00,41.00,114.00,0.511699,-1,-1,-1
230,111,519.00,318.00,189.00,520.00,0.928370,-1,-1,-1
230,114,1536.00,420.00,94.00,245.00,0.704045,-1,-1,-1
230,117,1250.00,456.00,70.00,184.00,0.829944,-1,-1,-1
230,126,112.00,219.00,207.00,757.00,0.908989,-1,-1,-1
231,5,1862.00,434.00,58.00,194.00,0.782476,-1,-1,-1
231,9,1818.00,424.00,64.00,202.00,0.808667,-1,-1,-1
231,52,1465.00,398.00,103.00,296.00,0.854371,-1,-1,-1
231,72,1585.00,447.00,73.00,189.00,0.548975,-1,-1,-1
231,103,1680.00,469.00,41.00,115.00,0.476188,-1,-1,-1
231,111,528.00,321.00,187.00,518.00,0.922786,-1,-1,-1
231,114,1535.00,423.00,94.00,242.00,0.743198,-1,-1,-1
231,117,1255.00,453.00,70.00,187.00,0.826835,-1,-1,-1
231,124,41.00,497.00,68.00,249.00,0.398941,-1,-1,-1
231,126,141.00,222.00,209.00,752.00,0.922889,-1,-1,-1
232,5,1864.00,437.00,56.00,191.00,0.784409,-1,-1,-1
232,8,120.00,526.00,69.00,218.00,0.669159,-1,-1,-1
232,9,1819.00,424.00,64.00,201.00,0.838164,-1,-1,-1
232,52,1466.00,397.00,103.00,296.00,0.768367,-1,-1,-1
232,72,1591.00,447.00,71.00,188.00,0.653564,-1,-1,-1
232,103,1680.00,469.00,42.00,115.00,0.463155,-1,-1,-1
232,111,540.00,324.00,187.00,516.00,0.912249,-1,-1,-1
232,114,1543.00,440.00,86.00,225.00,0.641786,-1,-1,-1
232,117,1264.00,451.00,69.00,189.00,0.772744,-1,-1,-1
232,124,40.00,497.00,70.00,251.00,0.373752,-1,-1,-1
232,126,178.00,231.00,218.00,741.00,0.928834,-1,-1,-1
233,5,1865.00,439.00,55.00,189.00,0.792506,-1,-1,-1
233,8,122.00,524.00,70.00,221.00,0.760802,-1,-1,-1
233,9,1820.00,425.00,64.00,199.00,0.837323,-1,-1,-1
233,52,1476.00,396.00,101.00,293.00,0.774432,-1,-1,-1
233,72,1595.00,446.00,66.00,182.00,0.685305,-1,-1,-1
233,103,1680.00,469.00,42.00,115.00,0.465055,-1,-1,-1
233,111,549.00,328.00,186.00,511.00,0.916090,-1,-1,-1
233,114,1546.00,437.00,87.00,229.00,0.500009,-1,-1,-1
233,117,1272.00,450.00,69.00,190.00,0.794514,-1,-1,-1
233,124,40.00,497.00,71.00,251.00,0.398517,-1,-1,-1
233,126,198.00,238.00,231.00,735.00,0.939624,-1,-1,-1
234,5,1865.00,439.00,55.00,190.00,0.793815,-1,-1,-1
234,8,123.00,527.00,70.00,217.00,0.723949,-1,-1,-1
234,9,1821.00,426.00,64.00,198.00,0.842311,-1,-1,-1
234,52,1482.00,397.00,99.00,290.00,0.789807,-1,-1,-1
234,72,1596.00,441.00,69.00,194.00,0.613010,-1,-1,-1
234,103,1680.00,469.00,42.00,116.00,0.468883,-1,-1,-1
234,111,557.00,331.00,184.00,507.00,0.913601,-1,-1,-1
234,117,1279.00,452.00,67.00,188.00,0.786664,-1,-1,-1
234,124,41.00,498.00,72.00,251.00,0.401132,-1,-1,-1
234,126,210.00,244.00,244.00,728.00,0.943887,-1,-1,-1
234,132,1445.00,427.00,66.00,245.00,0.711815,-1,-1,-1
235,5,1867.00,439.00,53.00,190.00,0.783326,-1,-1,-1
235,8,122.00,525.00,71.00,219.00,0.730449,-1,-1,-1
235,9,1822.00,426.00,63.00,198.00,0.832607,-1,-1,-1
235,52,1489.00,394.00,99.00,293.00,0.795648,-1,-1,-1
235,72,1598.00,438.00,70.00,199.00,0.539792,-1,-1,-1
235,103,1680.00,469.00,42.00,117.00,0.414690,-1,-1,-1
235,111,565.00,330.00,183.00,506.00,0.917323,-1,-1,-1
235,117,1285.00,452.00,67.00,189.00,0.783868,-1,-1,-1
235,124,42.00,498.00,72.00,250.00,0.361522,-1,-1,-1
235,126,214.00,252.00,257.00,718.00,0.945545,-1,-1,-1
235,132,1436.00,425.00,65.00,244.00,0.775855,-1,-1,-1
236,5,1869.00,440.00,51.00,188.00,0.787260,-1,-1,-1
236,8,122.00,526.00,71.00,218.00,0.713078,-1,-1,-1
236,9,1823.00,426.00,63.00,198.00,0.848364,-1,-1,-1
236,52,1493.00,393.00,99.00,294.00,0.843819,-1,-1,-1
236,72,1600.00,437.00,70.00,202.00,0.507524,-1,-1,-1
236,103,1680.00,469.00,42.00,118.00,0.433970,-1,-1,-1
236,111,571.00,332.00,182.00,504.00,0.901145,-1,-1,-1
236,117,1292.00,452.00,66.00,189.00,0.816726,-1,-1,-1
236,124,41.00,498.00,72.00,250.00,0.358345,-1,-1,-1
236,126,212.00,256.00,270.00,713.00,0.944260,-1,-1,-1
236,132,1428.00,426.00,65.00,242.00,0.726831,-1,-1,-1
237,8,122.00,524.00,71.00,220.00,0.683906,-1,-1,-1
237,9,1825.00,426.00,63.00,198.00,0.841902,-1,-1,-1
237,37,1470.00,422.00,81.00,242.00,0.450031,-1,-1,-1
237,52,1499.00,396.00,98.00,290.00,0.842324,-1,-1,-1
237,72,1605.00,440.00,69.00,200.00,0.646289,-1,-1,-1
237,103,1680.00,470.00,41.00,117.00,0.496536,-1,-1,-1
237,107,1882.00,440.00,33.00,183.00,0.773391,-1,-1,-1
237,111,580.00,333.00,179.00,500.00,0.908233,-1,-1,-1
237,117,1300.00,451.00,68.00,190.00,0.868801,-1,-1,-1
237,124,42.00,499.00,72.00,251.00,0.471718,-1,-1,-1
237,126,214.00,258.00,280.00,706.00,0.939820,-1,-1,-1
237,132,1419.00,431.00,64.00,238.00,0.767780,-1,-1,-1
238,8,122.00,521.00,72.00,223.00,0.708605,-1,-1,-1
238,9,1826.00,426.00,63.00,199.00,0.847152,-1,-1,-1
238,37,1468.00,422.00,77.00,241.00,0.632877,-1,-1,-1
238,52,1507.00,396.00,97.00,290.00,0.866566,-1,-1,-1
238,72,1609.00,442.00,69.00,198.00,0.634784,-1,-1,-1
238,103,1680.00,470.00,41.00,118.00,0.458257,-1,-1,-1
238,107,1881.00,439.00,35.00,184.00,0.766657,-1,-1,-1
238,111,590.00,333.00,177.00,497.00,0.923891,-1,-1,-1
238,117,1305.00,453.00,69.00,188.00,0.861702,-1,-1,-1
238,124,45.00,499.00,72.00,251.00,0.495143,-1,-1,-1
238,126,226.00,259.00,285.00,696.00,0.936174,-1,-1,-1
238,132,1412.00,432.00,66.00,237.00,0.811306,-1,-1,-1
239,8,122.00,521.00,73.00,224.00,0.689266,-1,-1,-1
239,9,1828.00,425.00,63.00,200.00,0.836681,-1,-1,-1
239,37,1467.00,420.00,75.00,241.00,0.715770,-1,-1,-1
239,52,1516.00,398.00,98.00,286.00,0.876892,-1,-1,-1
239,72,1613.00,439.00,71.00,202.00,0.591499,-1,-1,-1
239,103,1680.00,470.00,42.00,118.00,0.391324,-1,-1,-1
239,107,1881.00,438.00,36.00,184.00,0.765981,-1,-1,-1
239,111,599.00,333.00,173.00,491.00,0.919671,-1,-1,-1
239,117,1307.00,454.00,71.00,188.00,0.833852,-1,-1,-1
239,124,54.00,534.00,61.00,214.00,0.349932,-1,-1,-1
239,126,253.00,258.00,284.00,685.00,0.931267,-1,-1,-1
239,132,1408.00,434.00,66.00,234.00,0.824650,-1,-1,-1
240,8,123.00,523.00,72.00,222.00,0.680147,-1,-1,-1
240,9,1829.00,425.00,63.00,199.00,0.826499,-1,-1,-1
240,37,1461.00,420.00,73.00,242.00,0.766834,-1,-1,-1
240,52,1523.00,398.00,101.00,286.00,0.863156,-1,-1,-1
240,72,1616.00,438.00,71.00,202.00,0.693189,-1,-1,-1
240,103,1680.00,471.00,42.00,117.00,0.418254,-1,-1,-1
240,107,1880.00,437.00,37.00,185.00,0.758669,-1,-1,-1
240,111,608.00,333.00,171.00,484.00,0.918586,-1,-1,-1
240,117,1309.00,455.00,73.00,188.00,0.838742,-1,-1,-1
240,124,58.00,551.00,57.00,197.00,0.278474,-1,-1,-1
240,126,282.00,257.00,278.00,672.00,0.923186,-1,-1,-1
240,132,1403.00,436.00,68.00,232.00,0.845820,-1,-1,-1
241,8,123.00,516.00,76.00,229.00,0.692748,-1,-1,-1
241,9,1829.00,425.00,63.00,198.00,0.834779,-1,-1,-1
241,37,1455.00,421.00,73.00,243.00,0.786590,-1,-1,-1
241,52,1529.00,399.00,102.00,285.00,0.875408,-1,-1,-1
241,72,1616.00,435.00,74.00,205.00,0.709420,-1,-1,-1
241,103,1680.00,470.00,42.00,117.00,0.447006,-1,-1,-1
241,107,1879.00,436.00,38.00,185.00,0.769136,-1,-1,-1
241,111,614.00,332.00,169.00,481.00,0.923653,-1,-1,-1
241,117,1310.00,453.00,76.00,191.00,0.851749,-1,-1,-1
241,126,309.00,254.00,271.00,669.00,0.906871,-1,-1,-1
241,132,1401.00,438.00,70.00,229.00,0.857490,-1,-1,-1
242,8,123.00,523.00,73.00,222.00,0.621486,-1,-1,-1
242,9,1829.00,424.00,63.00,199.00,0.844984,-1,-1,-1
242,37,1450.00,425.00,74.00,241.00,0.823602,-1,-1,-1
242,52,1533.00,401.00,102.00,283.00,0.882560,-1,-1,-1
242,72,1616.00,431.00,75.00,207.00,0.646972,-1,-1,-1
242,103,1680.00,469.00,42.00,118.00,0.366746,-1,-1,-1
242,107,1880.00,436.00,38.00,185.00,0.769799,-1,-1,-1
242,111,621.00,332.00,167.00,481.00,0.923952,-1,-1,-1
242,117,1313.00,452.00,77.00,192.00,0.789408,-1,-1,-1
242,126,357.00,253.00,263.00,667.00,0.904878,-1,-1,-1
242,132,1395.00,437.00,71.00,228.00,0.770956,-1,-1,-1
243,8,122.00,528.00,72.00,217.00,0.648716,-1,-1,-1
243,9,1830.00,424.00,64.00,198.00,0.838673,-1,-1,-1
243,37,1447.00,427.00,74.00,239.00,0.849722,-1,-1,-1
243,52,1536.00,402.00,102.00,281.00,0.874514,-1,-1,-1
243,72,1618.00,432.00,74.00,205.00,0.622492,-1,-1,-1
243,103,1680.00,469.00,42.00,118.00,0.362533,-1,-1,-1
243,107,1880.00,437.00,39.00,184.00,0.741798,-1,-1,-1
243,111,627.00,332.00,166.00,480.00,0.917185,-1,-1,-1
243,117,1317.00,451.00,75.00,191.00,0.778476,-1,-1,-1
243,126,398.00,253.00,254.00,666.00,0.904150,-1,-1,-1
243,132,1387.00,437.00,71.00,228.00,0.834305,-1,-1,-1
244,8,121.00,522.00,73.00,222.00,0.639535,-1,-1,-1
244,9,1831.00,423.00,64.00,200.00,0.830194,-1,-1,-1
244,37,1444.00,428.00,76.00,238.00,0.843975,-1,-1,-1
244,52,1538.00,402.00,102.00,281.00,0.878446,-1,-1,-1
244,72,1619.00,433.00,73.00,204.00,0.634043,-1,-1,-1
244,103,1681.00,469.00,41.00,117.00,0.391070,-1,-1,-1
244,107,1882.00,438.00,37.00,184.00,0.745918,-1,-1,-1
244,111,633.00,332.00,164.00,479.00,0.912931,-1,-1,-1
244,117,1323.00,453.00,73.00,189.00,0.718887,-1,-1,-1
244,126,423.00,254.00,249.00,666.00,0.912400,-1,-1,-1
244,132,1383.00,436.00,72.00,228.00,0.774910,-1,-1,-1
245,8,122.00,518.00,75.00,228.00,0.503107,-1,-1,-1
245,9,1833.00,424.00,64.00,197.00,0.853234,-1,-1,-1
245,37,1437.00,430.00,79.00,236.00,0.856792,-1,-1,-1
245,52,1540.00,402.00,101.00,279.00,0.840062,-1,-1,-1
245,72,1620.00,432.00,73.00,205.00,0.658166,-1,-1,-1
245,103,1680.00,468.00,42.00,119.00,0.409286,-1,-1,-1
245,107,1884.00,440.00,36.00,182.00,0.733711,-1,-1,-1
245,111,647.00,333.00,165.00,478.00,0.910383,-1,-1,-1
245,117,1330.00,455.00,71.00,188.00,0.708338,-1,-1,-1
245,126,443.00,258.00,246.00,662.00,0.913843,-1,-1,-1
245,132,1371.00,436.00,71.00,227.00,0.741495,-1,-1,-1
246,8,121.00,516.00,76.00,229.00,0.578342,-1,-1,-1
246,9,1834.00,425.00,65.00,197.00,0.845653,-1,-1,-1
246,37,1432.00,431.00,81.00,232.00,0.865606,-1,-1,-1
246,52,1544.00,402.00,100.00,277.00,0.856564,-1,-1,-1
246,72,1623.00,438.00,71.00,200.00,0.655971,-1,-1,-1
246,103,1681.00,468.00,41.00,120.00,0.300268,-1,-1,-1
246,107,1885.00,442.00,35.00,179.00,0.701405,-1,-1,-1
246,111,657.00,335.00,167.00,477.00,0.910736,-1,-1,-1
246,126,460.00,264.00,248.00,656.00,0.933637,-1,-1,-1
246,132,1364.00,437.00,70.00,226.00,0.775711,-1,-1,-1
247,8,120.00,526.00,73.00,219.00,0.724220,-1,-1,-1
247,9,1837.00,426.00,66.00,195.00,0.805896,-1,-1,-1
247,37,1425.00,431.00,84.00,233.00,0.851052,-1,-1,-1
247,52,1549.00,402.00,98.00,275.00,0.848031,-1,-1,-1
247,72,1627.00,439.00,70.00,198.00,0.714752,-1,-1,-1
247,107,1887.00,438.00,33.00,181.00,0.435939,-1,-1,-1
247,111,673.00,336.00,168.00,475.00,0.902523,-1,-1,-1
247,124,66.00,565.00,52.00,184.00,0.324043,-1,-1,-1
247,126,476.00,271.00,251.00,649.00,0.927795,-1,-1,-1
247,132,1358.00,436.00,71.00,228.00,0.822239,-1,-1,-1
248,8,120.00,528.00,71.00,217.00,0.790330,-1,-1,-1
248,9,1837.00,428.00,67.00,193.00,0.824661,-1,-1,-1
248,37,1420.00,432.00,85.00,232.00,0.855783,-1,-1,-1
248,52,1550.00,401.00,97.00,276.00,0.822049,-1,-1,-1
248,72,1630.00,441.00,70.00,196.00,0.695600,-1,-1,-1
248,107,1890.00,432.00,30.00,188.00,0.373236,-1,-1,-1
248,111,685.00,338.00,169.00,473.00,0.909063,-1,-1,-1
248,124,66.00,564.00,51.00,185.00,0.344047,-1,-1,-1
248,126,484.00,276.00,256.00,643.00,0.924139,-1,-1,-1
248,132,1354.00,435.00,70.00,228.00,0.827318,-1,-1,-1
249,8,120.00,529.00,72.00,216.00,0.775746,-1,-1,-1
249,9,1835.00,429.00,67.00,193.00,0.815204,-1,-1,-1
249,37,1416.00,431.00,85.00,232.00,0.831554,-1,-1,-1
249,52,1554.00,400.00,96.00,278.00,0.825777,-1,-1,-1
249,72,1634.00,443.00,69.00,194.00,0.708455,-1,-1,-1
249,111,692.00,339.00,170.00,471.00,0.905149,-1,-1,-1
249,124,66.00,566.00,51.00,183.00,0.408089,-1,-1,-1
249,126,488.00,281.00,261.00,638.00,0.917840,-1,-1,-1
249,132,1350.00,435.00,71.00,227.00,0.798356,-1,-1,-1
250,8,121.00,531.00,70.00,214.00,0.770178,-1,-1,-1
250,9,1834.00,430.00,66.00,192.00,0.779573,-1,-1,-1
250,37,1407.00,432.00,85.00,229.00,0.815918,-1,-1,-1
250,52,1551.00,400.00,96.00,277.00,0.760724,-1,-1,-1
250,72,1639.00,444.00,69.00,194.00,0.636817,-1,-1,-1
250,107,1887.00,413.00,33.00,204.00,0.508886,-1,-1,-1
250,111,702.00,343.00,168.00,464.00,0.888534,-1,-1,-1
250,124,66.00,562.00,52.00,187.00,0.332884,-1,-1,-1
250,126,499.00,285.00,262.00,631.00,0.888895,-1,-1,-1
250,132,1338.00,437.00,71.00,223.00,0.832793,-1,-1,-1
251,8,121.00,532.00,70.00,213.00,0.779580,-1,-1,-1
251,9,1831.00,430.00,66.00,192.00,0.749065,-1,-1,-1
251,37,1397.00,433.00,85.00,228.00,0.790811,-1,-1,-1
251,52,1555.00,400.00,96.00,278.00,0.819605,-1,-1,-1
251,72,1644.00,443.00,69.00,194.00,0.716277,-1,-1,-1
251,107,1882.00,393.00,38.00,226.00,0.489440,-1,-1,-1
251,111,710.00,344.00,165.00,462.00,0.894679,-1,-1,-1
251,124,66.00,560.00,52.00,189.00,0.380563,-1,-1,-1
251,126,518.00,284.00,261.00,626.00,0.891899,-1,-1,-1
251,132,1329.00,441.00,72.00,218.00,0.823171,-1,-1,-1
252,8,121.00,532.00,70.00,214.00,0.748336,-1,-1,-1
252,9,1834.00,431.00,64.00,191.00,0.637256,-1,-1,-1
252,37,1389.00,435.00,83.00,226.00,0.793400,-1,-1,-1
252,52,1563.00,402.00,94.00,276.00,0.840284,-1,-1,-1
252,72,1646.00,436.00,72.00,202.00,0.708141,-1,-1,-1
252,107,1878.00,383.00,42.00,244.00,0.527866,-1,-1,-1
252,111,716.00,346.00,162.00,457.00,0.885961,-1,-1,-1
252,124,63.00,561.00,53.00,187.00,0.327584,-1,-1,-1
252,126,544.00,285.00,255.00,613.00,0.903733,-1,-1,-1
252,132,1321.00,443.00,74.00,215.00,0.821671,-1,-1,-1
253,8,120.00,528.00,71.00,217.00,0.760501,-1,-1,-1
253,9,1837.00,432.00,62.00,188.00,0.578856,-1,-1,-1
253,37,1385.00,434.00,81.00,226.00,0.787877,-1,-1,-1
253,52,1570.00,404.00,93.00,273.00,0.864837,-1,-1,-1
253,72,1649.00,434.00,72.00,203.00,0.709405,-1,-1,-1
253,107,1874.00,378.00,46.00,280.00,0.554780,-1,-1,-1
253,111,727.00,347.00,156.00,449.00,0.801739,-1,-1,-1
253,124,66.00,559.00,52.00,189.00,0.347373,-1,-1,-1
253,126,571.00,281.00,248.00,606.00,0.844334,-1,-1,-1
253,132,1318.00,445.00,77.00,215.00,0.860866,-1,-1,-1
253,140,0.00,547.00,53.00,121.00,0.395957,-1,-1,-1
254,8,120.00,521.00,72.00,224.00,0.737758,-1,-1,-1
254,9,1839.00,411.00,67.00,208.00,0.345611,-1,-1,-1
254,37,1383.00,433.00,82.00,228.00,0.793032,-1,-1,-1
254,52,1576.00,407.00,91.00,271.00,0.850132,-1,-1,-1
254,72,1652.00,438.00,70.00,198.00,0.719769,-1,-1,-1
254,107,1873.00,374.00,47.00,297.00,0.475176,-1,-1,-1
254,111,734.00,347.00,152.00,446.00,0.791911,-1,-1,-1
254,124,67.00,556.00,52.00,192.00,0.352026,-1,-1,-1
254,126,596.00,280.00,239.00,600.00,0.878374,-1,-1,-1
254,132,1315.00,446.00,80.00,215.00,0.847973,-1,-1,-1
254,140,0.00,546.00,52.00,120.00,0.397869,-1,-1,-1
255,5,1859.00,377.00,61.00,302.00,0.564460,-1,-1,-1
255,8,120.00,518.00,73.00,227.00,0.706054,-1,-1,-1
255,9,1841.00,393.00,70.00,227.00,0.426781,-1,-1,-1
255,37,1380.00,434.00,82.00,228.00,0.792161,-1,-1,-1
255,52,1582.00,408.00,90.00,269.00,0.847415,-1,-1,-1
255,72,1653.00,441.00,70.00,196.00,0.740323,-1,-1,-1
255,107,1865.00,373.00,53.00,304.00,0.649668,-1,-1,-1
255,111,744.00,346.00,147.00,447.00,0.807796,-1,-1,-1
255,124,67.00,556.00,51.00,192.00,0.266583,-1,-1,-1
255,126,627.00,279.00,229.00,593.00,0.879610,-1,-1,-1
255,132,1312.00,444.00,82.00,216.00,0.828354,-1,-1,-1
256,5,1854.00,375.00,66.00,305.00,0.687075,-1,-1,-1
256,8,120.00,522.00,72.00,224.00,0.748493,-1,-1,-1
256,9,1844.00,406.00,65.00,212.00,0.393892,-1,-1,-1
256,37,1371.00,434.00,82.00,228.00,0.732950,-1,-1,-1
256,52,1585.00,409.00,90.00,267.00,0.854801,-1,-1,-1
256,72,1656.00,444.00,67.00,192.00,0.660779,-1,-1,-1
256,107,1869.00,374.00,51.00,306.00,0.599408,-1,-1,-1
256,111,756.00,346.00,145.00,448.00,0.870724,-1,-1,-1
256,124,67.00,559.00,51.00,189.00,0.309197,-1,-1,-1
256,126,648.00,279.00,221.00,592.00,0.867848,-1,-1,-1
256,132,1306.00,442.00,83.00,217.00,0.816370,-1,-1,-1
256,140,3.00,566.00,44.00,100.00,0.366724,-1,-1,-1
257,5,1851.00,376.00,69.00,303.00,0.631043,-1,-1,-1
257,8,120.00,521.00,72.00,224.00,0.734246,-1,-1,-1
257,9,1843.00,389.00,70.00,230.00,0.449425,-1,-1,-1
257,37,1369.00,436.00,81.00,226.00,0.780956,-1,-1,-1
257,52,1588.00,409.00,89.00,266.00,0.852271,-1,-1,-1
257,72,1656.00,439.00,69.00,196.00,0.752436,-1,-1,-1
257,107,1873.00,372.00,47.00,309.00,0.515517,-1,-1,-1
257,111,767.00,346.00,141.00,445.00,0.853060,-1,-1,-1
257,117,1414.00,456.00,69.00,195.00,0.589527,-1,-1,-1
257,124,46.00,558.00,56.00,190.00,0.446751,-1,-1,-1
257,126,667.00,280.00,216.00,592.00,0.875606,-1,-1,-1
257,132,1303.00,442.00,84.00,216.00,0.834216,-1,-1,-1
258,5,1848.00,376.00,72.00,305.00,0.688576,-1,-1,-1
258,8,122.00,519.00,73.00,227.00,0.726625,-1,-1,-1
258,9,1840.00,381.00,72.00,239.00,0.442480,-1,-1,-1
258,37,1364.00,437.00,79.00,222.00,0.774275,-1,-1,-1
258,52,1592.00,408.00,88.00,265.00,0.843539,-1,-1,-1
258,72,1659.00,441.00,69.00,196.00,0.661173,-1,-1,-1
258,107,1874.00,377.00,46.00,304.00,0.472229,-1,-1,-1
258,111,762.00,347.00,143.00,448.00,0.693197,-1,-1,-1
258,117,1418.00,454.00,68.00,199.00,0.763365,-1,-1,-1
258,124,38.00,555.00,61.00,193.00,0.440535,-1,-1,-1
258,126,691.00,279.00,217.00,593.00,0.867946,-1,-1,-1
258,132,1298.00,448.00,80.00,208.00,0.764025,-1,-1,-1
258,140,0.00,569.00,39.00,96.00,0.417245,-1,-1,-1
259,5,1839.00,377.00,76.00,304.00,0.817499,-1,-1,-1
259,8,121.00,518.00,72.00,227.00,0.712391,-1,-1,-1
259,37,1361.00,439.00,80.00,221.00,0.823672,-1,-1,-1
259,52,1596.00,407.00,87.00,264.00,0.835625,-1,-1,-1
259,72,1662.00,440.00,68.00,197.00,0.709885,-1,-1,-1
259,111,771.00,347.00,144.00,446.00,0.527863,-1,-1,-1
259,117,1423.00,454.00,66.00,193.00,0.793582,-1,-1,-1
259,124,32.00,550.00,67.00,199.00,0.364127,-1,-1,-1
259,126,709.00,286.00,217.00,585.00,0.905111,-1,-1,-1
259,132,1291.00,442.00,81.00,215.00,0.797796,-1,-1,-1
259,140,0.00,568.00,37.00,97.00,0.425690,-1,-1,-1
260,5,1843.00,379.00,76.00,305.00,0.791847,-1,-1,-1
260,8,122.00,515.00,74.00,230.00,0.701175,-1,-1,-1
260,37,1357.00,440.00,81.00,220.00,0.776741,-1,-1,-1
260,52,1599.00,405.00,87.00,265.00,0.838309,-1,-1,-1
260,72,1666.00,442.00,68.00,196.00,0.707301,-1,-1,-1
260,117,1431.00,454.00,66.00,195.00,0.820051,-1,-1,-1
260,124,28.00,549.00,70.00,200.00,0.396655,-1,-1,-1
260,126,721.00,294.00,220.00,575.00,0.917317,-1,-1,-1
260,132,1285.00,440.00,80.00,217.00,0.714622,-1,-1,-1
261,5,1845.00,379.00,75.00,306.00,0.813973,-1,-1,-1
261,8,123.00,511.00,76.00,235.00,0.704391,-1,-1,-1
261,37,1351.00,439.00,82.00,221.00,0.799372,-1,-1,-1
261,52,1602.00,401.00,88.00,269.00,0.845182,-1,-1,-1
261,72,1669.00,443.00,67.00,195.00,0.672860,-1,-1,-1
261,117,1437.00,454.00,67.00,197.00,0.831601,-1,-1,-1
261,124,26.00,559.00,71.00,190.00,0.485350,-1,-1,-1
261,126,725.00,299.00,223.00,570.00,0.935339,-1,-1,-1
261,132,1282.00,443.00,76.00,212.00,0.707014,-1,-1,-1
262,5,1844.00,379.00,76.00,307.00,0.833372,-1,-1,-1
262,8,123.00,516.00,74.00,229.00,0.667621,-1,-1,-1
262,37,1346.00,438.00,84.00,221.00,0.838091,-1,-1,-1
262,52,1607.00,400.00,87.00,268.00,0.846976,-1,-1,-1
262,72,1670.00,443.00,66.00,197.00,0.688072,-1,-1,-1
262,117,1444.00,454.00,70.00,197.00,0.841771,-1,-1,-1
262,124,24.00,557.00,75.00,192.00,0.409120,-1,-1,-1
262,126,726.00,301.00,228.00,568.00,0.918108,-1,-1,-1
262,132,1278.00,445.00,74.00,209.00,0.625063,-1,-1,-1
