1,1,1369.00,415.00,85.00,291.00,0.848642,-1,-1,-1
1,3,1635.00,413.00,148.00,467.00,0.831247,-1,-1,-1
1,4,883.00,417.00,138.00,526.00,0.831155,-1,-1,-1
1,5,769.00,446.00,80.00,207.00,0.827104,-1,-1,-1
1,6,1010.00,402.00,169.00,626.00,0.818242,-1,-1,-1
1,7,0.00,682.00,115.00,176.00,0.690671,-1,-1,-1
1,8,381.00,462.00,44.00,113.00,0.632525,-1,-1,-1
1,9,507.00,454.00,36.00,106.00,0.625490,-1,-1,-1
1,10,1569.00,409.00,115.00,391.00,0.513478,-1,-1,-1
1,13,672.00,482.00,54.00,120.00,0.444359,-1,-1,-1
1,14,733.00,477.00,45.00,122.00,0.435331,-1,-1,-1
1,15,1171.00,447.00,44.00,102.00,0.397260,-1,-1,-1
1,16,1842.00,461.00,70.00,192.00,0.367997,-1,-1,-1
2,1,1359.00,415.00,85.00,291.00,0.862583,-1,-1,-1
2,3,1643.00,410.00,151.00,478.00,0.830146,-1,-1,-1
2,4,883.00,417.00,140.00,530.00,0.826996,-1,-1,-1
2,5,770.00,451.00,79.00,203.00,0.787100,-1,-1,-1
2,6,1013.00,398.00,170.00,628.00,0.832147,-1,-1,-1
2,7,0.00,641.00,129.00,217.00,0.709677,-1,-1,-1
2,8,380.00,462.00,44.00,113.00,0.629946,-1,-1,-1
2,9,507.00,453.00,36.00,106.00,0.622236,-1,-1,-1
2,10,1580.00,408.00,116.00,398.00,0.482178,-1,-1,-1
2,13,672.00,482.00,53.00,118.00,0.442009,-1,-1,-1
2,14,734.00,477.00,45.00,122.00,0.411294,-1,-1,-1
2,15,1172.00,445.00,45.00,104.00,0.487554,-1,-1,-1
2,16,1843.00,463.00,69.00,190.00,0.298435,-1,-1,-1
3,1,1350.00,418.00,85.00,288.00,0.873571,-1,-1,-1
3,3,1650.00,409.00,154.00,488.00,0.849266,-1,-1,-1
3,4,880.00,416.00,140.00,533.00,0.816365,-1,-1,-1
3,5,774.00,447.00,81.00,207.00,0.798622,-1,-1,-1
3,6,1015.00,398.00,170.00,627.00,0.836135,-1,-1,-1
3,7,0.00,593.00,145.00,265.00,0.712919,-1,-1,-1
3,8,380.00,462.00,44.00,113.00,0.630257,-1,-1,-1
3,9,507.00,453.00,35.00,107.00,0.655582,-1,-1,-1
3,10,1584.00,408.00,117.00,402.00,0.440446,-1,-1,-1
3,13,673.00,482.00,51.00,115.00,0.507994,-1,-1,-1
3,14,735.00,478.00,43.00,118.00,0.348384,-1,-1,-1
3,15,1174.00,446.00,45.00,103.00,0.577931,-1,-1,-1
3,16,1841.00,459.00,70.00,194.00,0.421546,-1,-1,-1
4,1,1342.00,419.00,85.00,286.00,0.884415,-1,-1,-1
4,3,1660.00,409.00,156.00,496.00,0.823764,-1,-1,-1
4,4,879.00,416.00,141.00,533.00,0.821150,-1,-1,-1
4,5,777.00,446.00,81.00,208.00,0.811632,-1,-1,-1
4,6,1021.00,399.00,170.00,625.00,0.855288,-1,-1,-1
4,7,0.00,457.00,186.00,401.00,0.437715,-1,-1,-1
4,8,380.00,462.00,44.00,113.00,0.613192,-1,-1,-1
4,9,507.00,454.00,35.00,106.00,0.650901,-1,-1,-1
4,10,1594.00,408.00,116.00,403.00,0.598301,-1,-1,-1
4,13,672.00,481.00,53.00,120.00,0.493046,-1,-1,-1
4,14,735.00,478.00,43.00,118.00,0.418726,-1,-1,-1
4,15,1178.00,446.00,43.00,101.00,0.536851,-1,-1,-1
4,16,1841.00,458.00,71.00,196.00,0.332426,-1,-1,-1
5,1,1334.00,422.00,87.00,284.00,0.898034,-1,-1,-1
5,3,1673.00,413.00,156.00,495.00,0.818723,-1,-1,-1
5,4,881.00,416.00,141.00,534.00,0.819736,-1,-1,-1
5,5,776.00,450.00,80.00,205.00,0.799947,-1,-1,-1
5,6,1028.00,400.00,170.00,622.00,0.858561,-1,-1,-1
5,7,0.00,402.00,200.00,456.00,0.859755,-1,-1,-1
5,8,380.00,462.00,44.00,112.00,0.617849,-1,-1,-1
5,9,506.00,454.00,36.00,106.00,0.674497,-1,-1,-1
5,10,1605.00,409.00,116.00,400.00,0.639540,-1,-1,-1
5,13,675.00,480.00,51.00,114.00,0.538562,-1,-1,-1
5,14,735.00,479.00,43.00,115.00,0.488346,-1,-1,-1
5,15,1181.00,444.00,44.00,103.00,0.527242,-1,-1,-1
5,16,1841.00,456.00,72.00,197.00,0.328871,-1,-1,-1
5,20,557.00,457.00,23.00,58.00,0.355243,-1,-1,-1
6,1,1328.00,426.00,88.00,280.00,0.901857,-1,-1,-1
6,3,1695.00,416.00,162.00,502.00,0.873183,-1,-1,-1
6,4,881.00,415.00,141.00,535.00,0.823610,-1,-1,-1
6,5,780.00,447.00,81.00,208.00,0.824128,-1,-1,-1
6,6,1034.00,397.00,172.00,622.00,0.848782,-1,-1,-1
6,7,0.00,379.00,202.00,479.00,0.859550,-1,-1,-1
6,8,380.00,462.00,44.00,113.00,0.621195,-1,-1,-1
6,9,505.00,454.00,35.00,106.00,0.651062,-1,-1,-1
6,10,1613.00,408.00,115.00,400.00,0.726246,-1,-1,-1
6,13,675.00,482.00,49.00,109.00,0.505273,-1,-1,-1
6,14,736.00,478.00,43.00,116.00,0.503269,-1,-1,-1
6,15,1184.00,444.00,44.00,103.00,0.498994,-1,-1,-1
6,16,1842.00,457.00,72.00,197.00,0.303781,-1,-1,-1
6,20,557.00,458.00,23.00,57.00,0.282493,-1,-1,-1
7,1,1321.00,427.00,91.00,278.00,0.905635,-1,-1,-1
7,3,1709.00,418.00,165.00,501.00,0.857780,-1,-1,-1
7,4,882.00,415.00,141.00,535.00,0.833211,-1,-1,-1
7,5,783.00,445.00,81.00,210.00,0.791690,-1,-1,-1
7,6,1038.00,396.00,174.00,621.00,0.878912,-1,-1,-1
7,7,0.00,370.00,199.00,488.00,0.840806,-1,-1,-1
7,8,380.00,462.00,44.00,113.00,0.627443,-1,-1,-1
7,9,504.00,454.00,36.00,106.00,0.640244,-1,-1,-1
7,10,1617.00,406.00,117.00,402.00,0.773875,-1,-1,-1
7,13,677.00,483.00,48.00,106.00,0.466231,-1,-1,-1
7,14,736.00,478.00,45.00,118.00,0.587441,-1,-1,-1
7,15,1186.00,445.00,45.00,103.00,0.558640,-1,-1,-1
8,1,1313.00,428.00,94.00,276.00,0.896304,-1,-1,-1
8,3,1712.00,420.00,171.00,503.00,0.890719,-1,-1,-1
8,4,881.00,415.00,142.00,535.00,0.832320,-1,-1,-1
8,5,785.00,443.00,81.00,212.00,0.769006,-1,-1,-1
8,6,1041.00,396.00,177.00,619.00,0.878330,-1,-1,-1
8,7,0.00,369.00,194.00,489.00,0.880447,-1,-1,-1
8,8,380.00,461.00,44.00,114.00,0.657819,-1,-1,-1
8,9,502.00,454.00,37.00,106.00,0.687858,-1,-1,-1
8,10,1623.00,406.00,119.00,403.00,0.721235,-1,-1,-1
8,13,678.00,483.00,46.00,103.00,0.464914,-1,-1,-1
8,14,736.00,479.00,43.00,114.00,0.576726,-1,-1,-1
8,15,1188.00,445.00,45.00,104.00,0.612376,-1,-1,-1
8,20,558.00,458.00,23.00,57.00,0.311318,-1,-1,-1
9,1,1305.00,428.00,97.00,275.00,0.896941,-1,-1,-1
9,3,1712.00,423.00,177.00,505.00,0.896859,-1,-1,-1
9,4,882.00,415.00,141.00,535.00,0.831629,-1,-1,-1
9,5,788.00,443.00,80.00,212.00,0.774491,-1,-1,-1
9,6,1045.00,395.00,180.00,619.00,0.877148,-1,-1,-1
9,7,0.00,370.00,188.00,488.00,0.876399,-1,-1,-1
9,8,380.00,462.00,44.00,112.00,0.648147,-1,-1,-1
9,9,501.00,455.00,37.00,105.00,0.636908,-1,-1,-1
9,10,1632.00,407.00,121.00,402.00,0.713349,-1,-1,-1
9,13,676.00,482.00,48.00,107.00,0.484983,-1,-1,-1
9,14,735.00,479.00,44.00,114.00,0.643606,-1,-1,-1
9,15,1189.00,446.00,44.00,102.00,0.604112,-1,-1,-1
9,20,558.00,458.00,22.00,57.00,0.348842,-1,-1,-1
10,1,1295.00,429.00,99.00,270.00,0.886807,-1,-1,-1
10,3,1709.00,425.00,183.00,508.00,0.898822,-1,-1,-1
10,4,883.00,416.00,141.00,534.00,0.826967,-1,-1,-1
10,5,791.00,442.00,79.00,214.00,0.831253,-1,-1,-1
10,6,1045.00,397.00,183.00,617.00,0.877434,-1,-1,-1
10,7,0.00,372.00,181.00,486.00,0.871933,-1,-1,-1
10,8,380.00,462.00,43.00,111.00,0.616136,-1,-1,-1
10,9,500.00,455.00,37.00,106.00,0.656211,-1,-1,-1
10,10,1633.00,406.00,124.00,402.00,0.736152,-1,-1,-1
10,13,675.00,482.00,48.00,106.00,0.473818,-1,-1,-1
10,14,735.00,479.00,44.00,114.00,0.671959,-1,-1,-1
10,15,1190.00,445.00,44.00,103.00,0.583525,-1,-1,-1
10,20,556.00,458.00,23.00,57.00,0.392924,-1,-1,-1
11,1,1285.00,428.00,98.00,263.00,0.882297,-1,-1,-1
11,3,1707.00,425.00,189.00,511.00,0.863188,-1,-1,-1
11,4,887.00,417.00,141.00,532.00,0.840301,-1,-1,-1
11,5,794.00,442.00,78.00,214.00,0.802678,-1,-1,-1
11,6,1044.00,398.00,186.00,616.00,0.889142,-1,-1,-1
11,7,0.00,375.00,180.00,483.00,0.886312,-1,-1,-1
11,8,379.00,462.00,43.00,111.00,0.601327,-1,-1,-1
11,9,499.00,455.00,38.00,106.00,0.601835,-1,-1,-1
11,10,1659.00,408.00,132.00,415.00,0.438456,-1,-1,-1
11,13,674.00,482.00,48.00,107.00,0.511247,-1,-1,-1
11,14,734.00,479.00,44.00,114.00,0.670563,-1,-1,-1
11,15,1191.00,443.00,45.00,106.00,0.518360,-1,-1,-1
11,20,556.00,458.00,23.00,57.00,0.333013,-1,-1,-1
12,1,1276.00,426.00,100.00,262.00,0.874168,-1,-1,-1
12,3,1706.00,426.00,193.00,511.00,0.881318,-1,-1,-1
12,4,888.00,418.00,140.00,531.00,0.837153,-1,-1,-1
12,5,799.00,442.00,79.00,215.00,0.818271,-1,-1,-1
12,6,1043.00,397.00,189.00,617.00,0.889946,-1,-1,-1
12,7,0.00,377.00,183.00,482.00,0.896183,-1,-1,-1
12,8,379.00,462.00,43.00,111.00,0.629163,-1,-1,-1
12,9,499.00,456.00,38.00,105.00,0.624358,-1,-1,-1
12,10,1649.00,409.00,134.00,408.00,0.629143,-1,-1,-1
12,13,674.00,481.00,48.00,106.00,0.457552,-1,-1,-1
12,14,733.00,479.00,46.00,115.00,0.656513,-1,-1,-1
12,15,1194.00,444.00,44.00,104.00,0.635566,-1,-1,-1
12,20,556.00,458.00,23.00,57.00,0.356157,-1,-1,-1
13,1,1269.00,424.00,100.00,263.00,0.861476,-1,-1,-1
13,3,1706.00,424.00,198.00,515.00,0.872667,-1,-1,-1
13,4,888.00,418.00,141.00,531.00,0.838365,-1,-1,-1
13,5,801.00,441.00,81.00,216.00,0.828369,-1,-1,-1
13,6,1042.00,396.00,193.00,618.00,0.897348,-1,-1,-1
13,7,0.00,379.00,192.00,480.00,0.883827,-1,-1,-1
13,8,379.00,463.00,43.00,110.00,0.609477,-1,-1,-1
13,9,497.00,456.00,39.00,105.00,0.637708,-1,-1,-1
13,10,1652.00,410.00,137.00,404.00,0.568158,-1,-1,-1
13,13,674.00,481.00,49.00,106.00,0.442641,-1,-1,-1
13,14,733.00,479.00,46.00,116.00,0.711621,-1,-1,-1
13,15,1194.00,444.00,44.00,105.00,0.618828,-1,-1,-1
13,20,556.00,458.00,23.00,57.00,0.331609,-1,-1,-1
13,24,417.00,469.00,41.00,99.00,0.419213,-1,-1,-1
14,1,1262.00,424.00,98.00,262.00,0.859582,-1,-1,-1
14,3,1740.00,421.00,180.00,519.00,0.796307,-1,-1,-1
14,4,889.00,418.00,141.00,531.00,0.843317,-1,-1,-1
14,5,805.00,441.00,80.00,216.00,0.832284,-1,-1,-1
14,6,1042.00,396.00,195.00,617.00,0.905936,-1,-1,-1
14,7,0.00,382.00,210.00,477.00,0.904683,-1,-1,-1
14,8,379.00,463.00,43.00,111.00,0.634984,-1,-1,-1
14,9,497.00,456.00,39.00,105.00,0.619687,-1,-1,-1
14,10,1681.00,410.00,152.00,447.00,0.511261,-1,-1,-1
14,13,673.00,481.00,50.00,107.00,0.483501,-1,-1,-1
14,14,733.00,479.00,45.00,116.00,0.660570,-1,-1,-1
14,15,1195.00,445.00,44.00,106.00,0.651838,-1,-1,-1
14,20,556.00,459.00,23.00,56.00,0.405399,-1,-1,-1
14,24,416.00,468.00,41.00,99.00,0.354682,-1,-1,-1
15,1,1258.00,426.00,96.00,261.00,0.809075,-1,-1,-1
15,3,1757.00,419.00,163.00,521.00,0.838543,-1,-1,-1
15,4,888.00,418.00,142.00,531.00,0.830089,-1,-1,-1
15,5,808.00,440.00,80.00,217.00,0.808368,-1,-1,-1
15,6,1045.00,397.00,196.00,618.00,0.899460,-1,-1,-1
15,7,11.00,386.00,218.00,473.00,0.912796,-1,-1,-1
15,8,379.00,463.00,44.00,111.00,0.611638,-1,-1,-1
15,9,496.00,455.00,40.00,106.00,0.629948,-1,-1,-1
15,10,1693.00,408.00,159.00,470.00,0.292749,-1,-1,-1
15,13,673.00,481.00,50.00,107.00,0.493112,-1,-1,-1
15,14,732.00,479.00,46.00,116.00,0.642187,-1,-1,-1
15,15,1196.00,446.00,44.00,105.00,0.680764,-1,-1,-1
15,20,556.00,459.00,23.00,56.00,0.378549,-1,-1,-1
15,24,415.00,467.00,42.00,100.00,0.343736,-1,-1,-1
15,28,1420.00,436.00,41.00,110.00,0.518287,-1,-1,-1
16,1,1254.00,425.00,94.00,261.00,0.812867,-1,-1,-1
16,3,1763.00,418.00,157.00,522.00,0.584198,-1,-1,-1
16,4,887.00,418.00,143.00,531.00,0.829234,-1,-1,-1
16,5,808.00,441.00,78.00,216.00,0.738769,-1,-1,-1
16,6,1045.00,397.00,198.00,618.00,0.895230,-1,-1,-1
16,7,28.00,389.00,220.00,470.00,0.905269,-1,-1,-1
16,8,379.00,463.00,44.00,112.00,0.591903,-1,-1,-1
16,9,496.00,455.00,40.00,106.00,0.587093,-1,-1,-1
16,10,1681.00,405.00,151.00,435.00,0.463500,-1,-1,-1
16,13,672.00,482.00,51.00,106.00,0.476898,-1,-1,-1
16,14,732.00,478.00,48.00,119.00,0.666647,-1,-1,-1
16,15,1197.00,446.00,44.00,105.00,0.627843,-1,-1,-1
16,20,557.00,459.00,22.00,55.00,0.356514,-1,-1,-1
16,24,415.00,466.00,42.00,102.00,0.378502,-1,-1,-1
16,28,1424.00,438.00,41.00,109.00,0.528174,-1,-1,-1
17,1,1249.00,426.00,92.00,260.00,0.795765,-1,-1,-1
17,3,1777.00,417.00,143.00,521.00,0.826667,-1,-1,-1
17,4,884.00,418.00,144.00,531.00,0.833562,-1,-1,-1
17,5,808.00,442.00,77.00,215.00,0.725572,-1,-1,-1
17,6,1047.00,398.00,198.00,617.00,0.900089,-1,-1,-1
17,7,39.00,393.00,223.00,466.00,0.914969,-1,-1,-1
17,8,379.00,463.00,44.00,111.00,0.560543,-1,-1,-1
17,9,496.00,456.00,40.00,105.00,0.589874,-1,-1,-1
17,10,1695.00,401.00,160.00,461.00,0.433446,-1,-1,-1
17,13,673.00,481.00,52.00,108.00,0.454796,-1,-1,-1
17,14,732.00,478.00,48.00,120.00,0.622790,-1,-1,-1
17,15,1199.00,447.00,42.00,103.00,0.617822,-1,-1,-1
17,20,557.00,460.00,22.00,54.00,0.350322,-1,-1,-1
17,24,415.00,468.00,42.00,100.00,0.350958,-1,-1,-1
17,28,1430.00,436.00,42.00,112.00,0.526461,-1,-1,-1
18,1,1242.00,427.00,92.00,258.00,0.809560,-1,-1,-1
18,3,1788.00,415.00,132.00,524.00,0.797448,-1,-1,-1
18,4,883.00,418.00,144.00,531.00,0.847154,-1,-1,-1
18,5,814.00,443.00,76.00,214.00,0.782165,-1,-1,-1
18,6,1049.00,400.00,197.00,615.00,0.903115,-1,-1,-1
18,7,47.00,395.00,227.00,463.00,0.930803,-1,-1,-1
18,8,380.00,462.00,44.00,112.00,0.574676,-1,-1,-1
18,9,496.00,455.00,39.00,106.00,0.610761,-1,-1,-1
18,10,1704.00,398.00,154.00,445.00,0.637769,-1,-1,-1
18,13,674.00,482.00,51.00,107.00,0.443701,-1,-1,-1
18,14,731.00,477.00,49.00,120.00,0.591468,-1,-1,-1
18,15,1201.00,446.00,43.00,104.00,0.571576,-1,-1,-1
18,20,557.00,460.00,22.00,54.00,0.345398,-1,-1,-1
18,24,416.00,469.00,41.00,99.00,0.317374,-1,-1,-1
18,28,1434.00,435.00,41.00,112.00,0.666357,-1,-1,-1
19,1,1238.00,429.00,92.00,255.00,0.786623,-1,-1,-1
19,3,1798.00,416.00,122.00,522.00,0.842139,-1,-1,-1
19,4,884.00,419.00,145.00,530.00,0.845421,-1,-1,-1
19,5,816.00,444.00,75.00,213.00,0.756805,-1,-1,-1
19,6,1051.00,402.00,197.00,613.00,0.897138,-1,-1,-1
19,7,49.00,396.00,233.00,462.00,0.934519,-1,-1,-1
19,8,380.00,462.00,44.00,112.00,0.562992,-1,-1,-1
19,9,495.00,454.00,40.00,107.00,0.575973,-1,-1,-1
19,10,1707.00,394.00,155.00,447.00,0.796827,-1,-1,-1
19,13,675.00,481.00,50.00,107.00,0.429105,-1,-1,-1
19,14,732.00,478.00,47.00,118.00,0.599585,-1,-1,-1
19,15,1203.00,447.00,43.00,103.00,0.518241,-1,-1,-1
19,20,557.00,461.00,22.00,53.00,0.309625,-1,-1,-1
19,28,1437.00,435.00,42.00,113.00,0.588144,-1,-1,-1
20,1,1234.00,430.00,93.00,254.00,0.816419,-1,-1,-1
20,3,1807.00,416.00,113.00,522.00,0.859891,-1,-1,-1
20,4,884.00,419.00,146.00,529.00,0.866620,-1,-1,-1
20,5,821.00,443.00,75.00,213.00,0.729906,-1,-1,-1
20,6,1052.00,403.00,197.00,612.00,0.892324,-1,-1,-1
20,7,51.00,400.00,236.00,457.00,0.934591,-1,-1,-1
20,8,380.00,462.00,44.00,112.00,0.547851,-1,-1,-1
20,9,494.00,454.00,40.00,107.00,0.611918,-1,-1,-1
20,10,1715.00,393.00,155.00,452.00,0.825113,-1,-1,-1
20,13,674.00,481.00,51.00,107.00,0.443911,-1,-1,-1
20,14,732.00,478.00,47.00,116.00,0.577479,-1,-1,-1
20,15,1204.00,448.00,42.00,103.00,0.485748,-1,-1,-1
20,20,557.00,461.00,21.00,53.00,0.255427,-1,-1,-1
20,24,416.00,470.00,41.00,99.00,0.280380,-1,-1,-1
20,28,1440.00,436.00,41.00,112.00,0.612120,-1,-1,-1
21,1,1232.00,431.00,94.00,253.00,0.818241,-1,-1,-1
21,3,1817.00,419.00,103.00,519.00,0.837044,-1,-1,-1
21,4,883.00,420.00,148.00,528.00,0.881357,-1,-1,-1
21,5,823.00,443.00,74.00,213.00,0.756989,-1,-1,-1
21,6,1052.00,403.00,197.00,613.00,0.886115,-1,-1,-1
21,7,53.00,402.00,239.00,450.00,0.927963,-1,-1,-1
21,8,380.00,463.00,43.00,111.00,0.573311,-1,-1,-1
21,9,494.00,454.00,40.00,107.00,0.581032,-1,-1,-1
21,10,1725.00,393.00,155.00,454.00,0.851896,-1,-1,-1
21,13,674.00,482.00,51.00,107.00,0.435162,-1,-1,-1
21,14,733.00,478.00,46.00,114.00,0.578801,-1,-1,-1
21,15,1206.00,447.00,41.00,103.00,0.444640,-1,-1,-1
21,24,417.00,476.00,39.00,92.00,0.291587,-1,-1,-1
21,28,1441.00,437.00,41.00,111.00,0.671686,-1,-1,-1
22,1,1231.00,436.00,94.00,249.00,0.796626,-1,-1,-1
22,3,1826.00,437.00,94.00,502.00,0.733647,-1,-1,-1
22,4,881.00,420.00,150.00,528.00,0.882895,-1,-1,-1
22,5,823.00,443.00,74.00,213.00,0.726194,-1,-1,-1
22,6,1054.00,404.00,197.00,611.00,0.872303,-1,-1,-1
22,7,54.00,403.00,242.00,446.00,0.924285,-1,-1,-1
22,8,379.00,463.00,44.00,111.00,0.543489,-1,-1,-1
22,9,493.00,454.00,41.00,107.00,0.612043,-1,-1,-1
22,10,1733.00,393.00,155.00,457.00,0.831149,-1,-1,-1
22,13,674.00,482.00,52.00,109.00,0.449141,-1,-1,-1
22,14,733.00,478.00,46.00,114.00,0.526436,-1,-1,-1
22,15,1208.00,445.00,40.00,103.00,0.424561,-1,-1,-1
22,20,556.00,462.00,22.00,53.00,0.260458,-1,-1,-1
22,24,417.00,478.00,39.00,90.00,0.254037,-1,-1,-1
22,28,1444.00,438.00,42.00,110.00,0.713084,-1,-1,-1
23,1,1228.00,434.00,95.00,251.00,0.759911,-1,-1,-1
23,3,1834.00,457.00,86.00,482.00,0.715913,-1,-1,-1
23,4,881.00,420.00,151.00,528.00,0.879504,-1,-1,-1
23,5,824.00,444.00,73.00,212.00,0.709434,-1,-1,-1
23,6,1055.00,402.00,197.00,613.00,0.883420,-1,-1,-1
23,7,56.00,404.00,244.00,440.00,0.925140,-1,-1,-1
23,8,379.00,463.00,44.00,111.00,0.528941,-1,-1,-1
23,9,492.00,454.00,41.00,107.00,0.584657,-1,-1,-1
23,10,1744.00,394.00,154.00,458.00,0.817247,-1,-1,-1
23,13,675.00,482.00,51.00,108.00,0.464814,-1,-1,-1
23,14,732.00,477.00,47.00,117.00,0.624796,-1,-1,-1
23,20,556.00,462.00,22.00,53.00,0.259952,-1,-1,-1
23,24,415.00,473.00,42.00,95.00,0.287065,-1,-1,-1
23,28,1447.00,439.00,42.00,109.00,0.744010,-1,-1,-1
24,1,1224.00,436.00,96.00,249.00,0.736813,-1,-1,-1
24,3,1836.00,433.00,84.00,505.00,0.620577,-1,-1,-1
24,4,882.00,420.00,152.00,528.00,0.873496,-1,-1,-1
24,5,826.00,445.00,73.00,212.00,0.700421,-1,-1,-1
24,6,1055.00,401.00,196.00,614.00,0.874678,-1,-1,-1
24,7,60.00,405.00,246.00,435.00,0.930039,-1,-1,-1
24,8,379.00,463.00,44.00,111.00,0.570295,-1,-1,-1
24,9,492.00,455.00,40.00,105.00,0.582681,-1,-1,-1
24,10,1755.00,394.00,153.00,459.00,0.816964,-1,-1,-1
24,13,675.00,483.00,51.00,106.00,0.472319,-1,-1,-1
24,14,732.00,478.00,46.00,115.00,0.616240,-1,-1,-1
24,24,415.00,471.00,42.00,97.00,0.319048,-1,-1,-1
24,28,1448.00,439.00,44.00,108.00,0.798069,-1,-1,-1
25,1,1216.00,437.00,94.00,245.00,0.402862,-1,-1,-1
25,4,882.00,420.00,153.00,528.00,0.868603,-1,-1,-1
25,5,828.00,443.00,74.00,214.00,0.676258,-1,-1,-1
25,6,1055.00,400.00,196.00,614.00,0.876326,-1,-1,-1
25,7,69.00,406.00,244.00,430.00,0.924862,-1,-1,-1
25,8,379.00,463.00,45.00,111.00,0.555518,-1,-1,-1
25,9,491.00,455.00,40.00,105.00,0.550070,-1,-1,-1
25,10,1765.00,394.00,153.00,462.00,0.840802,-1,-1,-1
25,13,674.00,484.00,51.00,105.00,0.495240,-1,-1,-1
25,14,732.00,479.00,46.00,113.00,0.598597,-1,-1,-1
25,28,1449.00,439.00,44.00,108.00,0.786722,-1,-1,-1
26,1,1207.00,435.00,77.00,206.00,0.492357,-1,-1,-1
26,4,885.00,421.00,153.00,528.00,0.867340,-1,-1,-1
26,5,838.00,443.00,70.00,206.00,0.372910,-1,-1,-1
26,6,1056.00,398.00,197.00,617.00,0.867850,-1,-1,-1
26,7,78.00,404.00,245.00,432.00,0.925391,-1,-1,-1
26,8,380.00,463.00,44.00,111.00,0.538130,-1,-1,-1
26,9,491.00,455.00,40.00,104.00,0.576834,-1,-1,-1
26,10,1765.00,394.00,155.00,495.00,0.850480,-1,-1,-1
26,13,674.00,484.00,50.00,106.00,0.487891,-1,-1,-1
26,14,732.00,478.00,47.00,115.00,0.633123,-1,-1,-1
26,20,556.00,460.00,23.00,55.00,0.287569,-1,-1,-1
26,24,415.00,472.00,42.00,96.00,0.277962,-1,-1,-1
26,28,1450.00,440.00,45.00,108.00,0.811498,-1,-1,-1
26,39,1863.00,407.00,56.00,530.00,0.333756,-1,-1,-1
27,1,1202.00,433.00,67.00,181.00,0.490336,-1,-1,-1
27,4,887.00,421.00,153.00,528.00,0.842234,-1,-1,-1
27,5,849.00,444.00,60.00,174.00,0.419972,-1,-1,-1
27,6,1058.00,399.00,195.00,615.00,0.868004,-1,-1,-1
27,7,91.00,400.00,242.00,430.00,0.913436,-1,-1,-1
27,8,379.00,464.00,45.00,111.00,0.635411,-1,-1,-1
27,9,490.00,456.00,40.00,102.00,0.529731,-1,-1,-1
27,10,1763.00,393.00,157.00,530.00,0.837848,-1,-1,-1
27,13,674.00,484.00,51.00,106.00,0.491673,-1,-1,-1
27,14,733.00,479.00,45.00,112.00,0.652460,-1,-1,-1
27,20,556.00,459.00,23.00,56.00,0.280430,-1,-1,-1
27,24,417.00,473.00,41.00,95.00,0.357624,-1,-1,-1
27,28,1452.00,440.00,45.00,108.00,0.771855,-1,-1,-1
28,1,1196.00,428.00,64.00,173.00,0.334911,-1,-1,-1
28,4,888.00,420.00,154.00,530.00,0.852774,-1,-1,-1
28,5,858.00,445.00,53.00,156.00,0.383899,-1,-1,-1
28,6,1058.00,398.00,195.00,615.00,0.881584,-1,-1,-1
28,7,106.00,398.00,236.00,428.00,0.904912,-1,-1,-1
28,8,379.00,463.00,45.00,111.00,0.538807,-1,-1,-1
28,9,490.00,456.00,40.00,102.00,0.529541,-1,-1,-1
28,10,1766.00,393.00,154.00,533.00,0.729602,-1,-1,-1
28,13,674.00,483.00,51.00,107.00,0.461104,-1,-1,-1
28,14,733.00,479.00,46.00,113.00,0.636808,-1,-1,-1
28,20,556.00,458.00,23.00,57.00,0.307626,-1,-1,-1
28,24,417.00,471.00,42.00,97.00,0.346964,-1,-1,-1
28,28,1452.00,440.00,46.00,108.00,0.759548,-1,-1,-1
29,1,1198.00,426.00,52.00,138.00,0.465284,-1,-1,-1
29,4,892.00,420.00,153.00,530.00,0.861311,-1,-1,-1
29,6,1058.00,398.00,194.00,615.00,0.883528,-1,-1,-1
29,7,121.00,399.00,228.00,425.00,0.903096,-1,-1,-1
29,8,380.00,462.00,44.00,111.00,0.524905,-1,-1,-1
29,9,490.00,456.00,39.00,101.00,0.515977,-1,-1,-1
29,10,1767.00,392.00,153.00,521.00,0.663205,-1,-1,-1
29,13,673.00,482.00,52.00,108.00,0.461490,-1,-1,-1
29,14,734.00,480.00,44.00,108.00,0.574952,-1,-1,-1
29,20,556.00,458.00,23.00,57.00,0.290499,-1,-1,-1
29,24,418.00,468.00,42.00,98.00,0.336474,-1,-1,-1
29,28,1454.00,439.00,46.00,108.00,0.739241,-1,-1,-1
30,4,895.00,420.00,153.00,530.00,0.861484,-1,-1,-1
30,5,869.00,446.00,46.00,131.00,0.358231,-1,-1,-1
30,6,1057.00,397.00,195.00,617.00,0.895694,-1,-1,-1
30,7,139.00,400.00,219.00,423.00,0.898428,-1,-1,-1
30,8,380.00,461.00,44.00,112.00,0.562394,-1,-1,-1
30,9,489.00,456.00,39.00,101.00,0.484087,-1,-1,-1
30,10,1771.00,392.00,149.00,485.00,0.826688,-1,-1,-1
30,13,672.00,483.00,52.00,107.00,0.453356,-1,-1,-1
30,14,734.00,481.00,43.00,106.00,0.557204,-1,-1,-1
30,20,556.00,458.00,23.00,57.00,0.314536,-1,-1,-1
30,24,418.00,465.00,42.00,101.00,0.403406,-1,-1,-1
30,28,1458.00,438.00,45.00,109.00,0.723537,-1,-1,-1
30,42,1172.00,426.00,85.00,176.00,0.395770,-1,-1,-1
31,4,897.00,420.00,152.00,529.00,0.861250,-1,-1,-1
31,5,873.00,444.00,46.00,128.00,0.402003,-1,-1,-1
31,6,1060.00,397.00,195.00,617.00,0.885067,-1,-1,-1
31,7,160.00,398.00,212.00,425.00,0.861509,-1,-1,-1
31,8,379.00,461.00,46.00,113.00,0.600036,-1,-1,-1
31,9,489.00,456.00,39.00,102.00,0.470632,-1,-1,-1
31,10,1773.00,396.00,147.00,466.00,0.856654,-1,-1,-1
31,13,671.00,483.00,52.00,107.00,0.399440,-1,-1,-1
31,14,734.00,481.00,44.00,106.00,0.507573,-1,-1,-1
31,20,556.00,458.00,24.00,57.00,0.311731,-1,-1,-1
31,24,418.00,463.00,43.00,104.00,0.378811,-1,-1,-1
31,28,1461.00,437.00,45.00,109.00,0.741327,-1,-1,-1
31,42,1172.00,424.00,85.00,174.00,0.436295,-1,-1,-1
32,4,897.00,420.00,152.00,529.00,0.830237,-1,-1,-1
32,5,875.00,442.00,48.00,131.00,0.443670,-1,-1,-1
32,6,1062.00,398.00,195.00,616.00,0.886166,-1,-1,-1
32,7,182.00,398.00,204.00,424.00,0.823631,-1,-1,-1
32,8,380.00,462.00,45.00,112.00,0.528818,-1,-1,-1
32,9,489.00,456.00,40.00,102.00,0.395687,-1,-1,-1
32,10,1774.00,399.00,145.00,454.00,0.825477,-1,-1,-1
32,13,673.00,483.00,52.00,109.00,0.383038,-1,-1,-1
32,14,734.00,481.00,45.00,108.00,0.477932,-1,-1,-1
32,24,420.00,464.00,42.00,100.00,0.315375,-1,-1,-1
32,28,1465.00,437.00,45.00,109.00,0.690678,-1,-1,-1
32,43,9.00,611.00,88.00,175.00,0.572367,-1,-1,-1
33,4,894.00,419.00,152.00,530.00,0.817440,-1,-1,-1
33,5,877.00,441.00,49.00,133.00,0.419357,-1,-1,-1
33,6,1062.00,398.00,194.00,616.00,0.885313,-1,-1,-1
33,7,197.00,398.00,199.00,424.00,0.833408,-1,-1,-1
33,8,380.00,462.00,45.00,113.00,0.576695,-1,-1,-1
33,9,491.00,455.00,39.00,101.00,0.389184,-1,-1,-1
33,10,1774.00,391.00,146.00,458.00,0.658411,-1,-1,-1
33,13,674.00,483.00,53.00,112.00,0.342476,-1,-1,-1
33,14,733.00,480.00,47.00,114.00,0.547729,-1,-1,-1
33,24,422.00,465.00,40.00,98.00,0.306295,-1,-1,-1
33,28,1468.00,435.00,45.00,112.00,0.697703,-1,-1,-1
33,42,1180.00,424.00,86.00,178.00,0.265385,-1,-1,-1
33,43,0.00,488.00,136.00,295.00,0.831233,-1,-1,-1
34,4,893.00,419.00,152.00,530.00,0.828830,-1,-1,-1
34,5,877.00,439.00,50.00,133.00,0.363721,-1,-1,-1
34,6,1063.00,398.00,194.00,616.00,0.880501,-1,-1,-1
34,7,210.00,399.00,195.00,424.00,0.849145,-1,-1,-1
34,8,381.00,463.00,45.00,112.00,0.625544,-1,-1,-1
34,9,491.00,455.00,40.00,102.00,0.496174,-1,-1,-1
34,10,1779.00,401.00,141.00,449.00,0.656892,-1,-1,-1
34,13,676.00,483.00,51.00,108.00,0.405515,-1,-1,-1
34,14,733.00,480.00,48.00,116.00,0.592368,-1,-1,-1
34,20,557.00,458.00,23.00,56.00,0.276667,-1,-1,-1
34,24,422.00,465.00,40.00,100.00,0.345275,-1,-1,-1
34,28,1471.00,436.00,43.00,110.00,0.608466,-1,-1,-1
34,42,1181.00,423.00,87.00,179.00,0.299802,-1,-1,-1
34,43,0.00,440.00,153.00,341.00,0.881091,-1,-1,-1
35,4,890.00,420.00,154.00,529.00,0.850975,-1,-1,-1
35,6,1061.00,398.00,194.00,616.00,0.881346,-1,-1,-1
35,7,222.00,399.00,192.00,424.00,0.860970,-1,-1,-1
35,8,380.00,463.00,45.00,112.00,0.635311,-1,-1,-1
35,9,489.00,455.00,40.00,101.00,0.349421,-1,-1,-1
35,10,1785.00,412.00,135.00,440.00,0.619918,-1,-1,-1
35,13,674.00,483.00,52.00,108.00,0.517806,-1,-1,-1
35,14,733.00,480.00,47.00,115.00,0.536565,-1,-1,-1
35,15,1229.00,445.00,34.00,82.00,0.306559,-1,-1,-1
35,20,557.00,458.00,22.00,56.00,0.332359,-1,-1,-1
35,24,421.00,466.00,40.00,100.00,0.364123,-1,-1,-1
35,28,1473.00,435.00,43.00,111.00,0.638502,-1,-1,-1
35,42,1182.00,422.00,89.00,182.00,0.495987,-1,-1,-1
35,43,0.00,423.00,160.00,358.00,0.900575,-1,-1,-1
36,4,893.00,420.00,153.00,529.00,0.846371,-1,-1,-1
36,6,1061.00,397.00,195.00,617.00,0.881469,-1,-1,-1
36,7,235.00,400.00,191.00,423.00,0.896174,-1,-1,-1
36,8,379.00,463.00,45.00,112.00,0.660980,-1,-1,-1
36,9,492.00,453.00,35.00,88.00,0.342816,-1,-1,-1
36,10,1792.00,412.00,128.00,440.00,0.517062,-1,-1,-1
36,13,673.00,482.00,52.00,109.00,0.572928,-1,-1,-1
36,14,733.00,480.00,46.00,111.00,0.589883,-1,-1,-1
36,15,1230.00,445.00,35.00,82.00,0.420713,-1,-1,-1
36,20,556.00,457.00,23.00,57.00,0.322933,-1,-1,-1
36,24,420.00,467.00,40.00,99.00,0.336457,-1,-1,-1
36,28,1477.00,435.00,44.00,111.00,0.634102,-1,-1,-1
36,42,1183.00,420.00,91.00,187.00,0.467131,-1,-1,-1
36,43,0.00,420.00,163.00,361.00,0.888465,-1,-1,-1
36,47,1695.00,431.00,87.00,160.00,0.357036,-1,-1,-1
37,4,893.00,420.00,154.00,528.00,0.843631,-1,-1,-1
37,6,1061.00,398.00,195.00,616.00,0.878937,-1,-1,-1
37,7,246.00,402.00,191.00,421.00,0.909137,-1,-1,-1
37,8,378.00,463.00,46.00,112.00,0.660766,-1,-1,-1
37,9,492.00,452.00,36.00,90.00,0.404263,-1,-1,-1
37,10,1800.00,396.00,120.00,455.00,0.320974,-1,-1,-1
37,13,673.00,482.00,52.00,110.00,0.584943,-1,-1,-1
37,14,733.00,480.00,46.00,111.00,0.596172,-1,-1,-1
37,15,1232.00,445.00,36.00,82.00,0.381073,-1,-1,-1
37,20,555.00,456.00,24.00,58.00,0.340946,-1,-1,-1
37,24,420.00,466.00,40.00,100.00,0.367724,-1,-1,-1
37,28,1480.00,435.00,44.00,112.00,0.651512,-1,-1,-1
37,42,1182.00,416.00,94.00,194.00,0.328891,-1,-1,-1
37,43,0.00,421.00,163.00,360.00,0.910342,-1,-1,-1
37,47,1692.00,431.00,95.00,174.00,0.317035,-1,-1,-1
38,4,890.00,420.00,155.00,529.00,0.840604,-1,-1,-1
38,6,1062.00,397.00,196.00,617.00,0.875204,-1,-1,-1
38,7,251.00,405.00,192.00,418.00,0.901712,-1,-1,-1
38,8,378.00,463.00,46.00,113.00,0.632774,-1,-1,-1
38,9,494.00,453.00,32.00,77.00,0.418829,-1,-1,-1
38,13,674.00,483.00,53.00,109.00,0.573953,-1,-1,-1
38,14,733.00,481.00,46.00,110.00,0.591437,-1,-1,-1
38,15,1234.00,445.00,37.00,82.00,0.366997,-1,-1,-1
38,20,555.00,456.00,23.00,58.00,0.350345,-1,-1,-1
38,24,421.00,468.00,38.00,98.00,0.361804,-1,-1,-1
38,28,1484.00,438.00,44.00,109.00,0.706046,-1,-1,-1
38,42,1176.00,411.00,110.00,228.00,0.327241,-1,-1,-1
38,43,0.00,424.00,163.00,357.00,0.925622,-1,-1,-1
38,47,1688.00,430.00,99.00,183.00,0.317892,-1,-1,-1
39,4,894.00,421.00,154.00,527.00,0.852021,-1,-1,-1
39,6,1063.00,397.00,196.00,618.00,0.888041,-1,-1,-1
39,7,254.00,404.00,195.00,420.00,0.890863,-1,-1,-1
39,8,378.00,463.00,47.00,113.00,0.589341,-1,-1,-1
39,9,496.00,454.00,27.00,64.00,0.313424,-1,-1,-1
39,13,675.00,484.00,52.00,108.00,0.599162,-1,-1,-1
39,14,733.00,481.00,46.00,111.00,0.615471,-1,-1,-1
39,15,1236.00,445.00,37.00,82.00,0.330026,-1,-1,-1
39,20,556.00,457.00,23.00,57.00,0.336749,-1,-1,-1
39,24,421.00,468.00,38.00,98.00,0.340065,-1,-1,-1
39,28,1487.00,438.00,45.00,108.00,0.677025,-1,-1,-1
39,42,1178.00,408.00,111.00,234.00,0.421923,-1,-1,-1
39,43,0.00,426.00,163.00,355.00,0.920418,-1,-1,-1
39,47,1686.00,430.00,101.00,186.00,0.311941,-1,-1,-1
40,4,895.00,420.00,154.00,528.00,0.849750,-1,-1,-1
40,6,1063.00,397.00,197.00,618.00,0.890732,-1,-1,-1
40,7,257.00,408.00,195.00,416.00,0.904224,-1,-1,-1
40,8,379.00,464.00,46.00,112.00,0.606648,-1,-1,-1
40,9,497.00,454.00,27.00,62.00,0.286791,-1,-1,-1
40,13,674.00,484.00,53.00,109.00,0.585817,-1,-1,-1
40,14,733.00,480.00,47.00,113.00,0.605380,-1,-1,-1
40,15,1236.00,445.00,37.00,80.00,0.280160,-1,-1,-1
40,20,557.00,458.00,21.00,56.00,0.319667,-1,-1,-1
40,24,422.00,473.00,36.00,92.00,0.335712,-1,-1,-1
40,28,1488.00,437.00,47.00,110.00,0.683180,-1,-1,-1
40,42,1179.00,408.00,115.00,240.00,0.399459,-1,-1,-1
40,43,0.00,426.00,162.00,356.00,0.853981,-1,-1,-1
41,4,896.00,420.00,155.00,528.00,0.857719,-1,-1,-1
41,6,1065.00,397.00,197.00,618.00,0.881417,-1,-1,-1
41,7,258.00,414.00,196.00,410.00,0.910511,-1,-1,-1
41,8,378.00,463.00,47.00,113.00,0.481557,-1,-1,-1
41,9,497.00,454.00,29.00,64.00,0.365371,-1,-1,-1
41,13,673.00,484.00,53.00,108.00,0.567320,-1,-1,-1
41,14,733.00,481.00,47.00,111.00,0.555903,-1,-1,-1
41,15,1237.00,444.00,36.00,79.00,0.252680,-1,-1,-1
41,24,422.00,476.00,36.00,91.00,0.339525,-1,-1,-1
41,28,1488.00,436.00,49.00,111.00,0.622088,-1,-1,-1
41,42,1183.00,408.00,112.00,235.00,0.347149,-1,-1,-1
41,43,0.00,427.00,162.00,355.00,0.857170,-1,-1,-1
42,4,898.00,420.00,155.00,528.00,0.856147,-1,-1,-1
42,6,1066.00,398.00,197.00,617.00,0.886643,-1,-1,-1
42,7,258.00,412.00,199.00,411.00,0.921164,-1,-1,-1
42,8,379.00,465.00,46.00,111.00,0.313214,-1,-1,-1
42,9,497.00,454.00,29.00,64.00,0.362046,-1,-1,-1
42,13,674.00,484.00,52.00,106.00,0.546608,-1,-1,-1
42,14,733.00,481.00,47.00,111.00,0.519454,-1,-1,-1
42,15,1239.00,444.00,35.00,75.00,0.272366,-1,-1,-1
42,24,423.00,477.00,35.00,90.00,0.267950,-1,-1,-1
42,28,1489.00,436.00,49.00,111.00,0.394335,-1,-1,-1
42,42,1184.00,412.00,118.00,248.00,0.268027,-1,-1,-1
42,43,0.00,428.00,162.00,361.00,0.870552,-1,-1,-1
43,4,899.00,420.00,155.00,528.00,0.857396,-1,-1,-1
43,6,1067.00,396.00,197.00,618.00,0.885077,-1,-1,-1
43,7,259.00,410.00,201.00,412.00,0.918180,-1,-1,-1
43,8,380.00,464.00,46.00,111.00,0.312738,-1,-1,-1
43,9,496.00,454.00,31.00,66.00,0.404160,-1,-1,-1
43,13,674.00,484.00,52.00,106.00,0.571240,-1,-1,-1
43,14,733.00,481.00,47.00,113.00,0.599512,-1,-1,-1
43,15,1241.00,444.00,32.00,71.00,0.272176,-1,-1,-1
43,24,423.00,478.00,35.00,90.00,0.290402,-1,-1,-1
43,28,1490.00,435.00,50.00,112.00,0.411415,-1,-1,-1
43,42,1188.00,410.00,107.00,224.00,0.490516,-1,-1,-1
43,43,0.00,428.00,161.00,361.00,0.889255,-1,-1,-1
44,4,899.00,421.00,155.00,527.00,0.858257,-1,-1,-1
44,6,1067.00,396.00,197.00,618.00,0.879598,-1,-1,-1
44,7,261.00,410.00,202.00,410.00,0.907041,-1,-1,-1
44,9,498.00,455.00,30.00,63.00,0.274768,-1,-1,-1
44,13,675.00,483.00,53.00,106.00,0.538965,-1,-1,-1
44,14,734.00,480.00,47.00,112.00,0.619790,-1,-1,-1
44,15,1242.00,445.00,32.00,68.00,0.273019,-1,-1,-1
44,24,419.00,467.00,40.00,102.00,0.317344,-1,-1,-1
44,28,1497.00,435.00,49.00,110.00,0.330131,-1,-1,-1
44,42,1191.00,411.00,98.00,204.00,0.389971,-1,-1,-1
44,43,0.00,429.00,163.00,358.00,0.872973,-1,-1,-1
45,4,901.00,420.00,156.00,528.00,0.846150,-1,-1,-1
45,6,1068.00,395.00,198.00,619.00,0.885709,-1,-1,-1
45,7,265.00,410.00,202.00,409.00,0.900836,-1,-1,-1
45,9,497.00,455.00,30.00,62.00,0.322612,-1,-1,-1
45,13,674.00,483.00,53.00,106.00,0.555171,-1,-1,-1
45,14,733.00,479.00,48.00,115.00,0.644882,-1,-1,-1
45,15,1244.00,446.00,30.00,66.00,0.252740,-1,-1,-1
45,24,418.00,461.00,42.00,108.00,0.367948,-1,-1,-1
45,42,1194.00,412.00,94.00,197.00,0.443160,-1,-1,-1
45,43,14.00,430.00,160.00,354.00,0.834684,-1,-1,-1
45,53,1844.00,464.00,70.00,190.00,0.437447,-1,-1,-1
46,4,903.00,420.00,156.00,528.00,0.864176,-1,-1,-1
46,6,1070.00,394.00,198.00,620.00,0.888000,-1,-1,-1
46,7,271.00,406.00,202.00,411.00,0.903140,-1,-1,-1
46,9,498.00,455.00,30.00,62.00,0.281036,-1,-1,-1
46,13,674.00,483.00,53.00,105.00,0.576030,-1,-1,-1
46,14,734.00,479.00,47.00,113.00,0.628848,-1,-1,-1
46,15,1244.00,446.00,31.00,65.00,0.286144,-1,-1,-1
46,24,419.00,460.00,42.00,109.00,0.358280,-1,-1,-1
46,28,1498.00,434.00,48.00,110.00,0.367698,-1,-1,-1
46,42,1194.00,411.00,96.00,200.00,0.420729,-1,-1,-1
46,43,31.00,430.00,156.00,352.00,0.817765,-1,-1,-1
46,53,1842.00,459.00,73.00,194.00,0.393303,-1,-1,-1
47,4,904.00,420.00,156.00,529.00,0.855794,-1,-1,-1
47,6,1070.00,395.00,199.00,620.00,0.890462,-1,-1,-1
47,7,281.00,404.00,196.00,404.00,0.895569,-1,-1,-1
47,9,493.00,454.00,37.00,74.00,0.391050,-1,-1,-1
47,13,673.00,484.00,51.00,102.00,0.573076,-1,-1,-1
47,14,734.00,478.00,48.00,114.00,0.664488,-1,-1,-1
47,15,1244.00,446.00,33.00,70.00,0.328719,-1,-1,-1
47,24,421.00,471.00,38.00,98.00,0.363950,-1,-1,-1
47,28,1500.00,434.00,49.00,110.00,0.618917,-1,-1,-1
47,42,1195.00,413.00,93.00,194.00,0.509196,-1,-1,-1
47,43,45.00,430.00,153.00,352.00,0.831640,-1,-1,-1
47,53,1842.00,459.00,72.00,193.00,0.382631,-1,-1,-1
48,4,905.00,420.00,155.00,529.00,0.854552,-1,-1,-1
48,6,1071.00,395.00,200.00,620.00,0.889167,-1,-1,-1
48,7,291.00,401.00,192.00,402.00,0.898141,-1,-1,-1
48,13,672.00,486.00,51.00,99.00,0.540389,-1,-1,-1
48,14,733.00,478.00,48.00,114.00,0.654794,-1,-1,-1
48,15,1244.00,447.00,34.00,71.00,0.370905,-1,-1,-1
48,24,420.00,473.00,38.00,97.00,0.334686,-1,-1,-1
48,28,1503.00,433.00,48.00,111.00,0.522543,-1,-1,-1
48,42,1196.00,414.00,91.00,188.00,0.561908,-1,-1,-1
48,43,56.00,431.00,151.00,351.00,0.842651,-1,-1,-1
48,53,1842.00,460.00,72.00,192.00,0.439297,-1,-1,-1
49,4,905.00,421.00,156.00,528.00,0.868745,-1,-1,-1
49,6,1071.00,395.00,200.00,619.00,0.884549,-1,-1,-1
49,7,302.00,400.00,187.00,401.00,0.875696,-1,-1,-1
49,9,490.00,454.00,39.00,80.00,0.286300,-1,-1,-1
49,13,672.00,486.00,51.00,97.00,0.547661,-1,-1,-1
49,14,732.00,478.00,49.00,114.00,0.670295,-1,-1,-1
49,15,1243.00,447.00,35.00,74.00,0.338248,-1,-1,-1
49,24,421.00,473.00,38.00,98.00,0.321009,-1,-1,-1
49,28,1507.00,435.00,46.00,109.00,0.614052,-1,-1,-1
49,42,1196.00,413.00,90.00,187.00,0.508062,-1,-1,-1
49,43,70.00,433.00,149.00,349.00,0.877960,-1,-1,-1
49,53,1842.00,458.00,72.00,194.00,0.381981,-1,-1,-1
50,4,906.00,420.00,155.00,529.00,0.855100,-1,-1,-1
50,6,1070.00,396.00,201.00,619.00,0.874488,-1,-1,-1
50,7,315.00,400.00,180.00,401.00,0.852467,-1,-1,-1
50,13,672.00,485.00,51.00,98.00,0.591571,-1,-1,-1
50,14,732.00,478.00,48.00,114.00,0.609326,-1,-1,-1
50,15,1242.00,447.00,36.00,76.00,0.501073,-1,-1,-1
50,28,1511.00,436.00,45.00,108.00,0.556531,-1,-1,-1
50,42,1197.00,414.00,87.00,182.00,0.498706,-1,-1,-1
50,43,85.00,434.00,150.00,347.00,0.891937,-1,-1,-1
50,53,1842.00,458.00,72.00,193.00,0.371870,-1,-1,-1
50,56,0.00,519.00,52.00,336.00,0.626099,-1,-1,-1
50,57,1.00,519.00,32.00,283.00,0.467010,-1,-1,-1
51,4,907.00,420.00,154.00,529.00,0.856679,-1,-1,-1
51,6,1071.00,397.00,202.00,618.00,0.887389,-1,-1,-1
51,7,329.00,400.00,172.00,398.00,0.846150,-1,-1,-1
51,9,483.00,455.00,47.00,98.00,0.342631,-1,-1,-1
51,13,671.00,486.00,52.00,97.00,0.612310,-1,-1,-1
51,14,732.00,477.00,49.00,117.00,0.651651,-1,-1,-1
51,15,1242.00,447.00,37.00,77.00,0.529748,-1,-1,-1
51,28,1513.00,434.00,45.00,111.00,0.533081,-1,-1,-1
51,42,1196.00,413.00,86.00,179.00,0.400518,-1,-1,-1
51,43,96.00,435.00,153.00,346.00,0.895179,-1,-1,-1
51,53,1842.00,458.00,72.00,194.00,0.372141,-1,-1,-1
51,56,0.00,476.00,57.00,378.00,0.682844,-1,-1,-1
52,4,907.00,420.00,154.00,528.00,0.847562,-1,-1,-1
52,6,1071.00,397.00,203.00,618.00,0.881625,-1,-1,-1
52,7,342.00,400.00,165.00,399.00,0.809238,-1,-1,-1
52,9,479.00,455.00,48.00,102.00,0.274035,-1,-1,-1
52,13,670.00,485.00,52.00,98.00,0.608788,-1,-1,-1
52,14,733.00,478.00,48.00,113.00,0.597777,-1,-1,-1
52,15,1242.00,446.00,37.00,79.00,0.609305,-1,-1,-1
52,28,1514.00,433.00,46.00,112.00,0.625829,-1,-1,-1
52,43,104.00,436.00,157.00,345.00,0.907305,-1,-1,-1
52,56,3.00,449.00,65.00,406.00,0.850410,-1,-1,-1
53,4,908.00,420.00,154.00,528.00,0.828084,-1,-1,-1
53,6,1071.00,396.00,203.00,619.00,0.876820,-1,-1,-1
53,7,352.00,400.00,160.00,399.00,0.813555,-1,-1,-1
53,9,476.00,455.00,47.00,102.00,0.337061,-1,-1,-1
53,13,670.00,485.00,52.00,97.00,0.552507,-1,-1,-1
53,14,733.00,477.00,49.00,116.00,0.664832,-1,-1,-1
53,15,1243.00,446.00,37.00,80.00,0.501471,-1,-1,-1
53,28,1516.00,431.00,45.00,115.00,0.567098,-1,-1,-1
53,43,108.00,438.00,161.00,342.00,0.907782,-1,-1,-1
53,53,1842.00,456.00,74.00,197.00,0.268244,-1,-1,-1
53,56,8.00,440.00,67.00,414.00,0.813755,-1,-1,-1
53,58,1051.00,442.00,76.00,204.00,0.679412,-1,-1,-1
54,4,911.00,421.00,152.00,525.00,0.820394,-1,-1,-1
54,6,1069.00,395.00,204.00,620.00,0.875151,-1,-1,-1
54,7,365.00,400.00,157.00,398.00,0.829883,-1,-1,-1
54,9,476.00,455.00,45.00,103.00,0.362015,-1,-1,-1
54,13,670.00,485.00,51.00,96.00,0.552195,-1,-1,-1
54,14,733.00,477.00,49.00,117.00,0.677755,-1,-1,-1
54,15,1243.00,447.00,37.00,80.00,0.309972,-1,-1,-1
54,28,1519.00,430.00,46.00,115.00,0.566442,-1,-1,-1
54,43,111.00,439.00,165.00,341.00,0.914394,-1,-1,-1
54,53,1840.00,457.00,73.00,195.00,0.310683,-1,-1,-1
54,56,18.00,436.00,70.00,418.00,0.840913,-1,-1,-1
54,58,1049.00,439.00,77.00,207.00,0.682557,-1,-1,-1
55,4,914.00,421.00,151.00,523.00,0.847524,-1,-1,-1
55,6,1070.00,395.00,205.00,620.00,0.881766,-1,-1,-1
55,7,377.00,401.00,156.00,397.00,0.823653,-1,-1,-1
55,9,478.00,456.00,45.00,103.00,0.296157,-1,-1,-1
55,13,670.00,485.00,52.00,95.00,0.537252,-1,-1,-1
55,14,734.00,478.00,48.00,115.00,0.627830,-1,-1,-1
55,15,1242.00,446.00,39.00,84.00,0.311489,-1,-1,-1
55,28,1521.00,430.00,46.00,115.00,0.492787,-1,-1,-1
55,43,115.00,440.00,167.00,339.00,0.912213,-1,-1,-1
55,53,1841.00,459.00,73.00,193.00,0.321568,-1,-1,-1
55,56,32.00,437.00,74.00,418.00,0.903580,-1,-1,-1
55,58,1047.00,436.00,78.00,210.00,0.716941,-1,-1,-1
56,4,915.00,421.00,149.00,521.00,0.824343,-1,-1,-1
56,6,1070.00,393.00,207.00,622.00,0.883445,-1,-1,-1
56,7,389.00,402.00,155.00,396.00,0.869524,-1,-1,-1
56,13,673.00,483.00,55.00,100.00,0.555804,-1,-1,-1
56,14,734.00,478.00,49.00,116.00,0.563960,-1,-1,-1
56,28,1525.00,434.00,45.00,111.00,0.603888,-1,-1,-1
56,43,120.00,440.00,168.00,333.00,0.885777,-1,-1,-1
56,53,1841.00,458.00,74.00,195.00,0.377843,-1,-1,-1
56,56,46.00,437.00,81.00,418.00,0.901429,-1,-1,-1
56,58,1048.00,431.00,80.00,215.00,0.732275,-1,-1,-1
57,4,916.00,421.00,147.00,519.00,0.817914,-1,-1,-1
57,6,1071.00,395.00,206.00,620.00,0.885835,-1,-1,-1
57,7,400.00,404.00,156.00,395.00,0.889020,-1,-1,-1
57,13,672.00,484.00,55.00,100.00,0.570122,-1,-1,-1
57,14,733.00,479.00,48.00,112.00,0.443390,-1,-1,-1
57,28,1526.00,433.00,45.00,111.00,0.407199,-1,-1,-1
57,43,127.00,439.00,166.00,328.00,0.895653,-1,-1,-1
57,53,1841.00,458.00,73.00,195.00,0.415709,-1,-1,-1
57,56,55.00,439.00,88.00,416.00,0.903430,-1,-1,-1
57,58,1046.00,430.00,79.00,216.00,0.734415,-1,-1,-1
58,4,917.00,421.00,146.00,518.00,0.826665,-1,-1,-1
58,6,1071.00,396.00,206.00,619.00,0.882869,-1,-1,-1
58,7,408.00,405.00,159.00,394.00,0.893058,-1,-1,-1
58,13,672.00,484.00,56.00,100.00,0.582648,-1,-1,-1
58,14,732.00,479.00,48.00,112.00,0.532458,-1,-1,-1
58,28,1528.00,431.00,46.00,112.00,0.494314,-1,-1,-1
58,43,132.00,438.00,165.00,326.00,0.897175,-1,-1,-1
58,53,1840.00,458.00,74.00,196.00,0.559745,-1,-1,-1
58,56,57.00,440.00,96.00,415.00,0.909805,-1,-1,-1
58,58,1042.00,432.00,77.00,213.00,0.674081,-1,-1,-1
59,4,919.00,421.00,145.00,517.00,0.827474,-1,-1,-1
59,6,1071.00,396.00,207.00,619.00,0.887542,-1,-1,-1
59,7,413.00,407.00,162.00,392.00,0.898765,-1,-1,-1
59,13,671.00,485.00,55.00,99.00,0.491288,-1,-1,-1
59,14,732.00,479.00,48.00,111.00,0.445600,-1,-1,-1
59,15,1241.00,445.00,41.00,90.00,0.296604,-1,-1,-1
59,28,1531.00,431.00,46.00,113.00,0.382286,-1,-1,-1
59,43,138.00,437.00,164.00,327.00,0.892562,-1,-1,-1
59,53,1840.00,460.00,73.00,193.00,0.327309,-1,-1,-1
59,56,58.00,442.00,105.00,413.00,0.918879,-1,-1,-1
59,58,1036.00,430.00,76.00,215.00,0.716057,-1,-1,-1
60,4,921.00,421.00,144.00,516.00,0.836360,-1,-1,-1
60,6,1071.00,396.00,208.00,619.00,0.887917,-1,-1,-1
60,7,415.00,407.00,165.00,392.00,0.904225,-1,-1,-1
60,13,668.00,486.00,55.00,99.00,0.442345,-1,-1,-1
60,14,732.00,479.00,49.00,114.00,0.534807,-1,-1,-1
60,28,1533.00,433.00,45.00,111.00,0.262479,-1,-1,-1
60,43,142.00,436.00,163.00,328.00,0.883652,-1,-1,-1
60,53,1840.00,461.00,72.00,192.00,0.402535,-1,-1,-1
60,56,56.00,442.00,115.00,413.00,0.930468,-1,-1,-1
60,58,1031.00,429.00,76.00,217.00,0.675030,-1,-1,-1
61,4,923.00,421.00,144.00,515.00,0.853913,-1,-1,-1
61,6,1071.00,397.00,208.00,617.00,0.878752,-1,-1,-1
61,7,416.00,408.00,168.00,391.00,0.915940,-1,-1,-1
61,13,667.00,487.00,54.00,97.00,0.383345,-1,-1,-1
61,14,732.00,478.00,49.00,117.00,0.570657,-1,-1,-1
61,43,149.00,435.00,160.00,328.00,0.857549,-1,-1,-1
61,53,1840.00,460.00,73.00,193.00,0.347719,-1,-1,-1
61,56,54.00,443.00,123.00,412.00,0.928698,-1,-1,-1
61,58,1028.00,432.00,73.00,215.00,0.634843,-1,-1,-1
62,4,925.00,420.00,143.00,515.00,0.857536,-1,-1,-1
62,6,1071.00,396.00,208.00,618.00,0.878763,-1,-1,-1
62,7,413.00,407.00,172.00,392.00,0.914513,-1,-1,-1
62,13,665.00,487.00,56.00,101.00,0.331755,-1,-1,-1
62,14,731.00,478.00,50.00,117.00,0.584731,-1,-1,-1
62,28,1537.00,425.00,47.00,118.00,0.433304,-1,-1,-1
62,43,157.00,435.00,157.00,328.00,0.856802,-1,-1,-1
62,53,1841.00,460.00,73.00,193.00,0.303017,-1,-1,-1
62,56,50.00,442.00,132.00,413.00,0.929238,-1,-1,-1
62,58,1027.00,432.00,73.00,216.00,0.635555,-1,-1,-1
63,4,927.00,420.00,143.00,514.00,0.863229,-1,-1,-1
63,6,1071.00,397.00,209.00,617.00,0.880634,-1,-1,-1
63,7,414.00,409.00,174.00,390.00,0.913156,-1,-1,-1
63,13,664.00,488.00,55.00,100.00,0.307743,-1,-1,-1
63,14,732.00,478.00,50.00,116.00,0.578166,-1,-1,-1
63,15,1244.00,445.00,43.00,97.00,0.462505,-1,-1,-1
63,28,1540.00,425.00,45.00,118.00,0.426252,-1,-1,-1
63,43,169.00,435.00,152.00,328.00,0.837163,-1,-1,-1
63,53,1841.00,458.00,74.00,195.00,0.295230,-1,-1,-1
63,56,47.00,442.00,140.00,413.00,0.921739,-1,-1,-1
63,58,1028.00,434.00,69.00,211.00,0.512336,-1,-1,-1
64,4,929.00,420.00,143.00,514.00,0.865596,-1,-1,-1
64,6,1072.00,398.00,209.00,616.00,0.883204,-1,-1,-1
64,7,414.00,412.00,175.00,385.00,0.918393,-1,-1,-1
64,14,732.00,481.00,48.00,112.00,0.454794,-1,-1,-1
64,15,1244.00,446.00,43.00,97.00,0.386489,-1,-1,-1
64,43,181.00,435.00,146.00,327.00,0.825011,-1,-1,-1
64,53,1841.00,457.00,74.00,196.00,0.343918,-1,-1,-1
64,56,45.00,441.00,147.00,409.00,0.899149,-1,-1,-1
64,58,1025.00,428.00,71.00,217.00,0.428291,-1,-1,-1
65,4,931.00,419.00,142.00,515.00,0.857772,-1,-1,-1
65,6,1071.00,397.00,210.00,617.00,0.893811,-1,-1,-1
65,7,412.00,411.00,178.00,384.00,0.929262,-1,-1,-1
65,8,377.00,461.00,48.00,114.00,0.284443,-1,-1,-1
65,13,662.00,490.00,55.00,101.00,0.369196,-1,-1,-1
65,14,732.00,482.00,47.00,109.00,0.295203,-1,-1,-1
65,15,1245.00,446.00,42.00,97.00,0.463549,-1,-1,-1
65,28,1543.00,426.00,43.00,117.00,0.284786,-1,-1,-1
65,43,190.00,434.00,141.00,328.00,0.824306,-1,-1,-1
65,56,51.00,441.00,152.00,406.00,0.886650,-1,-1,-1
66,4,933.00,419.00,143.00,515.00,0.851628,-1,-1,-1
66,6,1071.00,395.00,211.00,619.00,0.890499,-1,-1,-1
66,7,411.00,409.00,180.00,383.00,0.924592,-1,-1,-1
66,8,375.00,458.00,50.00,116.00,0.598376,-1,-1,-1
66,13,661.00,490.00,55.00,103.00,0.326364,-1,-1,-1
66,14,731.00,483.00,46.00,108.00,0.397503,-1,-1,-1
66,15,1246.00,446.00,42.00,98.00,0.540190,-1,-1,-1
66,43,205.00,434.00,138.00,328.00,0.810464,-1,-1,-1
66,53,1841.00,462.00,72.00,191.00,0.332324,-1,-1,-1
66,56,57.00,440.00,153.00,398.00,0.887820,-1,-1,-1
67,4,935.00,418.00,143.00,517.00,0.860324,-1,-1,-1
67,6,1071.00,396.00,211.00,618.00,0.892383,-1,-1,-1
67,7,413.00,408.00,181.00,383.00,0.922465,-1,-1,-1
67,8,375.00,459.00,49.00,115.00,0.656187,-1,-1,-1
67,14,731.00,482.00,46.00,110.00,0.411956,-1,-1,-1
67,15,1248.00,444.00,42.00,100.00,0.341700,-1,-1,-1
67,43,220.00,433.00,137.00,329.00,0.859025,-1,-1,-1
67,53,1839.00,462.00,73.00,191.00,0.361905,-1,-1,-1
67,56,68.00,439.00,151.00,388.00,0.887305,-1,-1,-1
68,4,936.00,417.00,144.00,518.00,0.859994,-1,-1,-1
68,6,1071.00,397.00,211.00,617.00,0.893393,-1,-1,-1
68,7,415.00,407.00,182.00,382.00,0.917272,-1,-1,-1
68,8,374.00,460.00,49.00,113.00,0.527301,-1,-1,-1
68,14,731.00,481.00,47.00,110.00,0.454502,-1,-1,-1
68,15,1248.00,443.00,43.00,101.00,0.291596,-1,-1,-1
68,43,233.00,435.00,137.00,326.00,0.892418,-1,-1,-1
68,53,1838.00,462.00,74.00,191.00,0.304621,-1,-1,-1
68,56,85.00,437.00,150.00,384.00,0.871498,-1,-1,-1
68,62,1063.00,458.00,53.00,134.00,0.482907,-1,-1,-1
69,4,938.00,416.00,145.00,519.00,0.864618,-1,-1,-1
69,6,1071.00,397.00,211.00,617.00,0.897533,-1,-1,-1
69,7,419.00,406.00,182.00,383.00,0.909609,-1,-1,-1
69,8,375.00,461.00,49.00,113.00,0.660438,-1,-1,-1
69,13,658.00,489.00,51.00,94.00,0.311693,-1,-1,-1
69,14,731.00,480.00,47.00,110.00,0.445421,-1,-1,-1
69,15,1249.00,445.00,42.00,99.00,0.464682,-1,-1,-1
69,43,246.00,435.00,138.00,328.00,0.885812,-1,-1,-1
69,53,1839.00,463.00,74.00,190.00,0.392483,-1,-1,-1
69,56,103.00,437.00,148.00,381.00,0.832602,-1,-1,-1
69,62,1062.00,458.00,53.00,133.00,0.541886,-1,-1,-1
69,63,687.00,479.00,50.00,107.00,0.366240,-1,-1,-1
70,4,939.00,416.00,145.00,519.00,0.863571,-1,-1,-1
70,6,1070.00,397.00,211.00,617.00,0.892738,-1,-1,-1
70,7,425.00,404.00,181.00,381.00,0.908970,-1,-1,-1
70,8,376.00,461.00,49.00,113.00,0.645821,-1,-1,-1
70,13,656.00,486.00,52.00,98.00,0.354285,-1,-1,-1
70,14,731.00,479.00,47.00,111.00,0.494458,-1,-1,-1
70,15,1249.00,445.00,42.00,98.00,0.467046,-1,-1,-1
70,43,253.00,437.00,141.00,326.00,0.910792,-1,-1,-1
70,53,1839.00,465.00,74.00,189.00,0.278534,-1,-1,-1
70,56,121.00,436.00,144.00,382.00,0.793583,-1,-1,-1
70,57,9.00,605.00,27.00,204.00,0.411021,-1,-1,-1
70,62,1063.00,458.00,52.00,131.00,0.356336,-1,-1,-1
70,63,687.00,480.00,48.00,104.00,0.388622,-1,-1,-1
71,4,942.00,416.00,145.00,519.00,0.874937,-1,-1,-1
71,6,1070.00,398.00,212.00,615.00,0.888829,-1,-1,-1
71,7,434.00,404.00,175.00,373.00,0.909673,-1,-1,-1
71,8,376.00,461.00,49.00,113.00,0.649669,-1,-1,-1
71,13,654.00,486.00,56.00,106.00,0.423999,-1,-1,-1
71,14,731.00,480.00,46.00,110.00,0.479976,-1,-1,-1
71,15,1250.00,443.00,43.00,100.00,0.441051,-1,-1,-1
71,43,259.00,439.00,142.00,323.00,0.900548,-1,-1,-1
71,53,1840.00,464.00,74.00,190.00,0.346509,-1,-1,-1
71,56,132.00,436.00,144.00,382.00,0.811261,-1,-1,-1
71,62,1063.00,458.00,51.00,127.00,0.327102,-1,-1,-1
71,63,687.00,481.00,49.00,104.00,0.323730,-1,-1,-1
72,4,944.00,416.00,145.00,520.00,0.883930,-1,-1,-1
72,6,1071.00,398.00,212.00,615.00,0.888782,-1,-1,-1
72,7,446.00,403.00,171.00,369.00,0.905115,-1,-1,-1
72,8,376.00,461.00,50.00,114.00,0.696422,-1,-1,-1
72,13,652.00,488.00,56.00,107.00,0.464559,-1,-1,-1
72,14,731.00,480.00,47.00,111.00,0.508936,-1,-1,-1
72,15,1252.00,441.00,43.00,102.00,0.499322,-1,-1,-1
72,43,263.00,441.00,144.00,320.00,0.892126,-1,-1,-1
72,53,1838.00,459.00,76.00,195.00,0.440944,-1,-1,-1
72,56,147.00,437.00,142.00,380.00,0.862773,-1,-1,-1
72,63,690.00,482.00,47.00,99.00,0.364170,-1,-1,-1
73,4,946.00,417.00,145.00,519.00,0.884507,-1,-1,-1
73,6,1072.00,398.00,212.00,615.00,0.885923,-1,-1,-1
73,7,459.00,403.00,167.00,367.00,0.884847,-1,-1,-1
73,8,377.00,461.00,50.00,114.00,0.699699,-1,-1,-1
73,13,655.00,491.00,49.00,93.00,0.465497,-1,-1,-1
73,14,732.00,480.00,46.00,110.00,0.470900,-1,-1,-1
73,15,1254.00,440.00,43.00,102.00,0.546180,-1,-1,-1
73,24,418.00,454.00,43.00,114.00,0.518196,-1,-1,-1
73,43,272.00,442.00,143.00,317.00,0.874794,-1,-1,-1
73,53,1839.00,456.00,77.00,198.00,0.472492,-1,-1,-1
73,56,163.00,438.00,144.00,380.00,0.881713,-1,-1,-1
73,57,2.00,485.00,43.00,326.00,0.654049,-1,-1,-1
73,62,1064.00,457.00,52.00,130.00,0.495281,-1,-1,-1
73,63,693.00,485.00,46.00,97.00,0.423796,-1,-1,-1
74,4,948.00,418.00,145.00,517.00,0.879117,-1,-1,-1
74,6,1074.00,399.00,212.00,614.00,0.898991,-1,-1,-1
74,7,470.00,401.00,165.00,368.00,0.857416,-1,-1,-1
74,8,378.00,461.00,49.00,114.00,0.710178,-1,-1,-1
74,13,652.00,489.00,51.00,98.00,0.541390,-1,-1,-1
74,14,733.00,480.00,45.00,107.00,0.257949,-1,-1,-1
74,15,1255.00,443.00,41.00,99.00,0.586682,-1,-1,-1
74,24,419.00,459.00,40.00,109.00,0.423439,-1,-1,-1
74,43,279.00,443.00,140.00,308.00,0.847294,-1,-1,-1
74,53,1839.00,454.00,78.00,200.00,0.406362,-1,-1,-1
74,56,176.00,440.00,147.00,378.00,0.886026,-1,-1,-1
74,57,3.00,470.00,48.00,344.00,0.447683,-1,-1,-1
74,63,692.00,483.00,46.00,99.00,0.405526,-1,-1,-1
75,4,949.00,417.00,146.00,518.00,0.863494,-1,-1,-1
75,6,1075.00,399.00,213.00,613.00,0.915274,-1,-1,-1
75,7,484.00,402.00,160.00,367.00,0.762050,-1,-1,-1
75,8,377.00,460.00,50.00,114.00,0.703113,-1,-1,-1
75,13,651.00,489.00,50.00,97.00,0.501164,-1,-1,-1
75,14,731.00,480.00,47.00,111.00,0.394405,-1,-1,-1
75,15,1255.00,443.00,42.00,99.00,0.550747,-1,-1,-1
75,24,419.00,464.00,39.00,104.00,0.455240,-1,-1,-1
75,43,283.00,442.00,138.00,305.00,0.826536,-1,-1,-1
75,53,1839.00,454.00,78.00,200.00,0.343179,-1,-1,-1
75,56,182.00,442.00,151.00,376.00,0.900036,-1,-1,-1
75,57,6.00,446.00,54.00,369.00,0.765494,-1,-1,-1
75,62,1063.00,458.00,46.00,115.00,0.341281,-1,-1,-1
75,63,692.00,482.00,46.00,100.00,0.413774,-1,-1,-1
76,4,951.00,417.00,145.00,518.00,0.844794,-1,-1,-1
76,6,1075.00,398.00,214.00,615.00,0.898410,-1,-1,-1
76,7,501.00,403.00,156.00,365.00,0.801585,-1,-1,-1
76,8,376.00,459.00,50.00,116.00,0.680233,-1,-1,-1
76,13,648.00,491.00,50.00,96.00,0.314608,-1,-1,-1
76,14,732.00,482.00,46.00,109.00,0.276064,-1,-1,-1
76,15,1255.00,442.00,42.00,100.00,0.552344,-1,-1,-1
76,24,420.00,466.00,38.00,102.00,0.527976,-1,-1,-1
76,43,274.00,440.00,142.00,308.00,0.834529,-1,-1,-1
76,56,185.00,443.00,157.00,375.00,0.905807,-1,-1,-1
76,57,15.00,434.00,62.00,378.00,0.866358,-1,-1,-1
76,62,1064.00,456.00,50.00,124.00,0.365258,-1,-1,-1
76,63,692.00,483.00,46.00,99.00,0.369214,-1,-1,-1
77,4,954.00,416.00,145.00,518.00,0.853879,-1,-1,-1
77,6,1075.00,399.00,215.00,614.00,0.896058,-1,-1,-1
77,7,510.00,402.00,152.00,367.00,0.797379,-1,-1,-1
77,8,376.00,459.00,50.00,117.00,0.659859,-1,-1,-1
77,13,645.00,493.00,51.00,98.00,0.320342,-1,-1,-1
77,14,732.00,483.00,44.00,106.00,0.281896,-1,-1,-1
77,15,1255.00,442.00,41.00,101.00,0.540574,-1,-1,-1
77,24,421.00,467.00,37.00,101.00,0.464187,-1,-1,-1
77,43,277.00,439.00,142.00,307.00,0.862323,-1,-1,-1
77,56,187.00,443.00,162.00,375.00,0.909948,-1,-1,-1
77,57,26.00,425.00,74.00,386.00,0.867075,-1,-1,-1
77,62,1063.00,454.00,51.00,129.00,0.332072,-1,-1,-1
77,63,692.00,484.00,45.00,98.00,0.354573,-1,-1,-1
78,4,954.00,417.00,145.00,518.00,0.850353,-1,-1,-1
78,6,1074.00,398.00,216.00,615.00,0.897226,-1,-1,-1
78,7,518.00,403.00,150.00,365.00,0.823516,-1,-1,-1
78,8,376.00,459.00,50.00,117.00,0.622096,-1,-1,-1
78,13,643.00,492.00,52.00,101.00,0.377353,-1,-1,-1
78,14,731.00,482.00,44.00,104.00,0.429656,-1,-1,-1
78,15,1255.00,443.00,41.00,99.00,0.497413,-1,-1,-1
78,24,421.00,465.00,37.00,103.00,0.460403,-1,-1,-1
78,43,283.00,437.00,142.00,309.00,0.786296,-1,-1,-1
78,56,186.00,445.00,166.00,372.00,0.918023,-1,-1,-1
78,57,33.00,423.00,85.00,387.00,0.890466,-1,-1,-1
78,62,1062.00,454.00,50.00,129.00,0.316643,-1,-1,-1
78,63,692.00,483.00,45.00,98.00,0.439657,-1,-1,-1
79,4,956.00,416.00,145.00,519.00,0.835793,-1,-1,-1
79,6,1074.00,396.00,217.00,617.00,0.892275,-1,-1,-1
79,7,525.00,403.00,149.00,366.00,0.844224,-1,-1,-1
79,8,377.00,462.00,49.00,114.00,0.305930,-1,-1,-1
79,13,643.00,491.00,52.00,103.00,0.251274,-1,-1,-1
79,14,729.00,480.00,44.00,104.00,0.254226,-1,-1,-1
79,15,1255.00,442.00,41.00,100.00,0.510341,-1,-1,-1
79,24,421.00,466.00,37.00,102.00,0.390146,-1,-1,-1
79,43,296.00,435.00,139.00,311.00,0.778051,-1,-1,-1
79,56,184.00,443.00,172.00,374.00,0.913756,-1,-1,-1
79,57,35.00,426.00,94.00,383.00,0.905553,-1,-1,-1
79,63,692.00,484.00,44.00,99.00,0.257051,-1,-1,-1
80,4,959.00,415.00,146.00,520.00,0.834621,-1,-1,-1
80,6,1075.00,396.00,218.00,617.00,0.883846,-1,-1,-1
80,7,529.00,403.00,147.00,366.00,0.850857,-1,-1,-1
80,14,730.00,483.00,46.00,106.00,0.266123,-1,-1,-1
80,15,1256.00,442.00,40.00,99.00,0.500630,-1,-1,-1
80,24,421.00,463.00,38.00,105.00,0.396656,-1,-1,-1
80,43,306.00,435.00,135.00,311.00,0.778737,-1,-1,-1
80,56,182.00,442.00,176.00,373.00,0.916382,-1,-1,-1
80,57,36.00,429.00,103.00,380.00,0.914459,-1,-1,-1
80,63,694.00,485.00,44.00,100.00,0.296793,-1,-1,-1
81,4,960.00,415.00,147.00,520.00,0.828741,-1,-1,-1
81,6,1075.00,397.00,219.00,616.00,0.889708,-1,-1,-1
81,7,533.00,405.00,146.00,364.00,0.865314,-1,-1,-1
81,9,467.00,448.00,46.00,113.00,0.498765,-1,-1,-1
81,14,730.00,483.00,47.00,111.00,0.351070,-1,-1,-1
81,15,1256.00,444.00,39.00,96.00,0.451657,-1,-1,-1
81,24,421.00,463.00,38.00,104.00,0.363471,-1,-1,-1
81,43,315.00,434.00,131.00,312.00,0.782613,-1,-1,-1
81,53,1841.00,461.00,75.00,192.00,0.375051,-1,-1,-1
81,56,188.00,445.00,177.00,368.00,0.895389,-1,-1,-1
81,57,36.00,431.00,111.00,377.00,0.915793,-1,-1,-1
81,63,693.00,482.00,45.00,101.00,0.304051,-1,-1,-1
82,4,961.00,416.00,149.00,519.00,0.832735,-1,-1,-1
82,6,1075.00,397.00,219.00,616.00,0.891871,-1,-1,-1
82,7,539.00,407.00,145.00,361.00,0.885235,-1,-1,-1
82,9,467.00,446.00,44.00,114.00,0.445044,-1,-1,-1
82,14,731.00,482.00,47.00,112.00,0.282601,-1,-1,-1
82,15,1257.00,445.00,38.00,95.00,0.358900,-1,-1,-1
82,24,420.00,458.00,40.00,110.00,0.346023,-1,-1,-1
82,43,324.00,434.00,128.00,311.00,0.763519,-1,-1,-1
82,53,1840.00,458.00,75.00,195.00,0.466223,-1,-1,-1
82,56,197.00,443.00,177.00,368.00,0.900706,-1,-1,-1
82,57,38.00,432.00,120.00,376.00,0.917950,-1,-1,-1
82,63,692.00,476.00,46.00,107.00,0.317043,-1,-1,-1
83,4,962.00,417.00,150.00,519.00,0.817106,-1,-1,-1
83,6,1076.00,398.00,220.00,615.00,0.895272,-1,-1,-1
83,7,543.00,408.00,144.00,360.00,0.897596,-1,-1,-1
83,9,468.00,445.00,42.00,114.00,0.420180,-1,-1,-1
83,14,730.00,480.00,49.00,114.00,0.440535,-1,-1,-1
83,15,1256.00,443.00,39.00,97.00,0.315054,-1,-1,-1
83,43,336.00,434.00,126.00,311.00,0.798438,-1,-1,-1
83,53,1841.00,459.00,75.00,194.00,0.356715,-1,-1,-1
83,56,203.00,444.00,174.00,360.00,0.898766,-1,-1,-1
83,57,38.00,433.00,130.00,375.00,0.929946,-1,-1,-1
83,63,691.00,476.00,47.00,109.00,0.391905,-1,-1,-1
84,4,964.00,417.00,150.00,519.00,0.818537,-1,-1,-1
84,6,1076.00,398.00,221.00,615.00,0.885424,-1,-1,-1
84,7,545.00,410.00,144.00,359.00,0.901570,-1,-1,-1
84,9,468.00,445.00,41.00,114.00,0.309202,-1,-1,-1
84,14,729.00,479.00,50.00,116.00,0.477479,-1,-1,-1
84,15,1257.00,439.00,40.00,100.00,0.308065,-1,-1,-1
84,43,346.00,434.00,124.00,312.00,0.819191,-1,-1,-1
84,53,1840.00,452.00,78.00,201.00,0.358475,-1,-1,-1
84,56,212.00,442.00,172.00,359.00,0.900631,-1,-1,-1
84,57,36.00,433.00,138.00,375.00,0.930686,-1,-1,-1
84,63,690.00,476.00,47.00,109.00,0.396048,-1,-1,-1
85,4,963.00,417.00,151.00,519.00,0.809980,-1,-1,-1
85,6,1077.00,398.00,222.00,615.00,0.885457,-1,-1,-1
85,7,547.00,410.00,144.00,359.00,0.906648,-1,-1,-1
85,9,468.00,446.00,41.00,112.00,0.312678,-1,-1,-1
85,14,729.00,478.00,50.00,118.00,0.484137,-1,-1,-1
85,15,1256.00,440.00,40.00,97.00,0.387532,-1,-1,-1
85,43,359.00,436.00,124.00,309.00,0.842554,-1,-1,-1
85,53,1834.00,410.00,86.00,244.00,0.325137,-1,-1,-1
85,56,222.00,442.00,169.00,357.00,0.868909,-1,-1,-1
85,57,34.00,433.00,145.00,373.00,0.917825,-1,-1,-1
85,63,690.00,476.00,46.00,108.00,0.378170,-1,-1,-1
86,4,965.00,416.00,152.00,520.00,0.812431,-1,-1,-1
86,6,1079.00,399.00,222.00,615.00,0.867719,-1,-1,-1
86,7,547.00,411.00,144.00,358.00,0.907899,-1,-1,-1
86,9,469.00,446.00,40.00,112.00,0.430769,-1,-1,-1
86,14,728.00,478.00,51.00,119.00,0.581344,-1,-1,-1
86,43,373.00,437.00,125.00,308.00,0.879354,-1,-1,-1
86,53,1836.00,393.00,84.00,259.00,0.328633,-1,-1,-1
86,56,235.00,442.00,164.00,356.00,0.830242,-1,-1,-1
86,57,31.00,432.00,151.00,371.00,0.908201,-1,-1,-1
86,63,690.00,476.00,44.00,106.00,0.389034,-1,-1,-1
87,4,965.00,417.00,149.00,520.00,0.791488,-1,-1,-1
87,6,1076.00,399.00,225.00,615.00,0.789900,-1,-1,-1
87,7,548.00,412.00,144.00,355.00,0.910582,-1,-1,-1
87,9,470.00,450.00,39.00,109.00,0.425396,-1,-1,-1
87,14,728.00,476.00,51.00,121.00,0.584942,-1,-1,-1
87,15,1257.00,440.00,38.00,92.00,0.296197,-1,-1,-1
87,43,383.00,438.00,127.00,305.00,0.883954,-1,-1,-1
87,53,1839.00,386.00,81.00,267.00,0.341517,-1,-1,-1
87,56,249.00,441.00,158.00,358.00,0.786574,-1,-1,-1
87,57,33.00,431.00,154.00,369.00,0.893046,-1,-1,-1
87,62,1065.00,450.00,48.00,114.00,0.439166,-1,-1,-1
87,63,688.00,476.00,45.00,106.00,0.469343,-1,-1,-1
88,4,965.00,417.00,148.00,520.00,0.808369,-1,-1,-1
88,6,1077.00,397.00,227.00,615.00,0.834848,-1,-1,-1
88,7,549.00,412.00,144.00,354.00,0.906043,-1,-1,-1
88,9,469.00,451.00,40.00,108.00,0.394482,-1,-1,-1
88,14,728.00,476.00,51.00,121.00,0.617229,-1,-1,-1
88,15,1257.00,440.00,37.00,90.00,0.313435,-1,-1,-1
88,43,388.00,439.00,130.00,304.00,0.865683,-1,-1,-1
88,53,1840.00,384.00,80.00,269.00,0.376169,-1,-1,-1
88,56,260.00,440.00,152.00,359.00,0.755036,-1,-1,-1
88,57,39.00,429.00,157.00,369.00,0.862538,-1,-1,-1
88,62,1065.00,446.00,50.00,117.00,0.597077,-1,-1,-1
88,63,688.00,475.00,45.00,109.00,0.417601,-1,-1,-1
88,78,528.00,448.00,26.00,76.00,0.414956,-1,-1,-1
89,4,966.00,418.00,146.00,519.00,0.799781,-1,-1,-1
89,6,1075.00,396.00,230.00,616.00,0.831453,-1,-1,-1
89,7,552.00,412.00,142.00,351.00,0.897621,-1,-1,-1
89,14,728.00,476.00,51.00,122.00,0.612394,-1,-1,-1
89,43,390.00,438.00,134.00,302.00,0.870623,-1,-1,-1
89,56,271.00,442.00,146.00,356.00,0.770703,-1,-1,-1
89,57,46.00,430.00,158.00,368.00,0.870094,-1,-1,-1
89,62,1066.00,439.00,53.00,121.00,0.579685,-1,-1,-1
89,63,687.00,478.00,44.00,106.00,0.343133,-1,-1,-1
89,78,528.00,448.00,26.00,76.00,0.416809,-1,-1,-1
90,4,966.00,419.00,143.00,518.00,0.801106,-1,-1,-1
90,6,1071.00,395.00,232.00,619.00,0.859091,-1,-1,-1
90,7,557.00,410.00,140.00,348.00,0.878061,-1,-1,-1
90,14,728.00,477.00,50.00,119.00,0.457724,-1,-1,-1
90,15,1256.00,444.00,36.00,84.00,0.286581,-1,-1,-1
90,43,398.00,440.00,133.00,296.00,0.868326,-1,-1,-1
90,56,282.00,440.00,142.00,357.00,0.773202,-1,-1,-1
90,57,56.00,429.00,157.00,369.00,0.836651,-1,-1,-1
90,62,1066.00,435.00,57.00,124.00,0.616380,-1,-1,-1
90,63,687.00,478.00,44.00,104.00,0.315346,-1,-1,-1
90,78,528.00,451.00,25.00,72.00,0.341698,-1,-1,-1
90,79,911.00,432.00,72.00,155.00,0.561559,-1,-1,-1
91,4,968.00,418.00,142.00,519.00,0.800543,-1,-1,-1
91,6,1068.00,395.00,233.00,619.00,0.865793,-1,-1,-1
91,7,563.00,409.00,140.00,352.00,0.875531,-1,-1,-1
91,14,728.00,476.00,50.00,119.00,0.499738,-1,-1,-1
91,43,402.00,442.00,134.00,292.00,0.820746,-1,-1,-1
91,53,1842.00,383.00,78.00,267.00,0.352263,-1,-1,-1
91,56,300.00,440.00,141.00,358.00,0.877078,-1,-1,-1
91,57,59.00,430.00,157.00,367.00,0.804297,-1,-1,-1
91,62,1067.00,433.00,58.00,124.00,0.597658,-1,-1,-1
91,78,529.00,452.00,25.00,70.00,0.302122,-1,-1,-1
91,79,911.00,431.00,73.00,156.00,0.538151,-1,-1,-1
92,4,969.00,418.00,140.00,519.00,0.808664,-1,-1,-1
92,6,1067.00,395.00,234.00,619.00,0.869157,-1,-1,-1
92,7,571.00,408.00,135.00,345.00,0.862135,-1,-1,-1
92,14,727.00,473.00,51.00,122.00,0.552685,-1,-1,-1
92,43,404.00,442.00,136.00,292.00,0.818626,-1,-1,-1
92,53,1844.00,383.00,76.00,267.00,0.285911,-1,-1,-1
92,56,313.00,441.00,142.00,357.00,0.869273,-1,-1,-1
92,57,80.00,431.00,152.00,365.00,0.835904,-1,-1,-1
92,62,1068.00,435.00,57.00,119.00,0.433567,-1,-1,-1
92,63,684.00,475.00,44.00,106.00,0.333625,-1,-1,-1
92,79,912.00,436.00,79.00,172.00,0.606897,-1,-1,-1
93,4,970.00,418.00,139.00,519.00,0.810657,-1,-1,-1
93,6,1066.00,396.00,235.00,618.00,0.869927,-1,-1,-1
93,7,578.00,408.00,130.00,341.00,0.829118,-1,-1,-1
93,14,726.00,472.00,52.00,123.00,0.522717,-1,-1,-1
93,43,410.00,442.00,135.00,292.00,0.812040,-1,-1,-1
93,53,1846.00,428.00,72.00,223.00,0.379858,-1,-1,-1
93,56,320.00,444.00,143.00,354.00,0.871065,-1,-1,-1
93,57,92.00,431.00,150.00,366.00,0.823638,-1,-1,-1
93,62,1072.00,435.00,57.00,118.00,0.468458,-1,-1,-1
93,63,681.00,474.00,45.00,108.00,0.384539,-1,-1,-1
93,79,911.00,437.00,81.00,178.00,0.692254,-1,-1,-1
94,4,971.00,418.00,138.00,519.00,0.818166,-1,-1,-1
94,6,1065.00,396.00,236.00,617.00,0.875266,-1,-1,-1
94,7,588.00,407.00,126.00,340.00,0.769376,-1,-1,-1
94,14,726.00,470.00,50.00,120.00,0.472033,-1,-1,-1
94,43,415.00,441.00,136.00,292.00,0.825648,-1,-1,-1
94,53,1847.00,452.00,66.00,200.00,0.308560,-1,-1,-1
94,56,325.00,445.00,145.00,353.00,0.879716,-1,-1,-1
94,57,104.00,431.00,147.00,365.00,0.796463,-1,-1,-1
94,62,1077.00,433.00,59.00,120.00,0.608212,-1,-1,-1
94,63,680.00,473.00,45.00,109.00,0.351275,-1,-1,-1
94,79,909.00,440.00,79.00,177.00,0.672234,-1,-1,-1
95,4,974.00,417.00,135.00,520.00,0.822239,-1,-1,-1
95,6,1065.00,396.00,237.00,617.00,0.884434,-1,-1,-1
95,7,600.00,407.00,121.00,335.00,0.718828,-1,-1,-1
95,14,724.00,469.00,53.00,126.00,0.579366,-1,-1,-1
95,43,421.00,442.00,134.00,292.00,0.845495,-1,-1,-1
95,56,328.00,449.00,146.00,348.00,0.891233,-1,-1,-1
95,57,109.00,431.00,147.00,365.00,0.745599,-1,-1,-1
95,62,1084.00,432.00,59.00,121.00,0.584697,-1,-1,-1
95,79,907.00,440.00,79.00,177.00,0.727547,-1,-1,-1
96,4,974.00,417.00,135.00,521.00,0.822575,-1,-1,-1
96,6,1066.00,396.00,237.00,617.00,0.894274,-1,-1,-1
96,7,600.00,406.00,121.00,336.00,0.781291,-1,-1,-1
96,14,722.00,468.00,53.00,128.00,0.550507,-1,-1,-1
96,15,1250.00,443.00,37.00,90.00,0.324715,-1,-1,-1
96,43,426.00,440.00,133.00,295.00,0.843952,-1,-1,-1
96,56,329.00,449.00,148.00,348.00,0.896714,-1,-1,-1
96,57,129.00,433.00,147.00,362.00,0.860004,-1,-1,-1
96,62,1087.00,431.00,59.00,119.00,0.447495,-1,-1,-1
96,79,906.00,439.00,76.00,177.00,0.705765,-1,-1,-1
97,4,974.00,417.00,133.00,521.00,0.819689,-1,-1,-1
97,6,1068.00,398.00,237.00,616.00,0.897958,-1,-1,-1
97,7,600.00,406.00,121.00,338.00,0.799735,-1,-1,-1
97,14,720.00,469.00,54.00,131.00,0.562333,-1,-1,-1
97,15,1249.00,444.00,38.00,90.00,0.455065,-1,-1,-1
97,43,431.00,440.00,130.00,294.00,0.810639,-1,-1,-1
97,56,328.00,445.00,153.00,352.00,0.908054,-1,-1,-1
97,57,140.00,435.00,147.00,360.00,0.889053,-1,-1,-1
97,62,1090.00,435.00,56.00,112.00,0.338169,-1,-1,-1
97,79,904.00,440.00,74.00,177.00,0.710195,-1,-1,-1
98,4,975.00,417.00,131.00,520.00,0.822201,-1,-1,-1
98,6,1069.00,399.00,237.00,616.00,0.906178,-1,-1,-1
98,7,609.00,405.00,122.00,339.00,0.794307,-1,-1,-1
98,14,720.00,470.00,54.00,132.00,0.463306,-1,-1,-1
98,15,1248.00,444.00,39.00,92.00,0.485594,-1,-1,-1
98,43,437.00,437.00,128.00,298.00,0.791610,-1,-1,-1
98,56,327.00,445.00,155.00,352.00,0.913724,-1,-1,-1
98,57,149.00,436.00,151.00,361.00,0.905252,-1,-1,-1
98,79,902.00,440.00,74.00,178.00,0.692658,-1,-1,-1
99,4,976.00,417.00,130.00,520.00,0.825852,-1,-1,-1
99,6,1069.00,399.00,238.00,617.00,0.904638,-1,-1,-1
99,7,619.00,407.00,121.00,336.00,0.824811,-1,-1,-1
99,14,719.00,471.00,52.00,130.00,0.415862,-1,-1,-1
99,15,1247.00,444.00,39.00,92.00,0.546176,-1,-1,-1
99,43,445.00,434.00,125.00,299.00,0.806207,-1,-1,-1
99,56,326.00,444.00,157.00,351.00,0.901315,-1,-1,-1
99,57,154.00,437.00,155.00,360.00,0.906713,-1,-1,-1
99,79,901.00,442.00,70.00,173.00,0.679885,-1,-1,-1
100,4,976.00,416.00,129.00,521.00,0.822861,-1,-1,-1
100,6,1069.00,399.00,237.00,618.00,0.899693,-1,-1,-1
100,7,628.00,407.00,123.00,335.00,0.834278,-1,-1,-1
100,14,716.00,469.00,54.00,136.00,0.417641,-1,-1,-1
100,15,1246.00,444.00,39.00,92.00,0.533746,-1,-1,-1
100,43,455.00,436.00,120.00,297.00,0.774940,-1,-1,-1
100,56,330.00,443.00,158.00,350.00,0.885217,-1,-1,-1
100,57,156.00,438.00,156.00,357.00,0.905482,-1,-1,-1
100,79,902.00,442.00,66.00,165.00,0.642067,-1,-1,-1
101,4,978.00,417.00,127.00,521.00,0.826656,-1,-1,-1
101,6,1069.00,399.00,237.00,618.00,0.894750,-1,-1,-1
101,7,634.00,407.00,126.00,336.00,0.839065,-1,-1,-1
101,14,713.00,467.00,55.00,140.00,0.607212,-1,-1,-1
101,15,1245.00,445.00,38.00,92.00,0.566972,-1,-1,-1
101,43,465.00,436.00,117.00,296.00,0.804006,-1,-1,-1
101,53,1848.00,466.00,63.00,187.00,0.289899,-1,-1,-1
101,56,339.00,440.00,156.00,351.00,0.880989,-1,-1,-1
101,57,159.00,438.00,160.00,357.00,0.896225,-1,-1,-1
101,79,897.00,440.00,68.00,171.00,0.616826,-1,-1,-1
102,4,978.00,418.00,127.00,520.00,0.827250,-1,-1,-1
102,6,1068.00,399.00,236.00,618.00,0.890691,-1,-1,-1
102,7,642.00,408.00,127.00,335.00,0.846136,-1,-1,-1
102,14,711.00,466.00,57.00,144.00,0.523952,-1,-1,-1
102,15,1244.00,444.00,38.00,92.00,0.544152,-1,-1,-1
102,43,477.00,434.00,117.00,298.00,0.830414,-1,-1,-1
102,53,1848.00,464.00,65.00,189.00,0.266753,-1,-1,-1
102,56,345.00,439.00,153.00,346.00,0.872536,-1,-1,-1
102,57,163.00,438.00,165.00,356.00,0.907708,-1,-1,-1
102,79,894.00,441.00,67.00,172.00,0.613283,-1,-1,-1
103,4,980.00,418.00,126.00,520.00,0.832745,-1,-1,-1
103,6,1070.00,399.00,234.00,619.00,0.896351,-1,-1,-1
103,7,643.00,407.00,131.00,338.00,0.855711,-1,-1,-1
103,14,710.00,465.00,57.00,145.00,0.564663,-1,-1,-1
103,15,1244.00,445.00,37.00,91.00,0.580489,-1,-1,-1
103,43,489.00,434.00,118.00,298.00,0.868127,-1,-1,-1
103,53,1846.00,456.00,69.00,198.00,0.342907,-1,-1,-1
103,56,354.00,439.00,149.00,342.00,0.880781,-1,-1,-1
103,57,166.00,438.00,167.00,354.00,0.915499,-1,-1,-1
103,79,891.00,443.00,66.00,171.00,0.621118,-1,-1,-1
104,4,981.00,418.00,125.00,520.00,0.827683,-1,-1,-1
104,6,1068.00,396.00,232.00,622.00,0.898819,-1,-1,-1
104,7,646.00,407.00,135.00,339.00,0.863233,-1,-1,-1
104,14,712.00,465.00,55.00,145.00,0.457293,-1,-1,-1
104,15,1243.00,445.00,37.00,93.00,0.567268,-1,-1,-1
104,43,501.00,437.00,118.00,296.00,0.876325,-1,-1,-1
104,53,1847.00,466.00,67.00,188.00,0.260593,-1,-1,-1
104,56,365.00,439.00,144.00,337.00,0.856431,-1,-1,-1
104,57,166.00,437.00,170.00,354.00,0.912202,-1,-1,-1
104,79,889.00,445.00,64.00,168.00,0.637580,-1,-1,-1
105,4,982.00,417.00,124.00,521.00,0.830801,-1,-1,-1
105,6,1067.00,396.00,230.00,622.00,0.892140,-1,-1,-1
105,7,648.00,407.00,137.00,339.00,0.861463,-1,-1,-1
105,14,713.00,463.00,54.00,146.00,0.524491,-1,-1,-1
105,15,1242.00,446.00,38.00,93.00,0.534334,-1,-1,-1
105,43,507.00,438.00,121.00,293.00,0.870880,-1,-1,-1
105,53,1846.00,466.00,68.00,188.00,0.266187,-1,-1,-1
105,56,377.00,438.00,138.00,334.00,0.831919,-1,-1,-1
105,57,170.00,436.00,172.00,353.00,0.909881,-1,-1,-1
105,79,888.00,447.00,63.00,166.00,0.702458,-1,-1,-1
106,4,982.00,418.00,123.00,520.00,0.820080,-1,-1,-1
106,6,1064.00,396.00,227.00,622.00,0.879484,-1,-1,-1
106,7,649.00,410.00,138.00,336.00,0.876478,-1,-1,-1
106,14,715.00,461.00,53.00,149.00,0.514674,-1,-1,-1
106,15,1242.00,445.00,37.00,96.00,0.548755,-1,-1,-1
106,43,512.00,439.00,123.00,293.00,0.871795,-1,-1,-1
106,53,1845.00,467.00,68.00,187.00,0.295023,-1,-1,-1
106,56,390.00,437.00,134.00,334.00,0.816990,-1,-1,-1
106,57,177.00,435.00,171.00,352.00,0.895124,-1,-1,-1
106,79,884.00,443.00,63.00,169.00,0.648258,-1,-1,-1
107,4,982.00,417.00,123.00,521.00,0.823128,-1,-1,-1
107,6,1062.00,397.00,224.00,621.00,0.874301,-1,-1,-1
107,7,651.00,411.00,139.00,336.00,0.882174,-1,-1,-1
107,15,1242.00,446.00,37.00,95.00,0.565447,-1,-1,-1
107,43,514.00,439.00,126.00,293.00,0.853227,-1,-1,-1
107,56,400.00,436.00,129.00,334.00,0.823603,-1,-1,-1
107,57,186.00,434.00,168.00,346.00,0.882636,-1,-1,-1
107,79,880.00,444.00,63.00,168.00,0.671206,-1,-1,-1
108,4,981.00,417.00,123.00,521.00,0.818350,-1,-1,-1
108,6,1059.00,398.00,222.00,620.00,0.877852,-1,-1,-1
108,7,651.00,412.00,140.00,333.00,0.882376,-1,-1,-1
108,15,1241.00,447.00,36.00,95.00,0.545816,-1,-1,-1
108,43,514.00,439.00,128.00,293.00,0.878451,-1,-1,-1
108,53,1843.00,456.00,72.00,198.00,0.422935,-1,-1,-1
108,56,411.00,437.00,125.00,332.00,0.821563,-1,-1,-1
108,57,197.00,434.00,162.00,339.00,0.869398,-1,-1,-1
108,79,876.00,444.00,64.00,169.00,0.740741,-1,-1,-1
109,4,980.00,418.00,122.00,520.00,0.808553,-1,-1,-1
109,6,1057.00,398.00,219.00,620.00,0.888849,-1,-1,-1
109,7,652.00,412.00,140.00,332.00,0.883974,-1,-1,-1
109,15,1241.00,447.00,35.00,94.00,0.570872,-1,-1,-1
109,43,520.00,438.00,128.00,292.00,0.883355,-1,-1,-1
109,53,1840.00,415.00,80.00,239.00,0.386721,-1,-1,-1
109,56,423.00,439.00,123.00,329.00,0.857374,-1,-1,-1
109,57,209.00,434.00,158.00,336.00,0.845959,-1,-1,-1
109,79,876.00,446.00,63.00,166.00,0.685744,-1,-1,-1
109,85,383.00,462.00,39.00,57.00,0.451167,-1,-1,-1
110,4,977.00,418.00,123.00,520.00,0.801175,-1,-1,-1
110,6,1055.00,398.00,217.00,620.00,0.891534,-1,-1,-1
110,7,653.00,414.00,139.00,327.00,0.883354,-1,-1,-1
110,15,1240.00,447.00,35.00,93.00,0.538707,-1,-1,-1
110,43,525.00,435.00,128.00,290.00,0.817153,-1,-1,-1
110,56,434.00,439.00,124.00,329.00,0.882221,-1,-1,-1
110,57,228.00,435.00,150.00,333.00,0.853153,-1,-1,-1
110,79,875.00,441.00,65.00,172.00,0.720486,-1,-1,-1
110,85,382.00,461.00,40.00,59.00,0.434683,-1,-1,-1
111,4,978.00,419.00,121.00,518.00,0.812833,-1,-1,-1
111,6,1055.00,399.00,214.00,619.00,0.881309,-1,-1,-1
111,7,653.00,413.00,141.00,328.00,0.888916,-1,-1,-1
111,15,1239.00,446.00,34.00,93.00,0.572342,-1,-1,-1
111,43,531.00,435.00,126.00,286.00,0.813109,-1,-1,-1
111,53,1841.00,427.00,79.00,227.00,0.417654,-1,-1,-1
111,56,443.00,441.00,124.00,327.00,0.901555,-1,-1,-1
111,57,242.00,433.00,146.00,334.00,0.866839,-1,-1,-1
111,79,873.00,441.00,65.00,171.00,0.712708,-1,-1,-1
111,85,382.00,461.00,42.00,61.00,0.322582,-1,-1,-1
112,4,977.00,420.00,121.00,518.00,0.803192,-1,-1,-1
112,6,1054.00,399.00,212.00,618.00,0.890099,-1,-1,-1
112,7,654.00,412.00,142.00,329.00,0.886912,-1,-1,-1
112,15,1238.00,446.00,33.00,91.00,0.552674,-1,-1,-1
112,43,534.00,435.00,125.00,284.00,0.785300,-1,-1,-1
112,53,1841.00,405.00,79.00,248.00,0.350746,-1,-1,-1
112,56,451.00,445.00,125.00,323.00,0.898064,-1,-1,-1
112,57,252.00,431.00,144.00,339.00,0.827454,-1,-1,-1
112,79,872.00,440.00,65.00,171.00,0.737571,-1,-1,-1
112,85,380.00,460.00,43.00,63.00,0.331128,-1,-1,-1
113,4,977.00,419.00,121.00,518.00,0.803768,-1,-1,-1
113,6,1051.00,396.00,211.00,620.00,0.885056,-1,-1,-1
113,7,655.00,410.00,143.00,330.00,0.879161,-1,-1,-1
113,15,1238.00,445.00,33.00,93.00,0.495629,-1,-1,-1
113,43,541.00,434.00,123.00,283.00,0.806800,-1,-1,-1
113,53,1841.00,396.00,79.00,257.00,0.341476,-1,-1,-1
113,56,453.00,445.00,128.00,322.00,0.891797,-1,-1,-1
113,57,263.00,432.00,140.00,338.00,0.824183,-1,-1,-1
113,79,870.00,439.00,64.00,170.00,0.749026,-1,-1,-1
113,85,380.00,460.00,43.00,63.00,0.291905,-1,-1,-1
113,89,1179.00,429.00,85.00,173.00,0.365295,-1,-1,-1
114,4,976.00,418.00,121.00,520.00,0.801812,-1,-1,-1
114,6,1049.00,394.00,210.00,622.00,0.868388,-1,-1,-1
114,7,657.00,409.00,143.00,330.00,0.881255,-1,-1,-1
114,15,1236.00,445.00,32.00,92.00,0.417067,-1,-1,-1
114,43,544.00,434.00,122.00,284.00,0.802399,-1,-1,-1
114,53,1843.00,422.00,77.00,231.00,0.387993,-1,-1,-1
114,56,453.00,448.00,131.00,320.00,0.892479,-1,-1,-1
114,57,276.00,432.00,139.00,339.00,0.858059,-1,-1,-1
114,79,869.00,439.00,62.00,169.00,0.729073,-1,-1,-1
114,85,368.00,459.00,66.00,99.00,0.494294,-1,-1,-1
114,89,1178.00,435.00,84.00,170.00,0.307161,-1,-1,-1
115,4,976.00,419.00,121.00,520.00,0.793887,-1,-1,-1
115,6,1048.00,391.00,210.00,625.00,0.875181,-1,-1,-1
115,7,663.00,408.00,142.00,328.00,0.883526,-1,-1,-1
115,15,1236.00,446.00,30.00,86.00,0.439439,-1,-1,-1
115,43,553.00,433.00,119.00,285.00,0.759878,-1,-1,-1
115,53,1845.00,436.00,72.00,217.00,0.284117,-1,-1,-1
115,56,453.00,450.00,132.00,318.00,0.889426,-1,-1,-1
115,57,285.00,433.00,138.00,338.00,0.851266,-1,-1,-1
115,79,864.00,438.00,62.00,168.00,0.714007,-1,-1,-1
115,85,366.00,460.00,72.00,110.00,0.562517,-1,-1,-1
115,89,1170.00,412.00,98.00,198.00,0.335837,-1,-1,-1
116,4,975.00,419.00,121.00,520.00,0.782236,-1,-1,-1
116,6,1048.00,392.00,209.00,624.00,0.880619,-1,-1,-1
116,7,670.00,407.00,138.00,326.00,0.891945,-1,-1,-1
116,9,462.00,440.00,35.00,80.00,0.472306,-1,-1,-1
116,43,564.00,432.00,116.00,286.00,0.705433,-1,-1,-1
116,53,1842.00,405.00,78.00,248.00,0.385056,-1,-1,-1
116,56,452.00,451.00,135.00,316.00,0.893266,-1,-1,-1
116,57,295.00,435.00,138.00,336.00,0.856423,-1,-1,-1
116,79,860.00,438.00,60.00,167.00,0.728125,-1,-1,-1
116,85,366.00,460.00,72.00,116.00,0.648915,-1,-1,-1
117,4,977.00,422.00,119.00,516.00,0.789743,-1,-1,-1
117,6,1047.00,391.00,209.00,625.00,0.860484,-1,-1,-1
117,7,676.00,407.00,136.00,323.00,0.889193,-1,-1,-1
117,9,459.00,439.00,42.00,87.00,0.487121,-1,-1,-1
117,43,571.00,432.00,113.00,284.00,0.747086,-1,-1,-1
117,53,1841.00,394.00,79.00,259.00,0.309525,-1,-1,-1
117,56,452.00,450.00,138.00,316.00,0.904646,-1,-1,-1
117,57,300.00,436.00,140.00,335.00,0.891649,-1,-1,-1
117,79,858.00,438.00,59.00,165.00,0.740496,-1,-1,-1
117,85,367.00,460.00,72.00,118.00,0.633899,-1,-1,-1
118,4,977.00,422.00,119.00,517.00,0.796079,-1,-1,-1
118,6,1047.00,397.00,208.00,620.00,0.863947,-1,-1,-1
118,7,684.00,406.00,134.00,324.00,0.856310,-1,-1,-1
118,9,456.00,439.00,48.00,94.00,0.481683,-1,-1,-1
118,43,581.00,432.00,110.00,285.00,0.768641,-1,-1,-1
118,56,452.00,446.00,140.00,319.00,0.903746,-1,-1,-1
118,57,301.00,436.00,143.00,335.00,0.898526,-1,-1,-1
118,79,857.00,438.00,58.00,165.00,0.734448,-1,-1,-1
118,85,369.00,462.00,69.00,116.00,0.455214,-1,-1,-1
119,4,978.00,422.00,118.00,519.00,0.780900,-1,-1,-1
119,6,1046.00,395.00,207.00,622.00,0.862533,-1,-1,-1
119,7,690.00,406.00,132.00,323.00,0.852520,-1,-1,-1
119,9,456.00,439.00,50.00,98.00,0.411472,-1,-1,-1
119,43,591.00,433.00,108.00,285.00,0.776451,-1,-1,-1
119,53,1840.00,386.00,80.00,267.00,0.360767,-1,-1,-1
119,56,455.00,443.00,142.00,321.00,0.906244,-1,-1,-1
119,57,305.00,439.00,144.00,332.00,0.904450,-1,-1,-1
119,79,857.00,437.00,56.00,166.00,0.703454,-1,-1,-1
119,94,415.00,448.00,37.00,123.00,0.361549,-1,-1,-1
120,4,975.00,423.00,119.00,518.00,0.790162,-1,-1,-1
120,6,1046.00,395.00,208.00,622.00,0.859979,-1,-1,-1
120,7,695.00,407.00,129.00,321.00,0.828915,-1,-1,-1
120,9,452.00,440.00,57.00,113.00,0.347431,-1,-1,-1
120,43,602.00,434.00,107.00,283.00,0.801337,-1,-1,-1
120,53,1843.00,411.00,76.00,242.00,0.366552,-1,-1,-1
120,56,459.00,441.00,142.00,323.00,0.902891,-1,-1,-1
120,57,306.00,440.00,147.00,331.00,0.917290,-1,-1,-1
120,79,856.00,437.00,55.00,166.00,0.734115,-1,-1,-1
120,94,414.00,448.00,36.00,123.00,0.371760,-1,-1,-1
121,4,972.00,428.00,118.00,511.00,0.764380,-1,-1,-1
121,6,1048.00,398.00,207.00,621.00,0.834937,-1,-1,-1
121,7,701.00,407.00,127.00,321.00,0.817820,-1,-1,-1
121,9,451.00,440.00,59.00,118.00,0.466558,-1,-1,-1
121,43,612.00,436.00,106.00,279.00,0.826888,-1,-1,-1
121,53,1842.00,410.00,77.00,243.00,0.382448,-1,-1,-1
121,56,465.00,440.00,140.00,322.00,0.881383,-1,-1,-1
121,57,308.00,441.00,150.00,328.00,0.913990,-1,-1,-1
121,79,855.00,438.00,54.00,165.00,0.729781,-1,-1,-1
121,95,1192.00,416.00,134.00,487.00,0.364123,-1,-1,-1
122,4,970.00,428.00,119.00,513.00,0.727388,-1,-1,-1
122,6,1049.00,397.00,207.00,623.00,0.847846,-1,-1,-1
122,7,708.00,409.00,125.00,319.00,0.812959,-1,-1,-1
122,9,451.00,441.00,58.00,118.00,0.385993,-1,-1,-1
122,43,619.00,439.00,108.00,276.00,0.859261,-1,-1,-1
122,53,1844.00,417.00,73.00,236.00,0.323738,-1,-1,-1
122,56,470.00,440.00,137.00,319.00,0.883692,-1,-1,-1
122,57,310.00,441.00,152.00,325.00,0.908667,-1,-1,-1
122,79,853.00,438.00,54.00,165.00,0.741131,-1,-1,-1
122,95,1203.00,425.00,132.00,481.00,0.367441,-1,-1,-1
123,4,969.00,434.00,118.00,508.00,0.684319,-1,-1,-1
123,6,1050.00,397.00,209.00,625.00,0.831276,-1,-1,-1
123,7,712.00,411.00,124.00,318.00,0.798629,-1,-1,-1
123,43,625.00,440.00,110.00,276.00,0.848494,-1,-1,-1
123,53,1844.00,420.00,73.00,233.00,0.356557,-1,-1,-1
123,56,477.00,439.00,134.00,319.00,0.858870,-1,-1,-1
123,57,313.00,440.00,155.00,324.00,0.899358,-1,-1,-1
123,79,851.00,438.00,53.00,165.00,0.719853,-1,-1,-1
123,95,1208.00,424.00,132.00,484.00,0.314563,-1,-1,-1
124,4,972.00,451.00,115.00,491.00,0.661581,-1,-1,-1
124,6,1051.00,397.00,210.00,630.00,0.828857,-1,-1,-1
124,7,716.00,409.00,123.00,320.00,0.768517,-1,-1,-1
124,43,627.00,443.00,112.00,272.00,0.837060,-1,-1,-1
124,53,1845.00,425.00,71.00,228.00,0.346737,-1,-1,-1
124,56,489.00,438.00,130.00,319.00,0.841340,-1,-1,-1
124,57,318.00,438.00,157.00,324.00,0.895786,-1,-1,-1
124,79,848.00,439.00,53.00,163.00,0.699924,-1,-1,-1
124,95,1210.00,419.00,132.00,490.00,0.314445,-1,-1,-1
125,4,974.00,458.00,113.00,483.00,0.633523,-1,-1,-1
125,6,1050.00,397.00,213.00,639.00,0.814695,-1,-1,-1
125,7,722.00,407.00,123.00,322.00,0.740157,-1,-1,-1
125,43,626.00,442.00,115.00,273.00,0.864464,-1,-1,-1
125,56,505.00,437.00,127.00,320.00,0.806245,-1,-1,-1
125,57,325.00,437.00,157.00,323.00,0.892680,-1,-1,-1
125,79,845.00,440.00,52.00,161.00,0.688539,-1,-1,-1
125,95,1206.00,417.00,132.00,494.00,0.301700,-1,-1,-1
125,98,1164.00,411.00,155.00,498.00,0.411633,-1,-1,-1
126,4,974.00,443.00,116.00,497.00,0.701708,-1,-1,-1
126,6,1050.00,396.00,215.00,649.00,0.748381,-1,-1,-1
126,7,731.00,409.00,119.00,320.00,0.821754,-1,-1,-1
126,43,624.00,442.00,117.00,273.00,0.868033,-1,-1,-1
126,56,513.00,436.00,124.00,321.00,0.825675,-1,-1,-1
126,57,333.00,436.00,155.00,319.00,0.883950,-1,-1,-1
126,79,843.00,439.00,52.00,162.00,0.712070,-1,-1,-1
126,95,1207.00,418.00,130.00,494.00,0.327763,-1,-1,-1
126,98,1165.00,411.00,155.00,498.00,0.369556,-1,-1,-1
127,4,974.00,436.00,118.00,503.00,0.744377,-1,-1,-1
127,6,1052.00,396.00,213.00,641.00,0.626654,-1,-1,-1
127,7,735.00,411.00,116.00,319.00,0.838217,-1,-1,-1
127,43,623.00,442.00,119.00,272.00,0.870625,-1,-1,-1
127,56,518.00,436.00,119.00,321.00,0.832973,-1,-1,-1
127,57,342.00,436.00,151.00,316.00,0.882861,-1,-1,-1
127,79,841.00,440.00,50.00,159.00,0.711364,-1,-1,-1
127,95,1220.00,424.00,127.00,487.00,0.498011,-1,-1,-1
127,98,1166.00,410.00,152.00,488.00,0.375515,-1,-1,-1
127,101,1713.00,328.00,184.00,724.00,0.852698,-1,-1,-1
128,4,972.00,428.00,121.00,514.00,0.791136,-1,-1,-1
128,6,1053.00,395.00,209.00,636.00,0.645546,-1,-1,-1
128,7,733.00,413.00,116.00,317.00,0.792746,-1,-1,-1
128,43,625.00,442.00,119.00,272.00,0.861269,-1,-1,-1
128,56,525.00,437.00,117.00,319.00,0.844434,-1,-1,-1
128,57,353.00,436.00,147.00,314.00,0.864662,-1,-1,-1
128,79,839.00,440.00,50.00,159.00,0.728524,-1,-1,-1
128,95,1226.00,423.00,125.00,490.00,0.451271,-1,-1,-1
128,98,1170.00,411.00,150.00,479.00,0.404799,-1,-1,-1
128,101,1688.00,325.00,186.00,723.00,0.830288,-1,-1,-1
128,102,1248.00,427.00,84.00,260.00,0.409886,-1,-1,-1
129,4,973.00,428.00,121.00,512.00,0.784837,-1,-1,-1
129,6,1055.00,395.00,205.00,630.00,0.676463,-1,-1,-1
129,7,738.00,415.00,115.00,315.00,0.791272,-1,-1,-1
129,43,628.00,440.00,120.00,273.00,0.844351,-1,-1,-1
129,56,536.00,437.00,117.00,319.00,0.873437,-1,-1,-1
129,57,363.00,436.00,141.00,314.00,0.761168,-1,-1,-1
129,79,837.00,439.00,49.00,158.00,0.748720,-1,-1,-1
129,95,1232.00,422.00,122.00,491.00,0.441161,-1,-1,-1
129,98,1168.00,410.00,159.00,512.00,0.476453,-1,-1,-1
129,101,1657.00,320.00,195.00,740.00,0.828259,-1,-1,-1
129,102,1253.00,426.00,84.00,258.00,0.452281,-1,-1,-1
130,4,976.00,426.00,122.00,513.00,0.756220,-1,-1,-1
130,6,1055.00,395.00,205.00,634.00,0.644397,-1,-1,-1
130,7,742.00,416.00,113.00,313.00,0.792750,-1,-1,-1
130,43,635.00,440.00,119.00,270.00,0.832449,-1,-1,-1
130,56,546.00,438.00,117.00,319.00,0.875194,-1,-1,-1
130,57,375.00,438.00,135.00,313.00,0.646101,-1,-1,-1
130,79,837.00,438.00,48.00,159.00,0.712909,-1,-1,-1
130,98,1187.00,411.00,122.00,385.00,0.552022,-1,-1,-1
130,101,1628.00,310.00,204.00,750.00,0.876558,-1,-1,-1
130,102,1259.00,425.00,86.00,263.00,0.387066,-1,-1,-1
131,4,980.00,422.00,123.00,516.00,0.753984,-1,-1,-1
131,6,1062.00,395.00,203.00,630.00,0.749163,-1,-1,-1
131,7,745.00,415.00,113.00,313.00,0.821012,-1,-1,-1
131,43,643.00,441.00,115.00,266.00,0.754712,-1,-1,-1
131,53,1847.00,466.00,61.00,188.00,0.564419,-1,-1,-1
131,56,553.00,439.00,119.00,318.00,0.893922,-1,-1,-1
131,57,384.00,440.00,131.00,315.00,0.609343,-1,-1,-1
131,79,836.00,436.00,48.00,160.00,0.694411,-1,-1,-1
131,98,1195.00,410.00,109.00,337.00,0.744719,-1,-1,-1
131,101,1599.00,303.00,215.00,754.00,0.819414,-1,-1,-1
131,102,1263.00,423.00,91.00,279.00,0.624843,-1,-1,-1
132,4,988.00,420.00,124.00,519.00,0.771109,-1,-1,-1
132,6,1063.00,396.00,200.00,626.00,0.813479,-1,-1,-1
132,7,745.00,415.00,113.00,314.00,0.812276,-1,-1,-1
132,43,651.00,436.00,113.00,271.00,0.503288,-1,-1,-1
132,53,1848.00,457.00,64.00,197.00,0.475345,-1,-1,-1
132,56,559.00,439.00,121.00,318.00,0.892813,-1,-1,-1
132,57,401.00,444.00,123.00,308.00,0.610645,-1,-1,-1
132,79,833.00,435.00,48.00,160.00,0.678073,-1,-1,-1
132,98,1198.00,409.00,108.00,329.00,0.709385,-1,-1,-1
132,101,1568.00,299.00,230.00,758.00,0.615651,-1,-1,-1
132,102,1265.00,421.00,95.00,291.00,0.632703,-1,-1,-1
133,4,990.00,418.00,125.00,524.00,0.760956,-1,-1,-1
133,6,1078.00,395.00,177.00,545.00,0.538000,-1,-1,-1
133,7,745.00,413.00,113.00,316.00,0.822350,-1,-1,-1
133,43,662.00,435.00,111.00,271.00,0.534646,-1,-1,-1
133,53,1848.00,463.00,63.00,191.00,0.376872,-1,-1,-1
133,56,560.00,441.00,122.00,316.00,0.893077,-1,-1,-1
133,57,402.00,440.00,121.00,310.00,0.703203,-1,-1,-1
133,79,831.00,436.00,49.00,158.00,0.620024,-1,-1,-1
133,98,1205.00,409.00,99.00,298.00,0.615035,-1,-1,-1
133,102,1269.00,422.00,99.00,305.00,0.681544,-1,-1,-1
134,4,996.00,418.00,120.00,496.00,0.765181,-1,-1,-1
134,6,1094.00,396.00,150.00,449.00,0.659128,-1,-1,-1
134,7,746.00,414.00,112.00,314.00,0.829941,-1,-1,-1
134,43,673.00,433.00,107.00,273.00,0.608416,-1,-1,-1
134,53,1847.00,460.00,65.00,193.00,0.372379,-1,-1,-1
134,56,560.00,442.00,123.00,315.00,0.893233,-1,-1,-1
134,57,411.00,435.00,123.00,314.00,0.699683,-1,-1,-1
134,79,832.00,437.00,47.00,158.00,0.619703,-1,-1,-1
134,98,1207.00,409.00,102.00,300.00,0.651052,-1,-1,-1
134,101,1339.00,301.00,269.00,763.00,0.827193,-1,-1,-1
134,102,1274.00,423.00,100.00,311.00,0.741670,-1,-1,-1
134,112,385.00,463.00,30.00,55.00,0.369902,-1,-1,-1
135,4,1008.00,418.00,106.00,420.00,0.736870,-1,-1,-1
135,6,1099.00,396.00,144.00,423.00,0.677559,-1,-1,-1
135,7,747.00,413.00,110.00,313.00,0.799797,-1,-1,-1
135,43,683.00,436.00,102.00,270.00,0.559814,-1,-1,-1
135,53,1845.00,455.00,67.00,198.00,0.542940,-1,-1,-1
135,56,559.00,442.00,125.00,315.00,0.896071,-1,-1,-1
135,57,421.00,435.00,123.00,314.00,0.811450,-1,-1,-1
135,79,831.00,439.00,48.00,156.00,0.539241,-1,-1,-1
135,98,1208.00,409.00,107.00,312.00,0.696757,-1,-1,-1
135,101,1365.00,308.00,264.00,706.00,0.430919,-1,-1,-1
135,102,1279.00,421.00,94.00,292.00,0.501417,-1,-1,-1
135,112,386.00,464.00,30.00,54.00,0.294313,-1,-1,-1
136,4,1015.00,419.00,104.00,403.00,0.763060,-1,-1,-1
136,6,1107.00,397.00,150.00,431.00,0.728040,-1,-1,-1
136,7,750.00,415.00,108.00,308.00,0.767918,-1,-1,-1
136,43,691.00,437.00,98.00,269.00,0.616709,-1,-1,-1
136,53,1844.00,454.00,68.00,200.00,0.537692,-1,-1,-1
136,56,558.00,441.00,127.00,315.00,0.892638,-1,-1,-1
136,57,429.00,436.00,123.00,315.00,0.850799,-1,-1,-1
136,79,828.00,440.00,47.00,155.00,0.393896,-1,-1,-1
136,98,1213.00,407.00,104.00,295.00,0.649994,-1,-1,-1
136,101,1326.00,318.00,276.00,702.00,0.367194,-1,-1,-1
136,115,951.00,321.00,758.00,743.00,0.555756,-1,-1,-1
137,4,1022.00,420.00,107.00,408.00,0.728389,-1,-1,-1
137,6,1105.00,396.00,156.00,445.00,0.836110,-1,-1,-1
137,7,754.00,417.00,107.00,304.00,0.737569,-1,-1,-1
137,43,694.00,435.00,98.00,272.00,0.681798,-1,-1,-1
137,53,1846.00,459.00,66.00,195.00,0.335696,-1,-1,-1
137,56,556.00,441.00,129.00,314.00,0.881986,-1,-1,-1
137,57,433.00,436.00,123.00,315.00,0.853394,-1,-1,-1
137,79,827.00,441.00,46.00,154.00,0.422797,-1,-1,-1
137,101,1274.00,328.00,282.00,690.00,0.842602,-1,-1,-1
138,4,1019.00,420.00,113.00,423.00,0.752378,-1,-1,-1
138,6,1109.00,405.00,142.00,404.00,0.513654,-1,-1,-1
138,7,762.00,416.00,106.00,303.00,0.779657,-1,-1,-1
138,43,704.00,435.00,97.00,273.00,0.723960,-1,-1,-1
138,53,1845.00,457.00,68.00,197.00,0.359196,-1,-1,-1
138,56,556.00,440.00,130.00,314.00,0.886698,-1,-1,-1
138,57,435.00,436.00,123.00,313.00,0.857176,-1,-1,-1
138,79,824.00,428.00,49.00,167.00,0.269570,-1,-1,-1
138,101,1214.00,340.00,289.00,687.00,0.780049,-1,-1,-1
139,4,1018.00,421.00,117.00,434.00,0.723803,-1,-1,-1
139,6,1113.00,456.00,110.00,312.00,0.393470,-1,-1,-1
139,7,767.00,415.00,105.00,305.00,0.742226,-1,-1,-1
139,43,708.00,434.00,97.00,274.00,0.715271,-1,-1,-1
139,53,1845.00,456.00,69.00,198.00,0.380761,-1,-1,-1
139,56,557.00,439.00,132.00,314.00,0.874222,-1,-1,-1
139,57,438.00,436.00,122.00,311.00,0.877068,-1,-1,-1
139,85,357.00,506.00,74.00,122.00,0.619524,-1,-1,-1
139,101,1153.00,353.00,291.00,673.00,0.808696,-1,-1,-1
139,118,1695.00,429.00,86.00,179.00,0.382892,-1,-1,-1
140,4,1022.00,423.00,118.00,432.00,0.469428,-1,-1,-1
140,7,771.00,414.00,102.00,301.00,0.780609,-1,-1,-1
140,43,712.00,434.00,96.00,274.00,0.829212,-1,-1,-1
140,56,560.00,439.00,131.00,312.00,0.876203,-1,-1,-1
140,57,441.00,436.00,121.00,309.00,0.872004,-1,-1,-1
140,85,351.00,507.00,75.00,124.00,0.653260,-1,-1,-1
140,101,1093.00,361.00,294.00,663.00,0.879772,-1,-1,-1
140,102,1326.00,426.00,108.00,323.00,0.789217,-1,-1,-1
140,118,1690.00,429.00,89.00,186.00,0.311960,-1,-1,-1
141,7,777.00,413.00,99.00,299.00,0.738291,-1,-1,-1
141,43,714.00,433.00,98.00,274.00,0.812005,-1,-1,-1
141,53,1844.00,452.00,70.00,202.00,0.300784,-1,-1,-1
141,56,564.00,440.00,130.00,309.00,0.871935,-1,-1,-1
141,57,442.00,436.00,121.00,308.00,0.844061,-1,-1,-1
141,85,345.00,510.00,78.00,127.00,0.702740,-1,-1,-1
141,101,1035.00,365.00,295.00,656.00,0.853088,-1,-1,-1
141,102,1324.00,425.00,114.00,330.00,0.799279,-1,-1,-1
141,118,1692.00,429.00,86.00,178.00,0.351696,-1,-1,-1
142,7,782.00,413.00,98.00,299.00,0.779018,-1,-1,-1
142,43,715.00,430.00,99.00,277.00,0.713120,-1,-1,-1
142,53,1844.00,454.00,70.00,200.00,0.326018,-1,-1,-1
142,56,569.00,439.00,129.00,308.00,0.866547,-1,-1,-1
142,57,447.00,435.00,121.00,308.00,0.851284,-1,-1,-1
142,85,337.00,510.00,80.00,131.00,0.699790,-1,-1,-1
142,95,1267.00,427.00,90.00,314.00,0.510032,-1,-1,-1
142,101,984.00,367.00,297.00,650.00,0.831024,-1,-1,-1
142,102,1330.00,426.00,119.00,331.00,0.763024,-1,-1,-1
142,118,1693.00,429.00,86.00,177.00,0.323042,-1,-1,-1
143,7,787.00,413.00,95.00,299.00,0.753202,-1,-1,-1
143,43,723.00,426.00,103.00,283.00,0.713401,-1,-1,-1
143,53,1844.00,455.00,70.00,199.00,0.365650,-1,-1,-1
143,56,575.00,438.00,126.00,306.00,0.832450,-1,-1,-1
143,57,455.00,433.00,117.00,305.00,0.846723,-1,-1,-1
143,85,326.00,510.00,83.00,134.00,0.725594,-1,-1,-1
143,94,416.00,454.00,37.00,119.00,0.563800,-1,-1,-1
143,95,1263.00,423.00,96.00,312.00,0.558748,-1,-1,-1
143,101,933.00,363.00,299.00,650.00,0.826483,-1,-1,-1
143,102,1329.00,427.00,122.00,333.00,0.834903,-1,-1,-1
143,112,381.00,462.00,42.00,79.00,0.437969,-1,-1,-1
143,118,1692.00,429.00,86.00,177.00,0.311835,-1,-1,-1
143,123,381.00,462.00,43.00,111.00,0.481738,-1,-1,-1
144,7,791.00,412.00,93.00,300.00,0.737873,-1,-1,-1
144,43,720.00,432.00,102.00,277.00,0.715565,-1,-1,-1
144,53,1844.00,457.00,69.00,197.00,0.391550,-1,-1,-1
144,56,581.00,440.00,122.00,301.00,0.806899,-1,-1,-1
144,57,463.00,433.00,115.00,299.00,0.828289,-1,-1,-1
144,85,319.00,510.00,83.00,134.00,0.765597,-1,-1,-1
144,94,416.00,455.00,37.00,118.00,0.557935,-1,-1,-1
144,95,1261.00,426.00,99.00,307.00,0.493030,-1,-1,-1
144,101,891.00,357.00,303.00,650.00,0.796054,-1,-1,-1
144,102,1327.00,426.00,125.00,336.00,0.789168,-1,-1,-1
144,118,1689.00,429.00,91.00,185.00,0.323056,-1,-1,-1
144,123,381.00,462.00,43.00,113.00,0.475159,-1,-1,-1
144,125,1160.00,400.00,166.00,497.00,0.761279,-1,-1,-1
145,7,795.00,412.00,91.00,298.00,0.601650,-1,-1,-1
145,43,727.00,434.00,106.00,276.00,0.726138,-1,-1,-1
145,53,1844.00,457.00,69.00,197.00,0.376593,-1,-1,-1
145,56,592.00,439.00,119.00,299.00,0.822067,-1,-1,-1
145,57,474.00,433.00,110.00,294.00,0.833751,-1,-1,-1
145,85,310.00,511.00,86.00,138.00,0.751181,-1,-1,-1
145,94,418.00,453.00,37.00,119.00,0.465859,-1,-1,-1
145,95,1255.00,421.00,101.00,312.00,0.287045,-1,-1,-1
145,101,850.00,347.00,304.00,647.00,0.813409,-1,-1,-1
145,102,1332.00,425.00,126.00,338.00,0.780010,-1,-1,-1
145,118,1690.00,429.00,91.00,185.00,0.353387,-1,-1,-1
145,123,381.00,463.00,43.00,112.00,0.643917,-1,-1,-1
145,125,1129.00,402.00,211.00,634.00,0.835825,-1,-1,-1
146,4,1075.00,420.00,92.00,330.00,0.418975,-1,-1,-1
146,7,803.00,411.00,85.00,285.00,0.648817,-1,-1,-1
146,43,726.00,431.00,108.00,278.00,0.744192,-1,-1,-1
146,53,1845.00,458.00,68.00,196.00,0.475561,-1,-1,-1
146,56,604.00,437.00,116.00,300.00,0.762690,-1,-1,-1
146,57,479.00,432.00,109.00,292.00,0.830372,-1,-1,-1
146,85,303.00,511.00,88.00,142.00,0.741769,-1,-1,-1
146,94,419.00,451.00,39.00,120.00,0.401003,-1,-1,-1
146,95,1256.00,420.00,101.00,310.00,0.473951,-1,-1,-1
146,101,812.00,339.00,304.00,643.00,0.810396,-1,-1,-1
146,102,1336.00,423.00,125.00,340.00,0.766196,-1,-1,-1
146,118,1690.00,429.00,93.00,190.00,0.366092,-1,-1,-1
146,123,382.00,463.00,43.00,112.00,0.704640,-1,-1,-1
146,125,1123.00,406.00,225.00,674.00,0.832762,-1,-1,-1
147,4,1055.00,421.00,132.00,479.00,0.812956,-1,-1,-1
147,43,730.00,436.00,107.00,270.00,0.744262,-1,-1,-1
147,53,1845.00,454.00,70.00,200.00,0.323179,-1,-1,-1
147,56,615.00,437.00,113.00,303.00,0.789411,-1,-1,-1
147,57,487.00,433.00,104.00,287.00,0.819938,-1,-1,-1
147,85,296.00,510.00,88.00,144.00,0.760032,-1,-1,-1
147,94,419.00,452.00,38.00,118.00,0.433742,-1,-1,-1
147,95,1259.00,421.00,105.00,322.00,0.682815,-1,-1,-1
147,101,778.00,335.00,310.00,651.00,0.804532,-1,-1,-1
147,102,1338.00,421.00,126.00,343.00,0.785888,-1,-1,-1
147,123,383.00,462.00,42.00,112.00,0.693457,-1,-1,-1
147,125,1122.00,411.00,225.00,669.00,0.776445,-1,-1,-1
148,4,1047.00,421.00,142.00,513.00,0.835727,-1,-1,-1
148,53,1845.00,455.00,70.00,199.00,0.292455,-1,-1,-1
148,56,622.00,437.00,110.00,303.00,0.815182,-1,-1,-1
148,57,492.00,433.00,103.00,289.00,0.812024,-1,-1,-1
148,85,290.00,511.00,88.00,143.00,0.769628,-1,-1,-1
148,94,420.00,452.00,38.00,118.00,0.472021,-1,-1,-1
148,95,1263.00,424.00,103.00,321.00,0.637169,-1,-1,-1
148,101,742.00,334.00,313.00,653.00,0.840773,-1,-1,-1
148,102,1337.00,420.00,125.00,344.00,0.789379,-1,-1,-1
148,123,383.00,462.00,42.00,112.00,0.702999,-1,-1,-1
148,125,1124.00,412.00,224.00,668.00,0.813071,-1,-1,-1
148,133,722.00,453.00,29.00,81.00,0.413925,-1,-1,-1
149,4,1044.00,422.00,146.00,527.00,0.873914,-1,-1,-1
149,53,1845.00,458.00,69.00,196.00,0.304452,-1,-1,-1
149,56,627.00,438.00,106.00,300.00,0.810198,-1,-1,-1
149,57,499.00,433.00,103.00,290.00,0.737154,-1,-1,-1
149,85,283.00,511.00,87.00,145.00,0.718571,-1,-1,-1
149,94,419.00,451.00,38.00,118.00,0.501343,-1,-1,-1
149,95,1266.00,424.00,105.00,330.00,0.482975,-1,-1,-1
149,101,701.00,337.00,328.00,683.00,0.882464,-1,-1,-1
149,102,1339.00,419.00,126.00,345.00,0.830903,-1,-1,-1
149,118,1692.00,429.00,83.00,166.00,0.337256,-1,-1,-1
149,123,384.00,463.00,42.00,111.00,0.649658,-1,-1,-1
149,125,1136.00,410.00,222.00,670.00,0.809503,-1,-1,-1
149,133,721.00,453.00,29.00,81.00,0.501595,-1,-1,-1
150,4,1044.00,423.00,148.00,530.00,0.873530,-1,-1,-1
150,56,632.00,438.00,102.00,299.00,0.788779,-1,-1,-1
150,57,507.00,429.00,105.00,296.00,0.759131,-1,-1,-1
150,85,274.00,512.00,88.00,146.00,0.805472,-1,-1,-1
150,94,418.00,450.00,38.00,120.00,0.525197,-1,-1,-1
150,95,1271.00,424.00,102.00,324.00,0.510637,-1,-1,-1
150,101,665.00,342.00,335.00,695.00,0.886337,-1,-1,-1
150,102,1340.00,419.00,125.00,345.00,0.848582,-1,-1,-1
150,118,1689.00,429.00,83.00,161.00,0.292872,-1,-1,-1
150,123,384.00,464.00,42.00,110.00,0.621984,-1,-1,-1
150,125,1148.00,411.00,221.00,661.00,0.864901,-1,-1,-1
151,4,1044.00,420.00,150.00,535.00,0.862777,-1,-1,-1
151,53,1839.00,404.00,81.00,250.00,0.342843,-1,-1,-1
151,56,641.00,448.00,89.00,263.00,0.500632,-1,-1,-1
151,57,512.00,432.00,106.00,292.00,0.751212,-1,-1,-1
151,85,265.00,512.00,89.00,147.00,0.831846,-1,-1,-1
151,94,418.00,451.00,38.00,119.00,0.510264,-1,-1,-1
151,101,627.00,350.00,339.00,701.00,0.884532,-1,-1,-1
151,102,1348.00,418.00,124.00,346.00,0.825318,-1,-1,-1
151,118,1684.00,429.00,94.00,181.00,0.395594,-1,-1,-1
151,123,384.00,464.00,42.00,110.00,0.654419,-1,-1,-1
151,125,1164.00,403.00,228.00,670.00,0.846876,-1,-1,-1
152,4,1045.00,419.00,151.00,536.00,0.867241,-1,-1,-1
152,53,1839.00,391.00,81.00,263.00,0.310173,-1,-1,-1
152,57,514.00,432.00,109.00,293.00,0.779961,-1,-1,-1
152,85,259.00,513.00,87.00,143.00,0.807643,-1,-1,-1
152,94,419.00,451.00,38.00,118.00,0.481897,-1,-1,-1
152,101,591.00,359.00,341.00,700.00,0.880215,-1,-1,-1
152,102,1357.00,416.00,123.00,347.00,0.786148,-1,-1,-1
152,118,1685.00,430.00,92.00,173.00,0.339040,-1,-1,-1
152,123,384.00,463.00,43.00,111.00,0.620563,-1,-1,-1
152,125,1177.00,401.00,233.00,677.00,0.895338,-1,-1,-1
153,4,1048.00,418.00,152.00,537.00,0.857665,-1,-1,-1
153,7,818.00,407.00,87.00,298.00,0.606437,-1,-1,-1
153,53,1840.00,385.00,80.00,269.00,0.371863,-1,-1,-1
153,57,513.00,434.00,110.00,294.00,0.793682,-1,-1,-1
153,85,253.00,513.00,86.00,141.00,0.780538,-1,-1,-1
153,94,420.00,452.00,38.00,117.00,0.496392,-1,-1,-1
153,101,549.00,373.00,338.00,690.00,0.852743,-1,-1,-1
153,102,1368.00,417.00,124.00,348.00,0.876315,-1,-1,-1
153,118,1685.00,432.00,90.00,164.00,0.408480,-1,-1,-1
153,123,384.00,463.00,44.00,111.00,0.635924,-1,-1,-1
153,125,1181.00,403.00,240.00,677.00,0.904947,-1,-1,-1
154,4,1052.00,418.00,152.00,536.00,0.852054,-1,-1,-1
154,7,821.00,407.00,88.00,300.00,0.778876,-1,-1,-1
154,53,1844.00,383.00,76.00,271.00,0.376367,-1,-1,-1
154,57,510.00,442.00,101.00,278.00,0.672638,-1,-1,-1
154,85,246.00,514.00,85.00,139.00,0.811384,-1,-1,-1
154,94,421.00,452.00,38.00,116.00,0.504046,-1,-1,-1
154,101,511.00,386.00,336.00,682.00,0.807028,-1,-1,-1
154,102,1374.00,418.00,124.00,350.00,0.841726,-1,-1,-1
154,118,1683.00,431.00,92.00,167.00,0.345138,-1,-1,-1
154,123,384.00,462.00,44.00,112.00,0.650391,-1,-1,-1
154,125,1183.00,403.00,245.00,677.00,0.908128,-1,-1,-1
155,4,1057.00,419.00,152.00,536.00,0.846987,-1,-1,-1
155,7,816.00,406.00,90.00,302.00,0.777223,-1,-1,-1
155,53,1844.00,382.00,76.00,271.00,0.352378,-1,-1,-1
155,85,240.00,515.00,85.00,136.00,0.757453,-1,-1,-1
155,94,421.00,453.00,38.00,116.00,0.451866,-1,-1,-1
155,101,477.00,394.00,338.00,674.00,0.883719,-1,-1,-1
155,102,1379.00,418.00,126.00,355.00,0.838799,-1,-1,-1
155,123,384.00,462.00,45.00,112.00,0.642074,-1,-1,-1
155,125,1184.00,406.00,250.00,674.00,0.912389,-1,-1,-1
155,133,727.00,452.00,28.00,79.00,0.375372,-1,-1,-1
156,4,1061.00,420.00,154.00,536.00,0.845799,-1,-1,-1
156,7,819.00,407.00,89.00,301.00,0.729886,-1,-1,-1
156,53,1848.00,415.00,72.00,238.00,0.425983,-1,-1,-1
156,56,689.00,444.00,60.00,173.00,0.606696,-1,-1,-1
156,85,234.00,515.00,84.00,135.00,0.766386,-1,-1,-1
156,94,421.00,453.00,38.00,116.00,0.547857,-1,-1,-1
156,101,436.00,398.00,341.00,669.00,0.894384,-1,-1,-1
156,102,1383.00,419.00,126.00,358.00,0.847820,-1,-1,-1
156,123,384.00,461.00,44.00,113.00,0.605752,-1,-1,-1
156,125,1182.00,405.00,255.00,674.00,0.911870,-1,-1,-1
157,4,1068.00,420.00,154.00,541.00,0.852008,-1,-1,-1
157,7,815.00,407.00,90.00,300.00,0.763818,-1,-1,-1
157,53,1848.00,405.00,72.00,248.00,0.306324,-1,-1,-1
157,56,691.00,443.00,93.00,267.00,0.825570,-1,-1,-1
157,85,225.00,514.00,83.00,133.00,0.788432,-1,-1,-1
157,94,420.00,452.00,38.00,118.00,0.519380,-1,-1,-1
157,101,397.00,396.00,348.00,673.00,0.903406,-1,-1,-1
157,102,1390.00,421.00,128.00,360.00,0.883988,-1,-1,-1
157,123,384.00,462.00,44.00,112.00,0.629176,-1,-1,-1
157,125,1182.00,404.00,261.00,674.00,0.914158,-1,-1,-1
157,143,796.00,437.00,55.00,257.00,0.326367,-1,-1,-1
158,4,1077.00,419.00,156.00,545.00,0.855123,-1,-1,-1
158,7,815.00,408.00,90.00,299.00,0.771850,-1,-1,-1
158,53,1846.00,392.00,74.00,261.00,0.361224,-1,-1,-1
158,56,692.00,442.00,100.00,285.00,0.847043,-1,-1,-1
158,79,788.00,443.00,43.00,142.00,0.294689,-1,-1,-1
158,85,215.00,516.00,86.00,135.00,0.806397,-1,-1,-1
158,101,361.00,391.00,355.00,678.00,0.894178,-1,-1,-1
158,102,1399.00,421.00,132.00,365.00,0.888679,-1,-1,-1
158,123,385.00,462.00,44.00,112.00,0.646727,-1,-1,-1
158,125,1182.00,404.00,266.00,675.00,0.911787,-1,-1,-1
158,143,795.00,438.00,55.00,256.00,0.266230,-1,-1,-1
159,4,1087.00,419.00,155.00,545.00,0.848054,-1,-1,-1
159,7,813.00,407.00,91.00,300.00,0.799484,-1,-1,-1
159,53,1849.00,420.00,71.00,233.00,0.369049,-1,-1,-1
159,56,685.00,440.00,106.00,294.00,0.861109,-1,-1,-1
159,79,787.00,446.00,42.00,139.00,0.313541,-1,-1,-1
159,85,208.00,516.00,85.00,133.00,0.793959,-1,-1,-1
159,101,325.00,384.00,362.00,684.00,0.902880,-1,-1,-1
159,102,1408.00,422.00,136.00,366.00,0.905899,-1,-1,-1
159,125,1180.00,404.00,269.00,673.00,0.904764,-1,-1,-1
160,4,1094.00,421.00,154.00,549.00,0.812816,-1,-1,-1
160,7,811.00,406.00,93.00,302.00,0.794252,-1,-1,-1
160,53,1846.00,398.00,74.00,255.00,0.318295,-1,-1,-1
160,56,679.00,439.00,110.00,297.00,0.876068,-1,-1,-1
160,57,555.00,437.00,97.00,266.00,0.348502,-1,-1,-1
160,79,781.00,446.00,41.00,139.00,0.462083,-1,-1,-1
160,85,200.00,518.00,84.00,130.00,0.782596,-1,-1,-1
160,101,293.00,379.00,368.00,689.00,0.920003,-1,-1,-1
160,102,1414.00,424.00,139.00,367.00,0.905575,-1,-1,-1
160,118,1688.00,429.00,94.00,170.00,0.294965,-1,-1,-1
160,125,1179.00,404.00,274.00,674.00,0.907246,-1,-1,-1
161,4,1103.00,419.00,155.00,554.00,0.815477,-1,-1,-1
161,7,810.00,407.00,93.00,300.00,0.810151,-1,-1,-1
161,53,1846.00,389.00,74.00,265.00,0.340184,-1,-1,-1
161,56,679.00,438.00,113.00,299.00,0.874675,-1,-1,-1
161,57,567.00,437.00,99.00,268.00,0.592452,-1,-1,-1
161,79,779.00,445.00,40.00,140.00,0.558749,-1,-1,-1
161,85,188.00,519.00,86.00,129.00,0.781452,-1,-1,-1
161,101,261.00,370.00,376.00,698.00,0.906752,-1,-1,-1
161,102,1417.00,425.00,143.00,371.00,0.891334,-1,-1,-1
161,118,1687.00,429.00,95.00,169.00,0.345929,-1,-1,-1
161,125,1179.00,403.00,278.00,675.00,0.908063,-1,-1,-1
162,4,1107.00,416.00,154.00,556.00,0.807670,-1,-1,-1
162,7,810.00,406.00,94.00,300.00,0.797531,-1,-1,-1
162,53,1846.00,388.00,74.00,265.00,0.373174,-1,-1,-1
162,56,681.00,435.00,114.00,302.00,0.880429,-1,-1,-1
162,57,570.00,435.00,100.00,274.00,0.723855,-1,-1,-1
162,79,776.00,441.00,42.00,143.00,0.651642,-1,-1,-1
162,85,179.00,517.00,90.00,135.00,0.792174,-1,-1,-1
162,101,230.00,363.00,382.00,704.00,0.901670,-1,-1,-1
162,102,1419.00,426.00,146.00,372.00,0.888528,-1,-1,-1
162,118,1686.00,430.00,96.00,169.00,0.344893,-1,-1,-1
162,125,1179.00,403.00,281.00,677.00,0.885205,-1,-1,-1
162,152,1048.00,439.00,42.00,121.00,0.384862,-1,-1,-1
163,4,1115.00,415.00,154.00,558.00,0.832376,-1,-1,-1
163,7,814.00,405.00,96.00,302.00,0.790381,-1,-1,-1
163,53,1848.00,383.00,72.00,270.00,0.454437,-1,-1,-1
163,56,684.00,434.00,113.00,302.00,0.865347,-1,-1,-1
163,57,566.00,433.00,104.00,276.00,0.845856,-1,-1,-1
163,79,776.00,439.00,42.00,143.00,0.723269,-1,-1,-1
163,85,169.00,517.00,89.00,130.00,0.631350,-1,-1,-1
163,101,201.00,359.00,388.00,710.00,0.929560,-1,-1,-1
163,102,1423.00,425.00,148.00,375.00,0.873587,-1,-1,-1
163,118,1685.00,430.00,96.00,165.00,0.377811,-1,-1,-1
163,125,1182.00,400.00,283.00,680.00,0.886080,-1,-1,-1
163,152,1047.00,436.00,43.00,124.00,0.338367,-1,-1,-1
163,153,1110.00,434.00,39.00,134.00,0.399421,-1,-1,-1
164,4,1122.00,415.00,155.00,558.00,0.807646,-1,-1,-1
164,7,817.00,405.00,97.00,303.00,0.765225,-1,-1,-1
164,53,1849.00,381.00,71.00,272.00,0.427885,-1,-1,-1
164,56,692.00,435.00,111.00,300.00,0.843928,-1,-1,-1
164,57,563.00,432.00,106.00,278.00,0.868583,-1,-1,-1
164,79,775.00,442.00,41.00,141.00,0.696854,-1,-1,-1
164,101,170.00,359.00,393.00,711.00,0.929712,-1,-1,-1
164,102,1427.00,424.00,149.00,377.00,0.879701,-1,-1,-1
164,118,1685.00,430.00,95.00,162.00,0.295227,-1,-1,-1
164,125,1186.00,397.00,285.00,683.00,0.882516,-1,-1,-1
164,152,1045.00,435.00,44.00,128.00,0.339349,-1,-1,-1
164,153,1108.00,432.00,41.00,139.00,0.503294,-1,-1,-1
165,4,1125.00,415.00,156.00,561.00,0.820274,-1,-1,-1
165,7,819.00,405.00,98.00,302.00,0.810178,-1,-1,-1
165,53,1848.00,381.00,72.00,272.00,0.442575,-1,-1,-1
165,56,702.00,436.00,109.00,299.00,0.793559,-1,-1,-1
165,57,564.00,430.00,108.00,280.00,0.839349,-1,-1,-1
165,79,775.00,446.00,41.00,138.00,0.555821,-1,-1,-1
165,101,139.00,363.00,397.00,708.00,0.905622,-1,-1,-1
165,102,1433.00,421.00,149.00,380.00,0.881700,-1,-1,-1
165,125,1194.00,398.00,282.00,682.00,0.883221,-1,-1,-1
165,152,1041.00,438.00,42.00,123.00,0.279565,-1,-1,-1
165,153,1104.00,432.00,44.00,149.00,0.498151,-1,-1,-1
165,155,508.00,460.00,66.00,181.00,0.670634,-1,-1,-1
166,4,1126.00,415.00,156.00,563.00,0.835608,-1,-1,-1
166,7,824.00,405.00,97.00,302.00,0.822130,-1,-1,-1
166,53,1849.00,380.00,71.00,270.00,0.317730,-1,-1,-1
166,56,713.00,434.00,108.00,301.00,0.803984,-1,-1,-1
166,57,568.00,430.00,107.00,280.00,0.826184,-1,-1,-1
166,101,114.00,367.00,398.00,704.00,0.898486,-1,-1,-1
166,102,1439.00,419.00,148.00,383.00,0.869455,-1,-1,-1
166,125,1207.00,397.00,276.00,673.00,0.868722,-1,-1,-1
166,138,433.00,502.00,59.00,125.00,0.541081,-1,-1,-1
166,152,1043.00,440.00,42.00,123.00,0.356781,-1,-1,-1
166,153,1102.00,431.00,46.00,154.00,0.324242,-1,-1,-1
166,155,506.00,463.00,61.00,170.00,0.648554,-1,-1,-1
167,4,1127.00,415.00,157.00,569.00,0.830606,-1,-1,-1
167,7,825.00,404.00,97.00,303.00,0.825190,-1,-1,-1
167,53,1852.00,422.00,64.00,230.00,0.336019,-1,-1,-1
167,56,720.00,433.00,105.00,302.00,0.813611,-1,-1,-1
167,57,575.00,431.00,104.00,278.00,0.783072,-1,-1,-1
167,101,88.00,375.00,397.00,696.00,0.909100,-1,-1,-1
167,102,1444.00,416.00,146.00,386.00,0.844623,-1,-1,-1
167,118,1693.00,430.00,93.00,158.00,0.351825,-1,-1,-1
167,123,382.00,460.00,44.00,110.00,0.516405,-1,-1,-1
167,125,1220.00,399.00,273.00,673.00,0.851769,-1,-1,-1
167,138,426.00,498.00,62.00,129.00,0.479590,-1,-1,-1
167,152,1044.00,442.00,42.00,122.00,0.319727,-1,-1,-1
167,153,1102.00,432.00,46.00,155.00,0.273261,-1,-1,-1
167,155,498.00,452.00,68.00,187.00,0.638606,-1,-1,-1
168,4,1126.00,417.00,159.00,576.00,0.841919,-1,-1,-1
168,7,828.00,405.00,96.00,301.00,0.835642,-1,-1,-1
168,56,727.00,432.00,103.00,302.00,0.823512,-1,-1,-1
168,57,584.00,432.00,101.00,276.00,0.747417,-1,-1,-1
168,101,60.00,382.00,395.00,689.00,0.857808,-1,-1,-1
168,102,1454.00,414.00,144.00,389.00,0.795373,-1,-1,-1
168,118,1694.00,431.00,92.00,157.00,0.298281,-1,-1,-1
168,123,382.00,462.00,44.00,111.00,0.530032,-1,-1,-1
168,125,1238.00,401.00,271.00,674.00,0.858127,-1,-1,-1
168,138,423.00,500.00,61.00,130.00,0.573205,-1,-1,-1
168,155,491.00,447.00,72.00,199.00,0.716359,-1,-1,-1
168,161,1262.00,408.00,104.00,509.00,0.417374,-1,-1,-1
169,4,1129.00,418.00,161.00,585.00,0.834649,-1,-1,-1
169,7,829.00,408.00,95.00,298.00,0.845019,-1,-1,-1
169,56,735.00,432.00,102.00,302.00,0.831821,-1,-1,-1
169,57,592.00,433.00,98.00,275.00,0.691123,-1,-1,-1
169,101,37.00,388.00,395.00,683.00,0.886578,-1,-1,-1
169,102,1465.00,412.00,142.00,390.00,0.818954,-1,-1,-1
169,118,1694.00,430.00,92.00,157.00,0.328948,-1,-1,-1
169,123,382.00,461.00,43.00,113.00,0.586072,-1,-1,-1
169,125,1255.00,402.00,267.00,671.00,0.845270,-1,-1,-1
169,138,418.00,499.00,61.00,128.00,0.554824,-1,-1,-1
169,152,1045.00,443.00,42.00,121.00,0.256661,-1,-1,-1
169,155,489.00,462.00,67.00,184.00,0.679651,-1,-1,-1
169,161,1262.00,412.00,104.00,505.00,0.458546,-1,-1,-1
170,4,1132.00,418.00,162.00,590.00,0.845779,-1,-1,-1
170,7,832.00,410.00,94.00,295.00,0.841851,-1,-1,-1
170,56,743.00,433.00,101.00,301.00,0.873154,-1,-1,-1
170,57,596.00,433.00,96.00,275.00,0.733964,-1,-1,-1
170,101,17.00,395.00,394.00,676.00,0.919322,-1,-1,-1
170,102,1472.00,412.00,138.00,390.00,0.828397,-1,-1,-1
170,118,1696.00,430.00,91.00,155.00,0.382882,-1,-1,-1
170,123,382.00,463.00,42.00,110.00,0.335379,-1,-1,-1
170,125,1277.00,400.00,263.00,673.00,0.857247,-1,-1,-1
170,138,411.00,497.00,63.00,133.00,0.593425,-1,-1,-1
170,155,482.00,467.00,67.00,183.00,0.677033,-1,-1,-1
170,161,1267.00,410.00,105.00,509.00,0.618625,-1,-1,-1
171,4,1137.00,419.00,162.00,590.00,0.858702,-1,-1,-1
171,7,832.00,408.00,94.00,297.00,0.853187,-1,-1,-1
171,53,1850.00,393.00,70.00,260.00,0.315740,-1,-1,-1
171,56,746.00,434.00,102.00,300.00,0.870287,-1,-1,-1
171,57,600.00,432.00,95.00,276.00,0.731784,-1,-1,-1
171,101,0.00,401.00,390.00,669.00,0.935313,-1,-1,-1
171,102,1481.00,411.00,136.00,391.00,0.842949,-1,-1,-1
171,118,1697.00,430.00,90.00,155.00,0.392166,-1,-1,-1
171,125,1294.00,402.00,258.00,672.00,0.765952,-1,-1,-1
171,138,409.00,499.00,62.00,134.00,0.415822,-1,-1,-1
171,153,1101.00,432.00,47.00,157.00,0.269705,-1,-1,-1
171,155,476.00,468.00,69.00,183.00,0.689312,-1,-1,-1
171,161,1268.00,410.00,106.00,510.00,0.501585,-1,-1,-1
172,4,1140.00,419.00,163.00,590.00,0.853786,-1,-1,-1
172,7,831.00,407.00,94.00,298.00,0.824627,-1,-1,-1
172,53,1851.00,432.00,63.00,221.00,0.347038,-1,-1,-1
172,56,748.00,436.00,102.00,297.00,0.877260,-1,-1,-1
172,57,605.00,431.00,93.00,277.00,0.759494,-1,-1,-1
172,101,0.00,405.00,371.00,666.00,0.917974,-1,-1,-1
172,102,1490.00,410.00,134.00,391.00,0.876723,-1,-1,-1
172,118,1692.00,429.00,94.00,161.00,0.326062,-1,-1,-1
172,125,1303.00,400.00,255.00,675.00,0.805129,-1,-1,-1
172,138,402.00,502.00,62.00,132.00,0.432284,-1,-1,-1
172,153,1103.00,435.00,45.00,154.00,0.263996,-1,-1,-1
172,155,470.00,468.00,69.00,183.00,0.612370,-1,-1,-1
172,161,1283.00,408.00,106.00,514.00,0.572221,-1,-1,-1
172,165,564.00,448.00,29.00,80.00,0.385318,-1,-1,-1
173,4,1144.00,418.00,164.00,592.00,0.856472,-1,-1,-1
173,7,829.00,407.00,93.00,298.00,0.836249,-1,-1,-1
173,53,1852.00,452.00,58.00,202.00,0.302676,-1,-1,-1
173,56,749.00,436.00,103.00,297.00,0.867912,-1,-1,-1
173,57,609.00,431.00,91.00,277.00,0.736835,-1,-1,-1
173,95,1308.00,408.00,89.00,272.00,0.389329,-1,-1,-1
173,101,0.00,404.00,358.00,666.00,0.939663,-1,-1,-1
173,102,1497.00,410.00,133.00,390.00,0.862539,-1,-1,-1
173,118,1694.00,430.00,92.00,159.00,0.329982,-1,-1,-1
173,125,1310.00,397.00,251.00,675.00,0.827098,-1,-1,-1
173,138,397.00,505.00,58.00,124.00,0.410128,-1,-1,-1
173,153,1104.00,438.00,44.00,150.00,0.258381,-1,-1,-1
173,155,461.00,469.00,71.00,185.00,0.694179,-1,-1,-1
173,161,1284.00,407.00,107.00,520.00,0.422645,-1,-1,-1
173,165,564.00,448.00,29.00,80.00,0.428582,-1,-1,-1
174,4,1149.00,417.00,164.00,593.00,0.862976,-1,-1,-1
174,7,832.00,407.00,92.00,298.00,0.794380,-1,-1,-1
174,56,750.00,436.00,104.00,297.00,0.849530,-1,-1,-1
174,57,614.00,435.00,88.00,273.00,0.755928,-1,-1,-1
174,95,1306.00,407.00,91.00,283.00,0.450719,-1,-1,-1
174,101,0.00,401.00,347.00,668.00,0.946713,-1,-1,-1
174,102,1506.00,410.00,133.00,391.00,0.886020,-1,-1,-1
174,118,1694.00,430.00,92.00,158.00,0.354841,-1,-1,-1
174,125,1316.00,396.00,248.00,676.00,0.789437,-1,-1,-1
174,138,387.00,501.00,63.00,135.00,0.443325,-1,-1,-1
174,153,1104.00,437.00,43.00,151.00,0.417417,-1,-1,-1
174,155,453.00,471.00,73.00,188.00,0.694912,-1,-1,-1
174,161,1289.00,407.00,110.00,539.00,0.359134,-1,-1,-1
174,165,564.00,449.00,30.00,80.00,0.454513,-1,-1,-1
175,4,1153.00,417.00,165.00,595.00,0.878664,-1,-1,-1
175,7,834.00,406.00,92.00,300.00,0.767296,-1,-1,-1
175,43,890.00,430.00,93.00,248.00,0.463777,-1,-1,-1
175,53,1852.00,460.00,59.00,194.00,0.334361,-1,-1,-1
175,56,750.00,434.00,106.00,299.00,0.854033,-1,-1,-1
175,57,617.00,436.00,87.00,271.00,0.778718,-1,-1,-1
175,95,1309.00,407.00,91.00,284.00,0.482782,-1,-1,-1
175,101,0.00,396.00,335.00,673.00,0.944545,-1,-1,-1
175,102,1519.00,411.00,135.00,392.00,0.890241,-1,-1,-1
175,118,1691.00,431.00,95.00,162.00,0.340644,-1,-1,-1
175,125,1323.00,394.00,246.00,679.00,0.840678,-1,-1,-1
175,138,380.00,501.00,64.00,138.00,0.505736,-1,-1,-1
175,153,1103.00,437.00,43.00,151.00,0.393299,-1,-1,-1
175,155,447.00,472.00,74.00,188.00,0.756851,-1,-1,-1
175,165,565.00,449.00,30.00,80.00,0.508890,-1,-1,-1
175,169,1331.00,398.00,226.00,464.00,0.683419,-1,-1,-1
176,4,1156.00,417.00,166.00,595.00,0.867924,-1,-1,-1
176,7,834.00,407.00,91.00,299.00,0.756341,-1,-1,-1
176,43,896.00,429.00,93.00,250.00,0.485116,-1,-1,-1
176,53,1847.00,411.00,72.00,243.00,0.341249,-1,-1,-1
176,56,750.00,433.00,106.00,298.00,0.851310,-1,-1,-1
176,57,624.00,437.00,85.00,267.00,0.788115,-1,-1,-1
176,95,1309.00,410.00,93.00,292.00,0.343925,-1,-1,-1
176,101,0.00,389.00,324.00,679.00,0.933117,-1,-1,-1
176,102,1531.00,412.00,140.00,394.00,0.899066,-1,-1,-1
176,118,1687.00,430.00,102.00,177.00,0.366398,-1,-1,-1
176,125,1329.00,396.00,242.00,678.00,0.847450,-1,-1,-1
176,138,376.00,502.00,63.00,135.00,0.371669,-1,-1,-1
176,155,439.00,474.00,74.00,187.00,0.706523,-1,-1,-1
176,161,1299.00,408.00,110.00,539.00,0.528407,-1,-1,-1
176,165,565.00,448.00,30.00,80.00,0.490887,-1,-1,-1
176,170,528.00,455.00,27.00,75.00,0.360267,-1,-1,-1
177,4,1160.00,417.00,166.00,594.00,0.862150,-1,-1,-1
177,7,835.00,408.00,91.00,299.00,0.753611,-1,-1,-1
177,43,901.00,431.00,92.00,244.00,0.518786,-1,-1,-1
177,53,1849.00,438.00,65.00,216.00,0.336079,-1,-1,-1
177,56,751.00,432.00,107.00,299.00,0.845163,-1,-1,-1
177,57,629.00,437.00,84.00,264.00,0.787573,-1,-1,-1
177,95,1313.00,409.00,95.00,300.00,0.323932,-1,-1,-1
177,101,0.00,385.00,311.00,681.00,0.932222,-1,-1,-1
177,102,1542.00,413.00,145.00,395.00,0.909834,-1,-1,-1
177,118,1690.00,429.00,97.00,170.00,0.350763,-1,-1,-1
177,125,1334.00,396.00,238.00,677.00,0.873722,-1,-1,-1
177,138,371.00,502.00,58.00,123.00,0.382887,-1,-1,-1
177,153,1103.00,438.00,43.00,152.00,0.286331,-1,-1,-1
177,155,431.00,474.00,76.00,187.00,0.722037,-1,-1,-1
177,161,1305.00,407.00,110.00,542.00,0.581363,-1,-1,-1
177,165,565.00,448.00,29.00,80.00,0.561112,-1,-1,-1
177,170,528.00,455.00,27.00,75.00,0.426729,-1,-1,-1
178,4,1164.00,416.00,167.00,594.00,0.866922,-1,-1,-1
178,7,835.00,408.00,90.00,300.00,0.744586,-1,-1,-1
178,43,905.00,434.00,93.00,242.00,0.669288,-1,-1,-1
178,53,1846.00,405.00,74.00,249.00,0.290384,-1,-1,-1
178,56,756.00,433.00,106.00,295.00,0.853344,-1,-1,-1
178,57,633.00,436.00,83.00,263.00,0.805004,-1,-1,-1
178,95,1317.00,409.00,94.00,301.00,0.354280,-1,-1,-1
178,101,0.00,384.00,298.00,682.00,0.927461,-1,-1,-1
178,102,1551.00,412.00,152.00,401.00,0.907636,-1,-1,-1
178,118,1689.00,429.00,97.00,171.00,0.371100,-1,-1,-1
178,125,1341.00,397.00,235.00,676.00,0.854361,-1,-1,-1
178,153,1104.00,440.00,43.00,151.00,0.319894,-1,-1,-1
178,155,422.00,476.00,78.00,192.00,0.666034,-1,-1,-1
178,161,1310.00,408.00,108.00,543.00,0.451723,-1,-1,-1
178,165,564.00,448.00,30.00,81.00,0.523089,-1,-1,-1
178,170,529.00,456.00,26.00,73.00,0.402211,-1,-1,-1
179,4,1169.00,417.00,167.00,593.00,0.854122,-1,-1,-1
179,7,837.00,409.00,89.00,299.00,0.793478,-1,-1,-1
179,43,906.00,434.00,95.00,243.00,0.714325,-1,-1,-1
179,56,762.00,431.00,104.00,293.00,0.845149,-1,-1,-1
179,57,635.00,434.00,84.00,265.00,0.800592,-1,-1,-1
179,101,0.00,388.00,282.00,677.00,0.916558,-1,-1,-1
179,102,1558.00,412.00,159.00,407.00,0.903530,-1,-1,-1
179,118,1691.00,430.00,93.00,162.00,0.408285,-1,-1,-1
179,125,1347.00,393.00,237.00,681.00,0.859629,-1,-1,-1
179,138,360.00,501.00,60.00,124.00,0.351100,-1,-1,-1
179,153,1102.00,438.00,44.00,152.00,0.393949,-1,-1,-1
179,155,417.00,478.00,78.00,191.00,0.680924,-1,-1,-1
179,161,1316.00,408.00,106.00,543.00,0.554529,-1,-1,-1
179,165,564.00,449.00,30.00,81.00,0.473288,-1,-1,-1
179,170,530.00,457.00,25.00,72.00,0.355247,-1,-1,-1
180,4,1174.00,418.00,167.00,591.00,0.863412,-1,-1,-1
180,7,837.00,409.00,88.00,299.00,0.797001,-1,-1,-1
180,43,907.00,435.00,96.00,243.00,0.715344,-1,-1,-1
180,56,769.00,431.00,104.00,291.00,0.817887,-1,-1,-1
180,57,636.00,434.00,85.00,267.00,0.815307,-1,-1,-1
180,101,0.00,404.00,267.00,663.00,0.899521,-1,-1,-1
180,102,1563.00,412.00,165.00,411.00,0.899414,-1,-1,-1
180,118,1692.00,429.00,92.00,161.00,0.341613,-1,-1,-1
180,125,1355.00,390.00,238.00,687.00,0.882402,-1,-1,-1
180,138,357.00,506.00,56.00,115.00,0.311516,-1,-1,-1
180,153,1101.00,437.00,45.00,155.00,0.309570,-1,-1,-1
180,155,408.00,478.00,79.00,189.00,0.688430,-1,-1,-1
180,161,1322.00,406.00,106.00,543.00,0.592574,-1,-1,-1
180,165,564.00,450.00,30.00,80.00,0.512630,-1,-1,-1
180,170,530.00,459.00,25.00,69.00,0.351360,-1,-1,-1
181,4,1178.00,417.00,166.00,592.00,0.872687,-1,-1,-1
181,7,840.00,409.00,87.00,299.00,0.794010,-1,-1,-1
181,43,909.00,435.00,96.00,243.00,0.730308,-1,-1,-1
181,56,778.00,432.00,101.00,288.00,0.831447,-1,-1,-1
181,57,637.00,433.00,86.00,269.00,0.812700,-1,-1,-1
181,101,0.00,430.00,247.00,638.00,0.898910,-1,-1,-1
181,102,1566.00,414.00,168.00,411.00,0.885416,-1,-1,-1
181,118,1692.00,430.00,92.00,159.00,0.278330,-1,-1,-1
181,125,1363.00,390.00,240.00,685.00,0.873038,-1,-1,-1
181,155,400.00,480.00,79.00,186.00,0.613502,-1,-1,-1
181,161,1326.00,404.00,105.00,543.00,0.591706,-1,-1,-1
181,165,566.00,451.00,29.00,80.00,0.459312,-1,-1,-1
182,4,1183.00,417.00,166.00,592.00,0.878219,-1,-1,-1
182,7,843.00,409.00,87.00,299.00,0.789856,-1,-1,-1
182,43,910.00,439.00,95.00,239.00,0.724614,-1,-1,-1
182,53,1847.00,388.00,73.00,265.00,0.274251,-1,-1,-1
182,56,786.00,432.00,99.00,289.00,0.798980,-1,-1,-1
182,57,641.00,432.00,84.00,266.00,0.839044,-1,-1,-1
182,101,0.00,482.00,221.00,587.00,0.849480,-1,-1,-1
182,102,1567.00,416.00,169.00,411.00,0.866740,-1,-1,-1
182,125,1369.00,389.00,243.00,688.00,0.859476,-1,-1,-1
182,133,749.00,445.00,32.00,90.00,0.351232,-1,-1,-1
182,155,394.00,479.00,81.00,190.00,0.656925,-1,-1,-1
182,161,1331.00,405.00,105.00,543.00,0.698434,-1,-1,-1
182,165,567.00,453.00,29.00,78.00,0.461917,-1,-1,-1
182,170,531.00,460.00,25.00,67.00,0.316276,-1,-1,-1
183,4,1188.00,417.00,165.00,591.00,0.859903,-1,-1,-1
183,7,844.00,409.00,86.00,299.00,0.721581,-1,-1,-1
183,43,910.00,439.00,95.00,240.00,0.724036,-1,-1,-1
183,56,790.00,433.00,98.00,292.00,0.806740,-1,-1,-1
183,57,647.00,433.00,85.00,264.00,0.817542,-1,-1,-1
183,79,744.00,443.00,39.00,135.00,0.534794,-1,-1,-1
183,85,34.00,529.00,75.00,113.00,0.396703,-1,-1,-1
183,101,0.00,541.00,193.00,526.00,0.546715,-1,-1,-1
183,102,1572.00,416.00,169.00,411.00,0.856661,-1,-1,-1
183,125,1373.00,391.00,245.00,686.00,0.887425,-1,-1,-1
183,155,386.00,479.00,84.00,193.00,0.660520,-1,-1,-1
183,161,1336.00,406.00,104.00,543.00,0.668220,-1,-1,-1
183,165,567.00,453.00,29.00,78.00,0.411893,-1,-1,-1
184,4,1192.00,418.00,165.00,590.00,0.863584,-1,-1,-1
184,7,848.00,408.00,83.00,297.00,0.704209,-1,-1,-1
184,43,908.00,439.00,96.00,240.00,0.749858,-1,-1,-1
184,56,795.00,433.00,95.00,291.00,0.792249,-1,-1,-1
184,57,654.00,432.00,87.00,265.00,0.857554,-1,-1,-1
184,79,742.00,444.00,39.00,134.00,0.501781,-1,-1,-1
184,85,19.00,530.00,78.00,117.00,0.649717,-1,-1,-1
184,101,0.00,569.00,173.00,499.00,0.572140,-1,-1,-1
184,102,1576.00,415.00,168.00,410.00,0.856324,-1,-1,-1
184,125,1375.00,394.00,247.00,683.00,0.891216,-1,-1,-1
184,155,374.00,478.00,84.00,192.00,0.599578,-1,-1,-1
184,161,1339.00,410.00,102.00,538.00,0.638449,-1,-1,-1
184,165,567.00,452.00,29.00,79.00,0.448141,-1,-1,-1
184,170,533.00,461.00,24.00,66.00,0.313811,-1,-1,-1
185,4,1199.00,418.00,165.00,591.00,0.854854,-1,-1,-1
185,7,851.00,407.00,81.00,296.00,0.662147,-1,-1,-1
185,43,906.00,437.00,98.00,244.00,0.770671,-1,-1,-1
185,53,1850.00,429.00,66.00,224.00,0.317975,-1,-1,-1
185,56,801.00,434.00,96.00,292.00,0.798761,-1,-1,-1
185,57,656.00,432.00,89.00,265.00,0.876880,-1,-1,-1
185,79,740.00,443.00,39.00,134.00,0.599770,-1,-1,-1
185,85,5.00,528.00,81.00,120.00,0.459701,-1,-1,-1
185,101,0.00,580.00,140.00,409.00,0.517771,-1,-1,-1
185,102,1583.00,415.00,172.00,419.00,0.838527,-1,-1,-1
185,118,1695.00,430.00,89.00,155.00,0.260470,-1,-1,-1
185,125,1376.00,395.00,251.00,682.00,0.896822,-1,-1,-1
185,155,365.00,479.00,84.00,191.00,0.618704,-1,-1,-1
185,161,1344.00,408.00,104.00,540.00,0.698606,-1,-1,-1
185,165,567.00,451.00,30.00,81.00,0.458279,-1,-1,-1
185,170,532.00,460.00,25.00,68.00,0.282149,-1,-1,-1
186,4,1206.00,418.00,167.00,592.00,0.861102,-1,-1,-1
186,7,857.00,408.00,78.00,292.00,0.521765,-1,-1,-1
186,43,909.00,434.00,99.00,246.00,0.721349,-1,-1,-1
186,56,809.00,435.00,97.00,291.00,0.800430,-1,-1,-1
186,57,657.00,430.00,93.00,266.00,0.890699,-1,-1,-1
186,79,739.00,445.00,39.00,130.00,0.578125,-1,-1,-1
186,85,0.00,529.00,81.00,128.00,0.613604,-1,-1,-1
186,101,0.00,547.00,127.00,415.00,0.426254,-1,-1,-1
186,102,1590.00,414.00,173.00,424.00,0.825836,-1,-1,-1
186,118,1685.00,428.00,104.00,184.00,0.283042,-1,-1,-1
186,125,1378.00,393.00,255.00,683.00,0.890992,-1,-1,-1
186,155,356.00,478.00,88.00,197.00,0.663536,-1,-1,-1
186,161,1348.00,408.00,103.00,535.00,0.709550,-1,-1,-1
186,165,567.00,451.00,30.00,79.00,0.479790,-1,-1,-1
186,170,532.00,460.00,25.00,68.00,0.306614,-1,-1,-1
187,4,1210.00,417.00,169.00,592.00,0.860092,-1,-1,-1
187,43,913.00,435.00,96.00,244.00,0.707496,-1,-1,-1
187,56,815.00,434.00,100.00,291.00,0.858000,-1,-1,-1
187,57,659.00,429.00,94.00,266.00,0.888592,-1,-1,-1
187,79,738.00,446.00,38.00,126.00,0.569135,-1,-1,-1
187,85,0.00,530.00,76.00,142.00,0.555720,-1,-1,-1
187,102,1595.00,412.00,172.00,428.00,0.851059,-1,-1,-1
187,118,1683.00,428.00,108.00,198.00,0.494000,-1,-1,-1
187,125,1376.00,393.00,257.00,683.00,0.864082,-1,-1,-1
187,155,347.00,479.00,89.00,197.00,0.479650,-1,-1,-1
187,161,1352.00,409.00,102.00,535.00,0.683023,-1,-1,-1
187,165,567.00,451.00,30.00,80.00,0.495866,-1,-1,-1
187,170,532.00,459.00,26.00,70.00,0.267797,-1,-1,-1
188,4,1213.00,418.00,169.00,591.00,0.865308,-1,-1,-1
188,43,918.00,438.00,94.00,241.00,0.715278,-1,-1,-1
188,53,1852.00,425.00,67.00,228.00,0.292002,-1,-1,-1
188,56,819.00,434.00,103.00,291.00,0.872945,-1,-1,-1
188,57,660.00,432.00,96.00,265.00,0.900858,-1,-1,-1
188,79,737.00,446.00,37.00,126.00,0.550354,-1,-1,-1
188,85,0.00,531.00,69.00,140.00,0.674393,-1,-1,-1
188,102,1600.00,408.00,172.00,432.00,0.828180,-1,-1,-1
188,118,1683.00,427.00,109.00,206.00,0.557312,-1,-1,-1
188,125,1375.00,390.00,262.00,685.00,0.854647,-1,-1,-1
188,155,339.00,480.00,91.00,197.00,0.652085,-1,-1,-1
188,161,1355.00,411.00,103.00,535.00,0.721268,-1,-1,-1
188,165,567.00,451.00,30.00,80.00,0.530512,-1,-1,-1
189,4,1215.00,418.00,172.00,591.00,0.868333,-1,-1,-1
189,43,924.00,434.00,94.00,245.00,0.693771,-1,-1,-1
189,53,1853.00,428.00,66.00,226.00,0.285067,-1,-1,-1
189,56,821.00,437.00,105.00,288.00,0.881770,-1,-1,-1
189,57,659.00,432.00,99.00,267.00,0.908405,-1,-1,-1
189,79,736.00,444.00,38.00,127.00,0.532084,-1,-1,-1
189,85,0.00,536.00,62.00,138.00,0.554635,-1,-1,-1
189,94,421.00,460.00,36.00,109.00,0.377962,-1,-1,-1
189,102,1604.00,406.00,170.00,434.00,0.809557,-1,-1,-1
189,118,1688.00,425.00,107.00,207.00,0.460215,-1,-1,-1
189,125,1375.00,389.00,263.00,684.00,0.832197,-1,-1,-1
189,155,329.00,482.00,91.00,197.00,0.702233,-1,-1,-1
189,161,1361.00,411.00,104.00,534.00,0.737379,-1,-1,-1
189,165,567.00,450.00,30.00,80.00,0.526124,-1,-1,-1
189,170,533.00,460.00,25.00,69.00,0.271300,-1,-1,-1
190,4,1217.00,417.00,174.00,592.00,0.882690,-1,-1,-1
190,43,935.00,432.00,92.00,246.00,0.700402,-1,-1,-1
190,53,1852.00,416.00,68.00,239.00,0.313539,-1,-1,-1
190,56,823.00,438.00,108.00,288.00,0.876966,-1,-1,-1
190,57,658.00,432.00,102.00,268.00,0.903542,-1,-1,-1
190,79,734.00,442.00,39.00,130.00,0.500029,-1,-1,-1
190,85,0.00,545.00,57.00,143.00,0.511642,-1,-1,-1
190,94,419.00,462.00,38.00,108.00,0.435277,-1,-1,-1
190,102,1612.00,404.00,170.00,435.00,0.752631,-1,-1,-1
190,125,1373.00,389.00,264.00,683.00,0.862897,-1,-1,-1
190,155,323.00,483.00,94.00,199.00,0.660431,-1,-1,-1
190,161,1366.00,411.00,105.00,533.00,0.713663,-1,-1,-1
190,165,566.00,450.00,31.00,79.00,0.515708,-1,-1,-1
191,4,1218.00,418.00,176.00,590.00,0.891138,-1,-1,-1
191,43,951.00,433.00,92.00,245.00,0.720968,-1,-1,-1
191,53,1851.00,405.00,69.00,249.00,0.404220,-1,-1,-1
191,56,823.00,441.00,111.00,285.00,0.871567,-1,-1,-1
191,57,659.00,432.00,104.00,269.00,0.905756,-1,-1,-1
191,79,732.00,442.00,39.00,131.00,0.520898,-1,-1,-1
191,94,419.00,462.00,38.00,108.00,0.425155,-1,-1,-1
191,102,1619.00,407.00,167.00,433.00,0.776015,-1,-1,-1
191,125,1375.00,386.00,265.00,685.00,0.838457,-1,-1,-1
191,155,312.00,482.00,96.00,202.00,0.712097,-1,-1,-1
191,161,1370.00,411.00,106.00,531.00,0.748151,-1,-1,-1
191,165,566.00,451.00,31.00,79.00,0.549389,-1,-1,-1
191,170,534.00,459.00,25.00,69.00,0.331317,-1,-1,-1
192,4,1219.00,420.00,177.00,587.00,0.890058,-1,-1,-1
192,43,956.00,432.00,91.00,246.00,0.710331,-1,-1,-1
192,53,1851.00,399.00,69.00,255.00,0.267953,-1,-1,-1
192,56,822.00,441.00,114.00,286.00,0.841435,-1,-1,-1
192,57,661.00,433.00,105.00,268.00,0.888331,-1,-1,-1
192,79,729.00,441.00,39.00,133.00,0.537454,-1,-1,-1
192,94,420.00,459.00,38.00,112.00,0.394588,-1,-1,-1
192,102,1625.00,406.00,167.00,436.00,0.824026,-1,-1,-1
192,125,1377.00,387.00,265.00,684.00,0.850051,-1,-1,-1
192,155,306.00,483.00,98.00,205.00,0.638462,-1,-1,-1
192,161,1374.00,411.00,108.00,534.00,0.768469,-1,-1,-1
192,165,566.00,451.00,32.00,80.00,0.499196,-1,-1,-1
193,4,1220.00,420.00,180.00,588.00,0.888709,-1,-1,-1
193,43,963.00,431.00,92.00,248.00,0.746309,-1,-1,-1
193,53,1850.00,394.00,70.00,260.00,0.363150,-1,-1,-1
193,56,822.00,443.00,116.00,284.00,0.851077,-1,-1,-1
193,57,661.00,434.00,106.00,268.00,0.882749,-1,-1,-1
193,79,728.00,441.00,39.00,133.00,0.361362,-1,-1,-1
193,94,420.00,461.00,38.00,109.00,0.394700,-1,-1,-1
193,102,1631.00,406.00,156.00,408.00,0.785422,-1,-1,-1
193,125,1379.00,386.00,266.00,685.00,0.866181,-1,-1,-1
193,155,296.00,482.00,99.00,206.00,0.670719,-1,-1,-1
193,161,1381.00,410.00,109.00,536.00,0.784136,-1,-1,-1
193,165,566.00,450.00,32.00,82.00,0.476053,-1,-1,-1
193,170,535.00,459.00,25.00,69.00,0.256250,-1,-1,-1
194,4,1222.00,419.00,183.00,590.00,0.883433,-1,-1,-1
194,43,965.00,432.00,93.00,246.00,0.724622,-1,-1,-1
194,53,1849.00,391.00,71.00,264.00,0.385839,-1,-1,-1
194,56,825.00,443.00,118.00,285.00,0.861802,-1,-1,-1
194,57,661.00,435.00,107.00,267.00,0.883264,-1,-1,-1
194,94,420.00,466.00,36.00,103.00,0.384314,-1,-1,-1
194,102,1638.00,406.00,147.00,383.00,0.792188,-1,-1,-1
194,125,1383.00,381.00,268.00,690.00,0.876244,-1,-1,-1
194,153,1089.00,445.00,46.00,149.00,0.370902,-1,-1,-1
194,155,284.00,482.00,99.00,208.00,0.699881,-1,-1,-1
194,161,1386.00,410.00,112.00,545.00,0.788842,-1,-1,-1
194,165,565.00,450.00,33.00,82.00,0.511546,-1,-1,-1
194,170,536.00,459.00,25.00,70.00,0.252987,-1,-1,-1
195,4,1222.00,419.00,185.00,590.00,0.885482,-1,-1,-1
195,43,969.00,433.00,93.00,245.00,0.793984,-1,-1,-1
195,53,1851.00,390.00,69.00,264.00,0.333922,-1,-1,-1
195,56,828.00,445.00,118.00,283.00,0.784570,-1,-1,-1
195,57,661.00,435.00,107.00,267.00,0.881917,-1,-1,-1
195,94,420.00,468.00,36.00,101.00,0.359660,-1,-1,-1
195,102,1643.00,404.00,146.00,381.00,0.813412,-1,-1,-1
195,125,1390.00,379.00,269.00,693.00,0.866591,-1,-1,-1
195,155,275.00,479.00,101.00,213.00,0.712154,-1,-1,-1
195,161,1390.00,410.00,116.00,555.00,0.765561,-1,-1,-1
195,165,565.00,450.00,33.00,82.00,0.502748,-1,-1,-1
195,170,537.00,461.00,24.00,67.00,0.275283,-1,-1,-1
196,4,1223.00,418.00,189.00,592.00,0.894591,-1,-1,-1
196,43,973.00,434.00,96.00,244.00,0.780853,-1,-1,-1
196,53,1851.00,391.00,69.00,263.00,0.348655,-1,-1,-1
196,56,833.00,445.00,118.00,283.00,0.833266,-1,-1,-1
196,57,663.00,434.00,107.00,268.00,0.878396,-1,-1,-1
196,94,420.00,468.00,36.00,101.00,0.359291,-1,-1,-1
196,102,1645.00,404.00,152.00,396.00,0.822105,-1,-1,-1
196,123,382.00,464.00,44.00,109.00,0.299870,-1,-1,-1
196,125,1398.00,380.00,269.00,693.00,0.852093,-1,-1,-1
196,155,268.00,478.00,103.00,216.00,0.683827,-1,-1,-1
196,161,1395.00,410.00,118.00,558.00,0.762210,-1,-1,-1
196,165,566.00,450.00,32.00,82.00,0.468640,-1,-1,-1
196,170,538.00,461.00,24.00,67.00,0.325349,-1,-1,-1
197,4,1228.00,419.00,191.00,591.00,0.891643,-1,-1,-1
197,43,976.00,437.00,96.00,241.00,0.842423,-1,-1,-1
197,53,1852.00,390.00,68.00,264.00,0.369376,-1,-1,-1
197,56,837.00,437.00,120.00,289.00,0.810754,-1,-1,-1
197,57,665.00,432.00,108.00,270.00,0.873595,-1,-1,-1
197,94,420.00,467.00,36.00,102.00,0.390285,-1,-1,-1
197,102,1660.00,404.00,172.00,447.00,0.806014,-1,-1,-1
197,123,383.00,465.00,44.00,108.00,0.376579,-1,-1,-1
197,125,1415.00,377.00,273.00,698.00,0.845736,-1,-1,-1
197,155,264.00,475.00,105.00,224.00,0.592032,-1,-1,-1
197,161,1399.00,408.00,120.00,558.00,0.811369,-1,-1,-1
197,165,566.00,451.00,32.00,81.00,0.430056,-1,-1,-1
197,170,538.00,462.00,25.00,68.00,0.364017,-1,-1,-1
198,4,1232.00,419.00,194.00,591.00,0.885604,-1,-1,-1
198,43,978.00,438.00,99.00,240.00,0.846268,-1,-1,-1
198,53,1851.00,388.00,69.00,266.00,0.380682,-1,-1,-1
198,56,844.00,437.00,117.00,289.00,0.838352,-1,-1,-1
198,57,670.00,432.00,106.00,270.00,0.869604,-1,-1,-1
198,94,421.00,470.00,35.00,99.00,0.342454,-1,-1,-1
198,102,1669.00,407.00,180.00,463.00,0.846769,-1,-1,-1
198,123,383.00,465.00,44.00,108.00,0.360563,-1,-1,-1
198,125,1425.00,375.00,274.00,700.00,0.853570,-1,-1,-1
198,155,250.00,477.00,106.00,224.00,0.673655,-1,-1,-1
198,161,1403.00,407.00,122.00,557.00,0.809730,-1,-1,-1
198,165,567.00,451.00,32.00,82.00,0.427039,-1,-1,-1
198,170,538.00,462.00,25.00,71.00,0.340483,-1,-1,-1
199,4,1238.00,417.00,194.00,592.00,0.890259,-1,-1,-1
199,43,978.00,439.00,100.00,240.00,0.815925,-1,-1,-1
199,53,1850.00,415.00,65.00,240.00,0.389889,-1,-1,-1
199,56,850.00,437.00,114.00,289.00,0.805958,-1,-1,-1
199,57,676.00,432.00,104.00,270.00,0.845540,-1,-1,-1
199,94,420.00,468.00,36.00,101.00,0.338307,-1,-1,-1
199,102,1679.00,408.00,187.00,472.00,0.853603,-1,-1,-1
199,123,382.00,464.00,45.00,109.00,0.256578,-1,-1,-1
199,125,1435.00,374.00,271.00,702.00,0.855906,-1,-1,-1
199,155,237.00,477.00,104.00,222.00,0.664706,-1,-1,-1
199,161,1407.00,409.00,124.00,555.00,0.816523,-1,-1,-1
199,165,568.00,452.00,31.00,81.00,0.339902,-1,-1,-1
199,170,538.00,463.00,26.00,70.00,0.377426,-1,-1,-1
200,4,1245.00,416.00,195.00,592.00,0.878173,-1,-1,-1
200,43,980.00,441.00,101.00,238.00,0.805651,-1,-1,-1
200,53,1850.00,404.00,68.00,250.00,0.347933,-1,-1,-1
200,56,855.00,438.00,113.00,288.00,0.827925,-1,-1,-1
200,57,685.00,431.00,101.00,272.00,0.841037,-1,-1,-1
200,94,420.00,467.00,37.00,102.00,0.350078,-1,-1,-1
200,102,1688.00,411.00,189.00,472.00,0.812611,-1,-1,-1
200,123,382.00,464.00,45.00,109.00,0.394401,-1,-1,-1
200,125,1450.00,372.00,270.00,704.00,0.834154,-1,-1,-1
200,155,223.00,477.00,106.00,227.00,0.720836,-1,-1,-1
200,161,1409.00,409.00,128.00,553.00,0.839936,-1,-1,-1
200,165,569.00,452.00,32.00,81.00,0.388636,-1,-1,-1
200,170,539.00,463.00,25.00,70.00,0.342389,-1,-1,-1
201,4,1253.00,415.00,195.00,594.00,0.885296,-1,-1,-1
201,43,980.00,441.00,103.00,238.00,0.803994,-1,-1,-1
201,56,861.00,436.00,112.00,290.00,0.829188,-1,-1,-1
201,57,690.00,431.00,97.00,271.00,0.824387,-1,-1,-1
201,94,420.00,465.00,37.00,104.00,0.340008,-1,-1,-1
201,102,1700.00,412.00,195.00,477.00,0.869556,-1,-1,-1
201,123,382.00,464.00,46.00,109.00,0.403854,-1,-1,-1
201,125,1471.00,371.00,266.00,703.00,0.853652,-1,-1,-1
201,155,218.00,481.00,108.00,230.00,0.696916,-1,-1,-1
201,161,1410.00,411.00,132.00,554.00,0.860658,-1,-1,-1
201,165,570.00,452.00,31.00,81.00,0.374962,-1,-1,-1
201,170,538.00,461.00,26.00,72.00,0.388950,-1,-1,-1
201,190,1099.00,434.00,57.00,155.00,0.364520,-1,-1,-1
202,4,1264.00,414.00,195.00,600.00,0.854442,-1,-1,-1
202,7,859.00,407.00,76.00,291.00,0.440826,-1,-1,-1
202,43,982.00,443.00,103.00,236.00,0.790138,-1,-1,-1
202,56,874.00,437.00,110.00,289.00,0.717765,-1,-1,-1
202,57,695.00,432.00,95.00,270.00,0.796388,-1,-1,-1
202,94,420.00,463.00,37.00,106.00,0.331586,-1,-1,-1
202,102,1705.00,412.00,201.00,486.00,0.852182,-1,-1,-1
202,123,382.00,463.00,46.00,110.00,0.362339,-1,-1,-1
202,125,1485.00,374.00,259.00,700.00,0.862989,-1,-1,-1
202,155,207.00,483.00,109.00,232.00,0.667623,-1,-1,-1
202,161,1412.00,411.00,136.00,554.00,0.851328,-1,-1,-1
202,165,569.00,450.00,32.00,83.00,0.405556,-1,-1,-1
202,170,539.00,460.00,26.00,74.00,0.320092,-1,-1,-1
202,190,1098.00,448.00,53.00,144.00,0.281100,-1,-1,-1
203,4,1277.00,412.00,194.00,605.00,0.848958,-1,-1,-1
203,7,860.00,407.00,75.00,290.00,0.506439,-1,-1,-1
203,43,986.00,444.00,103.00,236.00,0.791925,-1,-1,-1
203,56,885.00,437.00,108.00,290.00,0.768887,-1,-1,-1
203,57,700.00,432.00,92.00,270.00,0.790685,-1,-1,-1
203,94,419.00,460.00,38.00,110.00,0.295196,-1,-1,-1
203,102,1711.00,411.00,206.00,497.00,0.882861,-1,-1,-1
203,123,383.00,464.00,44.00,106.00,0.277291,-1,-1,-1
203,125,1495.00,371.00,256.00,701.00,0.848633,-1,-1,-1
203,155,196.00,482.00,111.00,235.00,0.679962,-1,-1,-1
203,161,1417.00,411.00,138.00,550.00,0.842707,-1,-1,-1
203,165,570.00,450.00,32.00,83.00,0.423747,-1,-1,-1
203,170,539.00,462.00,26.00,72.00,0.332185,-1,-1,-1
203,190,1097.00,444.00,55.00,150.00,0.323372,-1,-1,-1
204,4,1287.00,411.00,192.00,609.00,0.840410,-1,-1,-1
204,7,862.00,407.00,73.00,289.00,0.497188,-1,-1,-1
204,43,993.00,455.00,97.00,225.00,0.743488,-1,-1,-1
204,56,894.00,438.00,107.00,288.00,0.766924,-1,-1,-1
204,57,703.00,431.00,90.00,271.00,0.761226,-1,-1,-1
204,94,418.00,459.00,39.00,111.00,0.274998,-1,-1,-1
204,102,1714.00,407.00,206.00,504.00,0.890682,-1,-1,-1
204,125,1502.00,370.00,253.00,702.00,0.851708,-1,-1,-1
204,155,184.00,483.00,113.00,238.00,0.708247,-1,-1,-1
204,161,1422.00,409.00,140.00,553.00,0.797116,-1,-1,-1
204,165,570.00,451.00,32.00,83.00,0.418805,-1,-1,-1
204,170,539.00,463.00,26.00,72.00,0.333136,-1,-1,-1
204,190,1098.00,450.00,52.00,144.00,0.293584,-1,-1,-1
205,4,1294.00,411.00,193.00,622.00,0.846370,-1,-1,-1
205,7,864.00,409.00,72.00,290.00,0.714799,-1,-1,-1
205,43,1000.00,459.00,94.00,221.00,0.684067,-1,-1,-1
205,56,903.00,440.00,107.00,286.00,0.814057,-1,-1,-1
205,57,709.00,429.00,91.00,273.00,0.764924,-1,-1,-1
205,94,418.00,459.00,39.00,111.00,0.332522,-1,-1,-1
205,102,1719.00,402.00,201.00,509.00,0.878560,-1,-1,-1
205,123,382.00,463.00,45.00,109.00,0.290024,-1,-1,-1
205,125,1507.00,369.00,250.00,703.00,0.840759,-1,-1,-1
205,155,166.00,481.00,114.00,242.00,0.734734,-1,-1,-1
205,161,1429.00,408.00,141.00,556.00,0.779192,-1,-1,-1
205,165,571.00,452.00,31.00,81.00,0.442834,-1,-1,-1
205,170,539.00,465.00,26.00,70.00,0.346241,-1,-1,-1
205,193,634.00,451.00,29.00,90.00,0.421949,-1,-1,-1
206,4,1300.00,411.00,194.00,632.00,0.858062,-1,-1,-1
206,7,865.00,409.00,71.00,292.00,0.710500,-1,-1,-1
206,43,1005.00,458.00,93.00,222.00,0.627880,-1,-1,-1
206,56,909.00,442.00,108.00,283.00,0.816602,-1,-1,-1
206,57,715.00,427.00,91.00,274.00,0.784798,-1,-1,-1
206,94,418.00,460.00,38.00,109.00,0.363913,-1,-1,-1
206,102,1724.00,398.00,196.00,515.00,0.891625,-1,-1,-1
206,123,382.00,462.00,44.00,105.00,0.319789,-1,-1,-1
206,125,1511.00,369.00,247.00,703.00,0.847618,-1,-1,-1
206,155,158.00,481.00,114.00,242.00,0.706887,-1,-1,-1
206,161,1442.00,427.00,135.00,539.00,0.702209,-1,-1,-1
206,165,571.00,452.00,31.00,80.00,0.473010,-1,-1,-1
206,170,539.00,464.00,26.00,71.00,0.356980,-1,-1,-1
206,190,1096.00,439.00,57.00,155.00,0.409738,-1,-1,-1
206,193,634.00,452.00,29.00,88.00,0.416462,-1,-1,-1
207,4,1310.00,410.00,193.00,640.00,0.866251,-1,-1,-1
207,7,866.00,409.00,71.00,292.00,0.749143,-1,-1,-1
207,43,1015.00,463.00,87.00,216.00,0.584302,-1,-1,-1
207,56,915.00,444.00,111.00,283.00,0.824011,-1,-1,-1
207,57,721.00,425.00,92.00,276.00,0.815455,-1,-1,-1
207,94,417.00,459.00,39.00,111.00,0.377863,-1,-1,-1
207,102,1730.00,396.00,190.00,515.00,0.878479,-1,-1,-1
207,123,382.00,462.00,45.00,110.00,0.384893,-1,-1,-1
207,125,1516.00,369.00,246.00,702.00,0.821669,-1,-1,-1
207,155,144.00,482.00,116.00,244.00,0.710483,-1,-1,-1
207,161,1447.00,414.00,137.00,552.00,0.782898,-1,-1,-1
207,165,571.00,451.00,31.00,81.00,0.480434,-1,-1,-1
207,170,539.00,461.00,27.00,74.00,0.398231,-1,-1,-1
207,193,634.00,452.00,29.00,89.00,0.393381,-1,-1,-1
208,4,1323.00,410.00,196.00,644.00,0.872940,-1,-1,-1
208,7,867.00,409.00,71.00,293.00,0.741306,-1,-1,-1
208,43,1018.00,448.00,90.00,232.00,0.593929,-1,-1,-1
208,56,917.00,444.00,115.00,283.00,0.836366,-1,-1,-1
208,57,724.00,426.00,93.00,275.00,0.808200,-1,-1,-1
208,94,417.00,459.00,39.00,111.00,0.384035,-1,-1,-1
208,102,1738.00,395.00,182.00,514.00,0.887875,-1,-1,-1
208,123,382.00,462.00,44.00,105.00,0.261208,-1,-1,-1
208,125,1526.00,368.00,247.00,705.00,0.842357,-1,-1,-1
208,155,130.00,481.00,118.00,246.00,0.708688,-1,-1,-1
208,161,1452.00,409.00,138.00,564.00,0.771917,-1,-1,-1
208,165,571.00,451.00,31.00,81.00,0.456780,-1,-1,-1
208,170,539.00,460.00,27.00,75.00,0.427995,-1,-1,-1
208,190,1097.00,433.00,59.00,160.00,0.319213,-1,-1,-1
208,193,634.00,452.00,29.00,88.00,0.362556,-1,-1,-1
209,4,1333.00,412.00,200.00,646.00,0.859951,-1,-1,-1
209,7,870.00,409.00,71.00,292.00,0.730540,-1,-1,-1
209,43,1022.00,438.00,91.00,240.00,0.678259,-1,-1,-1
209,56,917.00,446.00,117.00,281.00,0.857774,-1,-1,-1
209,57,726.00,426.00,96.00,275.00,0.828394,-1,-1,-1
209,94,418.00,460.00,38.00,110.00,0.341478,-1,-1,-1
209,102,1747.00,393.00,173.00,514.00,0.871552,-1,-1,-1
209,125,1536.00,367.00,250.00,708.00,0.853741,-1,-1,-1
209,155,112.00,479.00,119.00,246.00,0.724186,-1,-1,-1
209,161,1458.00,408.00,137.00,573.00,0.788407,-1,-1,-1
209,165,571.00,451.00,31.00,81.00,0.468581,-1,-1,-1
209,170,539.00,460.00,27.00,74.00,0.363712,-1,-1,-1
209,190,1098.00,433.00,59.00,162.00,0.496183,-1,-1,-1
209,193,635.00,453.00,29.00,88.00,0.312130,-1,-1,-1
210,4,1338.00,412.00,203.00,645.00,0.873379,-1,-1,-1
210,7,873.00,408.00,71.00,293.00,0.751332,-1,-1,-1
210,43,1034.00,449.00,86.00,230.00,0.580674,-1,-1,-1
210,56,918.00,446.00,121.00,282.00,0.870825,-1,-1,-1
210,57,726.00,426.00,98.00,276.00,0.830176,-1,-1,-1
210,94,418.00,460.00,39.00,111.00,0.384138,-1,-1,-1
210,102,1756.00,393.00,164.00,514.00,0.853224,-1,-1,-1
210,125,1546.00,371.00,253.00,705.00,0.864670,-1,-1,-1
210,155,100.00,481.00,123.00,250.00,0.683381,-1,-1,-1
210,161,1464.00,409.00,134.00,563.00,0.740609,-1,-1,-1
210,165,571.00,449.00,32.00,84.00,0.469578,-1,-1,-1
210,170,539.00,459.00,28.00,75.00,0.351319,-1,-1,-1
210,190,1098.00,436.00,57.00,156.00,0.409563,-1,-1,-1
210,193,635.00,452.00,29.00,90.00,0.322320,-1,-1,-1
211,4,1340.00,414.00,206.00,646.00,0.852542,-1,-1,-1
211,7,875.00,409.00,71.00,291.00,0.719389,-1,-1,-1
211,43,1039.00,448.00,87.00,231.00,0.678267,-1,-1,-1
211,56,918.00,446.00,124.00,281.00,0.867334,-1,-1,-1
211,57,731.00,430.00,99.00,271.00,0.842641,-1,-1,-1
211,94,419.00,464.00,37.00,107.00,0.313538,-1,-1,-1
211,102,1765.00,391.00,155.00,505.00,0.862743,-1,-1,-1
211,123,381.00,463.00,46.00,110.00,0.255240,-1,-1,-1
211,125,1558.00,370.00,257.00,706.00,0.866559,-1,-1,-1
211,155,88.00,481.00,126.00,253.00,0.683989,-1,-1,-1
211,161,1469.00,410.00,131.00,558.00,0.724090,-1,-1,-1
211,165,571.00,450.00,31.00,82.00,0.480085,-1,-1,-1
211,170,539.00,460.00,28.00,74.00,0.315196,-1,-1,-1
211,190,1098.00,434.00,58.00,158.00,0.393319,-1,-1,-1
211,193,636.00,453.00,29.00,90.00,0.334314,-1,-1,-1
212,4,1340.00,417.00,209.00,646.00,0.870332,-1,-1,-1
212,7,877.00,409.00,72.00,291.00,0.724853,-1,-1,-1
212,43,1045.00,449.00,87.00,229.00,0.752474,-1,-1,-1
212,56,917.00,446.00,127.00,281.00,0.863971,-1,-1,-1
212,57,731.00,431.00,101.00,270.00,0.847765,-1,-1,-1
212,79,695.00,447.00,37.00,126.00,0.381724,-1,-1,-1
212,94,418.00,463.00,38.00,108.00,0.317011,-1,-1,-1
212,102,1772.00,389.00,148.00,515.00,0.866812,-1,-1,-1
212,123,381.00,462.00,46.00,112.00,0.258931,-1,-1,-1
212,125,1568.00,368.00,261.00,708.00,0.874691,-1,-1,-1
212,155,72.00,478.00,132.00,261.00,0.714610,-1,-1,-1
212,161,1475.00,411.00,128.00,550.00,0.758385,-1,-1,-1
212,165,570.00,449.00,32.00,83.00,0.475616,-1,-1,-1
212,170,540.00,460.00,27.00,73.00,0.264039,-1,-1,-1
212,190,1097.00,434.00,58.00,157.00,0.250331,-1,-1,-1
212,193,637.00,452.00,31.00,91.00,0.357999,-1,-1,-1
213,4,1339.00,420.00,213.00,644.00,0.887529,-1,-1,-1
213,7,877.00,409.00,72.00,291.00,0.771961,-1,-1,-1
213,43,1047.00,443.00,90.00,236.00,0.749636,-1,-1,-1
213,56,918.00,457.00,125.00,270.00,0.862749,-1,-1,-1
213,57,733.00,433.00,101.00,268.00,0.856116,-1,-1,-1
213,79,693.00,447.00,37.00,127.00,0.507270,-1,-1,-1
213,94,419.00,464.00,36.00,107.00,0.325835,-1,-1,-1
213,102,1779.00,388.00,141.00,517.00,0.854941,-1,-1,-1
213,125,1576.00,369.00,265.00,707.00,0.882782,-1,-1,-1
213,155,60.00,476.00,134.00,263.00,0.752507,-1,-1,-1
213,161,1482.00,413.00,125.00,543.00,0.695919,-1,-1,-1
213,165,571.00,449.00,31.00,83.00,0.481932,-1,-1,-1
213,170,541.00,457.00,28.00,75.00,0.298375,-1,-1,-1
213,190,1100.00,438.00,56.00,153.00,0.322108,-1,-1,-1
213,193,638.00,452.00,31.00,91.00,0.373290,-1,-1,-1
214,4,1337.00,420.00,215.00,645.00,0.880531,-1,-1,-1
214,7,876.00,410.00,73.00,291.00,0.778420,-1,-1,-1
214,43,1049.00,442.00,93.00,237.00,0.797769,-1,-1,-1
214,56,916.00,455.00,129.00,271.00,0.894180,-1,-1,-1
214,57,734.00,433.00,102.00,268.00,0.860035,-1,-1,-1
214,79,690.00,446.00,37.00,127.00,0.570768,-1,-1,-1
214,94,418.00,461.00,38.00,110.00,0.378015,-1,-1,-1
214,102,1788.00,387.00,132.00,516.00,0.862658,-1,-1,-1
214,123,381.00,462.00,46.00,113.00,0.285193,-1,-1,-1
214,125,1582.00,370.00,270.00,707.00,0.869254,-1,-1,-1
214,155,44.00,478.00,136.00,264.00,0.767560,-1,-1,-1
214,161,1489.00,411.00,125.00,543.00,0.674791,-1,-1,-1
214,165,571.00,450.00,31.00,83.00,0.494195,-1,-1,-1
214,170,541.00,457.00,28.00,75.00,0.373704,-1,-1,-1
214,190,1098.00,437.00,57.00,156.00,0.320454,-1,-1,-1
214,193,639.00,453.00,30.00,90.00,0.439758,-1,-1,-1
215,4,1336.00,420.00,217.00,646.00,0.889185,-1,-1,-1
215,7,877.00,409.00,73.00,291.00,0.771808,-1,-1,-1
215,43,1050.00,440.00,94.00,239.00,0.790821,-1,-1,-1
215,56,916.00,454.00,131.00,272.00,0.894757,-1,-1,-1
215,57,734.00,430.00,103.00,270.00,0.873584,-1,-1,-1
215,79,689.00,446.00,37.00,125.00,0.665997,-1,-1,-1
215,94,418.00,460.00,38.00,110.00,0.357454,-1,-1,-1
215,102,1795.00,386.00,125.00,516.00,0.848875,-1,-1,-1
215,123,381.00,463.00,46.00,111.00,0.297547,-1,-1,-1
215,125,1587.00,373.00,271.00,705.00,0.878173,-1,-1,-1
215,155,31.00,478.00,140.00,264.00,0.758681,-1,-1,-1
215,161,1495.00,419.00,124.00,535.00,0.642815,-1,-1,-1
215,165,571.00,450.00,31.00,83.00,0.489787,-1,-1,-1
215,170,541.00,457.00,28.00,75.00,0.347799,-1,-1,-1
215,190,1098.00,436.00,57.00,157.00,0.321765,-1,-1,-1
215,193,640.00,455.00,30.00,88.00,0.276139,-1,-1,-1
216,4,1337.00,420.00,219.00,647.00,0.896645,-1,-1,-1
216,7,879.00,409.00,74.00,292.00,0.800596,-1,-1,-1
216,43,1050.00,439.00,96.00,240.00,0.815792,-1,-1,-1
216,56,915.00,453.00,134.00,273.00,0.887305,-1,-1,-1
216,57,735.00,429.00,104.00,270.00,0.836743,-1,-1,-1
216,79,688.00,445.00,37.00,126.00,0.651498,-1,-1,-1
216,94,419.00,462.00,37.00,108.00,0.352313,-1,-1,-1
216,102,1804.00,386.00,116.00,507.00,0.817457,-1,-1,-1
216,125,1588.00,375.00,273.00,702.00,0.866148,-1,-1,-1
216,155,20.00,478.00,143.00,265.00,0.714545,-1,-1,-1
216,161,1501.00,418.00,124.00,533.00,0.728632,-1,-1,-1
216,165,571.00,451.00,31.00,83.00,0.459773,-1,-1,-1
216,170,541.00,457.00,28.00,75.00,0.342786,-1,-1,-1
216,190,1101.00,436.00,56.00,156.00,0.403209,-1,-1,-1
216,193,641.00,455.00,29.00,88.00,0.277107,-1,-1,-1
217,4,1339.00,418.00,222.00,650.00,0.885908,-1,-1,-1
217,7,879.00,409.00,75.00,293.00,0.829051,-1,-1,-1
217,43,1053.00,447.00,93.00,232.00,0.824175,-1,-1,-1
217,56,916.00,450.00,137.00,276.00,0.884086,-1,-1,-1
217,57,740.00,429.00,103.00,270.00,0.830559,-1,-1,-1
217,79,687.00,445.00,37.00,128.00,0.653418,-1,-1,-1
217,94,419.00,458.00,38.00,113.00,0.367552,-1,-1,-1
217,102,1812.00,391.00,108.00,494.00,0.804899,-1,-1,-1
217,125,1586.00,376.00,274.00,699.00,0.847637,-1,-1,-1
217,155,8.00,483.00,145.00,267.00,0.806581,-1,-1,-1
217,161,1508.00,415.00,124.00,535.00,0.717303,-1,-1,-1
217,165,571.00,450.00,32.00,84.00,0.444396,-1,-1,-1
217,170,542.00,457.00,27.00,75.00,0.350806,-1,-1,-1
217,190,1101.00,434.00,56.00,156.00,0.417124,-1,-1,-1
217,193,641.00,454.00,30.00,89.00,0.351471,-1,-1,-1
218,4,1341.00,415.00,224.00,649.00,0.897319,-1,-1,-1
218,7,880.00,409.00,75.00,291.00,0.839104,-1,-1,-1
218,43,1053.00,450.00,94.00,229.00,0.797235,-1,-1,-1
218,53,1832.00,413.00,88.00,465.00,0.731089,-1,-1,-1
218,56,920.00,448.00,137.00,276.00,0.879754,-1,-1,-1
218,57,744.00,428.00,103.00,270.00,0.822699,-1,-1,-1
218,79,686.00,446.00,37.00,126.00,0.631023,-1,-1,-1
218,94,418.00,457.00,39.00,115.00,0.395949,-1,-1,-1
218,125,1586.00,375.00,275.00,700.00,0.820406,-1,-1,-1
218,155,1.00,491.00,141.00,257.00,0.787705,-1,-1,-1
218,161,1515.00,415.00,125.00,540.00,0.712691,-1,-1,-1
218,165,571.00,451.00,32.00,83.00,0.469980,-1,-1,-1
218,170,542.00,459.00,27.00,73.00,0.370908,-1,-1,-1
218,190,1101.00,434.00,55.00,156.00,0.469917,-1,-1,-1
218,193,641.00,454.00,31.00,90.00,0.396943,-1,-1,-1
219,4,1344.00,413.00,227.00,651.00,0.890226,-1,-1,-1
219,7,880.00,409.00,77.00,293.00,0.864713,-1,-1,-1
219,43,1053.00,445.00,96.00,234.00,0.785079,-1,-1,-1
219,53,1841.00,421.00,79.00,452.00,0.714670,-1,-1,-1
219,56,924.00,447.00,136.00,274.00,0.884359,-1,-1,-1
219,57,747.00,427.00,100.00,265.00,0.821892,-1,-1,-1
219,79,684.00,446.00,38.00,125.00,0.606797,-1,-1,-1
219,94,419.00,463.00,37.00,108.00,0.359247,-1,-1,-1
219,125,1585.00,376.00,276.00,700.00,0.864280,-1,-1,-1
219,155,0.00,483.00,138.00,265.00,0.817811,-1,-1,-1
219,161,1523.00,419.00,126.00,538.00,0.678935,-1,-1,-1
219,165,571.00,450.00,31.00,84.00,0.447398,-1,-1,-1
219,170,542.00,458.00,27.00,73.00,0.395274,-1,-1,-1
219,193,642.00,452.00,32.00,92.00,0.302382,-1,-1,-1
220,4,1348.00,412.00,230.00,655.00,0.888764,-1,-1,-1
220,7,880.00,409.00,78.00,294.00,0.865395,-1,-1,-1
220,43,1052.00,439.00,99.00,240.00,0.811242,-1,-1,-1
220,56,929.00,447.00,135.00,273.00,0.869996,-1,-1,-1
220,57,752.00,427.00,99.00,262.00,0.773831,-1,-1,-1
220,79,683.00,446.00,37.00,123.00,0.604652,-1,-1,-1
220,94,418.00,456.00,39.00,116.00,0.370507,-1,-1,-1
220,125,1587.00,377.00,276.00,698.00,0.852861,-1,-1,-1
220,155,0.00,482.00,132.00,266.00,0.694535,-1,-1,-1
220,161,1531.00,417.00,127.00,541.00,0.697145,-1,-1,-1
220,165,572.00,452.00,30.00,81.00,0.452975,-1,-1,-1
220,170,542.00,460.00,26.00,72.00,0.362967,-1,-1,-1
221,4,1351.00,410.00,233.00,657.00,0.893191,-1,-1,-1
221,7,880.00,408.00,79.00,296.00,0.856642,-1,-1,-1
221,43,1052.00,438.00,100.00,241.00,0.817463,-1,-1,-1
221,56,938.00,447.00,132.00,272.00,0.851233,-1,-1,-1
221,57,760.00,430.00,95.00,257.00,0.790676,-1,-1,-1
221,79,681.00,447.00,38.00,123.00,0.585809,-1,-1,-1
221,94,418.00,459.00,38.00,111.00,0.360713,-1,-1,-1
221,125,1587.00,377.00,278.00,698.00,0.844308,-1,-1,-1
221,155,0.00,482.00,128.00,267.00,0.663667,-1,-1,-1
221,161,1539.00,415.00,128.00,542.00,0.766717,-1,-1,-1
221,165,572.00,454.00,30.00,79.00,0.481513,-1,-1,-1
221,170,542.00,462.00,26.00,70.00,0.391695,-1,-1,-1
221,206,719.00,450.00,29.00,90.00,0.445849,-1,-1,-1
222,4,1357.00,410.00,233.00,657.00,0.885011,-1,-1,-1
222,7,881.00,408.00,81.00,296.00,0.859957,-1,-1,-1
222,43,1053.00,438.00,100.00,240.00,0.805356,-1,-1,-1
222,56,948.00,447.00,131.00,274.00,0.785286,-1,-1,-1
222,57,768.00,428.00,93.00,259.00,0.768548,-1,-1,-1
222,79,679.00,450.00,38.00,120.00,0.618835,-1,-1,-1
222,94,418.00,460.00,38.00,110.00,0.370169,-1,-1,-1
222,125,1587.00,375.00,279.00,700.00,0.801732,-1,-1,-1
222,155,0.00,508.00,109.00,241.00,0.697077,-1,-1,-1
222,161,1543.00,414.00,131.00,548.00,0.775249,-1,-1,-1
222,165,573.00,456.00,30.00,77.00,0.529670,-1,-1,-1
222,170,543.00,462.00,25.00,70.00,0.450468,-1,-1,-1
222,206,718.00,448.00,30.00,92.00,0.475550,-1,-1,-1
223,4,1364.00,409.00,234.00,658.00,0.881711,-1,-1,-1
223,7,884.00,407.00,83.00,298.00,0.851896,-1,-1,-1
223,43,1054.00,438.00,100.00,241.00,0.798200,-1,-1,-1
223,56,960.00,444.00,131.00,276.00,0.786592,-1,-1,-1
223,57,771.00,429.00,92.00,262.00,0.716242,-1,-1,-1
223,79,677.00,450.00,39.00,120.00,0.644600,-1,-1,-1
223,94,419.00,456.00,38.00,114.00,0.409656,-1,-1,-1
223,125,1591.00,372.00,279.00,702.00,0.785499,-1,-1,-1
223,155,0.00,521.00,101.00,236.00,0.503198,-1,-1,-1
223,161,1546.00,413.00,136.00,559.00,0.773647,-1,-1,-1
223,165,574.00,455.00,30.00,79.00,0.577702,-1,-1,-1
223,170,543.00,461.00,26.00,71.00,0.464846,-1,-1,-1
223,193,647.00,455.00,32.00,91.00,0.271570,-1,-1,-1
223,206,718.00,448.00,30.00,91.00,0.495940,-1,-1,-1
224,4,1375.00,408.00,233.00,661.00,0.857871,-1,-1,-1
224,7,890.00,407.00,83.00,299.00,0.830333,-1,-1,-1
224,43,1057.00,440.00,98.00,238.00,0.774845,-1,-1,-1
224,56,967.00,442.00,131.00,278.00,0.728738,-1,-1,-1
224,57,775.00,428.00,92.00,263.00,0.699734,-1,-1,-1
224,79,676.00,453.00,39.00,117.00,0.668359,-1,-1,-1
224,94,419.00,456.00,38.00,114.00,0.341422,-1,-1,-1
224,123,381.00,461.00,45.00,109.00,0.267845,-1,-1,-1
224,125,1600.00,372.00,282.00,703.00,0.753453,-1,-1,-1
224,155,0.00,533.00,88.00,227.00,0.401550,-1,-1,-1
224,161,1552.00,411.00,140.00,569.00,0.765498,-1,-1,-1
224,165,573.00,454.00,31.00,80.00,0.596824,-1,-1,-1
224,170,543.00,461.00,27.00,73.00,0.518567,-1,-1,-1
224,193,647.00,454.00,32.00,92.00,0.502990,-1,-1,-1
224,206,718.00,448.00,31.00,91.00,0.532201,-1,-1,-1
225,4,1387.00,408.00,231.00,661.00,0.849084,-1,-1,-1
225,7,894.00,407.00,83.00,300.00,0.815994,-1,-1,-1
225,43,1059.00,438.00,99.00,240.00,0.766295,-1,-1,-1
225,56,976.00,442.00,128.00,279.00,0.739368,-1,-1,-1
225,57,781.00,428.00,90.00,263.00,0.736884,-1,-1,-1
225,79,675.00,451.00,40.00,118.00,0.681578,-1,-1,-1
225,94,419.00,455.00,38.00,116.00,0.356020,-1,-1,-1
225,123,382.00,461.00,43.00,106.00,0.283870,-1,-1,-1
225,125,1608.00,368.00,287.00,706.00,0.824142,-1,-1,-1
225,161,1554.00,409.00,146.00,582.00,0.797266,-1,-1,-1
225,165,573.00,453.00,31.00,80.00,0.616468,-1,-1,-1
225,170,542.00,460.00,28.00,74.00,0.530512,-1,-1,-1
225,193,648.00,455.00,32.00,91.00,0.331984,-1,-1,-1
225,206,718.00,448.00,31.00,92.00,0.555411,-1,-1,-1
226,4,1404.00,408.00,227.00,661.00,0.868912,-1,-1,-1
226,7,898.00,407.00,82.00,299.00,0.815888,-1,-1,-1
226,43,1067.00,438.00,98.00,238.00,0.754273,-1,-1,-1
226,56,982.00,442.00,126.00,280.00,0.710324,-1,-1,-1
226,57,783.00,430.00,91.00,260.00,0.756062,-1,-1,-1
226,79,674.00,451.00,41.00,119.00,0.656455,-1,-1,-1
226,94,419.00,455.00,38.00,116.00,0.398630,-1,-1,-1
226,123,382.00,461.00,43.00,104.00,0.301061,-1,-1,-1
226,125,1607.00,368.00,289.00,706.00,0.831671,-1,-1,-1
226,161,1554.00,408.00,152.00,589.00,0.799195,-1,-1,-1
226,165,572.00,452.00,32.00,81.00,0.624174,-1,-1,-1
226,170,542.00,460.00,28.00,74.00,0.573606,-1,-1,-1
226,206,718.00,448.00,31.00,92.00,0.598360,-1,-1,-1
227,4,1418.00,408.00,222.00,661.00,0.882549,-1,-1,-1
227,7,902.00,406.00,82.00,300.00,0.817663,-1,-1,-1
227,43,1076.00,439.00,97.00,236.00,0.761950,-1,-1,-1
227,56,989.00,444.00,122.00,279.00,0.719184,-1,-1,-1
227,57,794.00,431.00,92.00,258.00,0.814710,-1,-1,-1
227,79,673.00,450.00,42.00,120.00,0.660993,-1,-1,-1
227,94,419.00,456.00,38.00,114.00,0.437794,-1,-1,-1
227,123,382.00,462.00,44.00,109.00,0.478705,-1,-1,-1
227,125,1611.00,372.00,291.00,703.00,0.881555,-1,-1,-1
227,161,1558.00,409.00,157.00,592.00,0.806795,-1,-1,-1
227,165,573.00,450.00,32.00,83.00,0.628358,-1,-1,-1
227,170,543.00,461.00,27.00,73.00,0.460817,-1,-1,-1
227,193,648.00,454.00,32.00,92.00,0.279543,-1,-1,-1
227,206,718.00,450.00,30.00,90.00,0.582907,-1,-1,-1
228,4,1427.00,408.00,218.00,659.00,0.881474,-1,-1,-1
228,7,907.00,406.00,82.00,302.00,0.795676,-1,-1,-1
228,43,1083.00,439.00,97.00,234.00,0.666496,-1,-1,-1
228,56,991.00,442.00,120.00,281.00,0.781722,-1,-1,-1
228,57,799.00,432.00,94.00,256.00,0.794297,-1,-1,-1
228,79,671.00,451.00,42.00,118.00,0.695187,-1,-1,-1
228,94,419.00,457.00,38.00,113.00,0.471850,-1,-1,-1
228,123,381.00,463.00,45.00,109.00,0.396882,-1,-1,-1
228,125,1615.00,372.00,293.00,702.00,0.828079,-1,-1,-1
228,161,1565.00,410.00,161.00,594.00,0.793127,-1,-1,-1
228,165,573.00,450.00,32.00,83.00,0.620141,-1,-1,-1
228,170,543.00,460.00,27.00,74.00,0.503542,-1,-1,-1
228,206,718.00,450.00,30.00,90.00,0.583474,-1,-1,-1
229,4,1432.00,408.00,215.00,661.00,0.894410,-1,-1,-1
229,7,911.00,406.00,80.00,301.00,0.785681,-1,-1,-1
229,43,1088.00,440.00,95.00,233.00,0.670062,-1,-1,-1
229,56,995.00,442.00,118.00,280.00,0.794721,-1,-1,-1
229,57,806.00,432.00,97.00,256.00,0.823147,-1,-1,-1
229,79,669.00,451.00,42.00,118.00,0.735667,-1,-1,-1
229,94,419.00,458.00,38.00,111.00,0.481474,-1,-1,-1
229,123,381.00,464.00,45.00,109.00,0.491445,-1,-1,-1
229,125,1618.00,375.00,293.00,699.00,0.809694,-1,-1,-1
229,161,1580.00,410.00,163.00,601.00,0.839401,-1,-1,-1
229,165,573.00,449.00,32.00,84.00,0.582964,-1,-1,-1
229,170,543.00,459.00,26.00,75.00,0.500034,-1,-1,-1
229,206,718.00,450.00,30.00,90.00,0.609509,-1,-1,-1
230,4,1439.00,409.00,213.00,660.00,0.874570,-1,-1,-1
230,7,915.00,407.00,79.00,300.00,0.795571,-1,-1,-1
230,43,1093.00,438.00,96.00,236.00,0.752500,-1,-1,-1
230,56,1001.00,441.00,117.00,281.00,0.840252,-1,-1,-1
230,57,805.00,433.00,100.00,254.00,0.839210,-1,-1,-1
230,79,667.00,451.00,42.00,116.00,0.729146,-1,-1,-1
230,94,419.00,453.00,39.00,118.00,0.460795,-1,-1,-1
230,123,381.00,464.00,45.00,110.00,0.480004,-1,-1,-1
230,125,1621.00,372.00,295.00,702.00,0.872558,-1,-1,-1
230,161,1591.00,410.00,167.00,608.00,0.846072,-1,-1,-1
230,165,573.00,450.00,32.00,84.00,0.634541,-1,-1,-1
230,170,543.00,460.00,26.00,74.00,0.494016,-1,-1,-1
230,193,648.00,456.00,30.00,89.00,0.264927,-1,-1,-1
230,206,717.00,450.00,31.00,90.00,0.594774,-1,-1,-1
231,4,1448.00,408.00,213.00,661.00,0.882917,-1,-1,-1
231,7,918.00,405.00,80.00,303.00,0.813125,-1,-1,-1
231,43,1095.00,443.00,95.00,233.00,0.673844,-1,-1,-1
231,56,1005.00,442.00,117.00,280.00,0.864293,-1,-1,-1
231,57,807.00,434.00,103.00,253.00,0.811372,-1,-1,-1
231,79,665.00,449.00,42.00,118.00,0.707641,-1,-1,-1
231,94,419.00,459.00,37.00,111.00,0.426686,-1,-1,-1
231,123,381.00,465.00,45.00,108.00,0.481646,-1,-1,-1
231,125,1628.00,366.00,292.00,709.00,0.832634,-1,-1,-1
231,161,1600.00,410.00,169.00,612.00,0.861521,-1,-1,-1
231,165,573.00,451.00,32.00,84.00,0.584754,-1,-1,-1
231,170,542.00,459.00,27.00,76.00,0.546752,-1,-1,-1
231,206,717.00,449.00,30.00,92.00,0.565604,-1,-1,-1
232,4,1455.00,411.00,213.00,658.00,0.899225,-1,-1,-1
232,7,922.00,407.00,80.00,301.00,0.822925,-1,-1,-1
232,43,1091.00,449.00,90.00,228.00,0.584131,-1,-1,-1
232,56,1010.00,443.00,116.00,278.00,0.856735,-1,-1,-1
232,57,809.00,436.00,103.00,251.00,0.831251,-1,-1,-1
232,79,663.00,448.00,42.00,119.00,0.731172,-1,-1,-1
232,94,420.00,463.00,35.00,106.00,0.435767,-1,-1,-1
232,123,381.00,465.00,45.00,108.00,0.451113,-1,-1,-1
232,125,1637.00,362.00,283.00,712.00,0.784184,-1,-1,-1
232,161,1604.00,410.00,171.00,615.00,0.862228,-1,-1,-1
232,165,574.00,450.00,33.00,85.00,0.583109,-1,-1,-1
232,170,543.00,458.00,27.00,77.00,0.536276,-1,-1,-1
232,206,716.00,449.00,31.00,92.00,0.600643,-1,-1,-1
233,4,1456.00,411.00,214.00,658.00,0.899466,-1,-1,-1
233,7,925.00,408.00,80.00,301.00,0.800068,-1,-1,-1
233,43,1092.00,450.00,87.00,227.00,0.650322,-1,-1,-1
233,56,1012.00,443.00,118.00,279.00,0.862761,-1,-1,-1
233,57,810.00,436.00,106.00,251.00,0.844237,-1,-1,-1
233,79,662.00,448.00,42.00,119.00,0.703736,-1,-1,-1
233,94,419.00,461.00,37.00,108.00,0.458598,-1,-1,-1
233,123,381.00,464.00,45.00,109.00,0.490639,-1,-1,-1
233,125,1650.00,361.00,270.00,711.00,0.800095,-1,-1,-1
233,161,1610.00,409.00,172.00,619.00,0.833773,-1,-1,-1
233,165,575.00,449.00,32.00,86.00,0.569169,-1,-1,-1
233,170,543.00,458.00,27.00,77.00,0.509702,-1,-1,-1
233,206,716.00,449.00,31.00,93.00,0.600656,-1,-1,-1
234,4,1457.00,413.00,214.00,657.00,0.890874,-1,-1,-1
234,7,928.00,409.00,82.00,299.00,0.828345,-1,-1,-1
234,43,1098.00,448.00,86.00,228.00,0.619347,-1,-1,-1
234,56,1014.00,442.00,118.00,281.00,0.858081,-1,-1,-1
234,57,810.00,435.00,108.00,252.00,0.852214,-1,-1,-1
234,79,662.00,449.00,41.00,118.00,0.653408,-1,-1,-1
234,94,419.00,453.00,39.00,117.00,0.465885,-1,-1,-1
234,123,381.00,462.00,46.00,112.00,0.440906,-1,-1,-1
234,125,1667.00,362.00,253.00,710.00,0.837663,-1,-1,-1
234,161,1614.00,410.00,173.00,616.00,0.756159,-1,-1,-1
234,165,575.00,449.00,33.00,87.00,0.550093,-1,-1,-1
234,170,543.00,456.00,28.00,80.00,0.518151,-1,-1,-1
234,206,716.00,449.00,31.00,93.00,0.551137,-1,-1,-1
235,4,1459.00,412.00,215.00,657.00,0.908013,-1,-1,-1
235,7,930.00,409.00,83.00,298.00,0.844389,-1,-1,-1
235,43,1101.00,445.00,86.00,231.00,0.634462,-1,-1,-1
235,56,1014.00,444.00,119.00,279.00,0.855092,-1,-1,-1
235,57,811.00,435.00,110.00,252.00,0.857733,-1,-1,-1
235,79,661.00,450.00,41.00,116.00,0.606755,-1,-1,-1
235,94,419.00,455.00,38.00,115.00,0.482435,-1,-1,-1
235,123,381.00,463.00,45.00,111.00,0.422582,-1,-1,-1
235,125,1690.00,363.00,230.00,705.00,0.868935,-1,-1,-1
235,161,1622.00,409.00,173.00,617.00,0.829587,-1,-1,-1
235,165,576.00,451.00,32.00,85.00,0.532300,-1,-1,-1
235,170,544.00,458.00,27.00,78.00,0.492021,-1,-1,-1
235,206,715.00,449.00,31.00,93.00,0.585196,-1,-1,-1
236,4,1462.00,412.00,217.00,657.00,0.915224,-1,-1,-1
236,7,930.00,409.00,85.00,298.00,0.853402,-1,-1,-1
236,43,1104.00,440.00,86.00,237.00,0.645037,-1,-1,-1
236,56,1015.00,447.00,119.00,276.00,0.856706,-1,-1,-1
236,57,812.00,434.00,111.00,252.00,0.856948,-1,-1,-1
236,79,661.00,452.00,40.00,114.00,0.618233,-1,-1,-1
236,94,418.00,451.00,40.00,120.00,0.506653,-1,-1,-1
236,123,381.00,463.00,45.00,111.00,0.381294,-1,-1,-1
236,125,1705.00,364.00,215.00,708.00,0.910730,-1,-1,-1
236,161,1627.00,409.00,174.00,619.00,0.820811,-1,-1,-1
236,165,578.00,454.00,31.00,82.00,0.536525,-1,-1,-1
236,170,545.00,459.00,27.00,77.00,0.522482,-1,-1,-1
236,206,715.00,449.00,30.00,93.00,0.626436,-1,-1,-1
237,4,1464.00,410.00,219.00,659.00,0.913174,-1,-1,-1
237,7,931.00,410.00,86.00,298.00,0.848363,-1,-1,-1
237,43,1107.00,441.00,84.00,235.00,0.670879,-1,-1,-1
237,56,1014.00,444.00,121.00,279.00,0.869078,-1,-1,-1
237,57,811.00,433.00,113.00,253.00,0.864215,-1,-1,-1
237,79,660.00,454.00,39.00,113.00,0.562032,-1,-1,-1
237,94,418.00,449.00,40.00,122.00,0.463266,-1,-1,-1
237,123,381.00,463.00,45.00,110.00,0.381051,-1,-1,-1
237,125,1717.00,363.00,203.00,709.00,0.893119,-1,-1,-1
237,161,1633.00,410.00,174.00,616.00,0.828615,-1,-1,-1
237,165,579.00,455.00,30.00,82.00,0.562411,-1,-1,-1
237,170,545.00,461.00,27.00,76.00,0.519651,-1,-1,-1
237,206,714.00,449.00,31.00,92.00,0.651454,-1,-1,-1
238,4,1466.00,409.00,220.00,660.00,0.905608,-1,-1,-1
238,7,931.00,410.00,89.00,298.00,0.844437,-1,-1,-1
238,43,1108.00,440.00,84.00,236.00,0.658148,-1,-1,-1
238,56,1014.00,442.00,122.00,281.00,0.840016,-1,-1,-1
238,57,812.00,434.00,113.00,253.00,0.870257,-1,-1,-1
238,79,659.00,453.00,39.00,114.00,0.611806,-1,-1,-1
238,94,418.00,452.00,39.00,118.00,0.461366,-1,-1,-1
238,123,381.00,462.00,45.00,111.00,0.371140,-1,-1,-1
238,125,1727.00,362.00,193.00,709.00,0.897153,-1,-1,-1
238,161,1638.00,411.00,174.00,612.00,0.830233,-1,-1,-1
238,165,579.00,454.00,31.00,83.00,0.557897,-1,-1,-1
238,170,545.00,461.00,28.00,76.00,0.493894,-1,-1,-1
238,206,713.00,449.00,31.00,92.00,0.622975,-1,-1,-1
239,4,1468.00,409.00,222.00,662.00,0.876413,-1,-1,-1
239,7,932.00,410.00,91.00,297.00,0.841601,-1,-1,-1
239,43,1109.00,439.00,82.00,237.00,0.666721,-1,-1,-1
239,56,1014.00,436.00,125.00,288.00,0.837225,-1,-1,-1
239,57,813.00,434.00,114.00,252.00,0.869663,-1,-1,-1
239,79,657.00,452.00,39.00,115.00,0.643164,-1,-1,-1
239,94,419.00,452.00,39.00,119.00,0.455184,-1,-1,-1
239,123,381.00,464.00,45.00,109.00,0.416930,-1,-1,-1
239,125,1738.00,373.00,182.00,698.00,0.835374,-1,-1,-1
239,161,1643.00,411.00,173.00,604.00,0.812086,-1,-1,-1
239,165,579.00,453.00,31.00,85.00,0.535650,-1,-1,-1
239,170,545.00,460.00,28.00,77.00,0.522311,-1,-1,-1
239,206,711.00,448.00,32.00,94.00,0.577852,-1,-1,-1
240,4,1473.00,408.00,224.00,662.00,0.869645,-1,-1,-1
240,7,935.00,410.00,93.00,296.00,0.872585,-1,-1,-1
240,43,1109.00,441.00,81.00,235.00,0.632448,-1,-1,-1
240,56,1020.00,435.00,124.00,288.00,0.815597,-1,-1,-1
240,57,816.00,433.00,114.00,252.00,0.867731,-1,-1,-1
240,79,655.00,452.00,39.00,114.00,0.620793,-1,-1,-1
240,94,419.00,451.00,39.00,120.00,0.463509,-1,-1,-1
240,123,381.00,464.00,44.00,109.00,0.451403,-1,-1,-1
240,125,1747.00,379.00,173.00,694.00,0.853605,-1,-1,-1
240,161,1645.00,410.00,175.00,605.00,0.813416,-1,-1,-1
240,165,579.00,453.00,31.00,85.00,0.550690,-1,-1,-1
240,170,544.00,460.00,28.00,77.00,0.539763,-1,-1,-1
240,206,710.00,447.00,33.00,96.00,0.603710,-1,-1,-1
241,4,1479.00,408.00,225.00,664.00,0.867625,-1,-1,-1
241,7,937.00,410.00,96.00,295.00,0.846252,-1,-1,-1
241,43,1111.00,441.00,80.00,235.00,0.571121,-1,-1,-1
241,56,1026.00,435.00,123.00,288.00,0.818852,-1,-1,-1
241,57,819.00,431.00,115.00,255.00,0.856108,-1,-1,-1
241,79,655.00,453.00,39.00,113.00,0.605224,-1,-1,-1
241,94,419.00,450.00,39.00,121.00,0.452901,-1,-1,-1
241,123,381.00,464.00,44.00,109.00,0.454184,-1,-1,-1
241,125,1757.00,386.00,163.00,686.00,0.859970,-1,-1,-1
241,161,1647.00,409.00,177.00,609.00,0.788452,-1,-1,-1
241,165,579.00,452.00,31.00,86.00,0.555936,-1,-1,-1
241,170,543.00,460.00,29.00,77.00,0.537834,-1,-1,-1
241,206,710.00,447.00,33.00,96.00,0.605200,-1,-1,-1
242,4,1487.00,407.00,226.00,662.00,0.868912,-1,-1,-1
242,7,938.00,412.00,98.00,292.00,0.833807,-1,-1,-1
242,43,1113.00,443.00,78.00,234.00,0.537338,-1,-1,-1
242,56,1032.00,438.00,120.00,284.00,0.795846,-1,-1,-1
242,57,823.00,431.00,114.00,254.00,0.838674,-1,-1,-1
242,79,654.00,454.00,39.00,113.00,0.638680,-1,-1,-1
242,94,419.00,451.00,39.00,120.00,0.491050,-1,-1,-1
242,123,381.00,465.00,44.00,108.00,0.511170,-1,-1,-1
242,125,1766.00,389.00,154.00,681.00,0.859521,-1,-1,-1
242,161,1650.00,408.00,180.00,612.00,0.850324,-1,-1,-1
242,165,579.00,452.00,31.00,86.00,0.587207,-1,-1,-1
242,170,544.00,459.00,28.00,78.00,0.548807,-1,-1,-1
242,206,710.00,447.00,33.00,97.00,0.623968,-1,-1,-1
243,4,1495.00,406.00,227.00,664.00,0.861156,-1,-1,-1
243,7,937.00,411.00,101.00,293.00,0.846653,-1,-1,-1
243,43,1117.00,443.00,77.00,235.00,0.486806,-1,-1,-1
243,56,1041.00,439.00,118.00,285.00,0.800451,-1,-1,-1
243,57,828.00,431.00,113.00,254.00,0.824330,-1,-1,-1
243,79,654.00,453.00,38.00,114.00,0.671403,-1,-1,-1
243,94,420.00,452.00,39.00,118.00,0.494496,-1,-1,-1
243,123,381.00,464.00,45.00,110.00,0.512958,-1,-1,-1
243,125,1773.00,390.00,147.00,680.00,0.815992,-1,-1,-1
243,161,1653.00,408.00,181.00,611.00,0.830146,-1,-1,-1
243,165,579.00,452.00,31.00,86.00,0.613276,-1,-1,-1
243,170,544.00,458.00,29.00,79.00,0.539482,-1,-1,-1
243,206,710.00,447.00,33.00,97.00,0.612551,-1,-1,-1
244,4,1506.00,405.00,226.00,665.00,0.840774,-1,-1,-1
244,7,936.00,412.00,103.00,291.00,0.830025,-1,-1,-1
244,43,1119.00,443.00,75.00,235.00,0.457850,-1,-1,-1
244,56,1051.00,440.00,117.00,284.00,0.760595,-1,-1,-1
244,57,836.00,429.00,112.00,256.00,0.805752,-1,-1,-1
244,79,655.00,452.00,37.00,113.00,0.667091,-1,-1,-1
244,94,419.00,452.00,39.00,118.00,0.430388,-1,-1,-1
244,123,381.00,463.00,45.00,110.00,0.318032,-1,-1,-1
244,125,1782.00,416.00,138.00,654.00,0.727846,-1,-1,-1
244,161,1656.00,410.00,183.00,610.00,0.806569,-1,-1,-1
244,165,579.00,451.00,32.00,87.00,0.581708,-1,-1,-1
244,170,544.00,456.00,29.00,80.00,0.559539,-1,-1,-1
244,206,711.00,448.00,32.00,95.00,0.633331,-1,-1,-1
245,4,1521.00,405.00,223.00,664.00,0.851510,-1,-1,-1
245,7,938.00,413.00,105.00,289.00,0.831030,-1,-1,-1
245,43,1121.00,442.00,74.00,235.00,0.440127,-1,-1,-1
245,56,1061.00,437.00,115.00,287.00,0.733804,-1,-1,-1
245,57,844.00,429.00,109.00,256.00,0.766245,-1,-1,-1
245,79,655.00,451.00,37.00,113.00,0.690001,-1,-1,-1
245,94,420.00,453.00,38.00,117.00,0.446155,-1,-1,-1
245,123,381.00,464.00,44.00,109.00,0.374779,-1,-1,-1
245,125,1790.00,444.00,130.00,625.00,0.680058,-1,-1,-1
245,161,1662.00,412.00,183.00,604.00,0.779906,-1,-1,-1
245,165,579.00,450.00,32.00,87.00,0.596426,-1,-1,-1
245,170,544.00,454.00,31.00,83.00,0.592265,-1,-1,-1
245,206,712.00,449.00,32.00,94.00,0.651045,-1,-1,-1
246,4,1528.00,404.00,220.00,661.00,0.860318,-1,-1,-1
246,7,942.00,413.00,106.00,291.00,0.850388,-1,-1,-1
246,43,1123.00,444.00,72.00,233.00,0.550063,-1,-1,-1
246,56,1070.00,439.00,111.00,285.00,0.723640,-1,-1,-1
246,57,855.00,429.00,107.00,256.00,0.718277,-1,-1,-1
246,79,655.00,451.00,37.00,113.00,0.683576,-1,-1,-1
246,94,420.00,454.00,38.00,116.00,0.433570,-1,-1,-1
246,123,381.00,465.00,44.00,107.00,0.398399,-1,-1,-1
246,125,1792.00,427.00,128.00,644.00,0.727513,-1,-1,-1
246,161,1668.00,413.00,183.00,601.00,0.813231,-1,-1,-1
246,165,579.00,451.00,32.00,87.00,0.613087,-1,-1,-1
246,170,544.00,452.00,31.00,85.00,0.566251,-1,-1,-1
246,206,712.00,449.00,31.00,94.00,0.646965,-1,-1,-1
247,4,1534.00,403.00,219.00,666.00,0.863164,-1,-1,-1
247,7,944.00,412.00,107.00,291.00,0.866813,-1,-1,-1
247,43,1126.00,443.00,72.00,234.00,0.474203,-1,-1,-1
247,56,1076.00,437.00,110.00,286.00,0.679442,-1,-1,-1
247,57,859.00,429.00,104.00,255.00,0.728214,-1,-1,-1
247,79,654.00,450.00,38.00,114.00,0.699704,-1,-1,-1
247,94,420.00,453.00,38.00,117.00,0.501325,-1,-1,-1
247,123,381.00,465.00,44.00,107.00,0.427036,-1,-1,-1
247,125,1799.00,438.00,121.00,633.00,0.636404,-1,-1,-1
247,161,1679.00,412.00,182.00,601.00,0.807003,-1,-1,-1
247,165,580.00,450.00,31.00,87.00,0.628407,-1,-1,-1
247,170,545.00,449.00,32.00,88.00,0.568888,-1,-1,-1
247,206,712.00,449.00,32.00,95.00,0.656988,-1,-1,-1
248,4,1539.00,402.00,218.00,668.00,0.877768,-1,-1,-1
248,7,948.00,411.00,107.00,291.00,0.868105,-1,-1,-1
248,43,1130.00,442.00,70.00,233.00,0.563144,-1,-1,-1
248,56,1078.00,436.00,109.00,287.00,0.640616,-1,-1,-1
248,57,866.00,429.00,101.00,255.00,0.721323,-1,-1,-1
248,79,653.00,450.00,38.00,113.00,0.671782,-1,-1,-1
248,94,420.00,453.00,38.00,117.00,0.508871,-1,-1,-1
248,123,380.00,466.00,45.00,106.00,0.413187,-1,-1,-1
248,161,1686.00,409.00,184.00,605.00,0.815194,-1,-1,-1
248,165,580.00,450.00,32.00,87.00,0.639637,-1,-1,-1
248,170,545.00,446.00,34.00,91.00,0.590163,-1,-1,-1
248,206,712.00,450.00,32.00,94.00,0.650215,-1,-1,-1
248,234,1183.00,448.00,56.00,104.00,0.398377,-1,-1,-1
249,4,1546.00,402.00,214.00,662.00,0.863363,-1,-1,-1
249,7,954.00,409.00,107.00,291.00,0.855800,-1,-1,-1
249,43,1132.00,440.00,70.00,235.00,0.374663,-1,-1,-1
249,56,1082.00,436.00,108.00,287.00,0.663869,-1,-1,-1
249,57,871.00,433.00,96.00,252.00,0.755010,-1,-1,-1
249,79,651.00,451.00,38.00,113.00,0.637243,-1,-1,-1
249,94,420.00,460.00,37.00,109.00,0.450585,-1,-1,-1
249,123,380.00,466.00,45.00,106.00,0.418797,-1,-1,-1
249,161,1692.00,406.00,185.00,607.00,0.806800,-1,-1,-1
249,165,580.00,449.00,32.00,88.00,0.628077,-1,-1,-1
249,170,545.00,444.00,35.00,93.00,0.574832,-1,-1,-1
249,206,713.00,450.00,31.00,94.00,0.669935,-1,-1,-1
249,234,1185.00,448.00,55.00,105.00,0.361958,-1,-1,-1
250,4,1551.00,403.00,213.00,660.00,0.877092,-1,-1,-1
250,7,959.00,408.00,106.00,293.00,0.817452,-1,-1,-1
250,43,1126.00,440.00,71.00,235.00,0.422927,-1,-1,-1
250,56,1085.00,436.00,108.00,287.00,0.679812,-1,-1,-1
250,57,875.00,429.00,96.00,256.00,0.764802,-1,-1,-1
250,79,651.00,451.00,38.00,113.00,0.624077,-1,-1,-1
250,94,420.00,462.00,36.00,107.00,0.466191,-1,-1,-1
250,123,380.00,466.00,45.00,107.00,0.439627,-1,-1,-1
250,161,1699.00,405.00,185.00,610.00,0.775957,-1,-1,-1
250,165,580.00,449.00,31.00,88.00,0.649918,-1,-1,-1
250,170,545.00,444.00,35.00,93.00,0.555848,-1,-1,-1
250,206,714.00,450.00,31.00,94.00,0.670511,-1,-1,-1
250,234,1187.00,448.00,55.00,104.00,0.368022,-1,-1,-1
251,4,1561.00,403.00,217.00,666.00,0.857102,-1,-1,-1
251,7,967.00,408.00,104.00,291.00,0.771824,-1,-1,-1
251,43,1135.00,440.00,69.00,232.00,0.282769,-1,-1,-1
251,56,1089.00,436.00,108.00,287.00,0.759307,-1,-1,-1
251,57,882.00,428.00,94.00,257.00,0.814233,-1,-1,-1
251,79,651.00,451.00,38.00,113.00,0.639296,-1,-1,-1
251,94,419.00,456.00,39.00,114.00,0.450656,-1,-1,-1
251,123,380.00,466.00,45.00,106.00,0.330521,-1,-1,-1
251,161,1704.00,406.00,186.00,611.00,0.793150,-1,-1,-1
251,165,579.00,448.00,32.00,90.00,0.683547,-1,-1,-1
251,170,545.00,443.00,36.00,94.00,0.611291,-1,-1,-1
251,206,714.00,449.00,32.00,95.00,0.673899,-1,-1,-1
251,234,1187.00,447.00,55.00,105.00,0.373046,-1,-1,-1
252,4,1562.00,404.00,219.00,667.00,0.851943,-1,-1,-1
252,7,975.00,408.00,100.00,289.00,0.779325,-1,-1,-1
252,43,1145.00,440.00,69.00,234.00,0.309250,-1,-1,-1
252,56,1090.00,439.00,108.00,284.00,0.791837,-1,-1,-1
252,57,887.00,429.00,93.00,256.00,0.809438,-1,-1,-1
252,79,651.00,451.00,38.00,113.00,0.625320,-1,-1,-1
252,94,419.00,453.00,40.00,118.00,0.488398,-1,-1,-1
252,123,381.00,465.00,44.00,105.00,0.341727,-1,-1,-1
252,161,1710.00,405.00,188.00,615.00,0.789941,-1,-1,-1
252,165,580.00,448.00,32.00,90.00,0.681710,-1,-1,-1
252,170,545.00,443.00,36.00,94.00,0.555900,-1,-1,-1
252,206,715.00,448.00,31.00,96.00,0.685076,-1,-1,-1
252,234,1187.00,433.00,60.00,118.00,0.440358,-1,-1,-1
253,4,1563.00,403.00,218.00,665.00,0.878749,-1,-1,-1
253,7,980.00,408.00,100.00,295.00,0.740776,-1,-1,-1
253,43,1153.00,440.00,68.00,234.00,0.279661,-1,-1,-1
253,56,1090.00,438.00,109.00,285.00,0.797024,-1,-1,-1
253,57,892.00,430.00,93.00,255.00,0.796911,-1,-1,-1
253,79,650.00,451.00,39.00,113.00,0.610404,-1,-1,-1
253,94,418.00,452.00,41.00,119.00,0.511494,-1,-1,-1
253,123,382.00,464.00,42.00,100.00,0.378554,-1,-1,-1
253,161,1718.00,404.00,187.00,611.00,0.798289,-1,-1,-1
253,165,581.00,448.00,32.00,89.00,0.664299,-1,-1,-1
253,170,545.00,441.00,35.00,96.00,0.573362,-1,-1,-1
253,206,715.00,448.00,32.00,95.00,0.681511,-1,-1,-1
253,234,1186.00,424.00,65.00,129.00,0.439947,-1,-1,-1
254,4,1564.00,404.00,220.00,664.00,0.904843,-1,-1,-1
254,7,991.00,408.00,100.00,296.00,0.721339,-1,-1,-1
254,43,1158.00,435.00,67.00,238.00,0.330412,-1,-1,-1
254,56,1091.00,439.00,109.00,284.00,0.815091,-1,-1,-1
254,57,895.00,431.00,94.00,256.00,0.802423,-1,-1,-1
254,79,650.00,451.00,39.00,113.00,0.553646,-1,-1,-1
254,94,416.00,455.00,41.00,116.00,0.473653,-1,-1,-1
254,123,382.00,465.00,42.00,98.00,0.283956,-1,-1,-1
254,161,1724.00,404.00,188.00,617.00,0.801120,-1,-1,-1
254,165,582.00,448.00,31.00,89.00,0.634210,-1,-1,-1
254,170,544.00,443.00,35.00,94.00,0.560047,-1,-1,-1
254,206,715.00,448.00,32.00,95.00,0.681561,-1,-1,-1
255,4,1567.00,403.00,222.00,664.00,0.888916,-1,-1,-1
255,7,997.00,408.00,99.00,294.00,0.804066,-1,-1,-1
255,43,1161.00,439.00,66.00,234.00,0.385675,-1,-1,-1
255,56,1091.00,439.00,110.00,284.00,0.802532,-1,-1,-1
255,57,895.00,431.00,95.00,256.00,0.794396,-1,-1,-1
255,79,648.00,454.00,38.00,109.00,0.536167,-1,-1,-1
255,94,416.00,456.00,40.00,114.00,0.461892,-1,-1,-1
255,123,381.00,464.00,43.00,98.00,0.330739,-1,-1,-1
255,161,1729.00,404.00,188.00,615.00,0.805262,-1,-1,-1
255,165,582.00,448.00,31.00,90.00,0.605105,-1,-1,-1
255,170,543.00,444.00,34.00,93.00,0.557249,-1,-1,-1
255,206,716.00,447.00,32.00,96.00,0.674161,-1,-1,-1
256,4,1569.00,403.00,226.00,666.00,0.884113,-1,-1,-1
256,7,1001.00,408.00,97.00,290.00,0.767402,-1,-1,-1
256,43,1164.00,437.00,67.00,237.00,0.330806,-1,-1,-1
256,56,1092.00,437.00,111.00,286.00,0.808776,-1,-1,-1
256,57,896.00,431.00,96.00,256.00,0.813877,-1,-1,-1
256,79,646.00,455.00,38.00,108.00,0.554209,-1,-1,-1
256,94,415.00,454.00,41.00,116.00,0.508031,-1,-1,-1
256,123,380.00,463.00,45.00,105.00,0.365577,-1,-1,-1
256,161,1734.00,405.00,186.00,611.00,0.814778,-1,-1,-1
256,165,582.00,448.00,31.00,89.00,0.620311,-1,-1,-1
256,170,544.00,446.00,33.00,91.00,0.586816,-1,-1,-1
256,206,716.00,447.00,32.00,97.00,0.682356,-1,-1,-1
257,4,1572.00,405.00,229.00,667.00,0.883779,-1,-1,-1
257,7,1001.00,408.00,97.00,289.00,0.788219,-1,-1,-1
257,43,1167.00,439.00,66.00,236.00,0.370400,-1,-1,-1
257,56,1093.00,437.00,111.00,285.00,0.822312,-1,-1,-1
257,57,897.00,432.00,97.00,254.00,0.817800,-1,-1,-1
257,79,644.00,455.00,39.00,109.00,0.582181,-1,-1,-1
257,94,418.00,450.00,42.00,121.00,0.486107,-1,-1,-1
257,123,380.00,463.00,46.00,107.00,0.340060,-1,-1,-1
257,161,1740.00,407.00,180.00,606.00,0.800085,-1,-1,-1
257,165,582.00,449.00,31.00,88.00,0.584069,-1,-1,-1
257,170,544.00,444.00,34.00,93.00,0.556245,-1,-1,-1
257,206,716.00,447.00,33.00,97.00,0.653964,-1,-1,-1
258,4,1575.00,405.00,233.00,669.00,0.883763,-1,-1,-1
258,7,1005.00,409.00,97.00,287.00,0.802342,-1,-1,-1
258,56,1094.00,436.00,112.00,285.00,0.839018,-1,-1,-1
258,57,898.00,431.00,97.00,255.00,0.835059,-1,-1,-1
258,79,643.00,455.00,39.00,108.00,0.575158,-1,-1,-1
258,94,419.00,449.00,42.00,122.00,0.479920,-1,-1,-1
258,123,380.00,464.00,46.00,107.00,0.346517,-1,-1,-1
258,161,1744.00,408.00,176.00,603.00,0.770014,-1,-1,-1
258,165,582.00,449.00,31.00,88.00,0.591541,-1,-1,-1
258,170,546.00,448.00,32.00,89.00,0.530196,-1,-1,-1
258,206,716.00,446.00,33.00,99.00,0.653066,-1,-1,-1
259,4,1579.00,405.00,239.00,670.00,0.875865,-1,-1,-1
259,7,1006.00,414.00,97.00,282.00,0.796812,-1,-1,-1
259,56,1098.00,434.00,112.00,286.00,0.855081,-1,-1,-1
259,57,898.00,431.00,98.00,254.00,0.824684,-1,-1,-1
259,79,641.00,453.00,39.00,110.00,0.606929,-1,-1,-1
259,94,419.00,449.00,42.00,122.00,0.504957,-1,-1,-1
259,123,380.00,464.00,46.00,108.00,0.330010,-1,-1,-1
259,161,1744.00,408.00,176.00,603.00,0.666856,-1,-1,-1
259,165,582.00,450.00,31.00,88.00,0.584067,-1,-1,-1
259,170,547.00,451.00,32.00,86.00,0.576577,-1,-1,-1
259,206,716.00,447.00,32.00,98.00,0.630931,-1,-1,-1
259,241,1209.00,441.00,34.00,108.00,0.396410,-1,-1,-1
260,4,1584.00,404.00,242.00,671.00,0.878066,-1,-1,-1
260,7,1008.00,416.00,99.00,280.00,0.822341,-1,-1,-1
260,56,1105.00,435.00,112.00,286.00,0.812970,-1,-1,-1
260,57,899.00,432.00,98.00,253.00,0.815391,-1,-1,-1
260,79,638.00,451.00,40.00,111.00,0.648870,-1,-1,-1
260,94,419.00,449.00,42.00,121.00,0.528225,-1,-1,-1
260,161,1745.00,406.00,175.00,606.00,0.783675,-1,-1,-1
260,165,582.00,450.00,31.00,87.00,0.589005,-1,-1,-1
260,170,548.00,453.00,31.00,84.00,0.634248,-1,-1,-1
260,206,716.00,447.00,33.00,99.00,0.651495,-1,-1,-1
260,241,1212.00,441.00,35.00,109.00,0.379380,-1,-1,-1
261,4,1589.00,404.00,247.00,670.00,0.848036,-1,-1,-1
261,7,1009.00,415.00,101.00,283.00,0.849366,-1,-1,-1
261,56,1114.00,436.00,110.00,284.00,0.794488,-1,-1,-1
261,57,904.00,431.00,98.00,251.00,0.756882,-1,-1,-1
261,79,638.00,450.00,39.00,112.00,0.656856,-1,-1,-1
261,94,419.00,450.00,41.00,121.00,0.527020,-1,-1,-1
261,161,1752.00,407.00,168.00,605.00,0.637922,-1,-1,-1
261,165,581.00,449.00,31.00,89.00,0.613028,-1,-1,-1
261,170,548.00,453.00,31.00,84.00,0.618656,-1,-1,-1
261,206,717.00,448.00,32.00,97.00,0.629673,-1,-1,-1
261,241,1216.00,441.00,35.00,111.00,0.407235,-1,-1,-1
262,4,1592.00,403.00,252.00,672.00,0.862928,-1,-1,-1
262,7,1010.00,413.00,103.00,285.00,0.830489,-1,-1,-1
262,56,1121.00,435.00,108.00,279.00,0.789818,-1,-1,-1
262,57,908.00,432.00,97.00,250.00,0.800378,-1,-1,-1
262,79,637.00,449.00,39.00,112.00,0.628319,-1,-1,-1
262,94,419.00,451.00,41.00,121.00,0.539528,-1,-1,-1
262,161,1755.00,406.00,165.00,611.00,0.728908,-1,-1,-1
262,165,581.00,448.00,32.00,90.00,0.623061,-1,-1,-1
262,170,548.00,453.00,31.00,84.00,0.616031,-1,-1,-1
262,206,719.00,448.00,32.00,97.00,0.655025,-1,-1,-1
262,241,1219.00,443.00,34.00,109.00,0.403927,-1,-1,-1
263,4,1599.00,401.00,254.00,671.00,0.845474,-1,-1,-1
263,7,1013.00,414.00,105.00,284.00,0.813975,-1,-1,-1
263,56,1128.00,436.00,106.00,275.00,0.792196,-1,-1,-1
263,57,913.00,431.00,95.00,250.00,0.774933,-1,-1,-1
263,79,638.00,448.00,39.00,113.00,0.645545,-1,-1,-1
263,94,419.00,450.00,42.00,121.00,0.510552,-1,-1,-1
263,161,1758.00,404.00,162.00,616.00,0.761884,-1,-1,-1
263,165,581.00,448.00,32.00,90.00,0.583709,-1,-1,-1
263,170,548.00,448.00,32.00,88.00,0.581548,-1,-1,-1
263,206,719.00,448.00,32.00,97.00,0.668569,-1,-1,-1
263,241,1223.00,443.00,35.00,109.00,0.398035,-1,-1,-1
264,4,1604.00,400.00,256.00,673.00,0.878473,-1,-1,-1
264,7,1016.00,409.00,109.00,289.00,0.875049,-1,-1,-1
264,56,1135.00,436.00,104.00,274.00,0.777038,-1,-1,-1
264,57,918.00,431.00,92.00,247.00,0.743437,-1,-1,-1
264,79,638.00,448.00,39.00,113.00,0.663856,-1,-1,-1
264,94,419.00,450.00,42.00,121.00,0.498956,-1,-1,-1
264,161,1762.00,404.00,158.00,624.00,0.805310,-1,-1,-1
264,165,582.00,448.00,31.00,90.00,0.587980,-1,-1,-1
264,170,548.00,447.00,33.00,88.00,0.573772,-1,-1,-1
264,206,720.00,448.00,32.00,97.00,0.679394,-1,-1,-1
264,241,1226.00,444.00,35.00,108.00,0.413156,-1,-1,-1
265,4,1612.00,399.00,256.00,670.00,0.887241,-1,-1,-1
265,7,1018.00,408.00,112.00,291.00,0.862479,-1,-1,-1
265,56,1142.00,435.00,102.00,277.00,0.727687,-1,-1,-1
265,57,925.00,430.00,90.00,247.00,0.692534,-1,-1,-1
265,79,638.00,447.00,38.00,115.00,0.624520,-1,-1,-1
265,94,419.00,449.00,42.00,122.00,0.512802,-1,-1,-1
265,161,1769.00,402.00,151.00,631.00,0.713867,-1,-1,-1
265,165,582.00,448.00,31.00,89.00,0.557009,-1,-1,-1
265,170,548.00,444.00,34.00,91.00,0.636210,-1,-1,-1
265,206,720.00,448.00,32.00,97.00,0.679757,-1,-1,-1
265,241,1227.00,446.00,35.00,106.00,0.502609,-1,-1,-1
266,4,1624.00,398.00,257.00,671.00,0.876447,-1,-1,-1
266,7,1018.00,409.00,114.00,290.00,0.833161,-1,-1,-1
266,56,1145.00,435.00,101.00,278.00,0.677580,-1,-1,-1
266,57,932.00,431.00,88.00,246.00,0.683851,-1,-1,-1
266,79,637.00,447.00,39.00,115.00,0.649885,-1,-1,-1
266,94,419.00,450.00,42.00,121.00,0.545649,-1,-1,-1
266,161,1774.00,403.00,146.00,616.00,0.776846,-1,-1,-1
266,165,583.00,449.00,31.00,88.00,0.583116,-1,-1,-1
266,170,548.00,443.00,34.00,93.00,0.630432,-1,-1,-1
266,206,720.00,448.00,32.00,98.00,0.714556,-1,-1,-1
266,241,1229.00,446.00,35.00,107.00,0.465588,-1,-1,-1
267,4,1639.00,400.00,254.00,670.00,0.875058,-1,-1,-1
267,7,1016.00,407.00,117.00,292.00,0.874428,-1,-1,-1
267,56,1148.00,435.00,101.00,279.00,0.761327,-1,-1,-1
267,57,940.00,430.00,87.00,247.00,0.670747,-1,-1,-1
267,79,636.00,450.00,38.00,112.00,0.677334,-1,-1,-1
267,94,420.00,453.00,40.00,118.00,0.593999,-1,-1,-1
267,123,378.00,461.00,48.00,113.00,0.421593,-1,-1,-1
267,161,1775.00,403.00,145.00,635.00,0.803954,-1,-1,-1
267,165,584.00,449.00,30.00,88.00,0.593976,-1,-1,-1
267,170,547.00,442.00,35.00,95.00,0.609366,-1,-1,-1
267,206,719.00,447.00,33.00,100.00,0.708684,-1,-1,-1
267,241,1230.00,447.00,35.00,107.00,0.506713,-1,-1,-1
268,4,1650.00,399.00,252.00,671.00,0.881491,-1,-1,-1
268,7,1015.00,406.00,119.00,293.00,0.871685,-1,-1,-1
268,56,1152.00,435.00,101.00,281.00,0.783992,-1,-1,-1
268,57,945.00,430.00,85.00,246.00,0.757186,-1,-1,-1
268,79,637.00,452.00,36.00,108.00,0.689187,-1,-1,-1
268,94,420.00,455.00,40.00,116.00,0.566975,-1,-1,-1
268,123,377.00,462.00,48.00,113.00,0.345810,-1,-1,-1
268,161,1775.00,403.00,145.00,638.00,0.769376,-1,-1,-1
268,165,584.00,449.00,31.00,90.00,0.622367,-1,-1,-1
268,170,548.00,445.00,34.00,93.00,0.574894,-1,-1,-1
268,193,669.00,455.00,29.00,95.00,0.457574,-1,-1,-1
268,206,719.00,447.00,34.00,101.00,0.709830,-1,-1,-1
268,241,1233.00,447.00,35.00,107.00,0.453136,-1,-1,-1
269,4,1656.00,399.00,251.00,672.00,0.891057,-1,-1,-1
269,7,1013.00,404.00,122.00,295.00,0.874881,-1,-1,-1
269,56,1158.00,435.00,102.00,280.00,0.817250,-1,-1,-1
269,57,945.00,430.00,85.00,246.00,0.769923,-1,-1,-1
269,79,636.00,453.00,36.00,107.00,0.670144,-1,-1,-1
269,94,420.00,457.00,40.00,114.00,0.524306,-1,-1,-1
269,123,377.00,463.00,48.00,112.00,0.295104,-1,-1,-1
269,161,1788.00,397.00,132.00,594.00,0.577445,-1,-1,-1
269,165,584.00,449.00,31.00,91.00,0.620531,-1,-1,-1
269,170,548.00,446.00,34.00,92.00,0.610312,-1,-1,-1
269,193,667.00,455.00,29.00,97.00,0.488848,-1,-1,-1
269,206,719.00,446.00,34.00,102.00,0.722666,-1,-1,-1
269,241,1234.00,446.00,35.00,107.00,0.476519,-1,-1,-1
269,244,1114.00,431.00,39.00,144.00,0.539510,-1,-1,-1
270,4,1661.00,396.00,250.00,674.00,0.879104,-1,-1,-1
270,7,1013.00,404.00,124.00,296.00,0.878079,-1,-1,-1
270,56,1164.00,434.00,104.00,280.00,0.839313,-1,-1,-1
270,57,949.00,430.00,84.00,247.00,0.787311,-1,-1,-1
270,79,636.00,454.00,35.00,106.00,0.660617,-1,-1,-1
270,94,421.00,459.00,39.00,112.00,0.580459,-1,-1,-1
270,123,379.00,466.00,46.00,109.00,0.432607,-1,-1,-1
270,161,1794.00,404.00,126.00,598.00,0.578593,-1,-1,-1
270,165,584.00,449.00,31.00,90.00,0.626967,-1,-1,-1
270,170,549.00,452.00,32.00,86.00,0.600540,-1,-1,-1
270,193,666.00,454.00,30.00,99.00,0.551016,-1,-1,-1
270,206,719.00,446.00,33.00,102.00,0.742468,-1,-1,-1
270,241,1236.00,449.00,33.00,104.00,0.404069,-1,-1,-1
270,244,1113.00,429.00,40.00,146.00,0.576948,-1,-1,-1
270,246,694.00,468.00,24.00,65.00,0.358960,-1,-1,-1
271,4,1668.00,398.00,249.00,673.00,0.894516,-1,-1,-1
271,7,1015.00,408.00,123.00,292.00,0.865678,-1,-1,-1
271,56,1166.00,435.00,105.00,278.00,0.847407,-1,-1,-1
271,57,952.00,430.00,83.00,246.00,0.727877,-1,-1,-1
271,79,636.00,454.00,34.00,105.00,0.679809,-1,-1,-1
271,94,421.00,456.00,41.00,115.00,0.578399,-1,-1,-1
271,123,379.00,465.00,46.00,110.00,0.401326,-1,-1,-1
271,161,1811.00,411.00,109.00,502.00,0.713176,-1,-1,-1
271,165,583.00,449.00,32.00,90.00,0.620788,-1,-1,-1
271,170,549.00,452.00,32.00,86.00,0.601876,-1,-1,-1
271,193,666.00,454.00,30.00,99.00,0.528061,-1,-1,-1
271,206,719.00,445.00,34.00,103.00,0.720521,-1,-1,-1
271,241,1238.00,449.00,33.00,103.00,0.358597,-1,-1,-1
271,244,1113.00,428.00,41.00,148.00,0.611059,-1,-1,-1
271,246,693.00,467.00,24.00,65.00,0.322550,-1,-1,-1
272,4,1674.00,399.00,246.00,673.00,0.903833,-1,-1,-1
272,7,1019.00,412.00,122.00,287.00,0.842367,-1,-1,-1
272,56,1169.00,436.00,108.00,278.00,0.804404,-1,-1,-1
272,57,955.00,430.00,84.00,246.00,0.721997,-1,-1,-1
272,79,635.00,453.00,35.00,106.00,0.685354,-1,-1,-1
272,94,421.00,458.00,40.00,112.00,0.523266,-1,-1,-1
272,123,379.00,465.00,46.00,110.00,0.431280,-1,-1,-1
272,161,1821.00,420.00,99.00,449.00,0.578873,-1,-1,-1
272,165,583.00,450.00,32.00,89.00,0.605004,-1,-1,-1
272,170,550.00,455.00,32.00,84.00,0.600608,-1,-1,-1
272,193,667.00,454.00,30.00,99.00,0.515577,-1,-1,-1
272,206,719.00,446.00,34.00,102.00,0.708144,-1,-1,-1
272,244,1114.00,426.00,41.00,149.00,0.506356,-1,-1,-1
272,246,693.00,469.00,23.00,63.00,0.291710,-1,-1,-1
273,4,1675.00,398.00,245.00,675.00,0.919863,-1,-1,-1
273,7,1023.00,417.00,119.00,282.00,0.818820,-1,-1,-1
273,56,1172.00,436.00,109.00,277.00,0.811616,-1,-1,-1
273,57,958.00,430.00,85.00,247.00,0.770958,-1,-1,-1
273,79,635.00,453.00,35.00,105.00,0.722875,-1,-1,-1
273,94,421.00,456.00,41.00,115.00,0.554722,-1,-1,-1
273,123,379.00,464.00,46.00,110.00,0.413854,-1,-1,-1
273,161,1828.00,424.00,92.00,434.00,0.303579,-1,-1,-1
273,165,583.00,450.00,32.00,90.00,0.612625,-1,-1,-1
273,170,550.00,456.00,31.00,82.00,0.604939,-1,-1,-1
273,193,667.00,454.00,31.00,99.00,0.509599,-1,-1,-1
273,206,719.00,446.00,34.00,102.00,0.726660,-1,-1,-1
273,244,1115.00,427.00,40.00,149.00,0.549464,-1,-1,-1
273,246,694.00,469.00,23.00,63.00,0.347287,-1,-1,-1
273,249,1149.00,436.00,80.00,255.00,0.578851,-1,-1,-1
274,4,1675.00,396.00,245.00,678.00,0.923192,-1,-1,-1
274,7,1027.00,413.00,120.00,286.00,0.823631,-1,-1,-1
274,56,1172.00,438.00,110.00,275.00,0.834332,-1,-1,-1
274,57,960.00,431.00,86.00,246.00,0.790315,-1,-1,-1
274,79,635.00,453.00,35.00,104.00,0.722650,-1,-1,-1
274,94,420.00,455.00,42.00,115.00,0.570785,-1,-1,-1
274,123,379.00,463.00,46.00,110.00,0.358614,-1,-1,-1
274,161,1846.00,431.00,69.00,289.00,0.505711,-1,-1,-1
274,165,584.00,451.00,31.00,88.00,0.625300,-1,-1,-1
274,170,551.00,459.00,31.00,79.00,0.597298,-1,-1,-1
274,193,667.00,454.00,31.00,100.00,0.544107,-1,-1,-1
274,206,719.00,446.00,34.00,102.00,0.731964,-1,-1,-1
274,244,1115.00,425.00,41.00,151.00,0.443276,-1,-1,-1
274,246,694.00,467.00,24.00,66.00,0.359030,-1,-1,-1
274,249,1153.00,437.00,77.00,246.00,0.326667,-1,-1,-1
275,4,1675.00,395.00,245.00,677.00,0.925016,-1,-1,-1
275,7,1032.00,414.00,119.00,285.00,0.787444,-1,-1,-1
275,56,1172.00,438.00,112.00,275.00,0.853901,-1,-1,-1
275,57,963.00,432.00,88.00,246.00,0.798121,-1,-1,-1
275,79,635.00,453.00,35.00,103.00,0.722874,-1,-1,-1
275,94,421.00,453.00,42.00,118.00,0.562463,-1,-1,-1
275,123,379.00,462.00,46.00,112.00,0.397627,-1,-1,-1
275,161,1858.00,432.00,55.00,228.00,0.361759,-1,-1,-1
275,165,585.00,452.00,31.00,87.00,0.631039,-1,-1,-1
275,170,552.00,459.00,31.00,79.00,0.590895,-1,-1,-1
275,193,667.00,455.00,31.00,99.00,0.524211,-1,-1,-1
275,206,720.00,447.00,34.00,102.00,0.739259,-1,-1,-1
275,244,1114.00,422.00,41.00,153.00,0.366973,-1,-1,-1
275,246,695.00,467.00,23.00,65.00,0.352912,-1,-1,-1
275,249,1152.00,432.00,78.00,245.00,0.394575,-1,-1,-1
276,4,1675.00,396.00,245.00,677.00,0.920931,-1,-1,-1
276,7,1039.00,418.00,114.00,280.00,0.793713,-1,-1,-1
276,56,1173.00,438.00,113.00,275.00,0.861719,-1,-1,-1
276,57,967.00,431.00,92.00,252.00,0.831586,-1,-1,-1
276,79,635.00,452.00,35.00,105.00,0.716462,-1,-1,-1
276,94,420.00,454.00,42.00,116.00,0.524207,-1,-1,-1
276,123,380.00,463.00,46.00,111.00,0.487206,-1,-1,-1
276,161,1866.00,429.00,50.00,203.00,0.393308,-1,-1,-1
276,165,586.00,452.00,31.00,86.00,0.620363,-1,-1,-1
276,170,553.00,459.00,31.00,79.00,0.536206,-1,-1,-1
276,193,667.00,455.00,30.00,98.00,0.577917,-1,-1,-1
276,206,720.00,447.00,35.00,102.00,0.728612,-1,-1,-1
276,244,1117.00,431.00,38.00,144.00,0.319852,-1,-1,-1
276,246,693.00,466.00,25.00,66.00,0.357613,-1,-1,-1
276,249,1154.00,431.00,78.00,246.00,0.316701,-1,-1,-1
277,4,1675.00,395.00,245.00,677.00,0.919367,-1,-1,-1
277,7,1046.00,427.00,108.00,271.00,0.772927,-1,-1,-1
277,56,1173.00,440.00,114.00,272.00,0.860421,-1,-1,-1
277,57,970.00,434.00,92.00,245.00,0.825186,-1,-1,-1
277,79,634.00,452.00,35.00,105.00,0.719990,-1,-1,-1
277,94,421.00,455.00,41.00,115.00,0.620231,-1,-1,-1
277,123,380.00,464.00,45.00,110.00,0.490431,-1,-1,-1
277,165,586.00,452.00,31.00,86.00,0.660605,-1,-1,-1
277,170,552.00,459.00,32.00,79.00,0.528639,-1,-1,-1
277,193,667.00,454.00,30.00,100.00,0.632562,-1,-1,-1
277,206,720.00,447.00,35.00,102.00,0.757915,-1,-1,-1
277,244,1115.00,424.00,39.00,151.00,0.264387,-1,-1,-1
277,246,693.00,467.00,24.00,67.00,0.386890,-1,-1,-1
277,249,1151.00,431.00,78.00,249.00,0.262519,-1,-1,-1
278,4,1675.00,397.00,245.00,675.00,0.917676,-1,-1,-1
278,7,1050.00,419.00,109.00,279.00,0.781423,-1,-1,-1
278,56,1172.00,441.00,116.00,271.00,0.859331,-1,-1,-1
278,57,971.00,436.00,93.00,240.00,0.815471,-1,-1,-1
278,79,634.00,453.00,34.00,104.00,0.693464,-1,-1,-1
278,94,421.00,453.00,41.00,117.00,0.580929,-1,-1,-1
278,123,380.00,464.00,45.00,110.00,0.483939,-1,-1,-1
278,165,586.00,452.00,31.00,87.00,0.664970,-1,-1,-1
278,170,552.00,460.00,32.00,78.00,0.557644,-1,-1,-1
278,193,666.00,454.00,31.00,100.00,0.629035,-1,-1,-1
278,206,720.00,447.00,35.00,102.00,0.745211,-1,-1,-1
278,246,692.00,466.00,25.00,68.00,0.397816,-1,-1,-1
278,249,1150.00,430.00,78.00,250.00,0.321308,-1,-1,-1
279,4,1675.00,399.00,245.00,673.00,0.919914,-1,-1,-1
279,7,1058.00,416.00,107.00,282.00,0.743921,-1,-1,-1
279,56,1173.00,438.00,117.00,274.00,0.872971,-1,-1,-1
279,57,969.00,435.00,94.00,240.00,0.833828,-1,-1,-1
279,79,633.00,453.00,34.00,104.00,0.646693,-1,-1,-1
279,94,421.00,454.00,41.00,116.00,0.581802,-1,-1,-1
279,123,380.00,464.00,45.00,110.00,0.493518,-1,-1,-1
279,165,586.00,452.00,32.00,87.00,0.671712,-1,-1,-1
279,170,552.00,458.00,33.00,80.00,0.499780,-1,-1,-1
279,193,666.00,454.00,31.00,101.00,0.629114,-1,-1,-1
279,206,720.00,447.00,35.00,103.00,0.715139,-1,-1,-1
279,246,692.00,466.00,25.00,68.00,0.378752,-1,-1,-1
279,249,1149.00,433.00,77.00,247.00,0.300466,-1,-1,-1
280,4,1675.00,401.00,245.00,670.00,0.922854,-1,-1,-1
280,7,1066.00,432.00,98.00,266.00,0.735101,-1,-1,-1
280,56,1176.00,435.00,119.00,277.00,0.874724,-1,-1,-1
280,57,970.00,435.00,95.00,238.00,0.846012,-1,-1,-1
280,79,633.00,454.00,34.00,103.00,0.651583,-1,-1,-1
280,94,420.00,457.00,40.00,113.00,0.590918,-1,-1,-1
280,123,380.00,465.00,45.00,109.00,0.452932,-1,-1,-1
280,165,587.00,452.00,31.00,86.00,0.659963,-1,-1,-1
280,170,551.00,457.00,34.00,82.00,0.482978,-1,-1,-1
280,193,665.00,453.00,32.00,102.00,0.578482,-1,-1,-1
280,206,721.00,447.00,35.00,102.00,0.688008,-1,-1,-1
280,246,692.00,466.00,25.00,68.00,0.328913,-1,-1,-1
280,249,1150.00,434.00,76.00,243.00,0.403431,-1,-1,-1
281,4,1676.00,406.00,244.00,665.00,0.924097,-1,-1,-1
281,7,1069.00,418.00,101.00,280.00,0.775303,-1,-1,-1
281,56,1181.00,434.00,119.00,278.00,0.867698,-1,-1,-1
281,57,969.00,433.00,97.00,239.00,0.867510,-1,-1,-1
281,79,632.00,453.00,34.00,104.00,0.698321,-1,-1,-1
281,94,420.00,457.00,40.00,113.00,0.565272,-1,-1,-1
281,123,380.00,466.00,45.00,108.00,0.380126,-1,-1,-1
281,165,587.00,452.00,32.00,86.00,0.692476,-1,-1,-1
281,170,550.00,455.00,35.00,84.00,0.553999,-1,-1,-1
281,193,665.00,452.00,32.00,104.00,0.655182,-1,-1,-1
281,206,721.00,447.00,36.00,102.00,0.721660,-1,-1,-1
281,246,692.00,466.00,25.00,68.00,0.366847,-1,-1,-1
281,249,1151.00,432.00,76.00,245.00,0.482258,-1,-1,-1
282,4,1676.00,407.00,244.00,665.00,0.924436,-1,-1,-1
282,7,1072.00,414.00,100.00,285.00,0.781552,-1,-1,-1
282,56,1186.00,436.00,118.00,276.00,0.854539,-1,-1,-1
282,57,969.00,431.00,99.00,241.00,0.839519,-1,-1,-1
282,79,632.00,454.00,33.00,103.00,0.683210,-1,-1,-1
282,94,417.00,450.00,44.00,121.00,0.586929,-1,-1,-1
282,123,379.00,462.00,45.00,112.00,0.294247,-1,-1,-1
282,165,587.00,452.00,32.00,86.00,0.680115,-1,-1,-1
282,170,549.00,451.00,37.00,88.00,0.516943,-1,-1,-1
282,193,665.00,451.00,33.00,106.00,0.570571,-1,-1,-1
282,206,721.00,446.00,36.00,104.00,0.719927,-1,-1,-1
282,246,693.00,466.00,25.00,68.00,0.361698,-1,-1,-1
282,249,1154.00,432.00,77.00,246.00,0.411271,-1,-1,-1
283,4,1677.00,406.00,243.00,666.00,0.924557,-1,-1,-1
283,7,1075.00,411.00,98.00,288.00,0.804664,-1,-1,-1
283,56,1192.00,436.00,116.00,276.00,0.837492,-1,-1,-1
283,57,971.00,429.00,100.00,242.00,0.825369,-1,-1,-1
283,79,631.00,454.00,34.00,103.00,0.677367,-1,-1,-1
283,94,417.00,446.00,44.00,125.00,0.609184,-1,-1,-1
283,123,380.00,464.00,45.00,109.00,0.336557,-1,-1,-1
283,165,587.00,451.00,32.00,87.00,0.671712,-1,-1,-1
283,170,550.00,452.00,35.00,87.00,0.481545,-1,-1,-1
283,193,664.00,451.00,33.00,107.00,0.554574,-1,-1,-1
283,206,722.00,445.00,36.00,105.00,0.720151,-1,-1,-1
283,246,693.00,465.00,26.00,69.00,0.361632,-1,-1,-1
283,249,1157.00,431.00,77.00,247.00,0.485678,-1,-1,-1
284,4,1678.00,404.00,242.00,668.00,0.925980,-1,-1,-1
284,7,1079.00,411.00,95.00,287.00,0.822355,-1,-1,-1
284,56,1201.00,436.00,114.00,276.00,0.821021,-1,-1,-1
284,57,973.00,429.00,101.00,242.00,0.829782,-1,-1,-1
284,79,631.00,454.00,33.00,103.00,0.614342,-1,-1,-1
284,94,416.00,448.00,44.00,123.00,0.591660,-1,-1,-1
284,165,587.00,452.00,31.00,86.00,0.682909,-1,-1,-1
284,170,550.00,452.00,36.00,87.00,0.498065,-1,-1,-1
284,193,665.00,452.00,33.00,106.00,0.575579,-1,-1,-1
284,206,722.00,445.00,36.00,105.00,0.718533,-1,-1,-1
284,249,1161.00,444.00,74.00,234.00,0.435061,-1,-1,-1
285,4,1680.00,403.00,240.00,670.00,0.925297,-1,-1,-1
285,7,1083.00,411.00,93.00,287.00,0.821772,-1,-1,-1
285,56,1207.00,438.00,112.00,275.00,0.793511,-1,-1,-1
285,57,976.00,431.00,101.00,240.00,0.841768,-1,-1,-1
285,79,628.00,453.00,34.00,103.00,0.627696,-1,-1,-1
285,94,417.00,447.00,44.00,125.00,0.550904,-1,-1,-1
285,165,586.00,452.00,32.00,86.00,0.710790,-1,-1,-1
285,170,550.00,455.00,35.00,84.00,0.522865,-1,-1,-1
285,193,665.00,453.00,33.00,105.00,0.573769,-1,-1,-1
285,206,722.00,444.00,37.00,106.00,0.701236,-1,-1,-1
285,249,1165.00,440.00,75.00,237.00,0.697345,-1,-1,-1
286,4,1682.00,402.00,238.00,671.00,0.920726,-1,-1,-1
286,7,1092.00,410.00,94.00,288.00,0.830535,-1,-1,-1
286,56,1214.00,434.00,112.00,280.00,0.740776,-1,-1,-1
286,57,980.00,429.00,101.00,242.00,0.846764,-1,-1,-1
286,79,628.00,454.00,34.00,102.00,0.699670,-1,-1,-1
286,94,417.00,446.00,43.00,126.00,0.506055,-1,-1,-1
286,165,586.00,452.00,32.00,87.00,0.700450,-1,-1,-1
286,170,552.00,457.00,33.00,82.00,0.523838,-1,-1,-1
286,193,665.00,453.00,35.00,105.00,0.636884,-1,-1,-1
286,206,723.00,444.00,37.00,107.00,0.691382,-1,-1,-1
286,246,697.00,461.00,28.00,75.00,0.354479,-1,-1,-1
286,249,1169.00,437.00,75.00,238.00,0.630091,-1,-1,-1
287,4,1683.00,390.00,237.00,683.00,0.920332,-1,-1,-1
287,7,1095.00,410.00,94.00,288.00,0.864468,-1,-1,-1
287,56,1218.00,434.00,110.00,279.00,0.729063,-1,-1,-1
287,57,984.00,430.00,99.00,240.00,0.847378,-1,-1,-1
287,79,627.00,453.00,34.00,103.00,0.722184,-1,-1,-1
287,94,416.00,446.00,44.00,125.00,0.477561,-1,-1,-1
287,123,377.00,459.00,46.00,115.00,0.267796,-1,-1,-1
287,165,586.00,452.00,32.00,87.00,0.707650,-1,-1,-1
287,170,552.00,458.00,33.00,81.00,0.577259,-1,-1,-1
287,193,665.00,452.00,35.00,107.00,0.691853,-1,-1,-1
287,206,723.00,444.00,37.00,107.00,0.705318,-1,-1,-1
287,246,698.00,460.00,27.00,75.00,0.359824,-1,-1,-1
287,249,1173.00,433.00,75.00,242.00,0.671174,-1,-1,-1
287,254,382.00,460.00,37.00,60.00,0.401012,-1,-1,-1
288,4,1691.00,408.00,229.00,665.00,0.833041,-1,-1,-1
288,7,1096.00,410.00,96.00,287.00,0.854315,-1,-1,-1
288,56,1226.00,433.00,108.00,279.00,0.704073,-1,-1,-1
288,57,990.00,429.00,97.00,240.00,0.830937,-1,-1,-1
288,79,625.00,453.00,35.00,103.00,0.716023,-1,-1,-1
288,94,419.00,457.00,39.00,113.00,0.536578,-1,-1,-1
288,123,380.00,461.00,43.00,104.00,0.296176,-1,-1,-1
288,165,586.00,452.00,32.00,87.00,0.685699,-1,-1,-1
288,170,552.00,459.00,33.00,81.00,0.569130,-1,-1,-1
288,193,665.00,451.00,36.00,108.00,0.688929,-1,-1,-1
288,206,723.00,444.00,37.00,107.00,0.694051,-1,-1,-1
288,246,698.00,463.00,27.00,73.00,0.329735,-1,-1,-1
288,249,1176.00,433.00,74.00,241.00,0.615331,-1,-1,-1
288,254,384.00,462.00,34.00,56.00,0.311616,-1,-1,-1
289,4,1699.00,404.00,221.00,668.00,0.849793,-1,-1,-1
289,7,1097.00,409.00,97.00,288.00,0.857892,-1,-1,-1
289,56,1228.00,433.00,106.00,279.00,0.735156,-1,-1,-1
289,57,996.00,430.00,95.00,239.00,0.840092,-1,-1,-1
289,79,624.00,452.00,35.00,104.00,0.715958,-1,-1,-1
289,94,419.00,461.00,38.00,109.00,0.518262,-1,-1,-1
289,123,379.00,461.00,45.00,110.00,0.323239,-1,-1,-1
289,165,586.00,452.00,32.00,88.00,0.668273,-1,-1,-1
289,170,552.00,457.00,34.00,84.00,0.603434,-1,-1,-1
289,193,665.00,452.00,36.00,107.00,0.661100,-1,-1,-1
289,206,724.00,444.00,37.00,107.00,0.655718,-1,-1,-1
289,246,699.00,464.00,27.00,72.00,0.300665,-1,-1,-1
289,249,1179.00,433.00,73.00,242.00,0.659535,-1,-1,-1
290,4,1713.00,425.00,207.00,648.00,0.734822,-1,-1,-1
290,7,1097.00,408.00,99.00,290.00,0.842059,-1,-1,-1
290,56,1233.00,430.00,106.00,283.00,0.751365,-1,-1,-1
290,57,1002.00,432.00,93.00,237.00,0.773626,-1,-1,-1
290,79,624.00,452.00,35.00,104.00,0.697218,-1,-1,-1
290,94,419.00,461.00,38.00,108.00,0.487928,-1,-1,-1
290,123,379.00,461.00,45.00,113.00,0.282643,-1,-1,-1
290,165,585.00,452.00,32.00,88.00,0.591912,-1,-1,-1
290,170,552.00,457.00,34.00,85.00,0.562199,-1,-1,-1
290,193,664.00,453.00,36.00,106.00,0.652279,-1,-1,-1
290,206,724.00,444.00,38.00,107.00,0.642685,-1,-1,-1
290,246,700.00,464.00,27.00,72.00,0.316779,-1,-1,-1
290,249,1182.00,431.00,73.00,245.00,0.683662,-1,-1,-1
290,254,384.00,463.00,34.00,55.00,0.263571,-1,-1,-1
291,4,1734.00,470.00,186.00,602.00,0.665929,-1,-1,-1
291,7,1097.00,408.00,99.00,290.00,0.826575,-1,-1,-1
291,56,1239.00,432.00,104.00,281.00,0.753647,-1,-1,-1
291,57,1006.00,434.00,90.00,234.00,0.759362,-1,-1,-1
291,79,625.00,453.00,35.00,103.00,0.694650,-1,-1,-1
291,94,420.00,465.00,37.00,104.00,0.419490,-1,-1,-1
291,123,379.00,462.00,44.00,112.00,0.280674,-1,-1,-1
291,165,586.00,453.00,32.00,87.00,0.588395,-1,-1,-1
291,170,552.00,458.00,33.00,83.00,0.489683,-1,-1,-1
291,193,664.00,453.00,36.00,106.00,0.634738,-1,-1,-1
291,206,724.00,444.00,38.00,108.00,0.656914,-1,-1,-1
291,246,700.00,464.00,28.00,73.00,0.323801,-1,-1,-1
291,249,1186.00,432.00,72.00,244.00,0.685543,-1,-1,-1
292,4,1753.00,490.00,167.00,583.00,0.722945,-1,-1,-1
292,7,1098.00,409.00,99.00,289.00,0.848844,-1,-1,-1
292,56,1245.00,432.00,102.00,281.00,0.824374,-1,-1,-1
292,57,1011.00,433.00,89.00,236.00,0.734589,-1,-1,-1
292,79,625.00,453.00,34.00,102.00,0.702691,-1,-1,-1
292,94,421.00,468.00,36.00,102.00,0.417108,-1,-1,-1
292,123,380.00,463.00,44.00,112.00,0.474417,-1,-1,-1
292,165,584.00,452.00,32.00,88.00,0.556080,-1,-1,-1
292,170,553.00,460.00,32.00,79.00,0.485991,-1,-1,-1
292,193,664.00,454.00,36.00,105.00,0.615061,-1,-1,-1
292,206,725.00,445.00,38.00,107.00,0.649759,-1,-1,-1
292,246,700.00,463.00,28.00,74.00,0.302434,-1,-1,-1
292,249,1189.00,430.00,72.00,247.00,0.713863,-1,-1,-1
293,4,1778.00,522.00,142.00,551.00,0.539269,-1,-1,-1
293,7,1098.00,409.00,100.00,289.00,0.855238,-1,-1,-1
293,56,1249.00,432.00,102.00,281.00,0.841857,-1,-1,-1
293,57,1014.00,435.00,87.00,234.00,0.705725,-1,-1,-1
293,79,625.00,453.00,34.00,102.00,0.698499,-1,-1,-1
293,94,420.00,464.00,38.00,105.00,0.460456,-1,-1,-1
293,123,380.00,464.00,44.00,111.00,0.557205,-1,-1,-1
293,165,582.00,451.00,34.00,89.00,0.582998,-1,-1,-1
293,170,552.00,458.00,33.00,81.00,0.511063,-1,-1,-1
293,193,662.00,453.00,37.00,107.00,0.606936,-1,-1,-1
293,206,725.00,445.00,38.00,107.00,0.669271,-1,-1,-1
293,246,700.00,467.00,26.00,70.00,0.270973,-1,-1,-1
293,249,1192.00,432.00,72.00,245.00,0.672913,-1,-1,-1
294,7,1098.00,410.00,101.00,288.00,0.863922,-1,-1,-1
294,56,1250.00,432.00,103.00,280.00,0.874901,-1,-1,-1
294,57,1017.00,438.00,85.00,230.00,0.711928,-1,-1,-1
294,79,625.00,453.00,34.00,101.00,0.692935,-1,-1,-1
294,94,420.00,463.00,38.00,106.00,0.481620,-1,-1,-1
294,123,381.00,464.00,44.00,111.00,0.571309,-1,-1,-1
294,165,582.00,451.00,34.00,90.00,0.552631,-1,-1,-1
294,170,550.00,452.00,35.00,87.00,0.452098,-1,-1,-1
294,193,662.00,454.00,37.00,106.00,0.577213,-1,-1,-1
294,206,725.00,446.00,39.00,107.00,0.655114,-1,-1,-1
294,246,699.00,468.00,26.00,69.00,0.254276,-1,-1,-1
294,249,1194.00,432.00,72.00,246.00,0.708997,-1,-1,-1
295,7,1098.00,409.00,101.00,288.00,0.864527,-1,-1,-1
295,56,1252.00,434.00,102.00,279.00,0.869551,-1,-1,-1
295,57,1022.00,439.00,82.00,229.00,0.754112,-1,-1,-1
295,79,625.00,454.00,34.00,100.00,0.697402,-1,-1,-1
295,94,420.00,465.00,38.00,104.00,0.472920,-1,-1,-1
295,123,381.00,465.00,44.00,110.00,0.528403,-1,-1,-1
295,165,582.00,452.00,33.00,89.00,0.560270,-1,-1,-1
295,170,551.00,456.00,34.00,83.00,0.496784,-1,-1,-1
295,193,662.00,453.00,37.00,107.00,0.595383,-1,-1,-1
295,206,726.00,446.00,38.00,107.00,0.665891,-1,-1,-1
295,249,1195.00,437.00,71.00,240.00,0.732531,-1,-1,-1
296,7,1099.00,410.00,101.00,287.00,0.863975,-1,-1,-1
296,56,1254.00,437.00,101.00,275.00,0.869027,-1,-1,-1
296,57,1025.00,439.00,82.00,229.00,0.766329,-1,-1,-1
296,79,626.00,454.00,33.00,99.00,0.680516,-1,-1,-1
296,94,420.00,464.00,38.00,105.00,0.461533,-1,-1,-1
296,123,381.00,464.00,43.00,111.00,0.520712,-1,-1,-1
296,165,581.00,450.00,34.00,91.00,0.625717,-1,-1,-1
296,170,551.00,456.00,33.00,84.00,0.556740,-1,-1,-1
296,193,661.00,453.00,38.00,107.00,0.592834,-1,-1,-1
296,206,725.00,446.00,39.00,107.00,0.683656,-1,-1,-1
296,246,699.00,468.00,26.00,69.00,0.264023,-1,-1,-1
296,249,1196.00,440.00,70.00,238.00,0.737058,-1,-1,-1
296,258,1881.00,384.00,37.00,436.00,0.357304,-1,-1,-1
297,7,1101.00,413.00,100.00,283.00,0.857897,-1,-1,-1
297,56,1256.00,437.00,101.00,274.00,0.857787,-1,-1,-1
297,57,1029.00,441.00,83.00,228.00,0.778976,-1,-1,-1
297,79,626.00,454.00,34.00,99.00,0.671807,-1,-1,-1
297,94,420.00,467.00,37.00,103.00,0.452367,-1,-1,-1
297,123,381.00,464.00,43.00,111.00,0.428864,-1,-1,-1
297,165,580.00,449.00,35.00,92.00,0.639348,-1,-1,-1
297,170,550.00,453.00,34.00,87.00,0.558330,-1,-1,-1
297,193,660.00,452.00,38.00,107.00,0.525463,-1,-1,-1
297,206,726.00,446.00,39.00,108.00,0.686978,-1,-1,-1
297,246,699.00,469.00,26.00,68.00,0.250173,-1,-1,-1
297,249,1198.00,435.00,72.00,244.00,0.750134,-1,-1,-1
297,258,1876.00,383.00,38.00,435.00,0.360041,-1,-1,-1
298,7,1103.00,412.00,100.00,284.00,0.862280,-1,-1,-1
298,56,1256.00,436.00,102.00,275.00,0.847242,-1,-1,-1
298,57,1032.00,439.00,84.00,230.00,0.821395,-1,-1,-1
298,79,627.00,454.00,33.00,99.00,0.680953,-1,-1,-1
298,94,420.00,468.00,37.00,101.00,0.423332,-1,-1,-1
298,123,381.00,465.00,43.00,110.00,0.541908,-1,-1,-1
298,165,581.00,450.00,34.00,90.00,0.601644,-1,-1,-1
298,170,550.00,452.00,35.00,88.00,0.581266,-1,-1,-1
298,193,660.00,451.00,37.00,108.00,0.531842,-1,-1,-1
298,206,726.00,446.00,39.00,108.00,0.670444,-1,-1,-1
298,246,699.00,469.00,26.00,68.00,0.268397,-1,-1,-1
298,249,1199.00,434.00,73.00,246.00,0.763666,-1,-1,-1
299,7,1106.00,412.00,100.00,282.00,0.820334,-1,-1,-1
299,56,1258.00,434.00,103.00,277.00,0.837040,-1,-1,-1
299,57,1034.00,437.00,86.00,232.00,0.822881,-1,-1,-1
299,79,627.00,454.00,33.00,99.00,0.679946,-1,-1,-1
299,94,419.00,464.00,38.00,105.00,0.441112,-1,-1,-1
299,123,381.00,467.00,42.00,109.00,0.537926,-1,-1,-1
299,165,582.00,452.00,34.00,88.00,0.545785,-1,-1,-1
299,170,552.00,456.00,33.00,83.00,0.460485,-1,-1,-1
299,193,659.00,452.00,37.00,108.00,0.498249,-1,-1,-1
299,206,724.00,446.00,40.00,107.00,0.678239,-1,-1,-1
299,246,699.00,467.00,27.00,70.00,0.268784,-1,-1,-1
299,249,1200.00,434.00,74.00,246.00,0.761423,-1,-1,-1
